{"type":"champion","format":"standAloneComplex","version":"10.15.1","data":{"Amumu":{"id":"Amumu","key":"32","name":"Amumu","title":"the Sad Mummy","image":{"full":"Amumu.png","sprite":"champion0.png","group":"champion","x":192,"y":0,"w":48,"h":48},"skins":[{"id":"32000","num":0,"name":"default","chromas":false},{"id":"32001","num":1,"name":"Pharaoh Amumu","chromas":false},{"id":"32002","num":2,"name":"Vancouver Amumu","chromas":false},{"id":"32003","num":3,"name":"Emumu","chromas":false},{"id":"32004","num":4,"name":"Re-Gifted Amumu","chromas":false},{"id":"32005","num":5,"name":"Almost-Prom King Amumu","chromas":false},{"id":"32006","num":6,"name":"Little Knight Amumu","chromas":false},{"id":"32007","num":7,"name":"Sad Robot Amumu","chromas":false},{"id":"32008","num":8,"name":"Surprise Party Amumu","chromas":true},{"id":"32017","num":17,"name":"Infernal Amumu","chromas":true},{"id":"32023","num":23,"name":"Hextech Amumu","chromas":false}],"lore":"Legend claims that Amumu is a lonely and melancholy soul from ancient Shurima, roaming the world in search of a friend. Doomed by an ancient curse to remain alone forever, his touch is death, his affection ruin. Those who claim to have seen him describe a living cadaver, small in stature and wrapped in creeping bandages. Amumu has inspired myths, songs, and folklore told and retold for generations—such that it is impossible to separate truth from fiction.","blurb":"Legend claims that Amumu is a lonely and melancholy soul from ancient Shurima, roaming the world in search of a friend. Doomed by an ancient curse to remain alone forever, his touch is death, his affection ruin. Those who claim to have seen him describe...","allytips":["Amumu is highly dependent on teammates, so try laning with your friends for maximum effectiveness.","Cooldown Reduction on Amumu is very strong, but it's often difficult to itemize for it. Grab the Golem buff whenever possible to gain Cooldown Reduction without sacrificing stats.","Despair is very effective against other tanks, so make sure you're in range of opponents with the highest Health."],"enemytips":["Avoid bunching up with other allies when Amumu has his ultimate available.","Erratic movement, or hiding behind creep waves can make it difficult for Amumu to instigate a fight with Bandage Toss.","Amumu's Despair makes purchasing primarily Health items a risky proposition."],"tags":["Tank","Mage"],"partype":"Mana","info":{"attack":2,"defense":6,"magic":8,"difficulty":3},"stats":{"hp":613.12,"hpperlevel":84,"mp":287.2,"mpperlevel":40,"movespeed":335,"armor":33,"armorperlevel":3.8,"spellblock":32.1,"spellblockperlevel":1.25,"attackrange":125,"hpregen":9,"hpregenperlevel":0.85,"mpregen":7.382,"mpregenperlevel":0.525,"crit":0,"critperlevel":0,"attackdamage":53.38,"attackdamageperlevel":3.8,"attackspeedperlevel":2.18,"attackspeed":0.736},"spells":[{"id":"BandageToss","name":"Bandage Toss","description":"Amumu tosses a sticky bandage at a target, stunning and damaging the target while he pulls himself to them.","tooltip":"Launches a bandage in a direction. If it hits an enemy unit, Amumu pulls himself to them, dealing <magicDamage>{{ e1 }} <scaleAP>(+{{ a1 }})</scaleAP> magic damage</magicDamage> and stunning for {{ e2 }} second. ","leveltip":{"label":["Damage","Cooldown","@AbilityResourceName@ Cost"],"effect":["{{ e1 }} -> {{ e1NL }}","{{ cooldown }} -> {{ cooldownNL }}","{{ cost }} -> {{ costNL }}"]},"maxrank":5,"cooldown":[10,9.5,9,8.5,8],"cooldownBurn":"10/9.5/9/8.5/8","cost":[50,55,60,65,70],"costBurn":"50/55/60/65/70","datavalues":{},"effect":[null,[80,130,180,230,280],[1,1,1,1,1],[1800,1800,1800,1800,1800],[0,0,0,0,0],[0,0,0,0,0],[0,0,0,0,0],[0,0,0,0,0],[0,0,0,0,0],[0,0,0,0,0],[0,0,0,0,0]],"effectBurn":[null,"80/130/180/230/280","1","1800","0","0","0","0","0","0","0"],"vars":[{"link":"spelldamage","coeff":0.7,"key":"a1"}],"costType":" {{ abilityresourcename }}","maxammo":"-1","range":[1100,1100,1100,1100,1100],"rangeBurn":"1100","image":{"full":"BandageToss.png","sprite":"spell0.png","group":"spell","x":0,"y":144,"w":48,"h":48},"resource":"{{ cost }} {{ abilityresourcename }}"},{"id":"AuraofDespair","name":"Despair","description":"Overcome by anguish, nearby enemies lose a percentage of their maximum Health each second and have their <font color='#9b0f5f'>Curses</font> refreshed.","tooltip":"<spellPassive>Toggle: </spellPassive>Amumu cries, refreshing <span class=\"color9b0f5f\">Curses</span> on nearby enemies and dealing <magicDamage>magic damage</magicDamage> equal to {{ e2 }} plus {{ e1 }} <scaleAP>(+{{ a1 }})</scaleAP>% of their maximum health each second.","leveltip":{"label":["% Health as Damage","Base Damage"],"effect":["{{ effect1amount*2.000000 }}% -> {{ effect1amountnl*2.000000 }}%","{{ effect2amount*2.000000 }} -> {{ effect2amountnl*2.000000 }}"]},"maxrank":5,"cooldown":[1,1,1,1,1],"cooldownBurn":"1","cost":[8,8,8,8,8],"costBurn":"8","datavalues":{},"effect":[null,[1,1.25,1.5,1.75,2],[10,15,20,25,30],[0,0,0,0,0],[0,0,0,0,0],[0,0,0,0,0],[0,0,0,0,0],[0,0,0,0,0],[0,0,0,0,0],[0,0,0,0,0],[0,0,0,0,0]],"effectBurn":[null,"1/1.25/1.5/1.75/2","10/15/20/25/30","0","0","0","0","0","0","0","0"],"vars":[{"link":"spelldamage","coeff":0.01,"key":"a1"}],"costType":" {{ abilityresourcename }} per Second","maxammo":"-1","range":[300,300,300,300,300],"rangeBurn":"300","image":{"full":"AuraofDespair.png","sprite":"spell0.png","group":"spell","x":48,"y":144,"w":48,"h":48},"resource":"{{ cost }} {{ abilityresourcename }} per Second"},{"id":"Tantrum","name":"Tantrum","description":"Permanently reduces the physical damage Amumu would take. Amumu can unleash his rage, dealing damage to surrounding enemies. Each time Amumu is hit, the cooldown on Tantrum is reduced by 0.5 seconds.","tooltip":"<spellPassive>Passive: </spellPassive>Amumu takes {{ e1 }} <scaleArmor>(+{{ f1 }})</scaleArmor><scaleMR>(+{{ f2 }})</scaleMR> reduced physical damage.<br /><br /><spellPassive>Active: </spellPassive>Amumu tantrums, dealing <magicDamage>{{ e2 }} <scaleAP>(+{{ a1 }})</scaleAP> magic damage</magicDamage> to surrounding units. Basic attacks that hit Amumu reduce Tantrum's cooldown by 0.5 seconds.<br /><br /><rules><span class=\"color8c8c8c\">Tantrum's passive effect increases in potency with bonus Armor and Magic Resist.</span></rules>","leveltip":{"label":["Damage Reduced","Cooldown","Damage"],"effect":["{{ e1 }} -> {{ e1NL }}","{{ cooldown }} -> {{ cooldownNL }}","{{ e2 }} -> {{ e2NL }}"]},"maxrank":5,"cooldown":[10,9,8,7,6],"cooldownBurn":"10/9/8/7/6","cost":[35,35,35,35,35],"costBurn":"35","datavalues":{},"effect":[null,[2,4,6,8,10],[75,100,125,150,175],[0.5,0.5,0.5,0.5,0.5],[0,0,0,0,0],[0,0,0,0,0],[0,0,0,0,0],[0.03,0.03,0.03,0.03,0.03],[0,0,0,0,0],[0,0,0,0,0],[0,0,0,0,0]],"effectBurn":[null,"2/4/6/8/10","75/100/125/150/175","0.5","0","0","0","0.03","0","0","0"],"vars":[{"link":"spelldamage","coeff":0.5,"key":"a1"}],"costType":" {{ abilityresourcename }}","maxammo":"-1","range":[350,350,350,350,350],"rangeBurn":"350","image":{"full":"Tantrum.png","sprite":"spell0.png","group":"spell","x":96,"y":144,"w":48,"h":48},"resource":"{{ cost }} {{ abilityresourcename }}"},{"id":"CurseoftheSadMummy","name":"Curse of the Sad Mummy","description":"Amumu entangles surrounding enemy units in bandages, applying his <font color='#9b0f5f'>Curse</font>, damaging them and rendering them unable to attack or move.","tooltip":"Amumu entangles nearby enemy units, dealing <magicDamage>{{ rcalculateddamage }} magic damage</magicDamage> and applying <span class=\"color9b0f5f\">Curse</span>. Entangled enemies are unable to attack or move for {{ rduration }} seconds.","leveltip":{"label":["Damage","@AbilityResourceName@ Cost","Cooldown"],"effect":["{{ rdamage }} -> {{ rdamageNL }}","{{ cost }} -> {{ costNL }}","{{ cooldown }} -> {{ cooldownNL }}"]},"maxrank":3,"cooldown":[150,125,100],"cooldownBurn":"150/125/100","cost":[100,150,200],"costBurn":"100/150/200","datavalues":{},"effect":[null,[0,0,0],[0,0,0],[0,0,0],[0,0,0],[0,0,0],[0,0,0],[0,0,0],[0,0,0],[0,0,0],[0,0,0]],"effectBurn":[null,"0","0","0","0","0","0","0","0","0","0"],"vars":[],"costType":" {{ abilityresourcename }}","maxammo":"-1","range":[550,550,550],"rangeBurn":"550","image":{"full":"CurseoftheSadMummy.png","sprite":"spell0.png","group":"spell","x":144,"y":144,"w":48,"h":48},"resource":"{{ cost }} {{ abilityresourcename }}"}],"passive":{"name":"Cursed Touch","description":"Amumu's basic attacks <font color='#9b0f5f'>Curse</font> his enemies, causing them to take bonus true damage from incoming magic damage.","image":{"full":"Amumu_Passive.png","sprite":"passive0.png","group":"passive","x":192,"y":0,"w":48,"h":48}},"recommended":[{"champion":"Amumu","title":"AmumuARAM","map":"HA","mode":"ARAM","type":"riot","customTag":"","sortrank":0,"extensionPage":false,"customPanel":null,"blocks":[{"type":"starting","recMath":false,"recSteps":false,"minSummonerLevel":-1,"maxSummonerLevel":-1,"showIfSummonerSpell":"","hideIfSummonerSpell":"","appendAfterSection":"","visibleWithAllOf":[""],"hiddenWithAnyOf":[""],"items":[{"id":"2051","count":1,"hideCount":false},{"id":"1001","count":1,"hideCount":false},{"id":"2003","count":3,"hideCount":false}]},{"type":"essential","recMath":false,"recSteps":false,"minSummonerLevel":-1,"maxSummonerLevel":-1,"showIfSummonerSpell":"","hideIfSummonerSpell":"","appendAfterSection":"","visibleWithAllOf":[""],"hiddenWithAnyOf":[""],"items":[{"id":"3111","count":1,"hideCount":false},{"id":"3068","count":1,"hideCount":false},{"id":"3029","count":1,"hideCount":false}]},{"type":"offensive","recMath":false,"recSteps":false,"minSummonerLevel":-1,"maxSummonerLevel":-1,"showIfSummonerSpell":"","hideIfSummonerSpell":"","appendAfterSection":"","visibleWithAllOf":[""],"hiddenWithAnyOf":[""],"items":[{"id":"3116","count":1,"hideCount":false},{"id":"3151","count":1,"hideCount":false},{"id":"3001","count":1,"hideCount":false}]},{"type":"defensive","recMath":false,"recSteps":false,"minSummonerLevel":-1,"maxSummonerLevel":-1,"showIfSummonerSpell":"","hideIfSummonerSpell":"","appendAfterSection":"","visibleWithAllOf":[""],"hiddenWithAnyOf":[""],"items":[{"id":"3109","count":1,"hideCount":false},{"id":"3075","count":1,"hideCount":false},{"id":"3190","count":1,"hideCount":false}]},{"type":"offmeta","recMath":false,"recSteps":false,"minSummonerLevel":-1,"maxSummonerLevel":-1,"showIfSummonerSpell":"","hideIfSummonerSpell":"","appendAfterSection":"","visibleWithAllOf":[""],"hiddenWithAnyOf":[""],"items":[{"id":"3007","count":1,"hideCount":false},{"id":"3089","count":1,"hideCount":false},{"id":"3135","count":1,"hideCount":false}]},{"type":"consumables","recMath":false,"recSteps":false,"minSummonerLevel":-1,"maxSummonerLevel":-1,"showIfSummonerSpell":"","hideIfSummonerSpell":"","appendAfterSection":"","visibleWithAllOf":[""],"hiddenWithAnyOf":[""],"items":[{"id":"2003","count":1,"hideCount":false},{"id":"2138","count":1,"hideCount":false},{"id":"2033","count":1,"hideCount":false}]}]},{"champion":"Amumu","title":"AmumuFIRSTBLOOD","map":"HA","mode":"FIRSTBLOOD","type":"riot","customTag":"","sortrank":0,"extensionPage":false,"customPanel":null,"blocks":[{"type":"starting","recMath":false,"recSteps":false,"minSummonerLevel":-1,"maxSummonerLevel":-1,"showIfSummonerSpell":"","hideIfSummonerSpell":"SummonerSmite","items":[{"id":"1054","count":1,"hideCount":false},{"id":"2003","count":1,"hideCount":false},{"id":"3340","count":1,"hideCount":false}]},{"type":"early","recMath":false,"recSteps":false,"minSummonerLevel":-1,"maxSummonerLevel":-1,"showIfSummonerSpell":"","hideIfSummonerSpell":"SummonerSmite","items":[{"id":"1001","count":1,"hideCount":false},{"id":"3751","count":1,"hideCount":false},{"id":"3024","count":1,"hideCount":false}]},{"type":"essential","recMath":false,"recSteps":false,"minSummonerLevel":-1,"maxSummonerLevel":-1,"showIfSummonerSpell":"","hideIfSummonerSpell":"SummonerSmite","items":[{"id":"3111","count":1,"hideCount":false},{"id":"3068","count":1,"hideCount":false},{"id":"3110","count":1,"hideCount":false}]},{"type":"defensive","recMath":false,"recSteps":false,"minSummonerLevel":-1,"maxSummonerLevel":-1,"showIfSummonerSpell":"","hideIfSummonerSpell":"SummonerSmite","items":[{"id":"3143","count":1,"hideCount":false},{"id":"3190","count":1,"hideCount":false},{"id":"3075","count":1,"hideCount":false}]},{"type":"situational","recMath":false,"recSteps":false,"minSummonerLevel":-1,"maxSummonerLevel":-1,"showIfSummonerSpell":"","hideIfSummonerSpell":"SummonerSmite","items":[{"id":"3800","count":1,"hideCount":false},{"id":"3151","count":1,"hideCount":false},{"id":"3748","count":1,"hideCount":false}]},{"type":"startingjungle","recMath":false,"recSteps":false,"minSummonerLevel":-1,"maxSummonerLevel":-1,"showIfSummonerSpell":"SummonerSmite","hideIfSummonerSpell":"","items":[{"id":"1039","count":1,"hideCount":false},{"id":"2031","count":1,"hideCount":false},{"id":"3340","count":1,"hideCount":false}]},{"type":"earlyjungle","recMath":false,"recSteps":false,"minSummonerLevel":-1,"maxSummonerLevel":-1,"showIfSummonerSpell":"SummonerSmite","hideIfSummonerSpell":"","items":[{"id":"3706","count":1,"hideCount":false},{"id":"3751","count":1,"hideCount":false},{"id":"1001","count":1,"hideCount":false}]},{"type":"essentialjungle","recMath":false,"recSteps":false,"minSummonerLevel":-1,"maxSummonerLevel":-1,"showIfSummonerSpell":"SummonerSmite","hideIfSummonerSpell":"","items":[{"id":"1401","count":1,"hideCount":false},{"id":"3047","count":1,"hideCount":false},{"id":"3110","count":1,"hideCount":false}]},{"type":"defensive","recMath":false,"recSteps":false,"minSummonerLevel":-1,"maxSummonerLevel":-1,"showIfSummonerSpell":"SummonerSmite","hideIfSummonerSpell":"","items":[{"id":"3102","count":1,"hideCount":false},{"id":"3143","count":1,"hideCount":false},{"id":"3075","count":1,"hideCount":false}]},{"type":"situational","recMath":false,"recSteps":false,"minSummonerLevel":-1,"maxSummonerLevel":-1,"showIfSummonerSpell":"SummonerSmite","hideIfSummonerSpell":"","items":[{"id":"3800","count":1,"hideCount":false},{"id":"3151","count":1,"hideCount":false},{"id":"3025","count":1,"hideCount":false}]},{"type":"consumables","recMath":false,"recSteps":false,"minSummonerLevel":-1,"maxSummonerLevel":-1,"showIfSummonerSpell":"","hideIfSummonerSpell":"","items":[{"id":"2003","count":1,"hideCount":true},{"id":"2138","count":1,"hideCount":true}]}]},{"champion":"Amumu","title":"AmumuARAM","map":"HA","mode":"KINGPORO","type":"riot","customTag":"","sortrank":0,"extensionPage":false,"customPanel":null,"blocks":[{"type":"KingPoroSnax","recMath":false,"recSteps":false,"minSummonerLevel":-1,"maxSummonerLevel":-1,"showIfSummonerSpell":"","hideIfSummonerSpell":"","items":[{"id":"3680","count":1,"hideCount":false},{"id":"3681","count":1,"hideCount":false},{"id":"3682","count":1,"hideCount":false},{"id":"3683","count":1,"hideCount":false},{"id":"3684","count":1,"hideCount":false},{"id":"3685","count":1,"hideCount":false}]},{"type":"starting","recMath":false,"recSteps":false,"minSummonerLevel":-1,"maxSummonerLevel":-1,"showIfSummonerSpell":"","hideIfSummonerSpell":"","appendAfterSection":"","visibleWithAllOf":[""],"hiddenWithAnyOf":[""],"items":[{"id":"2051","count":1,"hideCount":false},{"id":"1001","count":1,"hideCount":false},{"id":"2003","count":3,"hideCount":false}]},{"type":"essential","recMath":false,"recSteps":false,"minSummonerLevel":-1,"maxSummonerLevel":-1,"showIfSummonerSpell":"","hideIfSummonerSpell":"","appendAfterSection":"","visibleWithAllOf":[""],"hiddenWithAnyOf":[""],"items":[{"id":"3111","count":1,"hideCount":false},{"id":"3068","count":1,"hideCount":false},{"id":"3029","count":1,"hideCount":false}]},{"type":"offensive","recMath":false,"recSteps":false,"minSummonerLevel":-1,"maxSummonerLevel":-1,"showIfSummonerSpell":"","hideIfSummonerSpell":"","appendAfterSection":"","visibleWithAllOf":[""],"hiddenWithAnyOf":[""],"items":[{"id":"3116","count":1,"hideCount":false},{"id":"3151","count":1,"hideCount":false},{"id":"3001","count":1,"hideCount":false}]},{"type":"defensive","recMath":false,"recSteps":false,"minSummonerLevel":-1,"maxSummonerLevel":-1,"showIfSummonerSpell":"","hideIfSummonerSpell":"","appendAfterSection":"","visibleWithAllOf":[""],"hiddenWithAnyOf":[""],"items":[{"id":"3109","count":1,"hideCount":false},{"id":"3075","count":1,"hideCount":false},{"id":"3190","count":1,"hideCount":false}]},{"type":"offmeta","recMath":false,"recSteps":false,"minSummonerLevel":-1,"maxSummonerLevel":-1,"showIfSummonerSpell":"","hideIfSummonerSpell":"","appendAfterSection":"","visibleWithAllOf":[""],"hiddenWithAnyOf":[""],"items":[{"id":"3007","count":1,"hideCount":false},{"id":"3089","count":1,"hideCount":false},{"id":"3135","count":1,"hideCount":false}]},{"type":"consumables","recMath":false,"recSteps":false,"minSummonerLevel":-1,"maxSummonerLevel":-1,"showIfSummonerSpell":"","hideIfSummonerSpell":"","appendAfterSection":"","visibleWithAllOf":[""],"hiddenWithAnyOf":[""],"items":[{"id":"2003","count":1,"hideCount":false},{"id":"2138","count":1,"hideCount":false},{"id":"2033","count":1,"hideCount":false}]}]},{"champion":"Amumu","title":"AmumuSL","map":"NB","mode":"NEXUSBLITZ","type":"riot","customTag":"","sortrank":0,"extensionPage":false,"useObviousCheckmark":false,"customPanel":null,"blocks":[{"type":"starting","recMath":false,"recSteps":false,"minSummonerLevel":-1,"maxSummonerLevel":-1,"showIfSummonerSpell":"","hideIfSummonerSpell":"SummonerSmite","appendAfterSection":"","visibleWithAllOf":[""],"hiddenWithAnyOf":[""],"items":[{"id":"4201","count":1,"hideCount":false},{"id":"2003","count":1,"hideCount":false},{"id":"3340","count":1,"hideCount":false}]},{"type":"startingjungle","recMath":false,"recSteps":false,"minSummonerLevel":-1,"maxSummonerLevel":-1,"showIfSummonerSpell":"SummonerSmite","hideIfSummonerSpell":"","appendAfterSection":"","visibleWithAllOf":[""],"hiddenWithAnyOf":[""],"items":[{"id":"4101","count":1,"hideCount":false},{"id":"2003","count":1,"hideCount":false},{"id":"3340","count":1,"hideCount":false}]},{"type":"early","recMath":false,"recSteps":false,"minSummonerLevel":-1,"maxSummonerLevel":-1,"showIfSummonerSpell":"","hideIfSummonerSpell":"SummonerSmite","appendAfterSection":"","visibleWithAllOf":[""],"hiddenWithAnyOf":[""],"items":[{"id":"1001","count":1,"hideCount":false},{"id":"3010","count":1,"hideCount":false},{"id":"1057","count":1,"hideCount":false}]},{"type":"earlyjungle","recMath":false,"recSteps":false,"minSummonerLevel":-1,"maxSummonerLevel":-1,"showIfSummonerSpell":"SummonerSnowball","hideIfSummonerSpell":"","appendAfterSection":"","visibleWithAllOf":[""],"hiddenWithAnyOf":[""],"items":[{"id":"1001","count":1,"hideCount":false},{"id":"3751","count":1,"hideCount":false}]},{"type":"essential","recMath":false,"recSteps":false,"minSummonerLevel":-1,"maxSummonerLevel":-1,"showIfSummonerSpell":"","hideIfSummonerSpell":"SummonerSmite","appendAfterSection":"","visibleWithAllOf":[""],"hiddenWithAnyOf":[""],"items":[{"id":"3111","count":1,"hideCount":false},{"id":"3001","count":1,"hideCount":false},{"id":"3068","count":1,"hideCount":false}]},{"type":"essentialjungle","recMath":false,"recSteps":false,"minSummonerLevel":-1,"maxSummonerLevel":-1,"showIfSummonerSpell":"SummonerSmite","hideIfSummonerSpell":"","appendAfterSection":"","visibleWithAllOf":[""],"hiddenWithAnyOf":[""],"items":[{"id":"3047","count":1,"hideCount":false},{"id":"4103","count":1,"hideCount":false},{"id":"3151","count":1,"hideCount":false}]},{"type":"defensive","recMath":false,"recSteps":false,"minSummonerLevel":-1,"maxSummonerLevel":-1,"showIfSummonerSpell":"","hideIfSummonerSpell":"SummonerSmite","appendAfterSection":"","visibleWithAllOf":[""],"hiddenWithAnyOf":[""],"items":[{"id":"3143","count":1,"hideCount":false},{"id":"3190","count":1,"hideCount":false},{"id":"3075","count":1,"hideCount":false}]},{"type":"situational","recMath":false,"recSteps":false,"minSummonerLevel":-1,"maxSummonerLevel":-1,"showIfSummonerSpell":"","hideIfSummonerSpell":"","appendAfterSection":"","visibleWithAllOf":[""],"hiddenWithAnyOf":[""],"items":[{"id":"3116","count":1,"hideCount":false},{"id":"4401","count":1,"hideCount":false}]},{"type":"consumables","recMath":false,"recSteps":false,"minSummonerLevel":-1,"maxSummonerLevel":-1,"showIfSummonerSpell":"","hideIfSummonerSpell":"","appendAfterSection":"","visibleWithAllOf":[""],"hiddenWithAnyOf":[""],"items":[{"id":"2003","count":1,"hideCount":true},{"id":"2138","count":1,"hideCount":true}]}]},{"champion":"Amumu","title":"AmumuSR","map":"SR","mode":"CLASSIC","type":"riot","customTag":"","sortrank":0,"extensionPage":false,"useObviousCheckmark":false,"customPanel":null,"blocks":[{"type":"starting","recMath":false,"recSteps":false,"minSummonerLevel":-1,"maxSummonerLevel":-1,"showIfSummonerSpell":"","hideIfSummonerSpell":"SummonerSmite","appendAfterSection":"","visibleWithAllOf":[""],"hiddenWithAnyOf":[""],"items":[{"id":"1054","count":1,"hideCount":false},{"id":"2003","count":1,"hideCount":false},{"id":"3340","count":1,"hideCount":false}]},{"type":"early","recMath":false,"recSteps":false,"minSummonerLevel":-1,"maxSummonerLevel":-1,"showIfSummonerSpell":"","hideIfSummonerSpell":"SummonerSmite","appendAfterSection":"","visibleWithAllOf":[""],"hiddenWithAnyOf":[""],"items":[{"id":"1001","count":1,"hideCount":false},{"id":"3751","count":1,"hideCount":false},{"id":"3211","count":1,"hideCount":false}]},{"type":"essential","recMath":false,"recSteps":false,"minSummonerLevel":-1,"maxSummonerLevel":-1,"showIfSummonerSpell":"","hideIfSummonerSpell":"SummonerSmite","appendAfterSection":"","visibleWithAllOf":[""],"hiddenWithAnyOf":[""],"items":[{"id":"3111","count":1,"hideCount":false},{"id":"3068","count":1,"hideCount":false},{"id":"3001","count":1,"hideCount":false}]},{"type":"startingjungle","recMath":false,"recSteps":false,"minSummonerLevel":-1,"maxSummonerLevel":-1,"showIfSummonerSpell":"SummonerSmite","hideIfSummonerSpell":"","appendAfterSection":"","visibleWithAllOf":[""],"hiddenWithAnyOf":[""],"items":[{"id":"1039","count":1,"hideCount":false},{"id":"2031","count":1,"hideCount":false},{"id":"3340","count":1,"hideCount":false}]},{"type":"earlyjungle","recMath":false,"recSteps":false,"minSummonerLevel":-1,"maxSummonerLevel":-1,"showIfSummonerSpell":"SummonerSmite","hideIfSummonerSpell":"","appendAfterSection":"","visibleWithAllOf":[""],"hiddenWithAnyOf":[""],"items":[{"id":"1001","count":1,"hideCount":false},{"id":"3706","count":1,"hideCount":false},{"id":"3751","count":1,"hideCount":false}]},{"type":"essentialjungle","recMath":false,"recSteps":false,"minSummonerLevel":-1,"maxSummonerLevel":-1,"showIfSummonerSpell":"SummonerSmite","hideIfSummonerSpell":"","appendAfterSection":"","visibleWithAllOf":[""],"hiddenWithAnyOf":[""],"items":[{"id":"3047","count":1,"hideCount":false},{"id":"1401","count":1,"hideCount":false},{"id":"3001","count":1,"hideCount":false}]},{"type":"defensive","recMath":false,"recSteps":false,"minSummonerLevel":-1,"maxSummonerLevel":-1,"showIfSummonerSpell":"","hideIfSummonerSpell":"","appendAfterSection":"","visibleWithAllOf":[""],"hiddenWithAnyOf":[""],"items":[{"id":"3075","count":1,"hideCount":false},{"id":"3194","count":1,"hideCount":false},{"id":"3143","count":1,"hideCount":false}]},{"type":"situational","recMath":false,"recSteps":false,"minSummonerLevel":-1,"maxSummonerLevel":-1,"showIfSummonerSpell":"","hideIfSummonerSpell":"","appendAfterSection":"","visibleWithAllOf":[""],"hiddenWithAnyOf":[""],"items":[{"id":"3800","count":1,"hideCount":false},{"id":"3151","count":1,"hideCount":false},{"id":"3193","count":1,"hideCount":false}]},{"type":"consumables","recMath":false,"recSteps":false,"minSummonerLevel":-1,"maxSummonerLevel":-1,"showIfSummonerSpell":"","hideIfSummonerSpell":"","appendAfterSection":"","visibleWithAllOf":[""],"hiddenWithAnyOf":[""],"items":[{"id":"2003","count":1,"hideCount":true},{"id":"2138","count":1,"hideCount":true}]}]},{"champion":"Amumu","title":"Beginner","type":"riot","map":"SR","mode":"INTRO","priority":false,"blocks":[{"type":"beginner_Starter","maxSummonerLevel":4,"items":[{"id":"1054","count":1}]},{"type":"beginner_Starter","minSummonerLevel":5,"items":[{"id":"1054","count":1},{"id":"2003","count":1}]},{"type":"beginner_Advanced","recMath":true,"items":[{"id":"1028","count":1},{"id":"1027","count":1},{"id":"3010","count":1}]},{"type":"beginner_MovementSpeed","recMath":true,"items":[{"id":"1001","count":1},{"id":"1029","count":1},{"id":"3047","count":1}]},{"type":"beginner_LegendaryItem","recMath":true,"items":[{"id":"3010","count":1},{"id":"1026","count":1},{"id":"3027","count":1}]},{"type":"beginner_MoreLegendaryItems","items":[{"id":"3068","count":1},{"id":"3105","count":1},{"id":"3110","count":1},{"id":"3001","count":1}]}]}]}}}