{"type":"champion","format":"standAloneComplex","version":"10.15.1","data":{"Annie":{"id":"Annie","key":"1","name":"Annie","title":"the Dark Child","image":{"full":"Annie.png","sprite":"champion0.png","group":"champion","x":288,"y":0,"w":48,"h":48},"skins":[{"id":"1000","num":0,"name":"default","chromas":false},{"id":"1001","num":1,"name":"Goth Annie","chromas":false},{"id":"1002","num":2,"name":"Red Riding Annie","chromas":false},{"id":"1003","num":3,"name":"Annie in Wonderland","chromas":false},{"id":"1004","num":4,"name":"Prom Queen Annie","chromas":false},{"id":"1005","num":5,"name":"Frostfire Annie","chromas":false},{"id":"1006","num":6,"name":"Reverse Annie","chromas":false},{"id":"1007","num":7,"name":"FrankenTibbers Annie","chromas":false},{"id":"1008","num":8,"name":"Panda Annie","chromas":false},{"id":"1009","num":9,"name":"Sweetheart Annie","chromas":false},{"id":"1010","num":10,"name":"Hextech Annie","chromas":false},{"id":"1011","num":11,"name":"Super Galaxy Annie","chromas":false},{"id":"1012","num":12,"name":"Annie-Versary","chromas":false}],"lore":"Dangerous, yet disarmingly precocious, Annie is a child mage with immense pyromantic power. Even in the shadows of the mountains north of Noxus, she is a magical outlier. Her natural affinity for fire manifested early in life through unpredictable, emotional outbursts, though she eventually learned to control these “playful tricks.” Her favorite includes the summoning of her beloved teddy bear, Tibbers, as a fiery protector. Lost in the perpetual innocence of childhood, Annie wanders the dark forests, always looking for someone to play with.","blurb":"Dangerous, yet disarmingly precocious, Annie is a child mage with immense pyromantic power. Even in the shadows of the mountains north of Noxus, she is a magical outlier. Her natural affinity for fire manifested early in life through unpredictable...","allytips":["Storing a stun for use with her ultimate can turn the tide of a team fight.","Striking killing blows on minions with Disintegrate enables Annie to farm extremely well early in the game.","Molten Shield is a good spell to cast to work up to Annie's stun, so sometimes it's beneficial to grab at least 1 rank in it early."],"enemytips":["Annie's summoned bear, Tibbers, burns opposing units around himself. Try to keep your distance from him after he's been summoned.","Summoner Smite can be used to help take down Tibbers.","Keep an eye out for a white, swirling power around Annie. It means she's ready to unleash her stun."],"tags":["Mage"],"partype":"Mana","info":{"attack":2,"defense":3,"magic":10,"difficulty":6},"stats":{"hp":524,"hpperlevel":88,"mp":418,"mpperlevel":25,"movespeed":335,"armor":19.22,"armorperlevel":4,"spellblock":30,"spellblockperlevel":0.5,"attackrange":625,"hpregen":5.5,"hpregenperlevel":0.55,"mpregen":8,"mpregenperlevel":0.8,"crit":0,"critperlevel":0,"attackdamage":50.41,"attackdamageperlevel":2.625,"attackspeedperlevel":1.36,"attackspeed":0.579},"spells":[{"id":"AnnieQ","name":"Disintegrate","description":"Annie hurls a Mana infused fireball, dealing damage and refunding the Mana cost if it destroys the target.","tooltip":"Deals <magicDamage>{{ basedamage }} <scaleAP>(+{{ a1 }})</scaleAP> magic damage</magicDamage>. Mana cost and half the cooldown are refunded if Disintegrate kills the target.","leveltip":{"label":["Damage","@AbilityResourceName@ Cost"],"effect":["{{ basedamage }} -> {{ basedamageNL }}","{{ cost }} -> {{ costNL }}"]},"maxrank":5,"cooldown":[4,4,4,4,4],"cooldownBurn":"4","cost":[60,65,70,75,80],"costBurn":"60/65/70/75/80","datavalues":{},"effect":[null,[0,0,0,0,0],[0,0,0,0,0],[0,0,0,0,0],[0,0,0,0,0],[0,0,0,0,0],[0,0,0,0,0],[0,0,0,0,0],[0,0,0,0,0],[0,0,0,0,0],[0,0,0,0,0]],"effectBurn":[null,"0","0","0","0","0","0","0","0","0","0"],"vars":[{"link":"spelldamage","coeff":0.8,"key":"a1"}],"costType":" {{ abilityresourcename }}","maxammo":"-1","range":[625,625,625,625,625],"rangeBurn":"625","image":{"full":"AnnieQ.png","sprite":"spell0.png","group":"spell","x":384,"y":144,"w":48,"h":48},"resource":"{{ cost }} {{ abilityresourcename }}"},{"id":"AnnieW","name":"Incinerate","description":"Annie casts a blazing cone of fire, dealing damage to all enemies in the area.","tooltip":"Casts a cone of fire dealing <magicDamage>{{ basedamage }} <scaleAP>(+{{ a1 }})</scaleAP> magic damage</magicDamage> to all enemies in the area.","leveltip":{"label":["Damage","@AbilityResourceName@ Cost"],"effect":["{{ basedamage }} -> {{ basedamageNL }}","{{ cost }} -> {{ costNL }}"]},"maxrank":5,"cooldown":[8,8,8,8,8],"cooldownBurn":"8","cost":[70,80,90,100,110],"costBurn":"70/80/90/100/110","datavalues":{},"effect":[null,[0,0,0,0,0],[0,0,0,0,0],[0,0,0,0,0],[0,0,0,0,0],[0,0,0,0,0],[0,0,0,0,0],[0,0,0,0,0],[0,0,0,0,0],[0,0,0,0,0],[0,0,0,0,0]],"effectBurn":[null,"0","0","0","0","0","0","0","0","0","0"],"vars":[{"link":"spelldamage","coeff":0.85,"key":"a1"}],"costType":" {{ abilityresourcename }}","maxammo":"-1","range":[600,600,600,600,600],"rangeBurn":"600","image":{"full":"AnnieW.png","sprite":"spell0.png","group":"spell","x":432,"y":144,"w":48,"h":48},"resource":"{{ cost }} {{ abilityresourcename }}"},{"id":"AnnieE","name":"Molten Shield","description":"Grants Annie increased percentage Damage Reduction, a burst of Movement Speed, and damages enemies who attack her with basic attacks.","tooltip":"Annie grants herself {{ damagereduction }}% damage reduction for {{ shieldduration }} seconds and {{ movespeedcalc }} Movement Speed that decays over {{ movementspeedduration }} seconds.<br /><br />While the shield is active, enemies who basic attack it take <magicDamage>{{ damagereflection }} <scaleAP>(+{{ a1 }})</scaleAP> magic damage</magicDamage>.","leveltip":{"label":["Damage Reduction","Damage Reflection","Cooldown"],"effect":["{{ damagereduction }}% -> {{ damagereductionNL }}%","{{ damagereflection }} -> {{ damagereflectionNL }}","{{ cooldown }} -> {{ cooldownNL }}"]},"maxrank":5,"cooldown":[14,13,12,11,10],"cooldownBurn":"14/13/12/11/10","cost":[20,20,20,20,20],"costBurn":"20","datavalues":{},"effect":[null,[0,0,0,0,0],[0,0,0,0,0],[0,0,0,0,0],[0,0,0,0,0],[0,0,0,0,0],[0,0,0,0,0],[0,0,0,0,0],[0,0,0,0,0],[0,0,0,0,0],[0,0,0,0,0]],"effectBurn":[null,"0","0","0","0","0","0","0","0","0","0"],"vars":[{"link":"spelldamage","coeff":0.2,"key":"a1"}],"costType":" {{ abilityresourcename }}","maxammo":"-1","range":[400,400,400,400,400],"rangeBurn":"400","image":{"full":"AnnieE.png","sprite":"spell1.png","group":"spell","x":0,"y":0,"w":48,"h":48},"resource":"{{ cost }} {{ abilityresourcename }}"},{"id":"AnnieR","name":"Summon: Tibbers","description":"Annie wills her bear Tibbers to life, dealing damage to units in the area. Tibbers can attack and also burns enemies that stand near him.","tooltip":"Summons Tibbers, dealing <magicDamage>{{ initialburstdamage }} magic damage</magicDamage> to enemies in the target area. For the next {{ tibberslifetime }} seconds, Tibbers burns nearby enemies for <magicDamage>{{ tibbersauradamage }} magic damage</magicDamage> per second and attacks for <magicDamage>{{ tibbersaadamage }} magic damage</magicDamage>. Annie can control Tibbers by reactivating this ability.<br /><br />When Annie dies, Tibbers <span class=\"colorFFEB7F\">Enrages</span>, gaining 275% Attack Speed and 100% Movement Speed, decaying over 3 seconds.","leveltip":{"label":["Cooldown","Initial Damage","Aura Damage","Tibbers Attack Damage","Bonus Resistances","Bonus Health"],"effect":["{{ cooldown }} -> {{ cooldownNL }}","{{ initialdamage }} -> {{ initialdamageNL }}","{{ auradamage }} -> {{ auradamageNL }}","{{ tibbersattackdamage }} -> {{ tibbersattackdamageNL }}","{{ bonusresistances }} -> {{ bonusresistancesNL }}","{{ bonushealth }} -> {{ bonushealthNL }}"]},"maxrank":3,"cooldown":[120,100,80],"cooldownBurn":"120/100/80","cost":[100,100,100],"costBurn":"100","datavalues":{},"effect":[null,[0,0,0],[0,0,0],[0,0,0],[0,0,0],[0,0,0],[0,0,0],[0,0,0],[0,0,0],[0,0,0],[0,0,0]],"effectBurn":[null,"0","0","0","0","0","0","0","0","0","0"],"vars":[],"costType":" {{ abilityresourcename }}","maxammo":"-1","range":[600,600,600],"rangeBurn":"600","image":{"full":"AnnieR.png","sprite":"spell1.png","group":"spell","x":48,"y":0,"w":48,"h":48},"resource":"{{ cost }} {{ abilityresourcename }}"}],"passive":{"name":"Pyromania","description":"After casting 4 spells, Annie's next offensive spell will stun the target.","image":{"full":"Annie_Passive.png","sprite":"passive0.png","group":"passive","x":288,"y":0,"w":48,"h":48}},"recommended":[{"champion":"Annie","title":"AnnieARAM","map":"HA","mode":"ARAM","type":"riot","customTag":"","sortrank":0,"extensionPage":false,"customPanel":null,"blocks":[{"type":"starting","recMath":false,"recSteps":false,"minSummonerLevel":-1,"maxSummonerLevel":-1,"showIfSummonerSpell":"","hideIfSummonerSpell":"","appendAfterSection":"","visibleWithAllOf":[""],"hiddenWithAnyOf":[""],"items":[{"id":"3073","count":1,"hideCount":false},{"id":"1001","count":1,"hideCount":false},{"id":"2003","count":5,"hideCount":false}]},{"type":"essential","recMath":false,"recSteps":false,"minSummonerLevel":-1,"maxSummonerLevel":-1,"showIfSummonerSpell":"","hideIfSummonerSpell":"","appendAfterSection":"","visibleWithAllOf":[""],"hiddenWithAnyOf":[""],"items":[{"id":"3007","count":1,"hideCount":false},{"id":"3020","count":1,"hideCount":false},{"id":"3029","count":1,"hideCount":false}]},{"type":"offensive","recMath":false,"recSteps":false,"minSummonerLevel":-1,"maxSummonerLevel":-1,"showIfSummonerSpell":"","hideIfSummonerSpell":"","appendAfterSection":"","visibleWithAllOf":[""],"hiddenWithAnyOf":[""],"items":[{"id":"3089","count":1,"hideCount":false},{"id":"3135","count":1,"hideCount":false},{"id":"3165","count":1,"hideCount":false}]},{"type":"defensive","recMath":false,"recSteps":false,"minSummonerLevel":-1,"maxSummonerLevel":-1,"showIfSummonerSpell":"","hideIfSummonerSpell":"","appendAfterSection":"","visibleWithAllOf":[""],"hiddenWithAnyOf":[""],"items":[{"id":"3157","count":1,"hideCount":false},{"id":"3116","count":1,"hideCount":false},{"id":"3102","count":1,"hideCount":false}]},{"type":"consumables","recMath":false,"recSteps":false,"minSummonerLevel":-1,"maxSummonerLevel":-1,"showIfSummonerSpell":"","hideIfSummonerSpell":"","appendAfterSection":"","visibleWithAllOf":[""],"hiddenWithAnyOf":[""],"items":[{"id":"2003","count":1,"hideCount":true},{"id":"2139","count":1,"hideCount":true},{"id":"2033","count":1,"hideCount":false}]}]},{"champion":"Annie","title":"AnnieFIRSTBLOOD","map":"HA","mode":"FIRSTBLOOD","type":"riot","customTag":"","extensionPage":false,"customPanel":null,"blocks":[{"type":"starting","recMath":false,"recSteps":false,"minSummonerLevel":-1,"maxSummonerLevel":-1,"showIfSummonerSpell":"","hideIfSummonerSpell":"","items":[{"id":"1056","count":1,"hideCount":false},{"id":"2003","count":2,"hideCount":false},{"id":"3340","count":1,"hideCount":false}]},{"type":"early","recMath":false,"recSteps":false,"minSummonerLevel":-1,"maxSummonerLevel":-1,"showIfSummonerSpell":"","hideIfSummonerSpell":"","items":[{"id":"1001","count":1,"hideCount":false},{"id":"1058","count":1,"hideCount":false}]},{"type":"essential","recMath":false,"recSteps":false,"minSummonerLevel":-1,"maxSummonerLevel":-1,"showIfSummonerSpell":"","hideIfSummonerSpell":"","items":[{"id":"3020","count":1,"hideCount":false},{"id":"3285","count":1,"hideCount":false},{"id":"3165","count":1,"hideCount":false}]},{"type":"standard","recMath":false,"recSteps":false,"minSummonerLevel":-1,"maxSummonerLevel":-1,"showIfSummonerSpell":"","hideIfSummonerSpell":"","items":[{"id":"3089","count":1,"hideCount":false},{"id":"3135","count":1,"hideCount":false},{"id":"3157","count":1,"hideCount":false}]},{"type":"situational","recMath":false,"recSteps":false,"minSummonerLevel":-1,"maxSummonerLevel":-1,"showIfSummonerSpell":"","hideIfSummonerSpell":"","items":[{"id":"3116","count":1,"hideCount":false},{"id":"3001","count":1,"hideCount":false},{"id":"3152","count":1,"hideCount":false}]},{"type":"consumables","recMath":false,"recSteps":false,"minSummonerLevel":-1,"maxSummonerLevel":-1,"showIfSummonerSpell":"","hideIfSummonerSpell":"","items":[{"id":"2003","count":1,"hideCount":true},{"id":"2043","count":1,"hideCount":true},{"id":"2139","count":1,"hideCount":true}]}]},{"champion":"Annie","title":"AnnieARAM","map":"HA","mode":"KINGPORO","type":"riot","customTag":"","sortrank":0,"extensionPage":false,"customPanel":null,"blocks":[{"type":"KingPoroSnax","recMath":false,"recSteps":false,"minSummonerLevel":-1,"maxSummonerLevel":-1,"showIfSummonerSpell":"","hideIfSummonerSpell":"","items":[{"id":"3680","count":1,"hideCount":false},{"id":"3681","count":1,"hideCount":false},{"id":"3682","count":1,"hideCount":false},{"id":"3683","count":1,"hideCount":false},{"id":"3684","count":1,"hideCount":false},{"id":"3685","count":1,"hideCount":false}]},{"type":"starting","recMath":false,"recSteps":false,"minSummonerLevel":-1,"maxSummonerLevel":-1,"showIfSummonerSpell":"","hideIfSummonerSpell":"","appendAfterSection":"","visibleWithAllOf":[""],"hiddenWithAnyOf":[""],"items":[{"id":"3073","count":1,"hideCount":false},{"id":"1001","count":1,"hideCount":false},{"id":"2003","count":5,"hideCount":false}]},{"type":"essential","recMath":false,"recSteps":false,"minSummonerLevel":-1,"maxSummonerLevel":-1,"showIfSummonerSpell":"","hideIfSummonerSpell":"","appendAfterSection":"","visibleWithAllOf":[""],"hiddenWithAnyOf":[""],"items":[{"id":"3007","count":1,"hideCount":false},{"id":"3020","count":1,"hideCount":false},{"id":"3029","count":1,"hideCount":false}]},{"type":"offensive","recMath":false,"recSteps":false,"minSummonerLevel":-1,"maxSummonerLevel":-1,"showIfSummonerSpell":"","hideIfSummonerSpell":"","appendAfterSection":"","visibleWithAllOf":[""],"hiddenWithAnyOf":[""],"items":[{"id":"3089","count":1,"hideCount":false},{"id":"3135","count":1,"hideCount":false},{"id":"3165","count":1,"hideCount":false}]},{"type":"defensive","recMath":false,"recSteps":false,"minSummonerLevel":-1,"maxSummonerLevel":-1,"showIfSummonerSpell":"","hideIfSummonerSpell":"","appendAfterSection":"","visibleWithAllOf":[""],"hiddenWithAnyOf":[""],"items":[{"id":"3157","count":1,"hideCount":false},{"id":"3116","count":1,"hideCount":false},{"id":"3102","count":1,"hideCount":false}]},{"type":"consumables","recMath":false,"recSteps":false,"minSummonerLevel":-1,"maxSummonerLevel":-1,"showIfSummonerSpell":"","hideIfSummonerSpell":"","appendAfterSection":"","visibleWithAllOf":[""],"hiddenWithAnyOf":[""],"items":[{"id":"2003","count":1,"hideCount":true},{"id":"2139","count":1,"hideCount":true},{"id":"2033","count":1,"hideCount":false}]}]},{"champion":"Annie","title":"AnnieSL","map":"NB","mode":"NEXUSBLITZ","type":"riot","customTag":"","sortrank":0,"extensionPage":false,"useObviousCheckmark":false,"customPanel":null,"blocks":[{"type":"starting","recMath":false,"recSteps":false,"minSummonerLevel":-1,"maxSummonerLevel":-1,"showIfSummonerSpell":"","hideIfSummonerSpell":"SummonerSmite","appendAfterSection":"","visibleWithAllOf":[""],"hiddenWithAnyOf":[""],"items":[{"id":"4203","count":1,"hideCount":false},{"id":"2003","count":2,"hideCount":false},{"id":"3340","count":1,"hideCount":false}]},{"type":"startingjungle","recMath":false,"recSteps":false,"minSummonerLevel":-1,"maxSummonerLevel":-1,"showIfSummonerSpell":"SummonerSmite","hideIfSummonerSpell":"","appendAfterSection":"","visibleWithAllOf":[""],"hiddenWithAnyOf":[""],"items":[{"id":"4101","count":1,"hideCount":false},{"id":"2003","count":1,"hideCount":false},{"id":"3340","count":1,"hideCount":false}]},{"type":"early","recMath":false,"recSteps":false,"minSummonerLevel":-1,"maxSummonerLevel":-1,"showIfSummonerSpell":"","hideIfSummonerSpell":"SummonerSmite","appendAfterSection":"","visibleWithAllOf":[""],"hiddenWithAnyOf":[""],"items":[{"id":"1001","count":1,"hideCount":false},{"id":"3802","count":1,"hideCount":false},{"id":"1026","count":1,"hideCount":false}]},{"type":"earlyjungle","recMath":false,"recSteps":false,"minSummonerLevel":-1,"maxSummonerLevel":-1,"showIfSummonerSpell":"SummonerSmite","hideIfSummonerSpell":"","appendAfterSection":"","visibleWithAllOf":[""],"hiddenWithAnyOf":[""],"items":[{"id":"1001","count":1,"hideCount":false},{"id":"3108","count":1,"hideCount":false}]},{"type":"essential","recMath":false,"recSteps":false,"minSummonerLevel":-1,"maxSummonerLevel":-1,"showIfSummonerSpell":"","hideIfSummonerSpell":"SummonerSmite","appendAfterSection":"","visibleWithAllOf":[""],"hiddenWithAnyOf":[""],"items":[{"id":"3020","count":1,"hideCount":false},{"id":"3285","count":1,"hideCount":false},{"id":"3128","count":1,"hideCount":false}]},{"type":"essentialjungle","recMath":false,"recSteps":false,"minSummonerLevel":-1,"maxSummonerLevel":-1,"showIfSummonerSpell":"SummonerSmite","hideIfSummonerSpell":"","appendAfterSection":"","visibleWithAllOf":[""],"hiddenWithAnyOf":[""],"items":[{"id":"4104","count":1,"hideCount":false},{"id":"3020","count":1,"hideCount":false},{"id":"3128","count":1,"hideCount":false}]},{"type":"standard","recMath":false,"recSteps":false,"minSummonerLevel":-1,"maxSummonerLevel":-1,"showIfSummonerSpell":"","hideIfSummonerSpell":"","appendAfterSection":"","visibleWithAllOf":[""],"hiddenWithAnyOf":[""],"items":[{"id":"3089","count":1,"hideCount":false},{"id":"3135","count":1,"hideCount":false},{"id":"3157","count":1,"hideCount":false}]},{"type":"situational","recMath":false,"recSteps":false,"minSummonerLevel":-1,"maxSummonerLevel":-1,"showIfSummonerSpell":"","hideIfSummonerSpell":"","appendAfterSection":"","visibleWithAllOf":[""],"hiddenWithAnyOf":[""],"items":[{"id":"3116","count":1,"hideCount":false},{"id":"3029","count":1,"hideCount":false},{"id":"3102","count":1,"hideCount":false}]},{"type":"consumables","recMath":false,"recSteps":false,"minSummonerLevel":-1,"maxSummonerLevel":-1,"showIfSummonerSpell":"","hideIfSummonerSpell":"","appendAfterSection":"","visibleWithAllOf":[""],"hiddenWithAnyOf":[""],"items":[{"id":"2003","count":1,"hideCount":true},{"id":"2139","count":1,"hideCount":true}]}]},{"champion":"Annie","title":"AnnieSR","map":"SR","mode":"CLASSIC","type":"riot","customTag":"","sortrank":0,"extensionPage":false,"useObviousCheckmark":false,"customPanel":null,"blocks":[{"type":"starting","recMath":false,"recSteps":false,"minSummonerLevel":-1,"maxSummonerLevel":-1,"showIfSummonerSpell":"","hideIfSummonerSpell":"","appendAfterSection":"","visibleWithAllOf":[""],"hiddenWithAnyOf":[""],"items":[{"id":"1056","count":1,"hideCount":false},{"id":"2003","count":2,"hideCount":false},{"id":"3340","count":1,"hideCount":false}]},{"type":"early","recMath":false,"recSteps":false,"minSummonerLevel":-1,"maxSummonerLevel":-1,"showIfSummonerSpell":"","hideIfSummonerSpell":"","appendAfterSection":"","visibleWithAllOf":[""],"hiddenWithAnyOf":[""],"items":[{"id":"1001","count":1,"hideCount":false},{"id":"3802","count":1,"hideCount":false},{"id":"1026","count":1,"hideCount":false}]},{"type":"essential","recMath":false,"recSteps":false,"minSummonerLevel":-1,"maxSummonerLevel":-1,"showIfSummonerSpell":"","hideIfSummonerSpell":"","appendAfterSection":"","visibleWithAllOf":[""],"hiddenWithAnyOf":[""],"items":[{"id":"3285","count":1,"hideCount":false},{"id":"3020","count":1,"hideCount":false},{"id":"3165","count":1,"hideCount":false}]},{"type":"standard","recMath":false,"recSteps":false,"minSummonerLevel":-1,"maxSummonerLevel":-1,"showIfSummonerSpell":"","hideIfSummonerSpell":"","appendAfterSection":"","visibleWithAllOf":[""],"hiddenWithAnyOf":[""],"items":[{"id":"3157","count":1,"hideCount":false},{"id":"3089","count":1,"hideCount":false},{"id":"3135","count":1,"hideCount":false}]},{"type":"situational","recMath":false,"recSteps":false,"minSummonerLevel":-1,"maxSummonerLevel":-1,"showIfSummonerSpell":"","hideIfSummonerSpell":"","appendAfterSection":"","visibleWithAllOf":[""],"hiddenWithAnyOf":[""],"items":[{"id":"3907","count":1,"hideCount":false},{"id":"3102","count":1,"hideCount":false},{"id":"3151","count":1,"hideCount":false}]},{"type":"consumables","recMath":false,"recSteps":false,"minSummonerLevel":-1,"maxSummonerLevel":-1,"showIfSummonerSpell":"","hideIfSummonerSpell":"","appendAfterSection":"","visibleWithAllOf":[""],"hiddenWithAnyOf":[""],"items":[{"id":"2003","count":1,"hideCount":true},{"id":"2139","count":1,"hideCount":true}]}]},{"champion":"Annie","title":"Beginner","map":"SR","mode":"INTRO","type":"riot","customTag":"","extensionPage":false,"customPanel":null,"blocks":[{"type":"beginner_starter","recMath":false,"recSteps":false,"minSummonerLevel":-1,"maxSummonerLevel":4,"showIfSummonerSpell":"","hideIfSummonerSpell":"","items":[{"id":"1056","count":1,"hideCount":false}]},{"type":"beginner_starter","recMath":false,"recSteps":false,"minSummonerLevel":5,"maxSummonerLevel":-1,"showIfSummonerSpell":"","hideIfSummonerSpell":"","items":[{"id":"1056","count":1,"hideCount":false},{"id":"2003","count":1,"hideCount":false}]},{"type":"beginner_advanced","recMath":true,"recSteps":false,"minSummonerLevel":-1,"maxSummonerLevel":-1,"showIfSummonerSpell":"","hideIfSummonerSpell":"","items":[{"id":"1028","count":1,"hideCount":false},{"id":"1027","count":1,"hideCount":false},{"id":"3010","count":1,"hideCount":false}]},{"type":"beginner_movementspeed","recMath":true,"recSteps":false,"minSummonerLevel":-1,"maxSummonerLevel":-1,"showIfSummonerSpell":"","hideIfSummonerSpell":"","items":[{"id":"1001","count":1,"hideCount":false},{"id":"3020","count":1,"hideCount":false}]},{"type":"beginner_legendaryitem","recMath":true,"recSteps":false,"minSummonerLevel":-1,"maxSummonerLevel":-1,"showIfSummonerSpell":"","hideIfSummonerSpell":"","items":[{"id":"3010","count":1,"hideCount":false},{"id":"1026","count":1,"hideCount":false},{"id":"3165","count":1,"hideCount":false}]},{"type":"beginner_morelegendaryitems","recMath":false,"recSteps":false,"minSummonerLevel":-1,"maxSummonerLevel":-1,"showIfSummonerSpell":"","hideIfSummonerSpell":"","items":[{"id":"3027","count":1,"hideCount":false},{"id":"3116","count":1,"hideCount":false},{"id":"3089","count":1,"hideCount":false},{"id":"3285","count":1,"hideCount":false}]}]}]}}}