{"type":"champion","format":"standAloneComplex","version":"10.15.1","data":{"Aphelios":{"id":"Aphelios","key":"523","name":"Aphelios","title":"the Weapon of the Faithful","image":{"full":"Aphelios.png","sprite":"champion0.png","group":"champion","x":336,"y":0,"w":48,"h":48},"skins":[{"id":"523000","num":0,"name":"default","chromas":false},{"id":"523001","num":1,"name":"Nightbringer Aphelios","chromas":true}],"lore":"Emerging from moonlight's shadow with weapons drawn, Aphelios kills the enemies of his faith in brooding silence—speaking only through the certainty of his aim, and the firing of each gun. Though fueled by a poison that renders him mute, he is guided by his sister Alune. From her distant temple sanctuary, she pushes an arsenal of moonstone weapons into his hands. For as long as the moon shines overhead, Aphelios will never be alone.","blurb":"Emerging from moonlight's shadow with weapons drawn, Aphelios kills the enemies of his faith in brooding silence—speaking only through the certainty of his aim, and the firing of each gun. Though fueled by a poison that renders him mute, he is guided by...","allytips":["Each of Aphelios' weapons have different strengths, so try to find the right situation for your current weapons. "],"enemytips":["Each of Aphelios' weapons have different weaknesses, try to exploit the ones that work best for your champion. Watch out for the purple Gravity gun, it can root you."],"tags":["Marksman"],"partype":"Mana","info":{"attack":6,"defense":2,"magic":1,"difficulty":10},"stats":{"hp":530,"hpperlevel":88,"mp":348,"mpperlevel":42,"movespeed":325,"armor":28,"armorperlevel":3,"spellblock":26,"spellblockperlevel":0.5,"attackrange":550,"hpregen":3.25,"hpregenperlevel":0.55,"mpregen":6.5,"mpregenperlevel":0.4,"crit":0,"critperlevel":0,"attackdamage":57,"attackdamageperlevel":2,"attackspeedperlevel":2.1,"attackspeed":0.64},"spells":[{"id":"ApheliosQ_ClientTooltipWrapper","name":"Weapon Abilites","description":"Aphelios has 5 different activated abilities, based on his main-hand weapon:<br><br>Calibrum (Rifle): Long range shot that marks its target for a long-range follow-up attack.<br>Severum (Scythe Pistol): Run fast while attacking nearby enemies with both weapons.<br>Gravitum (Cannon): Root all enemies slowed by this weapon.<br>Infernum (Flamethrower): Blast enemies in a cone and attack them with your off-hand weapon.<br>Crescendum (Chakram): Deploy a sentry that shoots your off-hand weapon.<br>","tooltip":"","leveltip":{"label":[],"effect":[]},"maxrank":6,"cooldown":[9,9,9,9,9,9],"cooldownBurn":"9","cost":[60,60,60,60,60,60],"costBurn":"60","datavalues":{},"effect":[null,[0,0,0,0,0,0],[0,0,0,0,0,0],[0,0,0,0,0,0],[0,0,0,0,0,0],[0,0,0,0,0,0],[0,0,0,0,0,0],[0,0,0,0,0,0],[0,0,0,0,0,0],[0,0,0,0,0,0],[0,0,0,0,0,0]],"effectBurn":[null,"0","0","0","0","0","0","0","0","0","0"],"vars":[],"costType":" {{ abilityresourcename }}","maxammo":"-1","range":[1450,1450,1450,1450,1450,1450],"rangeBurn":"1450","image":{"full":"ApheliosQ_ClientTooltipWrapper.png","sprite":"spell1.png","group":"spell","x":96,"y":0,"w":48,"h":48},"resource":"{{ cost }} {{ abilityresourcename }}"},{"id":"ApheliosW","name":"Phase","description":"Aphelios swaps his main-hand gun with his off-hand gun, replacing his basic attack and activated ability.","tooltip":"Swap main-hand and off-hand weapons, equipping <b><i>Gravitum</i></b>.","leveltip":{"label":[],"effect":[]},"maxrank":6,"cooldown":[0.8,0.8,0.8,0.8,0.8,0.8],"cooldownBurn":"0.8","cost":[0,0,0,0,0,0],"costBurn":"0","datavalues":{},"effect":[null,[0,0,0,0,0,0],[0,0,0,0,0,0],[0,0,0,0,0,0],[0,0,0,0,0,0],[0,0,0,0,0,0],[0,0,0,0,0,0],[0,0,0,0,0,0],[0,0,0,0,0,0],[0,0,0,0,0,0],[0,0,0,0,0,0]],"effectBurn":[null,"0","0","0","0","0","0","0","0","0","0"],"vars":[],"costType":"No Cost","maxammo":"-1","range":[250,250,250,250,250,250],"rangeBurn":"250","image":{"full":"ApheliosW.png","sprite":"spell1.png","group":"spell","x":144,"y":0,"w":48,"h":48},"resource":"No Cost"},{"id":"ApheliosE_ClientTooltipWrapper","name":"Weapon Queue System","description":"Aphelios has no third ability. This slot shows the next weapon Alune will give him. Weapon order begins fixed but may change over game time -- when a weapon is out of ammo it goes to the end of the order.","tooltip":"","leveltip":{"label":[],"effect":[]},"maxrank":6,"cooldown":[0,0,0,0,0,0],"cooldownBurn":"0","cost":[0,0,0,0,0,0],"costBurn":"0","datavalues":{},"effect":[null,[0,0,0,0,0,0],[0,0,0,0,0,0],[0,0,0,0,0,0],[0,0,0,0,0,0],[0,0,0,0,0,0],[0,0,0,0,0,0],[0,0,0,0,0,0],[0,0,0,0,0,0],[0,0,0,0,0,0],[0,0,0,0,0,0]],"effectBurn":[null,"0","0","0","0","0","0","0","0","0","0"],"vars":[],"costType":" {{ abilityresourcename }}","maxammo":"-1","range":[1000,1000,1000,1000,1000,1000],"rangeBurn":"1000","image":{"full":"ApheliosE_ClientTooltipWrapper.png","sprite":"spell1.png","group":"spell","x":192,"y":0,"w":48,"h":48},"resource":"{{ cost }} {{ abilityresourcename }}"},{"id":"ApheliosR","name":"Moonlight Vigil","description":"Fire a concentrated blast of moonlight that explodes on enemy champions. Applies the unique effect of Aphelios' main-hand gun.","tooltip":"Fire a concentrated blast of moonlight that explodes when it hits an enemy champion to deal <physicalDamage>{{ maxdamage }} physical damage</physicalDamage> in the area.<br /><br />Then, Aphelios attacks all champions hit with his main-hand weapon. <rules>(Applies on-hits. Critical strikes deal {{ critdamagemodtooltip }} damage.)</rules>. {{ Spell_ApheliosR_WeaponMod_{{ f1 }} }}","leveltip":{"label":["Damage","Calibrum Bonus: Mark Damage","Severum Bonus: Heal","Infernum Bonus: Damage"],"effect":["{{ rbasedamage }} -> {{ rbasedamageNL }}","{{ calibrumrmarkbonusdamage }} -> {{ calibrumrmarkbonusdamageNL }}","{{ severumrhealbonus }} -> {{ severumrhealbonusNL }}","{{ infernumrbonusdamagebase }} -> {{ infernumrbonusdamagebaseNL }}"]},"maxrank":3,"cooldown":[120,110,100],"cooldownBurn":"120/110/100","cost":[100,100,100],"costBurn":"100","datavalues":{},"effect":[null,[0,0,0],[0,0,0],[0,0,0],[0,0,0],[0,0,0],[0,0,0],[0,0,0],[0,0,0],[0,0,0],[0,0,0]],"effectBurn":[null,"0","0","0","0","0","0","0","0","0","0"],"vars":[],"costType":" {{ abilityresourcename }}","maxammo":"-1","range":[1300,1300,1300],"rangeBurn":"1300","image":{"full":"ApheliosR.png","sprite":"spell1.png","group":"spell","x":240,"y":0,"w":48,"h":48},"resource":"{{ cost }} {{ abilityresourcename }}"}],"passive":{"name":"The Hitman and the Seer","description":"Aphelios wields 5 Lunari Weapons made by his sister Alune. He has access to two at a time: one main-hand and one off-hand. Each weapon has a unique Basic Attack and Activated Ability. Attacks and abilities consume a weapon's ammo. When out of ammo, Aphelios discards the weapon and Alune summons the next of the 5. ","image":{"full":"ApheliosP.png","sprite":"passive0.png","group":"passive","x":336,"y":0,"w":48,"h":48}},"recommended":[{"champion":"Aphelios","title":"ApheliosARAM","map":"HA","mode":"ARAM","type":"riot","customTag":"","sortrank":0,"extensionPage":false,"useObviousCheckmark":false,"customPanel":null,"blocks":[{"type":"starting","recMath":false,"recSteps":false,"minSummonerLevel":-1,"maxSummonerLevel":-1,"showIfSummonerSpell":"","hideIfSummonerSpell":"","appendAfterSection":"","visibleWithAllOf":[""],"hiddenWithAnyOf":[""],"items":[{"id":"3184","count":1,"hideCount":false},{"id":"1001","count":1,"hideCount":false},{"id":"2003","count":3,"hideCount":false}]},{"type":"essential","recMath":false,"recSteps":false,"minSummonerLevel":-1,"maxSummonerLevel":-1,"showIfSummonerSpell":"","hideIfSummonerSpell":"","appendAfterSection":"","visibleWithAllOf":[""],"hiddenWithAnyOf":[""],"items":[{"id":"3006","count":1,"hideCount":false},{"id":"3508","count":1,"hideCount":false},{"id":"3031","count":1,"hideCount":false}]},{"type":"offensive","recMath":false,"recSteps":false,"minSummonerLevel":-1,"maxSummonerLevel":-1,"showIfSummonerSpell":"","hideIfSummonerSpell":"","appendAfterSection":"","visibleWithAllOf":[""],"hiddenWithAnyOf":[""],"items":[{"id":"3094","count":1,"hideCount":false},{"id":"3033","count":1,"hideCount":false},{"id":"3095","count":1,"hideCount":false}]},{"type":"defensive","recMath":false,"recSteps":false,"minSummonerLevel":-1,"maxSummonerLevel":-1,"showIfSummonerSpell":"","hideIfSummonerSpell":"","appendAfterSection":"","visibleWithAllOf":[""],"hiddenWithAnyOf":[""],"items":[{"id":"3026","count":1,"hideCount":false},{"id":"3139","count":1,"hideCount":false},{"id":"3072","count":1,"hideCount":false}]},{"type":"consumables","recMath":false,"recSteps":false,"minSummonerLevel":-1,"maxSummonerLevel":-1,"showIfSummonerSpell":"","hideIfSummonerSpell":"","appendAfterSection":"","visibleWithAllOf":[""],"hiddenWithAnyOf":[""],"items":[{"id":"2140","count":1,"hideCount":false}]}]},{"champion":"Aphelios","title":"ApheliosFIRSTBLOOD","map":"HA","mode":"FIRSTBLOOD","type":"riot","customTag":"","extensionPage":false,"customPanel":null,"blocks":[{"type":"starting","recMath":false,"recSteps":false,"minSummonerLevel":-1,"maxSummonerLevel":-1,"showIfSummonerSpell":"","hideIfSummonerSpell":"","items":[{"id":"1056","count":1,"hideCount":false},{"id":"2003","count":2,"hideCount":false},{"id":"3340","count":1,"hideCount":false}]},{"type":"early","recMath":false,"recSteps":false,"minSummonerLevel":-1,"maxSummonerLevel":-1,"showIfSummonerSpell":"","hideIfSummonerSpell":"","items":[{"id":"1001","count":1,"hideCount":false},{"id":"3057","count":1,"hideCount":false},{"id":"1058","count":1,"hideCount":false}]},{"type":"essential","recMath":false,"recSteps":false,"minSummonerLevel":-1,"maxSummonerLevel":-1,"showIfSummonerSpell":"","hideIfSummonerSpell":"","items":[{"id":"3020","count":1,"hideCount":false},{"id":"3100","count":1,"hideCount":false},{"id":"3285","count":1,"hideCount":false}]},{"type":"standard","recMath":false,"recSteps":false,"minSummonerLevel":-1,"maxSummonerLevel":-1,"showIfSummonerSpell":"","hideIfSummonerSpell":"","items":[{"id":"3157","count":1,"hideCount":false},{"id":"3089","count":1,"hideCount":false},{"id":"3135","count":1,"hideCount":false}]},{"type":"situational","recMath":false,"recSteps":false,"minSummonerLevel":-1,"maxSummonerLevel":-1,"showIfSummonerSpell":"","hideIfSummonerSpell":"","items":[{"id":"3165","count":1,"hideCount":false},{"id":"3174","count":1,"hideCount":false},{"id":"3001","count":1,"hideCount":false}]},{"type":"consumables","recMath":false,"recSteps":false,"minSummonerLevel":-1,"maxSummonerLevel":-1,"showIfSummonerSpell":"","hideIfSummonerSpell":"","items":[{"id":"2003","count":1,"hideCount":true},{"id":"2043","count":1,"hideCount":true},{"id":"2139","count":1,"hideCount":true}]}]},{"champion":"Aphelios","title":"ApheliosKINGPORO","map":"HA","mode":"KINGPORO","type":"riot","customTag":"","extensionPage":false,"customPanel":null,"blocks":[{"type":"KingPoroSnax","recMath":false,"recSteps":false,"minSummonerLevel":-1,"maxSummonerLevel":-1,"showIfSummonerSpell":"","hideIfSummonerSpell":"","items":[{"id":"3680","count":1,"hideCount":false},{"id":"3681","count":1,"hideCount":false},{"id":"3682","count":1,"hideCount":false},{"id":"3683","count":1,"hideCount":false},{"id":"3684","count":1,"hideCount":false},{"id":"3685","count":1,"hideCount":false}]},{"type":"starting","recMath":false,"recSteps":false,"minSummonerLevel":-1,"maxSummonerLevel":-1,"showIfSummonerSpell":"","hideIfSummonerSpell":"","appendAfterSection":"","visibleWithAllOf":[""],"hiddenWithAnyOf":[""],"items":[{"id":"3184","count":1,"hideCount":false},{"id":"1001","count":1,"hideCount":false},{"id":"2003","count":3,"hideCount":false}]},{"type":"essential","recMath":false,"recSteps":false,"minSummonerLevel":-1,"maxSummonerLevel":-1,"showIfSummonerSpell":"","hideIfSummonerSpell":"","appendAfterSection":"","visibleWithAllOf":[""],"hiddenWithAnyOf":[""],"items":[{"id":"3006","count":1,"hideCount":false},{"id":"3508","count":1,"hideCount":false},{"id":"3031","count":1,"hideCount":false}]},{"type":"offensive","recMath":false,"recSteps":false,"minSummonerLevel":-1,"maxSummonerLevel":-1,"showIfSummonerSpell":"","hideIfSummonerSpell":"","appendAfterSection":"","visibleWithAllOf":[""],"hiddenWithAnyOf":[""],"items":[{"id":"3094","count":1,"hideCount":false},{"id":"3033","count":1,"hideCount":false},{"id":"3095","count":1,"hideCount":false}]},{"type":"defensive","recMath":false,"recSteps":false,"minSummonerLevel":-1,"maxSummonerLevel":-1,"showIfSummonerSpell":"","hideIfSummonerSpell":"","appendAfterSection":"","visibleWithAllOf":[""],"hiddenWithAnyOf":[""],"items":[{"id":"3026","count":1,"hideCount":false},{"id":"3139","count":1,"hideCount":false},{"id":"3072","count":1,"hideCount":false}]},{"type":"consumables","recMath":false,"recSteps":false,"minSummonerLevel":-1,"maxSummonerLevel":-1,"showIfSummonerSpell":"","hideIfSummonerSpell":"","appendAfterSection":"","visibleWithAllOf":[""],"hiddenWithAnyOf":[""],"items":[{"id":"2140","count":1,"hideCount":false}]}]},{"champion":"Aphelios","title":"ApheliosNB","map":"NB","mode":"NEXUSBLITZ","type":"riot","customTag":"","sortrank":0,"extensionPage":false,"useObviousCheckmark":false,"customPanel":null,"blocks":[{"type":"starting","recMath":false,"recSteps":false,"minSummonerLevel":-1,"maxSummonerLevel":-1,"showIfSummonerSpell":"","hideIfSummonerSpell":"","appendAfterSection":"","visibleWithAllOf":[""],"hiddenWithAnyOf":[""],"items":[{"id":"4202","count":1,"hideCount":false},{"id":"2003","count":1,"hideCount":false},{"id":"3340","count":1,"hideCount":false}]},{"type":"early","recMath":false,"recSteps":false,"minSummonerLevel":-1,"maxSummonerLevel":-1,"showIfSummonerSpell":"","hideIfSummonerSpell":"","appendAfterSection":"","visibleWithAllOf":[""],"hiddenWithAnyOf":[""],"items":[{"id":"1038","count":1,"hideCount":false},{"id":"1001","count":1,"hideCount":false},{"id":"1037","count":1,"hideCount":false}]},{"type":"essential","recMath":false,"recSteps":false,"minSummonerLevel":-1,"maxSummonerLevel":-1,"showIfSummonerSpell":"","hideIfSummonerSpell":"","appendAfterSection":"","visibleWithAllOf":[""],"hiddenWithAnyOf":[""],"items":[{"id":"3031","count":1,"hideCount":false},{"id":"3006","count":1,"hideCount":false},{"id":"3085","count":1,"hideCount":false}]},{"type":"offensive","recMath":false,"recSteps":false,"minSummonerLevel":-1,"maxSummonerLevel":-1,"showIfSummonerSpell":"","hideIfSummonerSpell":"","appendAfterSection":"","visibleWithAllOf":[""],"hiddenWithAnyOf":[""],"items":[{"id":"3508","count":1,"hideCount":false},{"id":"3072","count":1,"hideCount":false},{"id":"3046","count":1,"hideCount":false}]},{"type":"situational","recMath":false,"recSteps":false,"minSummonerLevel":-1,"maxSummonerLevel":-1,"showIfSummonerSpell":"","hideIfSummonerSpell":"","appendAfterSection":"","visibleWithAllOf":[""],"hiddenWithAnyOf":[""],"items":[{"id":"3033","count":1,"hideCount":false},{"id":"3026","count":1,"hideCount":false},{"id":"3139","count":1,"hideCount":false}]},{"type":"consumables","recMath":false,"recSteps":false,"minSummonerLevel":-1,"maxSummonerLevel":-1,"showIfSummonerSpell":"","hideIfSummonerSpell":"","appendAfterSection":"","visibleWithAllOf":[""],"hiddenWithAnyOf":[""],"items":[{"id":"2003","count":1,"hideCount":false},{"id":"2140","count":1,"hideCount":false}]}]},{"champion":"Aphelios","title":"ApheliosSR","map":"SR","mode":"CLASSIC","type":"riot","customTag":"","sortrank":0,"extensionPage":false,"useObviousCheckmark":false,"customPanel":null,"blocks":[{"type":"starting","recMath":false,"recSteps":false,"minSummonerLevel":-1,"maxSummonerLevel":-1,"showIfSummonerSpell":"","hideIfSummonerSpell":"","appendAfterSection":"","visibleWithAllOf":[""],"hiddenWithAnyOf":[""],"items":[{"id":"1055","count":1,"hideCount":false},{"id":"2003","count":1,"hideCount":false},{"id":"3340","count":1,"hideCount":false}]},{"type":"early","recMath":false,"recSteps":false,"minSummonerLevel":-1,"maxSummonerLevel":-1,"showIfSummonerSpell":"","hideIfSummonerSpell":"","appendAfterSection":"","visibleWithAllOf":[""],"hiddenWithAnyOf":[""],"items":[{"id":"1038","count":1,"hideCount":false},{"id":"1001","count":1,"hideCount":false},{"id":"1037","count":1,"hideCount":false}]},{"type":"essential","recMath":false,"recSteps":false,"minSummonerLevel":-1,"maxSummonerLevel":-1,"showIfSummonerSpell":"","hideIfSummonerSpell":"","appendAfterSection":"","visibleWithAllOf":[""],"hiddenWithAnyOf":[""],"items":[{"id":"3031","count":1,"hideCount":false},{"id":"3006","count":1,"hideCount":false},{"id":"3085","count":1,"hideCount":false}]},{"type":"offensive","recMath":false,"recSteps":false,"minSummonerLevel":-1,"maxSummonerLevel":-1,"showIfSummonerSpell":"","hideIfSummonerSpell":"","appendAfterSection":"","visibleWithAllOf":[""],"hiddenWithAnyOf":[""],"items":[{"id":"3508","count":1,"hideCount":false},{"id":"3072","count":1,"hideCount":false},{"id":"3046","count":1,"hideCount":false}]},{"type":"situational","recMath":false,"recSteps":false,"minSummonerLevel":-1,"maxSummonerLevel":-1,"showIfSummonerSpell":"","hideIfSummonerSpell":"","appendAfterSection":"","visibleWithAllOf":[""],"hiddenWithAnyOf":[""],"items":[{"id":"3033","count":1,"hideCount":false},{"id":"3026","count":1,"hideCount":false},{"id":"3139","count":1,"hideCount":false}]},{"type":"consumables","recMath":false,"recSteps":false,"minSummonerLevel":-1,"maxSummonerLevel":-1,"showIfSummonerSpell":"","hideIfSummonerSpell":"","appendAfterSection":"","visibleWithAllOf":[""],"hiddenWithAnyOf":[""],"items":[{"id":"2003","count":1,"hideCount":false},{"id":"2140","count":1,"hideCount":false}]}]},{"champion":"Aphelios","title":"Beginner","map":"SR","mode":"INTRO","type":"riot","customTag":"","sortrank":0,"extensionPage":false,"useObviousCheckmark":false,"customPanel":null,"blocks":[{"type":"beginner_starter","recMath":false,"recSteps":false,"minSummonerLevel":-1,"maxSummonerLevel":4,"showIfSummonerSpell":"","hideIfSummonerSpell":"","appendAfterSection":"","visibleWithAllOf":[""],"hiddenWithAnyOf":[""],"items":[{"id":"1055","count":1,"hideCount":false}]},{"type":"beginner_starter","recMath":false,"recSteps":false,"minSummonerLevel":5,"maxSummonerLevel":-1,"showIfSummonerSpell":"","hideIfSummonerSpell":"","appendAfterSection":"","visibleWithAllOf":[""],"hiddenWithAnyOf":[""],"items":[{"id":"2003","count":1,"hideCount":false},{"id":"1055","count":1,"hideCount":false}]},{"type":"beginner_advanced","recMath":true,"recSteps":false,"minSummonerLevel":-1,"maxSummonerLevel":-1,"showIfSummonerSpell":"OdinTrinketRevive","hideIfSummonerSpell":"","appendAfterSection":"","visibleWithAllOf":[""],"hiddenWithAnyOf":[""],"items":[{"id":"1018","count":1,"hideCount":false},{"id":"1042","count":1,"hideCount":false},{"id":"3086","count":1,"hideCount":false}]},{"type":"beginner_movementspeed","recMath":true,"recSteps":false,"minSummonerLevel":-1,"maxSummonerLevel":-1,"showIfSummonerSpell":"","hideIfSummonerSpell":"","appendAfterSection":"","visibleWithAllOf":[""],"hiddenWithAnyOf":[""],"items":[{"id":"1001","count":1,"hideCount":false},{"id":"3006","count":1,"hideCount":false}]},{"type":"beginner_legendaryitem","recMath":true,"recSteps":false,"minSummonerLevel":-1,"maxSummonerLevel":-1,"showIfSummonerSpell":"","hideIfSummonerSpell":"","appendAfterSection":"","visibleWithAllOf":[""],"hiddenWithAnyOf":[""],"items":[{"id":"1038","count":1,"hideCount":false},{"id":"1037","count":1,"hideCount":false},{"id":"1018","count":1,"hideCount":false},{"id":"3031","count":1,"hideCount":false}]},{"type":"beginner_morelegendaryitems","recMath":false,"recSteps":false,"minSummonerLevel":-1,"maxSummonerLevel":-1,"showIfSummonerSpell":"","hideIfSummonerSpell":"","appendAfterSection":"","visibleWithAllOf":[""],"hiddenWithAnyOf":[""],"items":[{"id":"3508","count":1,"hideCount":false},{"id":"3072","count":1,"hideCount":false},{"id":"3046","count":1,"hideCount":false}]}]}]}}}