{"type":"champion","format":"standAloneComplex","version":"10.15.1","data":{"AurelionSol":{"id":"AurelionSol","key":"136","name":"Aurelion Sol","title":"The Star Forger","image":{"full":"AurelionSol.png","sprite":"champion0.png","group":"champion","x":432,"y":0,"w":48,"h":48},"skins":[{"id":"136000","num":0,"name":"default","chromas":false},{"id":"136001","num":1,"name":"Ashen Lord Aurelion Sol","chromas":false},{"id":"136002","num":2,"name":"Mecha Aurelion Sol","chromas":true}],"lore":"Aurelion Sol once graced the vast emptiness of the cosmos with celestial wonders of his own devising. Now, he is forced to wield his awesome power at the behest of a space-faring empire that tricked him into servitude. Desiring a return to his star-forging ways, Aurelion Sol will drag the very stars from the sky, if he must, in order to regain his freedom.","blurb":"Aurelion Sol once graced the vast emptiness of the cosmos with celestial wonders of his own devising. Now, he is forced to wield his awesome power at the behest of a space-faring empire that tricked him into servitude. Desiring a return to his...","allytips":["You can use Comet of Legend's flight to grow Starsurge to massive proportions.","Save Voice of Light to use as a defense against melee opponents if you need to - otherwise, use its slow to start a fight at long range.","Comet of Legend allows you to move quickly around the map; use it to put pressure on other lanes."],"enemytips":["Try to get inside his orbit, since his stars can't hurt you up close.","His stars disappear while stunned or silenced, giving you an easy opportunity to fight him.","He gains speed while chasing in a straight line, but taking damage makes him lose that momentum.","His Starsurge ability can grow to cover a huge area - don't stay in the same place too long!"],"tags":["Mage"],"partype":"Mana","info":{"attack":2,"defense":3,"magic":8,"difficulty":7},"stats":{"hp":575,"hpperlevel":92,"mp":350,"mpperlevel":50,"movespeed":325,"armor":19,"armorperlevel":3.6,"spellblock":30,"spellblockperlevel":0.5,"attackrange":550,"hpregen":7,"hpregenperlevel":0.6,"mpregen":6,"mpregenperlevel":0.8,"crit":0,"critperlevel":0,"attackdamage":57,"attackdamageperlevel":3.2,"attackspeedperlevel":1.36,"attackspeed":0.625},"spells":[{"id":"AurelionSolQ","name":"Starsurge","description":"Aurelion Sol creates an expanding disk, which explodes to stun and damage enemies when it moves too far away from him.","tooltip":"<spellPassive>First Press: </spellPassive>Aurelion Sol creates a new stellar core, which grows over time and grants him {{ e2 }}% Movement Speed.<br /><br />The core will detonate when it reaches his <span class=\"color308BDB\">Outer Limit</span>, applying {{ e1 }} <magicDamage><scaleAP>(+{{ a1 }})</scaleAP> magic damage</magicDamage> and stunning enemies for {{ effect4amount*.25 }} to {{ e4 }} second(s) based on size.<br /><br /><spellPassive>Second Press: </spellPassive>Detonate the core early.<br />","leveltip":{"label":["Damage","Stun Duration","@AbilityResourceName@ Cost","Cooldown"],"effect":["{{ e1 }} -> {{ e1NL }}","{{ e4 }} -> {{ e4NL }}","{{ cost }} -> {{ costNL }}","{{ cooldown }} -> {{ cooldownNL }}"]},"maxrank":5,"cooldown":[11,10,9,8,7],"cooldownBurn":"11/10/9/8/7","cost":[60,70,80,90,100],"costBurn":"60/70/80/90/100","datavalues":{},"effect":[null,[70,110,150,190,230],[20,20,20,20,20],[20,20,20,20,20],[2.2,2.4,2.6,2.8,3],[0,0,0,0,0],[0,0,0,0,0],[0,0,0,0,0],[0,0,0,0,0],[0,0,0,0,0],[0,0,0,0,0]],"effectBurn":[null,"70/110/150/190/230","20","20","2.2/2.4/2.6/2.8/3","0","0","0","0","0","0"],"vars":[{"link":"spelldamage","coeff":0.65,"key":"a1"}],"costType":" {{ abilityresourcename }}","maxammo":"-1","range":[1075,1075,1075,1075,1075],"rangeBurn":"1075","image":{"full":"AurelionSolQ.png","sprite":"spell1.png","group":"spell","x":0,"y":48,"w":48,"h":48},"resource":"{{ cost }} {{ abilityresourcename }}"},{"id":"AurelionSolW","name":"Celestial Expansion","description":"Aurelion Sol pushes his stars farther out, increasing their damage and speed.","tooltip":"<spellPassive>Passive: </spellPassive>Increases Star base damage by {{ starbasedamageincrease }}.<br /><br /><spellPassive>Active: </spellPassive>Aurelion Sol's Stars expand their orbit to his <span class=\"color308BDB\">Outer Limit</span>, rotating more quickly and dealing {{ damagemultiplier*100 }}% damage for a total of <magicDamage>{{ f1 }} <scaleAP>(+{{ f2 }})</scaleAP> magic damage</magicDamage>. Upon reactivation or after 3 seconds, the Stars retract and Aurelion Sol gains 40% Movement Speed, decaying over 1.5 seconds.<br />","leveltip":{"label":["Passive Damage Bonus","Cooldown","Mana Cost"],"effect":["{{ starbasedamageincrease }} -> {{ starbasedamageincreaseNL }}","{{ cooldown }} -> {{ cooldownNL }}","{{ basecost }} -> {{ basecostNL }}"]},"maxrank":5,"cooldown":[8,6.5,5,3.5,2],"cooldownBurn":"8/6.5/5/3.5/2","cost":[70,80,90,100,110],"costBurn":"70/80/90/100/110","datavalues":{},"effect":[null,[0,0,0,0,0],[0,0,0,0,0],[22,24,26,28,30],[0,0,0,0,0],[0,0,0,0,0],[0,0,0,0,0],[0,0,0,0,0],[0,0,0,0,0],[0,0,0,0,0],[0,0,0,0,0]],"effectBurn":[null,"0","0","22/24/26/28/30","0","0","0","0","0","0","0"],"vars":[],"costType":" Mana","maxammo":"-1","range":[600,600,600,600,600],"rangeBurn":"600","image":{"full":"AurelionSolW.png","sprite":"spell1.png","group":"spell","x":48,"y":48,"w":48,"h":48},"resource":"{{ cost }} Mana"},{"id":"AurelionSolE","name":"Comet of Legend","description":"Aurelion Sol takes off flying for a long distance.","tooltip":"Fly for {{ e3 }} units in the chosen direction. Only castable outside of combat. Aurelion Sol can see and be seen over walls while flying.<br /><br />Taking champion or turret damage will force a landing.<br />","leveltip":{"label":["Flight Range","Flight Speed","Cooldown"],"effect":["{{ e3 }} -> {{ e3NL }}","{{ e4 }} -> {{ e4NL }}","{{ cooldown }} -> {{ cooldownNL }}"]},"maxrank":5,"cooldown":[80,75,70,65,60],"cooldownBurn":"80/75/70/65/60","cost":[60,60,60,60,60],"costBurn":"60","datavalues":{},"effect":[null,[5,6,7,8,9],[0,0,0,0,0],[5500,6000,6500,7000,7500],[600,650,700,750,800],[0,0,0,0,0],[0,0,0,0,0],[0,0,0,0,0],[0,0,0,0,0],[0,0,0,0,0],[0,0,0,0,0]],"effectBurn":[null,"5/6/7/8/9","0","5500/6000/6500/7000/7500","600/650/700/750/800","0","0","0","0","0","0"],"vars":[],"costType":" {{ abilityresourcename }}","maxammo":"-1","range":[5500,6000,6500,7000,7500],"rangeBurn":"5500/6000/6500/7000/7500","image":{"full":"AurelionSolE.png","sprite":"spell1.png","group":"spell","x":96,"y":48,"w":48,"h":48},"resource":"{{ cost }} {{ abilityresourcename }}"},{"id":"AurelionSolR","name":"Voice of Light","description":"Aurelion Sol projects a blast of pure starfire, damaging and slowing all enemies caught in it and knocking nearby enemies back to a safer distance.","tooltip":"Breathes out a blast of pure starfire, dealing <magicDamage>{{ e1 }} <scaleAP>(+{{ a1 }})</scaleAP> magic damage</magicDamage> and slowing by {{ e2 }}% for {{ e3 }} seconds. <br /><br />The blast will also knock nearby enemies back to Aurelion Sol's <span class=\"color308BDB\">Outer Limit</span>.<br />","leveltip":{"label":["Damage","Slow","Cooldown"],"effect":["{{ e1 }} -> {{ e1NL }}","{{ e2 }}% -> {{ e2NL }}%","{{ cooldown }} -> {{ cooldownNL }}"]},"maxrank":3,"cooldown":[110,90,70],"cooldownBurn":"110/90/70","cost":[100,100,100],"costBurn":"100","datavalues":{},"effect":[null,[150,250,350],[40,50,60],[2,2,2],[0,0,0],[650,650,650],[50,50,50],[1300,1300,1300],[0,0,0],[0,0,0],[0,0,0]],"effectBurn":[null,"150/250/350","40/50/60","2","0","650","50","1300","0","0","0"],"vars":[{"link":"spelldamage","coeff":0.7,"key":"a1"}],"costType":" {{ abilityresourcename }}","maxammo":"-1","range":[1500,1500,1500],"rangeBurn":"1500","image":{"full":"AurelionSolR.png","sprite":"spell1.png","group":"spell","x":144,"y":48,"w":48,"h":48},"resource":"{{ cost }} {{ abilityresourcename }}"}],"passive":{"name":"Center of the Universe","description":"Stars orbit Aurelion Sol, dealing magic damage when they hit an enemy.","image":{"full":"AurelionSol_Passive.png","sprite":"passive0.png","group":"passive","x":432,"y":0,"w":48,"h":48}},"recommended":[{"champion":"AurelionSol","title":"AurelionSolARAM","map":"HA","mode":"ARAM","type":"riot","customTag":"","sortrank":0,"extensionPage":false,"customPanel":null,"blocks":[{"type":"starting","recMath":false,"recSteps":false,"minSummonerLevel":-1,"maxSummonerLevel":-1,"showIfSummonerSpell":"","hideIfSummonerSpell":"","appendAfterSection":"","visibleWithAllOf":[""],"hiddenWithAnyOf":[""],"items":[{"id":"3010","count":1,"hideCount":false},{"id":"1001","count":1,"hideCount":false}]},{"type":"essential","recMath":false,"recSteps":false,"minSummonerLevel":-1,"maxSummonerLevel":-1,"showIfSummonerSpell":"","hideIfSummonerSpell":"","appendAfterSection":"","visibleWithAllOf":[""],"hiddenWithAnyOf":[""],"items":[{"id":"3009","count":1,"hideCount":false},{"id":"3029","count":1,"hideCount":false},{"id":"3116","count":1,"hideCount":false}]},{"type":"offensive","recMath":false,"recSteps":false,"minSummonerLevel":-1,"maxSummonerLevel":-1,"showIfSummonerSpell":"","hideIfSummonerSpell":"","appendAfterSection":"","visibleWithAllOf":[""],"hiddenWithAnyOf":[""],"items":[{"id":"3151","count":1,"hideCount":false},{"id":"3135","count":1,"hideCount":false},{"id":"3089","count":1,"hideCount":false}]},{"type":"defensive","recMath":false,"recSteps":false,"minSummonerLevel":-1,"maxSummonerLevel":-1,"showIfSummonerSpell":"","hideIfSummonerSpell":"","appendAfterSection":"","visibleWithAllOf":[""],"hiddenWithAnyOf":[""],"items":[{"id":"3157","count":1,"hideCount":false},{"id":"3102","count":1,"hideCount":false},{"id":"3165","count":1,"hideCount":false}]},{"type":"consumables","recMath":false,"recSteps":false,"minSummonerLevel":-1,"maxSummonerLevel":-1,"showIfSummonerSpell":"","hideIfSummonerSpell":"","appendAfterSection":"","visibleWithAllOf":[""],"hiddenWithAnyOf":[""],"items":[{"id":"2003","count":1,"hideCount":false},{"id":"2139","count":1,"hideCount":false}]}]},{"champion":"AurelionSol","title":"AurelionSolBEGINNER","map":"SR","mode":"INTRO","type":"riot","customTag":"","extensionPage":false,"customPanel":null,"blocks":[{"type":"beginner_starter","recMath":false,"recSteps":false,"minSummonerLevel":-1,"maxSummonerLevel":4,"showIfSummonerSpell":"","hideIfSummonerSpell":"","items":[{"id":"1056","count":1,"hideCount":false}]},{"type":"beginner_starter","recMath":false,"recSteps":false,"minSummonerLevel":5,"maxSummonerLevel":-1,"showIfSummonerSpell":"","hideIfSummonerSpell":"","items":[{"id":"1056","count":1,"hideCount":false},{"id":"2003","count":1,"hideCount":false}]},{"type":"beginner_advanced","recMath":true,"recSteps":false,"minSummonerLevel":-1,"maxSummonerLevel":-1,"showIfSummonerSpell":"","hideIfSummonerSpell":"","items":[{"id":"1028","count":1,"hideCount":false},{"id":"1027","count":1,"hideCount":false},{"id":"3010","count":1,"hideCount":false}]},{"type":"beginner_movementspeed","recMath":true,"recSteps":false,"minSummonerLevel":-1,"maxSummonerLevel":-1,"showIfSummonerSpell":"","hideIfSummonerSpell":"","items":[{"id":"1001","count":1,"hideCount":false},{"id":"3009","count":1,"hideCount":false}]},{"type":"beginner_legendaryitem","recMath":true,"recSteps":false,"minSummonerLevel":-1,"maxSummonerLevel":-1,"showIfSummonerSpell":"","hideIfSummonerSpell":"","items":[{"id":"3010","count":1,"hideCount":false},{"id":"1026","count":1,"hideCount":false},{"id":"3027","count":1,"hideCount":false}]},{"type":"beginner_morelegendaryitems","recMath":false,"recSteps":false,"minSummonerLevel":-1,"maxSummonerLevel":-1,"showIfSummonerSpell":"","hideIfSummonerSpell":"","items":[{"id":"3116","count":1,"hideCount":false},{"id":"3151","count":1,"hideCount":false},{"id":"3089","count":1,"hideCount":false},{"id":"3102","count":1,"hideCount":false}]}]},{"champion":"AurelionSol","title":"AurelionSolFIRSTBLOOD","map":"HA","mode":"FIRSTBLOOD","type":"riot","customTag":"","sortrank":0,"extensionPage":false,"customPanel":null,"blocks":[{"type":"starting","recMath":false,"recSteps":false,"minSummonerLevel":-1,"maxSummonerLevel":-1,"showIfSummonerSpell":"","hideIfSummonerSpell":"","items":[{"id":"1001","count":1,"hideCount":false},{"id":"2003","count":4,"hideCount":false}]},{"type":"essential","recMath":false,"recSteps":false,"minSummonerLevel":-1,"maxSummonerLevel":-1,"showIfSummonerSpell":"","hideIfSummonerSpell":"","items":[{"id":"3020","count":1,"hideCount":false},{"id":"3001","count":1,"hideCount":false}]},{"type":"offensive","recMath":false,"recSteps":false,"minSummonerLevel":-1,"maxSummonerLevel":-1,"showIfSummonerSpell":"","hideIfSummonerSpell":"","items":[{"id":"3089","count":1,"hideCount":false},{"id":"3135","count":1,"hideCount":false}]},{"type":"defensive","recMath":false,"recSteps":false,"minSummonerLevel":-1,"maxSummonerLevel":-1,"showIfSummonerSpell":"","hideIfSummonerSpell":"","items":[{"id":"3116","count":1,"hideCount":false},{"id":"3157","count":1,"hideCount":false},{"id":"3026","count":1,"hideCount":false}]},{"type":"consumables","recMath":false,"recSteps":false,"minSummonerLevel":-1,"maxSummonerLevel":-1,"showIfSummonerSpell":"","hideIfSummonerSpell":"","items":[{"id":"2003","count":1,"hideCount":false}]}]},{"champion":"AurelionSol","title":"AurelionSolARAM","map":"HA","mode":"KINGPORO","type":"riot","customTag":"","sortrank":0,"extensionPage":false,"customPanel":null,"blocks":[{"type":"KingPoroSnax","recMath":false,"recSteps":false,"minSummonerLevel":-1,"maxSummonerLevel":-1,"showIfSummonerSpell":"","hideIfSummonerSpell":"","items":[{"id":"3680","count":1,"hideCount":false},{"id":"3681","count":1,"hideCount":false},{"id":"3682","count":1,"hideCount":false},{"id":"3683","count":1,"hideCount":false},{"id":"3684","count":1,"hideCount":false},{"id":"3685","count":1,"hideCount":false}]},{"type":"starting","recMath":false,"recSteps":false,"minSummonerLevel":-1,"maxSummonerLevel":-1,"showIfSummonerSpell":"","hideIfSummonerSpell":"","appendAfterSection":"","visibleWithAllOf":[""],"hiddenWithAnyOf":[""],"items":[{"id":"3010","count":1,"hideCount":false},{"id":"1001","count":1,"hideCount":false}]},{"type":"essential","recMath":false,"recSteps":false,"minSummonerLevel":-1,"maxSummonerLevel":-1,"showIfSummonerSpell":"","hideIfSummonerSpell":"","appendAfterSection":"","visibleWithAllOf":[""],"hiddenWithAnyOf":[""],"items":[{"id":"3009","count":1,"hideCount":false},{"id":"3029","count":1,"hideCount":false},{"id":"3116","count":1,"hideCount":false}]},{"type":"offensive","recMath":false,"recSteps":false,"minSummonerLevel":-1,"maxSummonerLevel":-1,"showIfSummonerSpell":"","hideIfSummonerSpell":"","appendAfterSection":"","visibleWithAllOf":[""],"hiddenWithAnyOf":[""],"items":[{"id":"3151","count":1,"hideCount":false},{"id":"3135","count":1,"hideCount":false},{"id":"3089","count":1,"hideCount":false}]},{"type":"defensive","recMath":false,"recSteps":false,"minSummonerLevel":-1,"maxSummonerLevel":-1,"showIfSummonerSpell":"","hideIfSummonerSpell":"","appendAfterSection":"","visibleWithAllOf":[""],"hiddenWithAnyOf":[""],"items":[{"id":"3157","count":1,"hideCount":false},{"id":"3102","count":1,"hideCount":false},{"id":"3165","count":1,"hideCount":false}]},{"type":"consumables","recMath":false,"recSteps":false,"minSummonerLevel":-1,"maxSummonerLevel":-1,"showIfSummonerSpell":"","hideIfSummonerSpell":"","appendAfterSection":"","visibleWithAllOf":[""],"hiddenWithAnyOf":[""],"items":[{"id":"2003","count":1,"hideCount":false},{"id":"2139","count":1,"hideCount":false}]}]},{"champion":"AurelionSol","title":"AurelionSolSL","map":"NB","mode":"NEXUSBLITZ","type":"riot","customTag":"","sortrank":0,"extensionPage":false,"useObviousCheckmark":false,"customPanel":null,"blocks":[{"type":"starting","recMath":false,"recSteps":false,"minSummonerLevel":-1,"maxSummonerLevel":-1,"showIfSummonerSpell":"","hideIfSummonerSpell":"SummonerSmite","appendAfterSection":"","visibleWithAllOf":[""],"hiddenWithAnyOf":[""],"items":[{"id":"4203","count":1,"hideCount":false},{"id":"3340","count":1,"hideCount":false},{"id":"2003","count":2,"hideCount":false}]},{"type":"startingjungle","recMath":false,"recSteps":false,"minSummonerLevel":-1,"maxSummonerLevel":-1,"showIfSummonerSpell":"SummonerSmite","hideIfSummonerSpell":"","appendAfterSection":"","visibleWithAllOf":[""],"hiddenWithAnyOf":[""],"items":[{"id":"4101","count":1,"hideCount":false},{"id":"3340","count":1,"hideCount":false},{"id":"2003","count":1,"hideCount":false}]},{"type":"essential","recMath":false,"recSteps":false,"minSummonerLevel":-1,"maxSummonerLevel":-1,"showIfSummonerSpell":"","hideIfSummonerSpell":"SummonerSmite","appendAfterSection":"","visibleWithAllOf":[""],"hiddenWithAnyOf":[""],"items":[{"id":"3029","count":1,"hideCount":false},{"id":"3009","count":1,"hideCount":false},{"id":"3116","count":1,"hideCount":false}]},{"type":"essentialjungle","recMath":false,"recSteps":false,"minSummonerLevel":-1,"maxSummonerLevel":-1,"showIfSummonerSpell":"SummonerSmite","hideIfSummonerSpell":"","appendAfterSection":"","visibleWithAllOf":[""],"hiddenWithAnyOf":[""],"items":[{"id":"4104","count":1,"hideCount":false},{"id":"3009","count":1,"hideCount":false},{"id":"3116","count":1,"hideCount":false}]},{"type":"defensive","recMath":false,"recSteps":false,"minSummonerLevel":-1,"maxSummonerLevel":-1,"showIfSummonerSpell":"","hideIfSummonerSpell":"","appendAfterSection":"","visibleWithAllOf":[""],"hiddenWithAnyOf":[""],"items":[{"id":"3157","count":1,"hideCount":false},{"id":"3102","count":1,"hideCount":false}]},{"type":"offensive","recMath":false,"recSteps":false,"minSummonerLevel":-1,"maxSummonerLevel":-1,"showIfSummonerSpell":"","hideIfSummonerSpell":"","appendAfterSection":"","visibleWithAllOf":[""],"hiddenWithAnyOf":[""],"items":[{"id":"3030","count":1,"hideCount":false},{"id":"3151","count":1,"hideCount":false},{"id":"3135","count":1,"hideCount":false}]},{"type":"consumables","recMath":false,"recSteps":false,"minSummonerLevel":-1,"maxSummonerLevel":-1,"showIfSummonerSpell":"","hideIfSummonerSpell":"","appendAfterSection":"","visibleWithAllOf":[""],"hiddenWithAnyOf":[""],"items":[{"id":"2003","count":1,"hideCount":true},{"id":"2139","count":1,"hideCount":true}]}]},{"champion":"AurelionSol","title":"AurelionSolSR","map":"SR","mode":"CLASSIC","type":"riot","customTag":"","sortrank":0,"extensionPage":false,"useObviousCheckmark":false,"customPanel":null,"blocks":[{"type":"starting","recMath":false,"recSteps":false,"minSummonerLevel":-1,"maxSummonerLevel":-1,"showIfSummonerSpell":"","hideIfSummonerSpell":"","appendAfterSection":"","visibleWithAllOf":[""],"hiddenWithAnyOf":[""],"items":[{"id":"2033","count":1,"hideCount":false},{"id":"3340","count":1,"hideCount":false}]},{"type":"essential","recMath":false,"recSteps":false,"minSummonerLevel":-1,"maxSummonerLevel":-1,"showIfSummonerSpell":"","hideIfSummonerSpell":"","appendAfterSection":"","visibleWithAllOf":[""],"hiddenWithAnyOf":[""],"items":[{"id":"3027","count":1,"hideCount":false},{"id":"3009","count":1,"hideCount":false},{"id":"3116","count":1,"hideCount":false}]},{"type":"defensive","recMath":false,"recSteps":false,"minSummonerLevel":-1,"maxSummonerLevel":-1,"showIfSummonerSpell":"","hideIfSummonerSpell":"","appendAfterSection":"","visibleWithAllOf":[""],"hiddenWithAnyOf":[""],"items":[{"id":"3157","count":1,"hideCount":false},{"id":"3102","count":1,"hideCount":false},{"id":"3165","count":1,"hideCount":false}]},{"type":"offensive","recMath":false,"recSteps":false,"minSummonerLevel":-1,"maxSummonerLevel":-1,"showIfSummonerSpell":"","hideIfSummonerSpell":"","appendAfterSection":"","visibleWithAllOf":[""],"hiddenWithAnyOf":[""],"items":[{"id":"3030","count":1,"hideCount":false},{"id":"3151","count":1,"hideCount":false},{"id":"3135","count":1,"hideCount":false}]},{"type":"consumables","recMath":false,"recSteps":false,"minSummonerLevel":-1,"maxSummonerLevel":-1,"showIfSummonerSpell":"","hideIfSummonerSpell":"","appendAfterSection":"","visibleWithAllOf":[""],"hiddenWithAnyOf":[""],"items":[{"id":"2003","count":1,"hideCount":true},{"id":"2139","count":1,"hideCount":true}]}]}]}}}