{"type":"champion","format":"standAloneComplex","version":"10.15.1","data":{"Azir":{"id":"Azir","key":"268","name":"Azir","title":"the Emperor of the Sands","image":{"full":"Azir.png","sprite":"champion0.png","group":"champion","x":0,"y":48,"w":48,"h":48},"skins":[{"id":"268000","num":0,"name":"default","chromas":false},{"id":"268001","num":1,"name":"Galactic Azir","chromas":false},{"id":"268002","num":2,"name":"Gravelord Azir","chromas":false},{"id":"268003","num":3,"name":"SKT T1 Azir","chromas":false},{"id":"268004","num":4,"name":"Warring Kingdoms Azir","chromas":false}],"lore":"Azir was a mortal emperor of Shurima in a far distant age, a proud man who stood at the cusp of immortality. His hubris saw him betrayed and murdered at the moment of his greatest triumph, but now, millennia later, he has been reborn as an Ascended being of immense power. With his buried city risen from the sand, Azir seeks to restore Shurima to its former glory.","blurb":"Azir was a mortal emperor of Shurima in a far distant age, a proud man who stood at the cusp of immortality. His hubris saw him betrayed and murdered at the moment of his greatest triumph, but now, millennia later, he has been reborn as an Ascended...","allytips":["Be careful about putting down both of the soldiers stored by Arise! Unless you're going all-in, always have a soldier in your back pocket if you need to escape over a wall or if you misposition your other soldier and need damage now.","In the lane, try to position your soldiers between the enemy's minions and the enemy champion. This way you can use them both to last hit and to project threat onto your lane opponent.","Think of Emperor's Divide as a defensive ability first and foremost. Use it when the enemy engages on you or your allies. Remember that your team can walk through the soldiers summoned by Emperor's Divide and use this to your advantage when enemy melee champions engage on you.","Be a bird!"],"enemytips":["Azir relies on his soldiers to deal damage and can only move them so often. Try to capitalize on windows of time when his soldiers are stationary.","Azir has immense damage over a prolonged amount of time but lacks the upfront burst of other mages. Try to burst him out before he can turn a confrontation around.","Try to think of Sand Soldiers as fire. Don't stand in the fire."],"tags":["Mage","Marksman"],"partype":"Mana","info":{"attack":6,"defense":3,"magic":8,"difficulty":9},"stats":{"hp":552,"hpperlevel":92,"mp":480,"mpperlevel":21,"movespeed":335,"armor":19.04,"armorperlevel":3,"spellblock":30,"spellblockperlevel":0.5,"attackrange":525,"hpregen":7,"hpregenperlevel":0.75,"mpregen":8,"mpregenperlevel":0.8,"crit":0,"critperlevel":0,"attackdamage":52,"attackdamageperlevel":2.8,"attackspeedperlevel":3,"attackspeed":0.625},"spells":[{"id":"AzirQWrapper","name":"Conquering Sands","description":"Azir sends all Sand Soldiers towards a location. Sand Soldiers deal magic damage to enemies they pass through and apply a slow for 1 second.","tooltip":"Azir sends all <span class=\"colorEED6AF\">Sand Soldiers</span> towards a location. <span class=\"colorEED6AF\">Sand Soldiers</span> deal <magicDamage>{{ e1 }} <scaleAP>(+{{ a1 }})</scaleAP> magic damage</magicDamage> to enemies they pass through and apply a {{ e2 }}% slow for 1 second.<br /><br />Enemies hit by multiple <span class=\"colorEED6AF\">Sand Soldiers</span> will not take additional damage.","leveltip":{"label":["Damage","Cooldown"],"effect":["{{ e1 }} -> {{ e1NL }}","{{ cooldown }} -> {{ cooldownNL }}"]},"maxrank":5,"cooldown":[15,13,11,9,7],"cooldownBurn":"15/13/11/9/7","cost":[70,70,70,70,70],"costBurn":"70","datavalues":{},"effect":[null,[70,90,110,130,150],[25,25,25,25,25],[0,0,0,0,0],[70,70,70,70,70],[1600,1600,1600,1600,1600],[200,200,200,200,200],[370,370,370,370,370],[0,0,0,0,0],[0,0,0,0,0],[0,0,0,0,0]],"effectBurn":[null,"70/90/110/130/150","25","0","70","1600","200","370","0","0","0"],"vars":[{"link":"spelldamage","coeff":0.3,"key":"a1"}],"costType":" {{ abilityresourcename }}","maxammo":"-1","range":[740,740,740,740,740],"rangeBurn":"740","image":{"full":"AzirQWrapper.png","sprite":"spell1.png","group":"spell","x":192,"y":48,"w":48,"h":48},"resource":"{{ cost }} {{ abilityresourcename }}"},{"id":"AzirW","name":"Arise!","description":"Azir summons a Sand Soldier to attack nearby targets for him, replacing his basic attack against targets within the soldier's range. Their attacks deal magic damage to enemies in a line. Arise! also passively grants attack speed to Azir and his Sand Soldiers.","tooltip":"<spellPassive>Passive:</spellPassive> Azir gains {{ e3 }}% attack speed. When Azir has {{ e6 }} or more <span class=\"colorEED6AF\">Sand Soldiers</span>, he gains {{ e7 }}% additional attack speed for {{ e8 }} seconds.<br /><br /><spellPassive>Active:</spellPassive> Azir summons a <span class=\"colorEED6AF\">Sand Soldier</span> for {{ e1 }} seconds. When Azir attacks an enemy in a soldier's range, the soldier attacks in his stead, stabbing the target for <magicDamage><scaleLevel>{{ f2 }}</scaleLevel> <scaleAP>(+{{ a1 }})</scaleAP> magic damage</magicDamage>. Other enemies caught in the soldier's attack take <scaleLevel>{{ f7 }}%</scaleLevel> of the stab's damage.<br /><br />Azir stores up to {{ maxammo }} <span class=\"colorEED6AF\">Sand Soldiers</span> and prepares a new one every <scaleLevel>{{ ammorechargetime }}</scaleLevel> seconds.<br /><br /><span class=\"color919191\"><i>Sand Soldiers that strike the same targets deal {{ e9 }}% damage after the first.<br />Sand Soldiers can attack targets outside of Azir's basic attack range.<br />Sand Soldiers expire twice as fast when near an enemy turret.</i></span>","leveltip":{"label":["Recharge Time","Passive Attack Speed","Attack Speed with Soldiers"],"effect":["{{ ammorechargetime }} -> {{ ammorechargetimeNL }}","{{ effect3amount*100.000000 }}% -> {{ effect3amountnl*100.000000 }}%","{{ effect7amount*100.000000 }}% -> {{ effect7amountnl*100.000000 }}%"]},"maxrank":5,"cooldown":[1.5,1.5,1.5,1.5,1.5],"cooldownBurn":"1.5","cost":[40,40,40,40,40],"costBurn":"40","datavalues":{},"effect":[null,[10,10,10,10,10],[0,0,0,0,0],[20,30,40,50,60],[0,0,0,0,0],[0,0,0,0,0],[3,3,3,3,3],[20,30,40,50,60],[5,5,5,5,5],[25,25,25,25,25],[0.5,0.5,0.5,0.5,0.5]],"effectBurn":[null,"10","0","20/30/40/50/60","0","0","3","20/30/40/50/60","5","25","0.5"],"vars":[{"link":"spelldamage","coeff":0.6,"key":"a1"}],"costType":" {{ abilityresourcename }}","maxammo":"2","range":[500,500,500,500,500],"rangeBurn":"500","image":{"full":"AzirW.png","sprite":"spell1.png","group":"spell","x":240,"y":48,"w":48,"h":48},"resource":"{{ cost }} {{ abilityresourcename }}"},{"id":"AzirEWrapper","name":"Shifting Sands","description":"Azir shields himself briefly and dashes to one of his Sand Soldiers, damaging enemies. If he hits an enemy champion, he instantly readies a new Sand Soldier for deployment and halts his dash.","tooltip":"Azir shields himself for {{ e6 }} seconds, blocking up to {{ e4 }} <scaleAP>(+{{ a2 }})</scaleAP> damage and dashes to one of his <span class=\"colorEED6AF\">Sand Soldiers</span>, damaging enemies hit for <magicDamage>{{ e3 }} <scaleAP>(+{{ a1 }})</scaleAP> magic damage</magicDamage>.<br /><br />If Azir hits an enemy champion, he halts his dash and instantly prepares a new <span class=\"colorEED6AF\">Sand Soldier</span>.","leveltip":{"label":["Shield Amount","Damage","Cooldown"],"effect":["{{ e4 }} -> {{ e4NL }}","{{ e3 }} -> {{ e3NL }}","{{ cooldown }} -> {{ cooldownNL }}"]},"maxrank":5,"cooldown":[19,18,17,16,15],"cooldownBurn":"19/18/17/16/15","cost":[60,60,60,60,60],"costBurn":"60","datavalues":{},"effect":[null,[1700,1700,1700,1700,1700],[0,0,0,0,0],[60,90,120,150,180],[80,120,160,200,240],[0.3,0.5,0.7,0.9,1.1],[1.5,1.5,1.5,1.5,1.5],[1100,1100,1100,1100,1100],[0,0,0,0,0],[5,5,5,5,5],[25,25,25,25,25]],"effectBurn":[null,"1700","0","60/90/120/150/180","80/120/160/200/240","0.3/0.5/0.7/0.9/1.1","1.5","1100","0","5","25"],"vars":[{"link":"spelldamage","coeff":0.7,"key":"a2"},{"link":"spelldamage","coeff":0.4,"key":"a1"}],"costType":" {{ abilityresourcename }}","maxammo":"-1","range":[1100,1100,1100,1100,1100],"rangeBurn":"1100","image":{"full":"AzirEWrapper.png","sprite":"spell1.png","group":"spell","x":288,"y":48,"w":48,"h":48},"resource":"{{ cost }} {{ abilityresourcename }}"},{"id":"AzirR","name":"Emperor's Divide","description":"Azir summons a wall of soldiers which charge forward, knocking back and damaging enemies.","tooltip":"Azir summons a wall of armored soldiers that charge forward, knocking back enemies and dealing <magicDamage>{{ e1 }} <scaleAP>(+{{ a1 }})</scaleAP> magic damage</magicDamage>. The soldiers then remain as a wall for {{ e4 }} seconds.<br /><br />Azir and his allies can pass freely through Emperor's Divide.<br /><br /><span class=\"color919191\"><i>Emperor's Divide does not interact with Azir's basic attacks or spells.</i></span>","leveltip":{"label":["Damage","Number of Soldiers","Cooldown"],"effect":["{{ e1 }} -> {{ e1NL }}","{{ e3 }} -> {{ e3NL }}","{{ cooldown }} -> {{ cooldownNL }}"]},"maxrank":3,"cooldown":[120,105,90],"cooldownBurn":"120/105/90","cost":[100,100,100],"costBurn":"100","datavalues":{},"effect":[null,[175,325,475],[0,0,0],[6,7,8],[5,5,5],[0,0,0],[0,0,0],[0,0,0],[0,0,0],[0,0,0],[0,0,0]],"effectBurn":[null,"175/325/475","0","6/7/8","5","0","0","0","0","0","0"],"vars":[{"link":"spelldamage","coeff":0.6,"key":"a1"}],"costType":" {{ abilityresourcename }}","maxammo":"-1","range":[250,250,250],"rangeBurn":"250","image":{"full":"AzirR.png","sprite":"spell1.png","group":"spell","x":336,"y":48,"w":48,"h":48},"resource":"{{ cost }} {{ abilityresourcename }}"}],"passive":{"name":"Shurima's Legacy","description":"Azir can summon the Disc of the Sun from the ruins of allied or enemy turrets.","image":{"full":"Azir_Passive.png","sprite":"passive0.png","group":"passive","x":0,"y":48,"w":48,"h":48}},"recommended":[{"champion":"Azir","title":"AhriFIRSTBLOOD","map":"HA","mode":"FIRSTBLOOD","type":"riot","customTag":"","extensionPage":false,"customPanel":null,"blocks":[{"type":"starting","recMath":false,"recSteps":false,"minSummonerLevel":-1,"maxSummonerLevel":-1,"showIfSummonerSpell":"","hideIfSummonerSpell":"","items":[{"id":"1004","count":2,"hideCount":false},{"id":"2003","count":3,"hideCount":false}]},{"type":"essential","recMath":false,"recSteps":false,"minSummonerLevel":-1,"maxSummonerLevel":-1,"showIfSummonerSpell":"","hideIfSummonerSpell":"","items":[{"id":"3020","count":1,"hideCount":false},{"id":"3151","count":1,"hideCount":false},{"id":"3028","count":1,"hideCount":false}]},{"type":"offensive","recMath":false,"recSteps":false,"minSummonerLevel":-1,"maxSummonerLevel":-1,"showIfSummonerSpell":"","hideIfSummonerSpell":"","items":[{"id":"3089","count":1,"hideCount":false},{"id":"3135","count":1,"hideCount":false},{"id":"3174","count":1,"hideCount":false}]},{"type":"defensive","recMath":false,"recSteps":false,"minSummonerLevel":-1,"maxSummonerLevel":-1,"showIfSummonerSpell":"","hideIfSummonerSpell":"","items":[{"id":"3191","count":1,"hideCount":false},{"id":"3027","count":1,"hideCount":false},{"id":"3026","count":1,"hideCount":false}]},{"type":"consumables","recMath":false,"recSteps":false,"minSummonerLevel":-1,"maxSummonerLevel":-1,"showIfSummonerSpell":"","hideIfSummonerSpell":"","items":[{"id":"2003","count":1,"hideCount":false},{"id":"2004","count":1,"hideCount":false},{"id":"2044","count":1,"hideCount":false}]}]},{"champion":"Azir","title":"AzirARAM","map":"HA","mode":"ARAM","type":"riot","customTag":"","sortrank":0,"extensionPage":false,"customPanel":null,"blocks":[{"type":"starting","recMath":false,"recSteps":false,"minSummonerLevel":-1,"maxSummonerLevel":-1,"showIfSummonerSpell":"","hideIfSummonerSpell":"","appendAfterSection":"","visibleWithAllOf":[""],"hiddenWithAnyOf":[""],"items":[{"id":"1001","count":1,"hideCount":false},{"id":"3108","count":1,"hideCount":false},{"id":"2003","count":4,"hideCount":false}]},{"type":"essential","recMath":false,"recSteps":false,"minSummonerLevel":-1,"maxSummonerLevel":-1,"showIfSummonerSpell":"","hideIfSummonerSpell":"","appendAfterSection":"","visibleWithAllOf":[""],"hiddenWithAnyOf":[""],"items":[{"id":"3115","count":1,"hideCount":false},{"id":"3116","count":1,"hideCount":false},{"id":"3020","count":1,"hideCount":false}]},{"type":"offensive","recMath":false,"recSteps":false,"minSummonerLevel":-1,"maxSummonerLevel":-1,"showIfSummonerSpell":"","hideIfSummonerSpell":"","appendAfterSection":"","visibleWithAllOf":[""],"hiddenWithAnyOf":[""],"items":[{"id":"3165","count":1,"hideCount":false},{"id":"3089","count":1,"hideCount":false},{"id":"3135","count":1,"hideCount":false}]},{"type":"defensive","recMath":false,"recSteps":false,"minSummonerLevel":-1,"maxSummonerLevel":-1,"showIfSummonerSpell":"","hideIfSummonerSpell":"","appendAfterSection":"","visibleWithAllOf":[""],"hiddenWithAnyOf":[""],"items":[{"id":"3151","count":1,"hideCount":false},{"id":"3157","count":1,"hideCount":false},{"id":"3102","count":1,"hideCount":false}]},{"type":"consumables","recMath":false,"recSteps":false,"minSummonerLevel":-1,"maxSummonerLevel":-1,"showIfSummonerSpell":"","hideIfSummonerSpell":"","appendAfterSection":"","visibleWithAllOf":[""],"hiddenWithAnyOf":[""],"items":[{"id":"2003","count":1,"hideCount":false},{"id":"2139","count":1,"hideCount":false},{"id":"2033","count":1,"hideCount":false}]}]},{"champion":"Azir","title":"AzirFIRSTBLOOD","map":"HA","mode":"FIRSTBLOOD","type":"riot","customTag":"","extensionPage":false,"customPanel":null,"blocks":[{"type":"starting","recMath":false,"recSteps":false,"minSummonerLevel":-1,"maxSummonerLevel":-1,"showIfSummonerSpell":"","hideIfSummonerSpell":"","items":[{"id":"1056","count":1,"hideCount":false},{"id":"2003","count":2,"hideCount":false},{"id":"3340","count":1,"hideCount":false}]},{"type":"early","recMath":false,"recSteps":false,"minSummonerLevel":-1,"maxSummonerLevel":-1,"showIfSummonerSpell":"","hideIfSummonerSpell":"","items":[{"id":"1001","count":1,"hideCount":false},{"id":"3108","count":1,"hideCount":false},{"id":"3101","count":1,"hideCount":false}]},{"type":"essential","recMath":false,"recSteps":false,"minSummonerLevel":-1,"maxSummonerLevel":-1,"showIfSummonerSpell":"","hideIfSummonerSpell":"","items":[{"id":"3020","count":1,"hideCount":false},{"id":"3115","count":1,"hideCount":false},{"id":"3116","count":1,"hideCount":false}]},{"type":"standard","recMath":false,"recSteps":false,"minSummonerLevel":-1,"maxSummonerLevel":-1,"showIfSummonerSpell":"","hideIfSummonerSpell":"","items":[{"id":"3089","count":1,"hideCount":false},{"id":"3135","count":1,"hideCount":false},{"id":"3157","count":1,"hideCount":false}]},{"type":"situational","recMath":false,"recSteps":false,"minSummonerLevel":-1,"maxSummonerLevel":-1,"showIfSummonerSpell":"","hideIfSummonerSpell":"","items":[{"id":"3001","count":1,"hideCount":false},{"id":"3285","count":1,"hideCount":false},{"id":"3026","count":1,"hideCount":false}]},{"type":"consumables","recMath":false,"recSteps":false,"minSummonerLevel":-1,"maxSummonerLevel":-1,"showIfSummonerSpell":"","hideIfSummonerSpell":"","items":[{"id":"2003","count":1,"hideCount":true},{"id":"2031","count":1,"hideCount":true},{"id":"2043","count":1,"hideCount":true},{"id":"2139","count":1,"hideCount":true}]}]},{"champion":"Azir","title":"AzirARAM","map":"HA","mode":"KINGPORO","type":"riot","customTag":"","sortrank":0,"extensionPage":false,"customPanel":null,"blocks":[{"type":"KingPoroSnax","recMath":false,"recSteps":false,"minSummonerLevel":-1,"maxSummonerLevel":-1,"showIfSummonerSpell":"","hideIfSummonerSpell":"","items":[{"id":"3680","count":1,"hideCount":false},{"id":"3681","count":1,"hideCount":false},{"id":"3682","count":1,"hideCount":false},{"id":"3683","count":1,"hideCount":false},{"id":"3684","count":1,"hideCount":false},{"id":"3685","count":1,"hideCount":false}]},{"type":"starting","recMath":false,"recSteps":false,"minSummonerLevel":-1,"maxSummonerLevel":-1,"showIfSummonerSpell":"","hideIfSummonerSpell":"","appendAfterSection":"","visibleWithAllOf":[""],"hiddenWithAnyOf":[""],"items":[{"id":"1001","count":1,"hideCount":false},{"id":"3108","count":1,"hideCount":false},{"id":"2003","count":4,"hideCount":false}]},{"type":"essential","recMath":false,"recSteps":false,"minSummonerLevel":-1,"maxSummonerLevel":-1,"showIfSummonerSpell":"","hideIfSummonerSpell":"","appendAfterSection":"","visibleWithAllOf":[""],"hiddenWithAnyOf":[""],"items":[{"id":"3115","count":1,"hideCount":false},{"id":"3116","count":1,"hideCount":false},{"id":"3020","count":1,"hideCount":false}]},{"type":"offensive","recMath":false,"recSteps":false,"minSummonerLevel":-1,"maxSummonerLevel":-1,"showIfSummonerSpell":"","hideIfSummonerSpell":"","appendAfterSection":"","visibleWithAllOf":[""],"hiddenWithAnyOf":[""],"items":[{"id":"3165","count":1,"hideCount":false},{"id":"3089","count":1,"hideCount":false},{"id":"3135","count":1,"hideCount":false}]},{"type":"defensive","recMath":false,"recSteps":false,"minSummonerLevel":-1,"maxSummonerLevel":-1,"showIfSummonerSpell":"","hideIfSummonerSpell":"","appendAfterSection":"","visibleWithAllOf":[""],"hiddenWithAnyOf":[""],"items":[{"id":"3151","count":1,"hideCount":false},{"id":"3157","count":1,"hideCount":false},{"id":"3102","count":1,"hideCount":false}]},{"type":"consumables","recMath":false,"recSteps":false,"minSummonerLevel":-1,"maxSummonerLevel":-1,"showIfSummonerSpell":"","hideIfSummonerSpell":"","appendAfterSection":"","visibleWithAllOf":[""],"hiddenWithAnyOf":[""],"items":[{"id":"2003","count":1,"hideCount":false},{"id":"2139","count":1,"hideCount":false},{"id":"2033","count":1,"hideCount":false}]}]},{"champion":"Azir","title":"AzirSL","map":"NB","mode":"NEXUSBLITZ","type":"riot","customTag":"","sortrank":0,"extensionPage":false,"useObviousCheckmark":false,"customPanel":null,"blocks":[{"type":"starting","recMath":false,"recSteps":false,"minSummonerLevel":-1,"maxSummonerLevel":-1,"showIfSummonerSpell":"","hideIfSummonerSpell":"SummonerSmite","appendAfterSection":"","visibleWithAllOf":[""],"hiddenWithAnyOf":[""],"items":[{"id":"4203","count":1,"hideCount":false},{"id":"2003","count":2,"hideCount":false},{"id":"3340","count":1,"hideCount":false}]},{"type":"startingjungle","recMath":false,"recSteps":false,"minSummonerLevel":-1,"maxSummonerLevel":-1,"showIfSummonerSpell":"SummonerSmite","hideIfSummonerSpell":"","appendAfterSection":"","visibleWithAllOf":[""],"hiddenWithAnyOf":[""],"items":[{"id":"4101","count":1,"hideCount":false},{"id":"2003","count":1,"hideCount":false},{"id":"3340","count":1,"hideCount":false}]},{"type":"early","recMath":false,"recSteps":false,"minSummonerLevel":-1,"maxSummonerLevel":-1,"showIfSummonerSpell":"","hideIfSummonerSpell":"","appendAfterSection":"","visibleWithAllOf":[""],"hiddenWithAnyOf":[""],"items":[{"id":"1001","count":1,"hideCount":false},{"id":"3108","count":1,"hideCount":false},{"id":"1027","count":1,"hideCount":false}]},{"type":"essential","recMath":false,"recSteps":false,"minSummonerLevel":-1,"maxSummonerLevel":-1,"showIfSummonerSpell":"","hideIfSummonerSpell":"SummonerSmite","appendAfterSection":"","visibleWithAllOf":[""],"hiddenWithAnyOf":[""],"items":[{"id":"3020","count":1,"hideCount":false},{"id":"3285","count":1,"hideCount":false},{"id":"3115","count":1,"hideCount":false}]},{"type":"essentialjungle","recMath":false,"recSteps":false,"minSummonerLevel":-1,"maxSummonerLevel":-1,"showIfSummonerSpell":"SummonerSmite","hideIfSummonerSpell":"","appendAfterSection":"","visibleWithAllOf":[""],"hiddenWithAnyOf":[""],"items":[{"id":"3020","count":1,"hideCount":false},{"id":"4104","count":1,"hideCount":false},{"id":"3115","count":1,"hideCount":false}]},{"type":"standard","recMath":false,"recSteps":false,"minSummonerLevel":-1,"maxSummonerLevel":-1,"showIfSummonerSpell":"","hideIfSummonerSpell":"","appendAfterSection":"","visibleWithAllOf":[""],"hiddenWithAnyOf":[""],"items":[{"id":"3089","count":1,"hideCount":false},{"id":"3135","count":1,"hideCount":false},{"id":"3151","count":1,"hideCount":false}]},{"type":"situational","recMath":false,"recSteps":false,"minSummonerLevel":-1,"maxSummonerLevel":-1,"showIfSummonerSpell":"","hideIfSummonerSpell":"","appendAfterSection":"","visibleWithAllOf":[""],"hiddenWithAnyOf":[""],"items":[{"id":"3116","count":1,"hideCount":false},{"id":"3157","count":1,"hideCount":false},{"id":"3102","count":1,"hideCount":false}]},{"type":"consumables","recMath":false,"recSteps":false,"minSummonerLevel":-1,"maxSummonerLevel":-1,"showIfSummonerSpell":"","hideIfSummonerSpell":"","appendAfterSection":"","visibleWithAllOf":[""],"hiddenWithAnyOf":[""],"items":[{"id":"2003","count":1,"hideCount":true},{"id":"2139","count":1,"hideCount":true}]}]},{"champion":"Azir","title":"AzirSR","map":"SR","mode":"CLASSIC","type":"riot","customTag":"","sortrank":0,"extensionPage":false,"useObviousCheckmark":false,"customPanel":null,"blocks":[{"type":"starting","recMath":false,"recSteps":false,"minSummonerLevel":-1,"maxSummonerLevel":-1,"showIfSummonerSpell":"","hideIfSummonerSpell":"","appendAfterSection":"","visibleWithAllOf":[""],"hiddenWithAnyOf":[""],"items":[{"id":"1056","count":1,"hideCount":false},{"id":"2003","count":2,"hideCount":false},{"id":"3340","count":1,"hideCount":false}]},{"type":"early","recMath":false,"recSteps":false,"minSummonerLevel":-1,"maxSummonerLevel":-1,"showIfSummonerSpell":"","hideIfSummonerSpell":"","appendAfterSection":"","visibleWithAllOf":[""],"hiddenWithAnyOf":[""],"items":[{"id":"1001","count":1,"hideCount":false},{"id":"3802","count":1,"hideCount":false},{"id":"1026","count":1,"hideCount":false}]},{"type":"essential","recMath":false,"recSteps":false,"minSummonerLevel":-1,"maxSummonerLevel":-1,"showIfSummonerSpell":"","hideIfSummonerSpell":"","appendAfterSection":"","visibleWithAllOf":[""],"hiddenWithAnyOf":[""],"items":[{"id":"3020","count":1,"hideCount":false},{"id":"3285","count":1,"hideCount":false},{"id":"3115","count":1,"hideCount":false}]},{"type":"standard","recMath":false,"recSteps":false,"minSummonerLevel":-1,"maxSummonerLevel":-1,"showIfSummonerSpell":"","hideIfSummonerSpell":"","appendAfterSection":"","visibleWithAllOf":[""],"hiddenWithAnyOf":[""],"items":[{"id":"3089","count":1,"hideCount":false},{"id":"3135","count":1,"hideCount":false},{"id":"3165","count":1,"hideCount":false}]},{"type":"situational","recMath":false,"recSteps":false,"minSummonerLevel":-1,"maxSummonerLevel":-1,"showIfSummonerSpell":"","hideIfSummonerSpell":"","appendAfterSection":"","visibleWithAllOf":[""],"hiddenWithAnyOf":[""],"items":[{"id":"3116","count":1,"hideCount":false},{"id":"3157","count":1,"hideCount":false},{"id":"3102","count":1,"hideCount":false}]},{"type":"consumables","recMath":false,"recSteps":false,"minSummonerLevel":-1,"maxSummonerLevel":-1,"showIfSummonerSpell":"","hideIfSummonerSpell":"","appendAfterSection":"","visibleWithAllOf":[""],"hiddenWithAnyOf":[""],"items":[{"id":"2003","count":1,"hideCount":true},{"id":"2139","count":1,"hideCount":true}]}]},{"champion":"Azir","title":"Beginner","map":"SR","mode":"INTRO","type":"riot","customTag":"","extensionPage":false,"customPanel":null,"blocks":[{"type":"beginner_starter","recMath":false,"recSteps":false,"minSummonerLevel":-1,"maxSummonerLevel":4,"showIfSummonerSpell":"","hideIfSummonerSpell":"","items":[{"id":"1056","count":1,"hideCount":false}]},{"type":"beginner_starter","recMath":false,"recSteps":false,"minSummonerLevel":5,"maxSummonerLevel":-1,"showIfSummonerSpell":"","hideIfSummonerSpell":"","items":[{"id":"1056","count":1,"hideCount":false},{"id":"2003","count":1,"hideCount":false}]},{"type":"beginner_advanced","recMath":true,"recSteps":false,"minSummonerLevel":-1,"maxSummonerLevel":-1,"showIfSummonerSpell":"","hideIfSummonerSpell":"","items":[{"id":"1028","count":1,"hideCount":false},{"id":"1027","count":1,"hideCount":false},{"id":"3010","count":1,"hideCount":false}]},{"type":"beginner_movementspeed","recMath":true,"recSteps":false,"minSummonerLevel":-1,"maxSummonerLevel":-1,"showIfSummonerSpell":"","hideIfSummonerSpell":"","items":[{"id":"1001","count":1,"hideCount":false},{"id":"3020","count":1,"hideCount":false}]},{"type":"beginner_legendaryitem","recMath":true,"recSteps":false,"minSummonerLevel":-1,"maxSummonerLevel":-1,"showIfSummonerSpell":"","hideIfSummonerSpell":"","items":[{"id":"3010","count":1,"hideCount":false},{"id":"1026","count":1,"hideCount":false},{"id":"3027","count":1,"hideCount":false}]},{"type":"beginner_morelegendaryitems","recMath":false,"recSteps":false,"minSummonerLevel":-1,"maxSummonerLevel":-1,"showIfSummonerSpell":"","hideIfSummonerSpell":"","items":[{"id":"3116","count":1,"hideCount":false},{"id":"3089","count":1,"hideCount":false},{"id":"3135","count":1,"hideCount":false}]}]}]}}}