{"type":"champion","format":"standAloneComplex","version":"10.15.1","data":{"Bard":{"id":"Bard","key":"432","name":"Bard","title":"the Wandering Caretaker","image":{"full":"Bard.png","sprite":"champion0.png","group":"champion","x":48,"y":48,"w":48,"h":48},"skins":[{"id":"432000","num":0,"name":"default","chromas":true},{"id":"432001","num":1,"name":"Elderwood Bard","chromas":false},{"id":"432005","num":5,"name":"Snow Day Bard","chromas":true},{"id":"432006","num":6,"name":"Bard Bard","chromas":false},{"id":"432008","num":8,"name":"Astronaut Bard","chromas":true}],"lore":"A traveler from beyond the stars, Bard is an agent of serendipity who fights to maintain a balance where life can endure the indifference of chaos. Many Runeterrans sing songs that ponder his extraordinary nature, yet they all agree that the cosmic vagabond is drawn to artifacts of great magical power. Surrounded by a jubilant choir of helpful spirit meeps, it is impossible to mistake his actions as malevolent, as Bard always serves the greater good... in his own odd way.","blurb":"A traveler from beyond the stars, Bard is an agent of serendipity who fights to maintain a balance where life can endure the indifference of chaos. Many Runeterrans sing songs that ponder his extraordinary nature, yet they all agree that the cosmic...","allytips":["It's important to collect chimes to improve your meep's attacks, but don't neglect your lane partner! Try to make a big entrance by bringing an ally into the lane with you with Magical Journey.","Let your Caretaker's Shrines charge up - they heal for a lot more when at full power.","Don't forget that enemies can also use your Magical Journey doorways, and that your ultimate can also hit your allies!"],"enemytips":["Bard's opponents can also travel through his Magical Journey doorways. You can follow him, if you think it's safe.","You can crush Bard's healing shrines just by walking over them. Don't let his allies take them without a fight.","Bard's ultimate, Tempered Fate, affects allies, enemies, monsters, and turrets alike. Sometimes it can be to your advantage to jump into it!"],"tags":["Support","Mage"],"partype":"Mana","info":{"attack":4,"defense":4,"magic":5,"difficulty":9},"stats":{"hp":575,"hpperlevel":89,"mp":350,"mpperlevel":50,"movespeed":330,"armor":34,"armorperlevel":4,"spellblock":30,"spellblockperlevel":0.5,"attackrange":500,"hpregen":5.5,"hpregenperlevel":0.55,"mpregen":6,"mpregenperlevel":0.45,"crit":0,"critperlevel":0,"attackdamage":52,"attackdamageperlevel":3,"attackspeedperlevel":2,"attackspeed":0.625},"spells":[{"id":"BardQ","name":"Cosmic Binding","description":"Bard fires a missile which will slow the first enemy struck, and continue onward. If it strikes a wall, it will stun the initial target; if it strikes another enemy, it will stun them both.","tooltip":"Bard fires an energy bolt, dealing {{ e1 }} <scaleAP>(+{{ a1 }})</scaleAP> magic damage to one or two enemies. The first target hit will be slowed by {{ e3 }}% for {{ e4 }} second(s).<br /><br />If the bolt hits another enemy or a wall, any enemies hit are stunned for {{ e2 }} second(s).<br />","leveltip":{"label":["Damage","Slow Duration","Stun Duration","Cooldown"],"effect":["{{ e1 }} -> {{ e1NL }}","{{ e2 }} -> {{ e2NL }}","{{ e2 }} -> {{ e2NL }}","{{ cooldown }} -> {{ cooldownNL }}"]},"maxrank":5,"cooldown":[11,10,9,8,7],"cooldownBurn":"11/10/9/8/7","cost":[60,60,60,60,60],"costBurn":"60","datavalues":{},"effect":[null,[80,125,170,215,260],[1,1.2,1.4,1.6,1.8],[60,60,60,60,60],[1,1.2,1.4,1.6,1.8],[0,0,0,0,0],[0,0,0,0,0],[0,0,0,0,0],[0,0,0,0,0],[0,0,0,0,0],[0,0,0,0,0]],"effectBurn":[null,"80/125/170/215/260","1/1.2/1.4/1.6/1.8","60","1/1.2/1.4/1.6/1.8","0","0","0","0","0","0"],"vars":[{"link":"spelldamage","coeff":0.65,"key":"a1"}],"costType":" {{ abilityresourcename }}","maxammo":"-1","range":[25000,25000,25000,25000,25000],"rangeBurn":"25000","image":{"full":"BardQ.png","sprite":"spell1.png","group":"spell","x":384,"y":48,"w":48,"h":48},"resource":"{{ cost }} {{ abilityresourcename }}"},{"id":"BardW","name":"Caretaker's Shrine","description":"Reveals a healing shrine which powers up over a short time, disappearing after healing the first ally that touches it.","tooltip":"Bard raises a health shrine that immediately offers {{ e5 }} <scaleAP>(+{{ a1 }})</scaleAP> health, but restores up to {{ e6 }} <scaleAP>(+{{ a2 }})</scaleAP> health as it gathers power for 10 seconds. The shrine's effect also grants {{ e1 }}% decaying movement speed for {{ e2 }} seconds. <br /><br />Bard can have up to {{ e3 }} shrines active at once, which remain until visited by an ally champion or crushed by an enemy champion.<br /><br /><span class=\"colorFFCC00\">Active Shrines: </span><scaleLevel>{{ f1 }}</scaleLevel> / <span class=\"colorFFCC00\">{{ f2 }}</span><br />","leveltip":{"label":["Base Heal","Max Heal"],"effect":["{{ e5 }} -> {{ e5NL }}","{{ e6 }} -> {{ e6NL }}"]},"maxrank":5,"cooldown":[14,14,14,14,14],"cooldownBurn":"14","cost":[70,70,70,70,70],"costBurn":"70","datavalues":{},"effect":[null,[30,30,30,30,30],[1.5,1.5,1.5,1.5,1.5],[3,3,3,3,3],[0,0,0,0,0],[30,60,90,120,150],[70,110,150,190,230],[0,0,0,0,0],[10,10,10,10,10],[0,0,0,0,0],[0,0,0,0,0]],"effectBurn":[null,"30","1.5","3","0","30/60/90/120/150","70/110/150/190/230","0","10","0","0"],"vars":[{"link":"spelldamage","coeff":0.3,"key":"a1"},{"link":"spelldamage","coeff":0.6,"key":"a2"}],"costType":" {{ abilityresourcename }}","maxammo":"-1","range":[800,800,800,800,800],"rangeBurn":"800","image":{"full":"BardW.png","sprite":"spell1.png","group":"spell","x":432,"y":48,"w":48,"h":48},"resource":"{{ cost }} {{ abilityresourcename }}"},{"id":"BardE","name":"Magical Journey","description":"Bard opens a portal in nearby terrain. Allies and enemies alike can take a one-way trip through that terrain by moving into the portal.","tooltip":"Bard opens a one-way corridor through nearby terrain. Both allies and enemies can use the corridor by right-clicking on any part of it while near its entrance, with allies travelling {{ e2 }}% faster than enemies.<br /><br />The corridor disappears after {{ e1 }} seconds.<br />","leveltip":{"label":["Cooldown"],"effect":["{{ cooldown }} -> {{ cooldownNL }}"]},"maxrank":5,"cooldown":[22,20.5,19,17.5,16],"cooldownBurn":"22/20.5/19/17.5/16","cost":[30,30,30,30,30],"costBurn":"30","datavalues":{},"effect":[null,[10,10,10,10,10],[33,33,33,33,33],[900,900,900,900,900],[0,0,0,0,0],[0,0,0,0,0],[0,0,0,0,0],[0,0,0,0,0],[0,0,0,0,0],[0,0,0,0,0],[0,0,0,0,0]],"effectBurn":[null,"10","33","900","0","0","0","0","0","0","0"],"vars":[],"costType":" {{ abilityresourcename }}","maxammo":"-1","range":[900,900,900,900,900],"rangeBurn":"900","image":{"full":"BardE.png","sprite":"spell1.png","group":"spell","x":0,"y":96,"w":48,"h":48},"resource":"{{ cost }} {{ abilityresourcename }}"},{"id":"BardR","name":"Tempered Fate","description":"Bard sends spirit energy arcing to a location, putting all champions, minions, monsters, and turrets hit into stasis for a brief time.","tooltip":"Bard sends magical energy arcing to a target location. On impact, all champions, minions, monsters, and turrets in the target area are put in stasis, becoming invincible, untargetable, and unable to act for {{ rstasisduration }} seconds.<br /><br />Epic monsters are also put into stasis, despite normally being immune to disables.","leveltip":{"label":["Cooldown"],"effect":["{{ cooldown }} -> {{ cooldownNL }}"]},"maxrank":3,"cooldown":[110,95,80],"cooldownBurn":"110/95/80","cost":[100,100,100],"costBurn":"100","datavalues":{},"effect":[null,[0,0,0],[0,0,0],[0,0,0],[0,0,0],[0,0,0],[0,0,0],[0,0,0],[0,0,0],[0,0,0],[0,0,0]],"effectBurn":[null,"0","0","0","0","0","0","0","0","0","0"],"vars":[],"costType":" {{ abilityresourcename }}","maxammo":"-1","range":[3400,3400,3400],"rangeBurn":"3400","image":{"full":"BardR.png","sprite":"spell1.png","group":"spell","x":48,"y":96,"w":48,"h":48},"resource":"{{ cost }} {{ abilityresourcename }}"}],"passive":{"name":"Traveler's Call","description":"<font color='#FF9900'>Meeps:</font> Bard attracts lesser spirits that assist with his basic attacks to deal extra magic damage. When Bard has collected enough  <font color='#cccc00'>Chimes</font>, his meeps will also deal damage in an area and slow enemies hit.<br><br><font color='#FF9900'>Chimes:</font> Ancient <font color='#cccc00'>chimes</font> randomly appear for Bard to collect. These grant experience, maximum mana, and out-of-combat movement speed stacks.<br>","image":{"full":"Bard_Passive.png","sprite":"passive0.png","group":"passive","x":48,"y":48,"w":48,"h":48}},"recommended":[{"champion":"Bard","title":"BardARAM","map":"HA","mode":"ARAM","type":"riot","customTag":"","sortrank":0,"extensionPage":false,"customPanel":null,"blocks":[{"type":"starting","recMath":false,"recSteps":false,"minSummonerLevel":-1,"maxSummonerLevel":-1,"showIfSummonerSpell":"","hideIfSummonerSpell":"","appendAfterSection":"","visibleWithAllOf":[""],"hiddenWithAnyOf":[""],"items":[{"id":"3802","count":1,"hideCount":false},{"id":"2003","count":2,"hideCount":false}]},{"type":"essential","recMath":false,"recSteps":false,"minSummonerLevel":-1,"maxSummonerLevel":-1,"showIfSummonerSpell":"","hideIfSummonerSpell":"","appendAfterSection":"","visibleWithAllOf":[""],"hiddenWithAnyOf":[""],"items":[{"id":"3020","count":1,"hideCount":false},{"id":"3100","count":1,"hideCount":false},{"id":"3285","count":1,"hideCount":false}]},{"type":"offensive","recMath":false,"recSteps":false,"minSummonerLevel":-1,"maxSummonerLevel":-1,"showIfSummonerSpell":"","hideIfSummonerSpell":"","appendAfterSection":"","visibleWithAllOf":[""],"hiddenWithAnyOf":[""],"items":[{"id":"3089","count":1,"hideCount":false},{"id":"3151","count":1,"hideCount":false},{"id":"3135","count":1,"hideCount":false}]},{"type":"defensive","recMath":false,"recSteps":false,"minSummonerLevel":-1,"maxSummonerLevel":-1,"showIfSummonerSpell":"","hideIfSummonerSpell":"","appendAfterSection":"","visibleWithAllOf":[""],"hiddenWithAnyOf":[""],"items":[{"id":"3157","count":1,"hideCount":false},{"id":"3109","count":1,"hideCount":false},{"id":"3022","count":1,"hideCount":false}]},{"type":"offmeta","recMath":false,"recSteps":false,"minSummonerLevel":-1,"maxSummonerLevel":-1,"showIfSummonerSpell":"","hideIfSummonerSpell":"","appendAfterSection":"","visibleWithAllOf":[""],"hiddenWithAnyOf":[""],"items":[{"id":"3508","count":1,"hideCount":false},{"id":"3085","count":1,"hideCount":false},{"id":"3124","count":1,"hideCount":false}]},{"type":"consumables","recMath":false,"recSteps":false,"minSummonerLevel":-1,"maxSummonerLevel":-1,"showIfSummonerSpell":"","hideIfSummonerSpell":"","appendAfterSection":"","visibleWithAllOf":[""],"hiddenWithAnyOf":[""],"items":[{"id":"2003","count":1,"hideCount":false},{"id":"2139","count":1,"hideCount":false},{"id":"2033","count":1,"hideCount":false}]}]},{"champion":"Bard","title":"BardFIRSTBLOOD","map":"HA","mode":"FIRSTBLOOD","type":"riot","customTag":"","extensionPage":false,"customPanel":null,"blocks":[{"type":"starting","recMath":false,"recSteps":false,"minSummonerLevel":-1,"maxSummonerLevel":-1,"showIfSummonerSpell":"","hideIfSummonerSpell":"","items":[{"id":"2003","count":2,"hideCount":false},{"id":"3340","count":1,"hideCount":false},{"id":"3303","count":1,"hideCount":false}]},{"type":"essential","recMath":false,"recSteps":false,"minSummonerLevel":-1,"maxSummonerLevel":-1,"showIfSummonerSpell":"","hideIfSummonerSpell":"","items":[{"id":"2049","count":1,"hideCount":false},{"id":"3117","count":1,"hideCount":false},{"id":"3098","count":1,"hideCount":false}]},{"type":"defensive","recMath":false,"recSteps":false,"minSummonerLevel":-1,"maxSummonerLevel":-1,"showIfSummonerSpell":"","hideIfSummonerSpell":"","items":[{"id":"3110","count":1,"hideCount":false},{"id":"3102","count":1,"hideCount":false},{"id":"3143","count":1,"hideCount":false}]},{"type":"support","recMath":false,"recSteps":false,"minSummonerLevel":-1,"maxSummonerLevel":-1,"showIfSummonerSpell":"","hideIfSummonerSpell":"","items":[{"id":"3222","count":1,"hideCount":false},{"id":"3105","count":1,"hideCount":false},{"id":"3050","count":1,"hideCount":false}]},{"type":"consumables","recMath":false,"recSteps":false,"minSummonerLevel":-1,"maxSummonerLevel":-1,"showIfSummonerSpell":"","hideIfSummonerSpell":"","items":[{"id":"2003","count":1,"hideCount":false},{"id":"2043","count":1,"hideCount":false},{"id":"2138","count":1,"hideCount":false}]}]},{"champion":"Bard","title":"BardARAM","map":"HA","mode":"KINGPORO","type":"riot","customTag":"","sortrank":0,"extensionPage":false,"customPanel":null,"blocks":[{"type":"KingPoroSnax","recMath":false,"recSteps":false,"minSummonerLevel":-1,"maxSummonerLevel":-1,"showIfSummonerSpell":"","hideIfSummonerSpell":"","items":[{"id":"3680","count":1,"hideCount":false},{"id":"3681","count":1,"hideCount":false},{"id":"3682","count":1,"hideCount":false},{"id":"3683","count":1,"hideCount":false},{"id":"3684","count":1,"hideCount":false},{"id":"3685","count":1,"hideCount":false}]},{"type":"starting","recMath":false,"recSteps":false,"minSummonerLevel":-1,"maxSummonerLevel":-1,"showIfSummonerSpell":"","hideIfSummonerSpell":"","appendAfterSection":"","visibleWithAllOf":[""],"hiddenWithAnyOf":[""],"items":[{"id":"3802","count":1,"hideCount":false},{"id":"2003","count":2,"hideCount":false}]},{"type":"essential","recMath":false,"recSteps":false,"minSummonerLevel":-1,"maxSummonerLevel":-1,"showIfSummonerSpell":"","hideIfSummonerSpell":"","appendAfterSection":"","visibleWithAllOf":[""],"hiddenWithAnyOf":[""],"items":[{"id":"3020","count":1,"hideCount":false},{"id":"3100","count":1,"hideCount":false},{"id":"3285","count":1,"hideCount":false}]},{"type":"offensive","recMath":false,"recSteps":false,"minSummonerLevel":-1,"maxSummonerLevel":-1,"showIfSummonerSpell":"","hideIfSummonerSpell":"","appendAfterSection":"","visibleWithAllOf":[""],"hiddenWithAnyOf":[""],"items":[{"id":"3089","count":1,"hideCount":false},{"id":"3151","count":1,"hideCount":false},{"id":"3135","count":1,"hideCount":false}]},{"type":"defensive","recMath":false,"recSteps":false,"minSummonerLevel":-1,"maxSummonerLevel":-1,"showIfSummonerSpell":"","hideIfSummonerSpell":"","appendAfterSection":"","visibleWithAllOf":[""],"hiddenWithAnyOf":[""],"items":[{"id":"3157","count":1,"hideCount":false},{"id":"3109","count":1,"hideCount":false},{"id":"3022","count":1,"hideCount":false}]},{"type":"offmeta","recMath":false,"recSteps":false,"minSummonerLevel":-1,"maxSummonerLevel":-1,"showIfSummonerSpell":"","hideIfSummonerSpell":"","appendAfterSection":"","visibleWithAllOf":[""],"hiddenWithAnyOf":[""],"items":[{"id":"3508","count":1,"hideCount":false},{"id":"3085","count":1,"hideCount":false},{"id":"3124","count":1,"hideCount":false}]},{"type":"consumables","recMath":false,"recSteps":false,"minSummonerLevel":-1,"maxSummonerLevel":-1,"showIfSummonerSpell":"","hideIfSummonerSpell":"","appendAfterSection":"","visibleWithAllOf":[""],"hiddenWithAnyOf":[""],"items":[{"id":"2003","count":1,"hideCount":false},{"id":"2139","count":1,"hideCount":false},{"id":"2033","count":1,"hideCount":false}]}]},{"champion":"Bard","title":"BardNB","map":"NB","mode":"NEXUSBLITZ","type":"riot","customTag":"","sortrank":0,"extensionPage":false,"useObviousCheckmark":false,"customPanel":null,"blocks":[{"type":"starting","recMath":false,"recSteps":false,"minSummonerLevel":-1,"maxSummonerLevel":-1,"showIfSummonerSpell":"","hideIfSummonerSpell":"SummonerSmite","appendAfterSection":"","visibleWithAllOf":[""],"hiddenWithAnyOf":[""],"items":[{"id":"4203","count":1,"hideCount":false},{"id":"2003","count":2,"hideCount":false},{"id":"3340","count":1,"hideCount":false}]},{"type":"startingjungle","recMath":false,"recSteps":false,"minSummonerLevel":-1,"maxSummonerLevel":-1,"showIfSummonerSpell":"SummonerSmite","hideIfSummonerSpell":"","appendAfterSection":"","visibleWithAllOf":[""],"hiddenWithAnyOf":[""],"items":[{"id":"4101","count":1,"hideCount":false},{"id":"2003","count":1,"hideCount":false},{"id":"3340","count":1,"hideCount":false}]},{"type":"early","recMath":false,"recSteps":false,"minSummonerLevel":-1,"maxSummonerLevel":-1,"showIfSummonerSpell":"","hideIfSummonerSpell":"SummonerSmite","appendAfterSection":"","visibleWithAllOf":[""],"hiddenWithAnyOf":[""],"items":[{"id":"1001","count":1,"hideCount":false},{"id":"3010","count":1,"hideCount":false},{"id":"1026","count":1,"hideCount":false}]},{"type":"earlyjungle","recMath":false,"recSteps":false,"minSummonerLevel":-1,"maxSummonerLevel":-1,"showIfSummonerSpell":"SummonerSmite","hideIfSummonerSpell":"","appendAfterSection":"","visibleWithAllOf":[""],"hiddenWithAnyOf":[""],"items":[{"id":"1001","count":1,"hideCount":false},{"id":"3108","count":1,"hideCount":false},{"id":"1027","count":1,"hideCount":false}]},{"type":"essential","recMath":false,"recSteps":false,"minSummonerLevel":-1,"maxSummonerLevel":-1,"showIfSummonerSpell":"","hideIfSummonerSpell":"SummonerSmite","appendAfterSection":"","visibleWithAllOf":[""],"hiddenWithAnyOf":[""],"items":[{"id":"3029","count":1,"hideCount":false},{"id":"3020","count":1,"hideCount":false},{"id":"3115","count":1,"hideCount":false}]},{"type":"essentialjungle","recMath":false,"recSteps":false,"minSummonerLevel":-1,"maxSummonerLevel":-1,"showIfSummonerSpell":"SummonerSmite","hideIfSummonerSpell":"","appendAfterSection":"","visibleWithAllOf":[""],"hiddenWithAnyOf":[""],"items":[{"id":"3020","count":1,"hideCount":false},{"id":"3115","count":1,"hideCount":false},{"id":"4104","count":1,"hideCount":false}]},{"type":"offensive","recMath":false,"recSteps":false,"minSummonerLevel":-1,"maxSummonerLevel":-1,"showIfSummonerSpell":"","hideIfSummonerSpell":"SummonerSmite","appendAfterSection":"","visibleWithAllOf":[""],"hiddenWithAnyOf":[""],"items":[{"id":"3100","count":1,"hideCount":false},{"id":"3151","count":1,"hideCount":false},{"id":"3089","count":1,"hideCount":false}]},{"type":"offensive","recMath":false,"recSteps":false,"minSummonerLevel":-1,"maxSummonerLevel":-1,"showIfSummonerSpell":"SummonerSmite","hideIfSummonerSpell":"","appendAfterSection":"","visibleWithAllOf":[""],"hiddenWithAnyOf":[""],"items":[{"id":"3100","count":1,"hideCount":false},{"id":"3151","count":1,"hideCount":false},{"id":"3089","count":1,"hideCount":false}]},{"type":"support","recMath":false,"recSteps":false,"minSummonerLevel":-1,"maxSummonerLevel":-1,"showIfSummonerSpell":"","hideIfSummonerSpell":"","appendAfterSection":"","visibleWithAllOf":[""],"hiddenWithAnyOf":[""],"items":[{"id":"3107","count":1,"hideCount":false},{"id":"3222","count":1,"hideCount":false},{"id":"3190","count":1,"hideCount":false}]},{"type":"consumables","recMath":false,"recSteps":false,"minSummonerLevel":-1,"maxSummonerLevel":-1,"showIfSummonerSpell":"","hideIfSummonerSpell":"","appendAfterSection":"","visibleWithAllOf":[""],"hiddenWithAnyOf":[""],"items":[{"id":"2003","count":1,"hideCount":true},{"id":"2138","count":1,"hideCount":true}]}]},{"champion":"Bard","title":"BardSR","map":"SR","mode":"CLASSIC","type":"riot","customTag":"","sortrank":0,"extensionPage":false,"useObviousCheckmark":false,"customPanel":null,"blocks":[{"type":"starting","recMath":false,"recSteps":false,"minSummonerLevel":-1,"maxSummonerLevel":-1,"showIfSummonerSpell":"","hideIfSummonerSpell":"","appendAfterSection":"","visibleWithAllOf":[""],"hiddenWithAnyOf":[""],"items":[{"id":"3858","count":1,"hideCount":false},{"id":"2003","count":2,"hideCount":false},{"id":"3340","count":1,"hideCount":false}]},{"type":"early","recMath":false,"recSteps":false,"minSummonerLevel":-1,"maxSummonerLevel":-1,"showIfSummonerSpell":"","hideIfSummonerSpell":"","appendAfterSection":"","visibleWithAllOf":[""],"hiddenWithAnyOf":[""],"items":[{"id":"1001","count":1,"hideCount":false},{"id":"3028","count":1,"hideCount":false}]},{"type":"essential","recMath":false,"recSteps":false,"minSummonerLevel":-1,"maxSummonerLevel":-1,"showIfSummonerSpell":"","hideIfSummonerSpell":"SummonerBoost","appendAfterSection":"","visibleWithAllOf":[""],"hiddenWithAnyOf":[""],"items":[{"id":"3009","count":1,"hideCount":false},{"id":"3174","count":1,"hideCount":false},{"id":"3107","count":1,"hideCount":false}]},{"type":"defensive","recMath":false,"recSteps":false,"minSummonerLevel":-1,"maxSummonerLevel":-1,"showIfSummonerSpell":"","hideIfSummonerSpell":"","appendAfterSection":"","visibleWithAllOf":[""],"hiddenWithAnyOf":[""],"items":[{"id":"3742","count":1,"hideCount":false},{"id":"3190","count":1,"hideCount":false},{"id":"3109","count":1,"hideCount":false}]},{"type":"support","recMath":false,"recSteps":false,"minSummonerLevel":-1,"maxSummonerLevel":-1,"showIfSummonerSpell":"","hideIfSummonerSpell":"SummonerDarkStarChampSelect1","appendAfterSection":"","visibleWithAllOf":[""],"hiddenWithAnyOf":[""],"items":[{"id":"3094","count":1,"hideCount":false},{"id":"2065","count":1,"hideCount":false},{"id":"3905","count":1,"hideCount":false}]},{"type":"consumables","recMath":false,"recSteps":false,"minSummonerLevel":-1,"maxSummonerLevel":-1,"showIfSummonerSpell":"","hideIfSummonerSpell":"","appendAfterSection":"","visibleWithAllOf":[""],"hiddenWithAnyOf":[""],"items":[{"id":"2003","count":1,"hideCount":true},{"id":"2138","count":1,"hideCount":true}]}]}]}}}