{"type":"champion","format":"standAloneComplex","version":"10.15.1","data":{"Brand":{"id":"Brand","key":"63","name":"Brand","title":"the Burning Vengeance","image":{"full":"Brand.png","sprite":"champion0.png","group":"champion","x":144,"y":48,"w":48,"h":48},"skins":[{"id":"63000","num":0,"name":"default","chromas":false},{"id":"63001","num":1,"name":"Apocalyptic Brand","chromas":false},{"id":"63002","num":2,"name":"Vandal Brand","chromas":false},{"id":"63003","num":3,"name":"Cryocore Brand","chromas":false},{"id":"63004","num":4,"name":"Zombie Brand","chromas":false},{"id":"63005","num":5,"name":"Spirit Fire Brand","chromas":false},{"id":"63006","num":6,"name":"Battle Boss Brand","chromas":false},{"id":"63007","num":7,"name":"Arclight Brand","chromas":true}],"lore":"Once a tribesman of the icy Freljord named Kegan Rodhe, the creature known as Brand is a lesson in the temptation of greater power. Seeking one of the legendary World Runes, Kegan betrayed his companions and seized it for himself—and, in an instant, the man was no more. His soul burned away, his body a vessel of living flame, Brand now roams Valoran in search of other Runes, swearing revenge for wrongs he could never possibly have suffered in a dozen mortal lifetimes.","blurb":"Once a tribesman of the icy Freljord named Kegan Rodhe, the creature known as Brand is a lesson in the temptation of greater power. Seeking one of the legendary World Runes, Kegan betrayed his companions and seized it for himself—and, in an instant, the...","allytips":["You can deter enemies from standing near their minions by setting them ablaze, due to Conflagration.","You can use Brand's abilities in a variety of combinations to maximize his damage in different situations.","Pyroclasm bounces randomly between enemies, so try to cast it on a small group of enemies if you want to hit the same target multiple times."],"enemytips":["Brand must land an ability before his combo is able to get started. Dodging his Sear or Pillar of Flame will disrupt his rhythm.","Try to move away from allies when you see Pyroclasm being cast. The initial missile speed is slow, which should give your team time to react.","Brand's passive allows him to excel against teams that cluster together. Be sure to split up against him."],"tags":["Mage"],"partype":"Mana","info":{"attack":2,"defense":2,"magic":9,"difficulty":4},"stats":{"hp":519.68,"hpperlevel":88,"mp":469,"mpperlevel":21,"movespeed":340,"armor":21.88,"armorperlevel":3.5,"spellblock":30,"spellblockperlevel":0.5,"attackrange":550,"hpregen":5.5,"hpregenperlevel":0.55,"mpregen":10.665,"mpregenperlevel":0.6,"crit":0,"critperlevel":0,"attackdamage":57.04,"attackdamageperlevel":3,"attackspeedperlevel":1.36,"attackspeed":0.625},"spells":[{"id":"BrandQ","name":"Sear","description":"Brand launches a ball of fire forward that deals magic damage. If the target is ablaze, Sear will stun the target for 1.5 seconds.","tooltip":"Brand launches a ball of fire forward that deals <magicDamage>{{ e1 }} <scaleAP>(+{{ a1 }})</scaleAP> magic damage</magicDamage>.<br /><br /><span class=\"colorDDDD77\">Blaze:</span> If the target is ablaze, Sear will stun the target for 1.5 seconds.","leveltip":{"label":["Damage","Cooldown"],"effect":["{{ e1 }} -> {{ e1NL }}","{{ cooldown }} -> {{ cooldownNL }}"]},"maxrank":5,"cooldown":[8,7.5,7,6.5,6],"cooldownBurn":"8/7.5/7/6.5/6","cost":[50,50,50,50,50],"costBurn":"50","datavalues":{},"effect":[null,[80,110,140,170,200],[0,0,0,0,0],[0,0,0,0,0],[0,0,0,0,0],[0,0,0,0,0],[0,0,0,0,0],[0,0,0,0,0],[0,0,0,0,0],[0,0,0,0,0],[0,0,0,0,0]],"effectBurn":[null,"80/110/140/170/200","0","0","0","0","0","0","0","0","0"],"vars":[{"link":"spelldamage","coeff":0.55,"key":"a1"}],"costType":" {{ abilityresourcename }}","maxammo":"-1","range":[1050,1050,1050,1050,1050],"rangeBurn":"1050","image":{"full":"BrandQ.png","sprite":"spell1.png","group":"spell","x":288,"y":96,"w":48,"h":48},"resource":"{{ cost }} {{ abilityresourcename }}"},{"id":"BrandW","name":"Pillar of Flame","description":"After a short delay, Brand creates a Pillar of Flame at a target area, dealing magic damage to enemy units within the area. Units that are ablaze take an additional 25% damage.","tooltip":"After a short delay, Brand creates a Pillar of Flame at a location, dealing <magicDamage>{{ e1 }} <scaleAP>(+{{ a1 }})</scaleAP> magic damage</magicDamage> to enemies.<br /><br /><span class=\"colorDDDD77\">Blaze:</span> Units that are ablaze take an additional 25% damage from Pillar of Flame.","leveltip":{"label":["Damage","Cooldown","@AbilityResourceName@ Cost"],"effect":["{{ e1 }} -> {{ e1NL }}","{{ cooldown }} -> {{ cooldownNL }}","{{ cost }} -> {{ costNL }}"]},"maxrank":5,"cooldown":[10,9.5,9,8.5,8],"cooldownBurn":"10/9.5/9/8.5/8","cost":[60,70,80,90,100],"costBurn":"60/70/80/90/100","datavalues":{},"effect":[null,[75,120,165,210,255],[20,40,60,80,100],[0.25,0.25,0.25,0.25,0.25],[0,0,0,0,0],[0,0,0,0,0],[0,0,0,0,0],[0,0,0,0,0],[0,0,0,0,0],[0,0,0,0,0],[0,0,0,0,0]],"effectBurn":[null,"75/120/165/210/255","20/40/60/80/100","0.25","0","0","0","0","0","0","0"],"vars":[{"link":"spelldamage","coeff":0.6,"key":"a1"}],"costType":" {{ abilityresourcename }}","maxammo":"-1","range":[900,900,900,900,900],"rangeBurn":"900","image":{"full":"BrandW.png","sprite":"spell1.png","group":"spell","x":336,"y":96,"w":48,"h":48},"resource":"{{ cost }} {{ abilityresourcename }}"},{"id":"BrandE","name":"Conflagration","description":"Brand conjures a powerful blast at his target, dealing magic damage to them. If the target is ablaze, Conflagration spreads to nearby enemies.","tooltip":"Brand conjures a powerful blast at his target, dealing <magicDamage>{{ e1 }} <scaleAP>(+{{ a1 }})</scaleAP> magic damage</magicDamage>.<br /><br /><span class=\"colorDDDD77\">Blaze:</span> If the target is ablaze, Conflagration spreads to nearby enemies. ","leveltip":{"label":["Damage","Cooldown","@AbilityResourceName@ Cost"],"effect":["{{ e1 }} -> {{ e1NL }}","{{ cooldown }} -> {{ cooldownNL }}","{{ cost }} -> {{ costNL }}"]},"maxrank":5,"cooldown":[10,9,8,7,6],"cooldownBurn":"10/9/8/7/6","cost":[70,75,80,85,90],"costBurn":"70/75/80/85/90","datavalues":{},"effect":[null,[70,95,120,145,170],[375,375,375,375,375],[0,0,0,0,0],[0,0,0,0,0],[0,0,0,0,0],[0,0,0,0,0],[0,0,0,0,0],[0,0,0,0,0],[0,0,0,0,0],[0,0,0,0,0]],"effectBurn":[null,"70/95/120/145/170","375","0","0","0","0","0","0","0","0"],"vars":[{"link":"spelldamage","coeff":0.45,"key":"a1"}],"costType":" {{ abilityresourcename }}","maxammo":"-1","range":[625,625,625,625,625],"rangeBurn":"625","image":{"full":"BrandE.png","sprite":"spell1.png","group":"spell","x":384,"y":96,"w":48,"h":48},"resource":"{{ cost }} {{ abilityresourcename }}"},{"id":"BrandR","name":"Pyroclasm","description":"Brand unleashes a devastating torrent of fire, dealing magic damage each time it bounces, up to 5 bounces. Bounces prioritize stacking Blaze to max on Champions. If a target is ablaze, Pyroclasm will briefly slow them.","tooltip":"Brand unleashes a devastating torrent of fire, dealing <magicDamage>{{ totaldamage }} magic damage</magicDamage> each time it bounces up to 5 bounces. Bounces prioritize stacking Blaze to max on Champions.<br /><br /><span class=\"colorDDDD77\">Blaze:</span> If the target is ablaze, Pyroclasm will briefly slow the target by {{ slowamount }}%.","leveltip":{"label":["Damage per Bounce","Slow","Cooldown"],"effect":["{{ basedamage }} -> {{ basedamageNL }}","{{ slowamount }}% -> {{ slowamountNL }}%","{{ cooldown }} -> {{ cooldownNL }}"]},"maxrank":3,"cooldown":[105,90,75],"cooldownBurn":"105/90/75","cost":[100,100,100],"costBurn":"100","datavalues":{},"effect":[null,[0,0,0],[0,0,0],[0,0,0],[0,0,0],[0,0,0],[0,0,0],[0,0,0],[0,0,0],[0,0,0],[0,0,0]],"effectBurn":[null,"0","0","0","0","0","0","0","0","0","0"],"vars":[],"costType":" {{ abilityresourcename }}","maxammo":"-1","range":[750,750,750],"rangeBurn":"750","image":{"full":"BrandR.png","sprite":"spell1.png","group":"spell","x":432,"y":96,"w":48,"h":48},"resource":"{{ cost }} {{ abilityresourcename }}"}],"passive":{"name":"Blaze","description":"Brand's spells light his targets ablaze, dealing damage over 4 seconds, stacking up to 3 times. If Brand kills an enemy while it is ablaze he regains mana. When Blaze reaches max stacks on a Champion or large monster, it becomes unstable. It detonates in 2 seconds, applying spell effects and dealing massive damage in an area around the victim.","image":{"full":"BrandP.png","sprite":"passive0.png","group":"passive","x":144,"y":48,"w":48,"h":48}},"recommended":[{"champion":"Brand","title":"Beginner","type":"riot","map":"SR","mode":"INTRO","priority":false,"blocks":[{"type":"beginner_Starter","maxSummonerLevel":4,"items":[{"id":"1056","count":1}]},{"type":"beginner_Starter","minSummonerLevel":5,"items":[{"id":"1056","count":1},{"id":"2003","count":1}]},{"type":"beginner_Advanced","recMath":true,"items":[{"id":"1028","count":1},{"id":"1027","count":1},{"id":"3010","count":1}]},{"type":"beginner_MovementSpeed","recMath":true,"items":[{"id":"1001","count":1},{"id":"3020","count":1}]},{"type":"beginner_LegendaryItem","recMath":true,"items":[{"id":"3010","count":1},{"id":"1026","count":1},{"id":"3027","count":1}]},{"type":"beginner_MoreLegendaryItems","items":[{"id":"3151","count":1},{"id":"3174","count":1},{"id":"3116","count":1},{"id":"3089","count":1}]}]},{"champion":"Brand","title":"BrandARAM","map":"HA","mode":"ARAM","type":"riot","customTag":"","sortrank":0,"extensionPage":false,"customPanel":null,"blocks":[{"type":"starting","recMath":false,"recSteps":false,"minSummonerLevel":-1,"maxSummonerLevel":-1,"showIfSummonerSpell":"","hideIfSummonerSpell":"","appendAfterSection":"","visibleWithAllOf":[""],"hiddenWithAnyOf":[""],"items":[{"id":"3073","count":1,"hideCount":false},{"id":"1001","count":1,"hideCount":false},{"id":"2003","count":5,"hideCount":false}]},{"type":"essential","recMath":false,"recSteps":false,"minSummonerLevel":-1,"maxSummonerLevel":-1,"showIfSummonerSpell":"","hideIfSummonerSpell":"","appendAfterSection":"","visibleWithAllOf":[""],"hiddenWithAnyOf":[""],"items":[{"id":"3007","count":1,"hideCount":false},{"id":"3020","count":1,"hideCount":false},{"id":"3029","count":1,"hideCount":false}]},{"type":"offensive","recMath":false,"recSteps":false,"minSummonerLevel":-1,"maxSummonerLevel":-1,"showIfSummonerSpell":"","hideIfSummonerSpell":"","appendAfterSection":"","visibleWithAllOf":[""],"hiddenWithAnyOf":[""],"items":[{"id":"3151","count":1,"hideCount":false},{"id":"3135","count":1,"hideCount":false},{"id":"3165","count":1,"hideCount":false}]},{"type":"defensive","recMath":false,"recSteps":false,"minSummonerLevel":-1,"maxSummonerLevel":-1,"showIfSummonerSpell":"","hideIfSummonerSpell":"","appendAfterSection":"","visibleWithAllOf":[""],"hiddenWithAnyOf":[""],"items":[{"id":"3157","count":1,"hideCount":false},{"id":"3102","count":1,"hideCount":false},{"id":"3116","count":1,"hideCount":false}]},{"type":"consumables","recMath":false,"recSteps":false,"minSummonerLevel":-1,"maxSummonerLevel":-1,"showIfSummonerSpell":"","hideIfSummonerSpell":"","appendAfterSection":"","visibleWithAllOf":[""],"hiddenWithAnyOf":[""],"items":[{"id":"2003","count":1,"hideCount":true},{"id":"2139","count":1,"hideCount":true},{"id":"2033","count":1,"hideCount":false}]}]},{"champion":"Brand","title":"BrandFIRSTBLOOD","map":"HA","mode":"FIRSTBLOOD","type":"riot","customTag":"","extensionPage":false,"customPanel":null,"blocks":[{"type":"starting","recMath":false,"recSteps":false,"minSummonerLevel":-1,"maxSummonerLevel":-1,"showIfSummonerSpell":"","hideIfSummonerSpell":"","items":[{"id":"1056","count":1,"hideCount":false},{"id":"2003","count":2,"hideCount":false},{"id":"3340","count":1,"hideCount":false}]},{"type":"early","recMath":false,"recSteps":false,"minSummonerLevel":-1,"maxSummonerLevel":-1,"showIfSummonerSpell":"","hideIfSummonerSpell":"","items":[{"id":"1001","count":1,"hideCount":false},{"id":"3136","count":1,"hideCount":false},{"id":"1058","count":1,"hideCount":false}]},{"type":"essential","recMath":false,"recSteps":false,"minSummonerLevel":-1,"maxSummonerLevel":-1,"showIfSummonerSpell":"","hideIfSummonerSpell":"","items":[{"id":"3020","count":1,"hideCount":false},{"id":"3151","count":1,"hideCount":false},{"id":"3116","count":1,"hideCount":false}]},{"type":"standard","recMath":false,"recSteps":false,"minSummonerLevel":-1,"maxSummonerLevel":-1,"showIfSummonerSpell":"","hideIfSummonerSpell":"","items":[{"id":"3157","count":1,"hideCount":false},{"id":"3135","count":1,"hideCount":false},{"id":"3089","count":1,"hideCount":false}]},{"type":"situational","recMath":false,"recSteps":false,"minSummonerLevel":-1,"maxSummonerLevel":-1,"showIfSummonerSpell":"","hideIfSummonerSpell":"","items":[{"id":"3165","count":1,"hideCount":false},{"id":"3174","count":1,"hideCount":false},{"id":"3285","count":1,"hideCount":false}]},{"type":"consumables","recMath":false,"recSteps":false,"minSummonerLevel":-1,"maxSummonerLevel":-1,"showIfSummonerSpell":"","hideIfSummonerSpell":"","items":[{"id":"2003","count":1,"hideCount":true},{"id":"2043","count":1,"hideCount":true},{"id":"2139","count":1,"hideCount":true}]}]},{"champion":"Brand","title":"BrandARAM","map":"HA","mode":"KINGPORO","type":"riot","customTag":"","sortrank":0,"extensionPage":false,"customPanel":null,"blocks":[{"type":"KingPoroSnax","recMath":false,"recSteps":false,"minSummonerLevel":-1,"maxSummonerLevel":-1,"showIfSummonerSpell":"","hideIfSummonerSpell":"","items":[{"id":"3680","count":1,"hideCount":false},{"id":"3681","count":1,"hideCount":false},{"id":"3682","count":1,"hideCount":false},{"id":"3683","count":1,"hideCount":false},{"id":"3684","count":1,"hideCount":false},{"id":"3685","count":1,"hideCount":false}]},{"type":"starting","recMath":false,"recSteps":false,"minSummonerLevel":-1,"maxSummonerLevel":-1,"showIfSummonerSpell":"","hideIfSummonerSpell":"","appendAfterSection":"","visibleWithAllOf":[""],"hiddenWithAnyOf":[""],"items":[{"id":"3073","count":1,"hideCount":false},{"id":"1001","count":1,"hideCount":false},{"id":"2003","count":5,"hideCount":false}]},{"type":"essential","recMath":false,"recSteps":false,"minSummonerLevel":-1,"maxSummonerLevel":-1,"showIfSummonerSpell":"","hideIfSummonerSpell":"","appendAfterSection":"","visibleWithAllOf":[""],"hiddenWithAnyOf":[""],"items":[{"id":"3007","count":1,"hideCount":false},{"id":"3020","count":1,"hideCount":false},{"id":"3029","count":1,"hideCount":false}]},{"type":"offensive","recMath":false,"recSteps":false,"minSummonerLevel":-1,"maxSummonerLevel":-1,"showIfSummonerSpell":"","hideIfSummonerSpell":"","appendAfterSection":"","visibleWithAllOf":[""],"hiddenWithAnyOf":[""],"items":[{"id":"3151","count":1,"hideCount":false},{"id":"3135","count":1,"hideCount":false},{"id":"3165","count":1,"hideCount":false}]},{"type":"defensive","recMath":false,"recSteps":false,"minSummonerLevel":-1,"maxSummonerLevel":-1,"showIfSummonerSpell":"","hideIfSummonerSpell":"","appendAfterSection":"","visibleWithAllOf":[""],"hiddenWithAnyOf":[""],"items":[{"id":"3157","count":1,"hideCount":false},{"id":"3102","count":1,"hideCount":false},{"id":"3116","count":1,"hideCount":false}]},{"type":"consumables","recMath":false,"recSteps":false,"minSummonerLevel":-1,"maxSummonerLevel":-1,"showIfSummonerSpell":"","hideIfSummonerSpell":"","appendAfterSection":"","visibleWithAllOf":[""],"hiddenWithAnyOf":[""],"items":[{"id":"2003","count":1,"hideCount":true},{"id":"2139","count":1,"hideCount":true},{"id":"2033","count":1,"hideCount":false}]}]},{"champion":"Brand","title":"BrandSL","map":"NB","mode":"NEXUSBLITZ","type":"riot-mid","customTag":"","sortrank":0,"extensionPage":false,"useObviousCheckmark":false,"customPanel":null,"blocks":[{"type":"starting","recMath":false,"recSteps":false,"minSummonerLevel":-1,"maxSummonerLevel":-1,"showIfSummonerSpell":"","hideIfSummonerSpell":"SummonerSmite","appendAfterSection":"","visibleWithAllOf":[""],"hiddenWithAnyOf":[""],"items":[{"id":"4203","count":1,"hideCount":false},{"id":"2003","count":2,"hideCount":false},{"id":"3340","count":1,"hideCount":false}]},{"type":"startingjungle","recMath":false,"recSteps":false,"minSummonerLevel":-1,"maxSummonerLevel":-1,"showIfSummonerSpell":"SummonerSmite","hideIfSummonerSpell":"","appendAfterSection":"","visibleWithAllOf":[""],"hiddenWithAnyOf":[""],"items":[{"id":"4101","count":1,"hideCount":false},{"id":"2003","count":1,"hideCount":false},{"id":"3340","count":1,"hideCount":false}]},{"type":"early","recMath":false,"recSteps":false,"minSummonerLevel":-1,"maxSummonerLevel":-1,"showIfSummonerSpell":"","hideIfSummonerSpell":"SummonerSmite","appendAfterSection":"","visibleWithAllOf":[""],"hiddenWithAnyOf":[""],"items":[{"id":"1001","count":1,"hideCount":false},{"id":"1026","count":1,"hideCount":false},{"id":"3802","count":1,"hideCount":false}]},{"type":"earlyjungle","recMath":false,"recSteps":false,"minSummonerLevel":-1,"maxSummonerLevel":-1,"showIfSummonerSpell":"SummonerSmite","hideIfSummonerSpell":"","appendAfterSection":"","visibleWithAllOf":[""],"hiddenWithAnyOf":[""],"items":[{"id":"1001","count":1,"hideCount":false},{"id":"1027","count":1,"hideCount":false},{"id":"3108","count":1,"hideCount":false}]},{"type":"essential","recMath":false,"recSteps":false,"minSummonerLevel":-1,"maxSummonerLevel":-1,"showIfSummonerSpell":"","hideIfSummonerSpell":"SummonerSmite","appendAfterSection":"","visibleWithAllOf":[""],"hiddenWithAnyOf":[""],"items":[{"id":"3020","count":1,"hideCount":false},{"id":"3285","count":1,"hideCount":false},{"id":"3116","count":1,"hideCount":false}]},{"type":"essentialjungle","recMath":false,"recSteps":false,"minSummonerLevel":-1,"maxSummonerLevel":-1,"showIfSummonerSpell":"SummonerSmite","hideIfSummonerSpell":"","appendAfterSection":"","visibleWithAllOf":[""],"hiddenWithAnyOf":[""],"items":[{"id":"3020","count":1,"hideCount":false},{"id":"4104","count":1,"hideCount":false},{"id":"3116","count":1,"hideCount":false}]},{"type":"standard","recMath":false,"recSteps":false,"minSummonerLevel":-1,"maxSummonerLevel":-1,"showIfSummonerSpell":"","hideIfSummonerSpell":"","appendAfterSection":"","visibleWithAllOf":[""],"hiddenWithAnyOf":[""],"items":[{"id":"3151","count":1,"hideCount":false},{"id":"3135","count":1,"hideCount":false},{"id":"3089","count":1,"hideCount":false}]},{"type":"situational","recMath":false,"recSteps":false,"minSummonerLevel":-1,"maxSummonerLevel":-1,"showIfSummonerSpell":"","hideIfSummonerSpell":"","appendAfterSection":"","visibleWithAllOf":[""],"hiddenWithAnyOf":[""],"items":[{"id":"3029","count":1,"hideCount":false},{"id":"3165","count":1,"hideCount":false},{"id":"3157","count":1,"hideCount":false}]},{"type":"consumables","recMath":false,"recSteps":false,"minSummonerLevel":-1,"maxSummonerLevel":-1,"showIfSummonerSpell":"","hideIfSummonerSpell":"","appendAfterSection":"","visibleWithAllOf":[""],"hiddenWithAnyOf":[""],"items":[{"id":"2003","count":1,"hideCount":true},{"id":"2139","count":1,"hideCount":true}]}]},{"champion":"Brand","title":"BrandSR","map":"SR","mode":"CLASSIC","type":"riot-mid","customTag":"","sortrank":0,"extensionPage":false,"useObviousCheckmark":false,"customPanel":null,"blocks":[{"type":"starting","recMath":false,"recSteps":false,"minSummonerLevel":-1,"maxSummonerLevel":-1,"showIfSummonerSpell":"","hideIfSummonerSpell":"SummonerSmite","appendAfterSection":"","visibleWithAllOf":[""],"hiddenWithAnyOf":[""],"items":[{"id":"1056","count":1,"hideCount":false},{"id":"2003","count":2,"hideCount":false},{"id":"3340","count":1,"hideCount":false}]},{"type":"startingjungle","recMath":false,"recSteps":false,"minSummonerLevel":-1,"maxSummonerLevel":-1,"showIfSummonerSpell":"SummonerSmite","hideIfSummonerSpell":"","appendAfterSection":"","visibleWithAllOf":[""],"hiddenWithAnyOf":[""],"items":[{"id":"1039","count":1,"hideCount":false},{"id":"2031","count":1,"hideCount":false},{"id":"3340","count":1,"hideCount":false}]},{"type":"early","recMath":false,"recSteps":false,"minSummonerLevel":-1,"maxSummonerLevel":-1,"showIfSummonerSpell":"","hideIfSummonerSpell":"SummonerSmite","appendAfterSection":"","visibleWithAllOf":[""],"hiddenWithAnyOf":[""],"items":[{"id":"1001","count":1,"hideCount":false},{"id":"3706","count":1,"hideCount":false},{"id":"3108","count":1,"hideCount":false}]},{"type":"earlyjungle","recMath":false,"recSteps":false,"minSummonerLevel":-1,"maxSummonerLevel":-1,"showIfSummonerSpell":"SummonerSmite","hideIfSummonerSpell":"","appendAfterSection":"","visibleWithAllOf":[""],"hiddenWithAnyOf":[""],"items":[{"id":"1001","count":1,"hideCount":false},{"id":"1026","count":1,"hideCount":false},{"id":"3802","count":1,"hideCount":false}]},{"type":"essential","recMath":false,"recSteps":false,"minSummonerLevel":-1,"maxSummonerLevel":-1,"showIfSummonerSpell":"","hideIfSummonerSpell":"SummonerSmite","appendAfterSection":"","visibleWithAllOf":[""],"hiddenWithAnyOf":[""],"items":[{"id":"3020","count":1,"hideCount":false},{"id":"3151","count":1,"hideCount":false},{"id":"3285","count":1,"hideCount":false}]},{"type":"essentialjungle","recMath":false,"recSteps":false,"minSummonerLevel":-1,"maxSummonerLevel":-1,"showIfSummonerSpell":"SummonerSmite","hideIfSummonerSpell":"","appendAfterSection":"","visibleWithAllOf":[""],"hiddenWithAnyOf":[""],"items":[{"id":"3020","count":1,"hideCount":false},{"id":"3151","count":1,"hideCount":false},{"id":"1402","count":1,"hideCount":false}]},{"type":"standard","recMath":false,"recSteps":false,"minSummonerLevel":-1,"maxSummonerLevel":-1,"showIfSummonerSpell":"","hideIfSummonerSpell":"","appendAfterSection":"","visibleWithAllOf":[""],"hiddenWithAnyOf":[""],"items":[{"id":"3135","count":1,"hideCount":false},{"id":"3089","count":1,"hideCount":false},{"id":"3116","count":1,"hideCount":false}]},{"type":"situational","recMath":false,"recSteps":false,"minSummonerLevel":-1,"maxSummonerLevel":-1,"showIfSummonerSpell":"","hideIfSummonerSpell":"","appendAfterSection":"","visibleWithAllOf":[""],"hiddenWithAnyOf":[""],"items":[{"id":"3165","count":1,"hideCount":false},{"id":"3157","count":1,"hideCount":false},{"id":"3102","count":1,"hideCount":false}]},{"type":"consumables","recMath":false,"recSteps":false,"minSummonerLevel":-1,"maxSummonerLevel":-1,"showIfSummonerSpell":"","hideIfSummonerSpell":"","appendAfterSection":"","visibleWithAllOf":[""],"hiddenWithAnyOf":[""],"items":[{"id":"2003","count":1,"hideCount":true},{"id":"2139","count":1,"hideCount":true}]}]},{"champion":"Brand","title":"BrandSRSupport","map":"SR","mode":"CLASSIC","type":"riot-support","customTag":"","sortrank":0,"extensionPage":false,"useObviousCheckmark":false,"customPanel":null,"blocks":[{"type":"starting","recMath":false,"recSteps":false,"minSummonerLevel":-1,"maxSummonerLevel":-1,"showIfSummonerSpell":"","hideIfSummonerSpell":"","appendAfterSection":"","visibleWithAllOf":[""],"hiddenWithAnyOf":[""],"items":[{"id":"3850","count":1,"hideCount":false},{"id":"2003","count":2,"hideCount":false},{"id":"3340","count":1,"hideCount":false}]},{"type":"early","recMath":false,"recSteps":false,"minSummonerLevel":-1,"maxSummonerLevel":-1,"showIfSummonerSpell":"","hideIfSummonerSpell":"","appendAfterSection":"","visibleWithAllOf":[""],"hiddenWithAnyOf":[""],"items":[{"id":"1001","count":1,"hideCount":false},{"id":"3136","count":1,"hideCount":false},{"id":"1026","count":1,"hideCount":false}]},{"type":"essential","recMath":false,"recSteps":false,"minSummonerLevel":-1,"maxSummonerLevel":-1,"showIfSummonerSpell":"","hideIfSummonerSpell":"ItemSmiteAoE","appendAfterSection":"","visibleWithAllOf":[""],"hiddenWithAnyOf":[""],"items":[{"id":"3020","count":1,"hideCount":false},{"id":"3151","count":1,"hideCount":false},{"id":"3916","count":1,"hideCount":false}]},{"type":"situational","recMath":false,"recSteps":false,"minSummonerLevel":-1,"maxSummonerLevel":-1,"showIfSummonerSpell":"","hideIfSummonerSpell":"","appendAfterSection":"","visibleWithAllOf":[""],"hiddenWithAnyOf":[""],"items":[{"id":"3116","count":1,"hideCount":false},{"id":"3135","count":1,"hideCount":false},{"id":"3165","count":1,"hideCount":false}]},{"type":"consumables","recMath":false,"recSteps":false,"minSummonerLevel":-1,"maxSummonerLevel":-1,"showIfSummonerSpell":"","hideIfSummonerSpell":"","appendAfterSection":"","visibleWithAllOf":[""],"hiddenWithAnyOf":[""],"items":[{"id":"2031","count":1,"hideCount":true},{"id":"2139","count":1,"hideCount":true}]}]}]}}}