{"type":"champion","format":"standAloneComplex","version":"10.15.1","data":{"Braum":{"id":"Braum","key":"201","name":"Braum","title":"the Heart of the Freljord","image":{"full":"Braum.png","sprite":"champion0.png","group":"champion","x":192,"y":48,"w":48,"h":48},"skins":[{"id":"201000","num":0,"name":"default","chromas":false},{"id":"201001","num":1,"name":"Dragonslayer Braum","chromas":true},{"id":"201002","num":2,"name":"El Tigre Braum","chromas":false},{"id":"201003","num":3,"name":"Braum Lionheart","chromas":false},{"id":"201010","num":10,"name":"Santa Braum","chromas":false},{"id":"201011","num":11,"name":"Crime City Braum","chromas":true},{"id":"201024","num":24,"name":"Sugar Rush Braum","chromas":true}],"lore":"Blessed with massive biceps and an even bigger heart, Braum is a beloved hero of the Freljord. Every mead hall north of Frostheld toasts his legendary strength, said to have felled a forest of oaks in a single night, and punched an entire mountain into rubble. Bearing an enchanted vault door as his shield, Braum roams the frozen north sporting a mustachioed smile as big as his muscles—a true friend to all those in need.","blurb":"Blessed with massive biceps and an even bigger heart, Braum is a beloved hero of the Freljord. Every mead hall north of Frostheld toasts his legendary strength, said to have felled a forest of oaks in a single night, and punched an entire mountain into...","allytips":["Work with your allies to stack Concussive Blows, encourage them to basic attack marked targets.","Leap in front of squishy friends and shield them from projectiles with Unbreakable.","Glacial Fissure leaves a powerful slow zone, position it well to split teamfights and slow the enemy approach."],"enemytips":["Braum must land Winter's Bite or a basic attack to start Concussive Blows. If you get marked, exit combat range before getting hit 3 more times to avoid the stun.","Braum's ultimate has a long cast time, use that extra time to dodge. Walking over the frozen ground left behind will slow you, position so that you don't need to cross it.","Unbreakable gives Braum extremely strong directional defense, either wait until it is down or outposition the ability."],"tags":["Support","Tank"],"partype":"Mana","info":{"attack":3,"defense":9,"magic":4,"difficulty":3},"stats":{"hp":540,"hpperlevel":98,"mp":310.6,"mpperlevel":45,"movespeed":335,"armor":47,"armorperlevel":4,"spellblock":32.1,"spellblockperlevel":1.25,"attackrange":125,"hpregen":8.5,"hpregenperlevel":1,"mpregen":6,"mpregenperlevel":0.8,"crit":0,"critperlevel":0,"attackdamage":55.376,"attackdamageperlevel":3.2,"attackspeedperlevel":3.5,"attackspeed":0.644},"spells":[{"id":"BraumQ","name":"Winter's Bite","description":"Braum propels freezing ice from his shield, slowing and dealing magic damage.<br><br>Applies a stack of <font color='#FFF673'>Concussive Blows</font>.","tooltip":"Braum propels freezing ice from his shield dealing <magicDamage>{{ e1 }} <scaleHealth>(+{{ f1 }}) [2.5% of Braum's Max Health]</scaleHealth> magic damage</magicDamage> to the first enemy hit and slowing them by {{ e2 }}%, decaying over the next {{ e5 }} seconds.<br /><br />Applies a stack of <keywordMajor>Concussive Blows</keywordMajor>. ","leveltip":{"label":["Damage","Cooldown","@AbilityResourceName@ Cost"],"effect":["{{ e1 }} -> {{ e1NL }}","{{ cooldown }} -> {{ cooldownNL }}","{{ cost }} -> {{ costNL }}"]},"maxrank":5,"cooldown":[10,9,8,7,6],"cooldownBurn":"10/9/8/7/6","cost":[55,60,65,70,75],"costBurn":"55/60/65/70/75","datavalues":{},"effect":[null,[60,110,160,210,260],[70,70,70,70,70],[30,30,30,30,30],[0.02,0.02,0.02,0.02,0.02],[2,2,2,2,2],[1050,1050,1050,1050,1050],[4,4,4,4,4],[0,0,0,0,0],[0,0,0,0,0],[0,0,0,0,0]],"effectBurn":[null,"60/110/160/210/260","70","30","0.02","2","1050","4","0","0","0"],"vars":[],"costType":" {{ abilityresourcename }}","maxammo":"-1","range":[1000,1000,1000,1000,1000],"rangeBurn":"1000","image":{"full":"BraumQ.png","sprite":"spell1.png","group":"spell","x":0,"y":144,"w":48,"h":48},"resource":"{{ cost }} {{ abilityresourcename }}"},{"id":"BraumW","name":"Stand Behind Me","description":"Braum leaps to a target allied champion or minion. On arrival, Braum and the ally gain Armor and Magic Resist for a few seconds.","tooltip":"Braum leaps to target allied champion or minion.<br /><br />On arrival, Braum grants the target <scaleArmor>{{ grantedallyarmor }}</scaleArmor> Armor and <scaleMR>{{ grantedallymr }}</scaleMR> Magic Resist for {{ e1 }} seconds. Braum grants himself <scaleArmor>{{ grantedbraumarmor }}</scaleArmor> Armor and  <scaleMR>{{ grantedbraummr }}</scaleMR> Magic Resist for the same duration.","leveltip":{"label":["Base Resists","Cooldown"],"effect":["{{ baseresists }} -> {{ baseresistsNL }}","{{ cooldown }} -> {{ cooldownNL }}"]},"maxrank":5,"cooldown":[12,11,10,9,8],"cooldownBurn":"12/11/10/9/8","cost":[40,40,40,40,40],"costBurn":"40","datavalues":{},"effect":[null,[3,3,3,3,3],[750,750,750,750,750],[0,0,0,0,0],[0,0,0,0,0],[0,0,0,0,0],[40,40,40,40,40],[0,0,0,0,0],[0,0,0,0,0],[0,0,0,0,0],[0,0,0,0,0]],"effectBurn":[null,"3","750","0","0","0","40","0","0","0","0"],"vars":[],"costType":" {{ abilityresourcename }}","maxammo":"-1","range":[650,650,650,650,650],"rangeBurn":"650","image":{"full":"BraumW.png","sprite":"spell1.png","group":"spell","x":48,"y":144,"w":48,"h":48},"resource":"{{ cost }} {{ abilityresourcename }}"},{"id":"BraumE","name":"Unbreakable","description":"Braum raises his shield in a direction for several seconds, intercepting all projectiles causing them to hit him and be destroyed. He negates the damage of the first attack completely and reduces the damage of all subsequent attacks from this direction.","tooltip":"<scaleLevel>Braum reduces incoming damage and blocks for allies behind him.</scaleLevel><br />Braum raises his shield in a direction for {{ e2 }} seconds negating the damage of the next attack from that direction. Subsequent attacks deal {{ e3 }}% reduced damage.<br /><br />Braum <keywordMajor>intercepts</keywordMajor> projectiles, causing them to hit him and be destroyed.<br /><br />Braum gains {{ e4 }}% Movement Speed for the duration.","leveltip":{"label":["Duration","Damage Reduction","Cooldown","@AbilityResourceName@ Cost"],"effect":["{{ e2 }} -> {{ e2NL }}","{{ e3 }}% -> {{ e3NL }}%","{{ cooldown }} -> {{ cooldownNL }}","{{ cost }} -> {{ costNL }}"]},"maxrank":5,"cooldown":[18,16,14,12,10],"cooldownBurn":"18/16/14/12/10","cost":[30,35,40,45,50],"costBurn":"30/35/40/45/50","datavalues":{},"effect":[null,[0,0,0,0,0],[3,3.25,3.5,3.75,4],[30,32.5,35,37.5,40],[10,10,10,10,10],[0,0,0,0,0],[0,0,0,0,0],[0,0,0,0,0],[0,0,0,0,0],[0,0,0,0,0],[0,0,0,0,0]],"effectBurn":[null,"0","3/3.25/3.5/3.75/4","30/32.5/35/37.5/40","10","0","0","0","0","0","0"],"vars":[],"costType":" {{ abilityresourcename }}","maxammo":"-1","range":[25000,25000,25000,25000,25000],"rangeBurn":"25000","image":{"full":"BraumE.png","sprite":"spell1.png","group":"spell","x":96,"y":144,"w":48,"h":48},"resource":"{{ cost }} {{ abilityresourcename }}"},{"id":"BraumRWrapper","name":"Glacial Fissure","description":"Braum slams the ground, knocking up enemies nearby and in a line in front of him. A fissure is left along the line that slows enemies.","tooltip":"Braum slams the ground, knocking up enemies nearby and in a line in front of him. A fissure is left along the line for {{ slowzoneduration }} seconds, slowing enemies above it by {{ movespeedmod }}%.<br /><br />Enemies hit take <magicDamage>{{ totaldamage }} magic damage</magicDamage>. The first target is knocked up for between {{ minknockup }} and {{ maxknockup }} seconds, depending on distance from Braum. All others hit are knocked up for {{ minknockup }} seconds.","leveltip":{"label":["Damage","Knockup Duration","Slow","Cooldown"],"effect":["{{ basedamage }} -> {{ basedamageNL }}","{{ firstknockupduration }} -> {{ firstknockupdurationNL }}","{{ movespeedmod }}% -> {{ movespeedmodNL }}%","{{ cooldown }} -> {{ cooldownNL }}"]},"maxrank":3,"cooldown":[140,120,100],"cooldownBurn":"140/120/100","cost":[100,100,100],"costBurn":"100","datavalues":{},"effect":[null,[0,0,0],[0,0,0],[0,0,0],[0,0,0],[0,0,0],[0,0,0],[0,0,0],[0,0,0],[0,0,0],[0,0,0]],"effectBurn":[null,"0","0","0","0","0","0","0","0","0","0"],"vars":[],"costType":" {{ abilityresourcename }}","maxammo":"-1","range":[1250,1250,1250],"rangeBurn":"1250","image":{"full":"BraumRWrapper.png","sprite":"spell1.png","group":"spell","x":144,"y":144,"w":48,"h":48},"resource":"{{ cost }} {{ abilityresourcename }}"}],"passive":{"name":"Concussive Blows","description":"Braum's basic attacks apply Concussive Blows. Once the first stack is applied, <font color='#FFF673'>ally</font> basic attacks also stack Concussive Blows. <br><br>Upon reaching 4 stacks, the target is stunned and takes magic damage. For the next few seconds they cannot receive new stacks, but take bonus magic damage from Braum's attacks.","image":{"full":"Braum_Passive.png","sprite":"passive0.png","group":"passive","x":192,"y":48,"w":48,"h":48}},"recommended":[{"champion":"Braum","title":"Beginner","map":"SR","mode":"INTRO","type":"riot","customTag":"","extensionPage":false,"customPanel":null,"blocks":[{"type":"beginner_starter","recMath":false,"recSteps":false,"minSummonerLevel":-1,"maxSummonerLevel":4,"showIfSummonerSpell":"","hideIfSummonerSpell":"","items":[{"id":"1054","count":1,"hideCount":false}]},{"type":"beginner_starter","recMath":false,"recSteps":false,"minSummonerLevel":5,"maxSummonerLevel":-1,"showIfSummonerSpell":"","hideIfSummonerSpell":"","items":[{"id":"1054","count":1,"hideCount":false},{"id":"2003","count":1,"hideCount":false}]},{"type":"beginner_advanced","recMath":true,"recSteps":false,"minSummonerLevel":-1,"maxSummonerLevel":-1,"showIfSummonerSpell":"","hideIfSummonerSpell":"","items":[{"id":"1028","count":1,"hideCount":false},{"id":"3067","count":1,"hideCount":false}]},{"type":"beginner_movementspeed","recMath":true,"recSteps":false,"minSummonerLevel":-1,"maxSummonerLevel":-1,"showIfSummonerSpell":"","hideIfSummonerSpell":"","items":[{"id":"1001","count":1,"hideCount":false},{"id":"1033","count":1,"hideCount":false},{"id":"3111","count":1,"hideCount":false}]},{"type":"beginner_legendaryitem","recMath":true,"recSteps":false,"minSummonerLevel":-1,"maxSummonerLevel":-1,"showIfSummonerSpell":"","hideIfSummonerSpell":"","items":[{"id":"3067","count":1,"hideCount":false},{"id":"3211","count":1,"hideCount":false},{"id":"3065","count":1,"hideCount":false}]},{"type":"beginner_morelegendaryitems","recMath":false,"recSteps":false,"minSummonerLevel":-1,"maxSummonerLevel":-1,"showIfSummonerSpell":"","hideIfSummonerSpell":"","items":[{"id":"3025","count":1,"hideCount":false},{"id":"3068","count":1,"hideCount":false},{"id":"3022","count":1,"hideCount":false}]}]},{"champion":"Braum","title":"BraumARAM","map":"HA","mode":"ARAM","type":"riot","customTag":"","sortrank":0,"extensionPage":false,"useObviousCheckmark":false,"customPanel":null,"blocks":[{"type":"starting","recMath":false,"recSteps":false,"minSummonerLevel":-1,"maxSummonerLevel":-1,"showIfSummonerSpell":"","hideIfSummonerSpell":"","appendAfterSection":"","visibleWithAllOf":[""],"hiddenWithAnyOf":[""],"items":[{"id":"2051","count":1,"hideCount":false},{"id":"1001","count":1,"hideCount":false},{"id":"2003","count":3,"hideCount":false}]},{"type":"essential","recMath":false,"recSteps":false,"minSummonerLevel":-1,"maxSummonerLevel":-1,"showIfSummonerSpell":"","hideIfSummonerSpell":"","appendAfterSection":"","visibleWithAllOf":[""],"hiddenWithAnyOf":[""],"items":[{"id":"3047","count":1,"hideCount":false},{"id":"3109","count":1,"hideCount":false},{"id":"3190","count":1,"hideCount":false}]},{"type":"defensive","recMath":false,"recSteps":false,"minSummonerLevel":-1,"maxSummonerLevel":-1,"showIfSummonerSpell":"","hideIfSummonerSpell":"","appendAfterSection":"","visibleWithAllOf":[""],"hiddenWithAnyOf":[""],"items":[{"id":"3143","count":1,"hideCount":false},{"id":"3083","count":1,"hideCount":false}]},{"type":"situational","recMath":false,"recSteps":false,"minSummonerLevel":-1,"maxSummonerLevel":-1,"showIfSummonerSpell":"","hideIfSummonerSpell":"","appendAfterSection":"","visibleWithAllOf":[""],"hiddenWithAnyOf":[""],"items":[{"id":"3050","count":1,"hideCount":false},{"id":"3107","count":1,"hideCount":false},{"id":"3068","count":1,"hideCount":false}]},{"type":"consumables","recMath":false,"recSteps":false,"minSummonerLevel":-1,"maxSummonerLevel":-1,"showIfSummonerSpell":"","hideIfSummonerSpell":"","appendAfterSection":"","visibleWithAllOf":[""],"hiddenWithAnyOf":[""],"items":[{"id":"2003","count":1,"hideCount":true},{"id":"2138","count":1,"hideCount":true}]}]},{"champion":"Braum","title":"BraumFIRSTBLOOD","map":"HA","mode":"FIRSTBLOOD","type":"riot","customTag":"","extensionPage":false,"customPanel":null,"blocks":[{"type":"starting","recMath":false,"recSteps":false,"minSummonerLevel":-1,"maxSummonerLevel":-1,"showIfSummonerSpell":"","hideIfSummonerSpell":"","items":[{"id":"3302","count":1,"hideCount":false},{"id":"2003","count":3,"hideCount":false},{"id":"3340","count":1,"hideCount":false}]},{"type":"essential","recMath":false,"recSteps":false,"minSummonerLevel":-1,"maxSummonerLevel":-1,"showIfSummonerSpell":"","hideIfSummonerSpell":"","items":[{"id":"3117","count":1,"hideCount":false},{"id":"2049","count":1,"hideCount":false},{"id":"3401","count":1,"hideCount":false}]},{"type":"offensive","recMath":false,"recSteps":false,"minSummonerLevel":-1,"maxSummonerLevel":-1,"showIfSummonerSpell":"","hideIfSummonerSpell":"","items":[{"id":"3800","count":1,"hideCount":false},{"id":"3742","count":1,"hideCount":false},{"id":"3143","count":1,"hideCount":false}]},{"type":"defensive","recMath":false,"recSteps":false,"minSummonerLevel":-1,"maxSummonerLevel":-1,"showIfSummonerSpell":"","hideIfSummonerSpell":"","items":[{"id":"3190","count":1,"hideCount":false},{"id":"3110","count":1,"hideCount":false},{"id":"3102","count":1,"hideCount":false}]},{"type":"consumables","recMath":false,"recSteps":false,"minSummonerLevel":-1,"maxSummonerLevel":-1,"showIfSummonerSpell":"","hideIfSummonerSpell":"","items":[{"id":"2003","count":1,"hideCount":false},{"id":"2043","count":1,"hideCount":false},{"id":"2138","count":1,"hideCount":false}]}]},{"champion":"Braum","title":"BraumARAM","map":"HA","mode":"KINGPORO","type":"riot","customTag":"","sortrank":0,"extensionPage":false,"customPanel":null,"blocks":[{"type":"KingPoroSnax","recMath":false,"recSteps":false,"minSummonerLevel":-1,"maxSummonerLevel":-1,"showIfSummonerSpell":"","hideIfSummonerSpell":"","items":[{"id":"3680","count":1,"hideCount":false},{"id":"3681","count":1,"hideCount":false},{"id":"3682","count":1,"hideCount":false},{"id":"3683","count":1,"hideCount":false},{"id":"3684","count":1,"hideCount":false},{"id":"3685","count":1,"hideCount":false}]},{"type":"starting","recMath":false,"recSteps":false,"minSummonerLevel":-1,"maxSummonerLevel":-1,"showIfSummonerSpell":"","hideIfSummonerSpell":"","appendAfterSection":"","visibleWithAllOf":[""],"hiddenWithAnyOf":[""],"items":[{"id":"2051","count":1,"hideCount":false},{"id":"1001","count":1,"hideCount":false},{"id":"2003","count":3,"hideCount":false}]},{"type":"essential","recMath":false,"recSteps":false,"minSummonerLevel":-1,"maxSummonerLevel":-1,"showIfSummonerSpell":"","hideIfSummonerSpell":"","appendAfterSection":"","visibleWithAllOf":[""],"hiddenWithAnyOf":[""],"items":[{"id":"3047","count":1,"hideCount":false},{"id":"3109","count":1,"hideCount":false},{"id":"3025","count":1,"hideCount":false}]},{"type":"defensive","recMath":false,"recSteps":false,"minSummonerLevel":-1,"maxSummonerLevel":-1,"showIfSummonerSpell":"","hideIfSummonerSpell":"","appendAfterSection":"","visibleWithAllOf":[""],"hiddenWithAnyOf":[""],"items":[{"id":"3143","count":1,"hideCount":false},{"id":"3001","count":1,"hideCount":false},{"id":"3068","count":1,"hideCount":false}]},{"type":"situational","recMath":false,"recSteps":false,"minSummonerLevel":-1,"maxSummonerLevel":-1,"showIfSummonerSpell":"","hideIfSummonerSpell":"","appendAfterSection":"","visibleWithAllOf":[""],"hiddenWithAnyOf":[""],"items":[{"id":"3060","count":1,"hideCount":false},{"id":"3107","count":1,"hideCount":false},{"id":"3190","count":1,"hideCount":false}]},{"type":"consumables","recMath":false,"recSteps":false,"minSummonerLevel":-1,"maxSummonerLevel":-1,"showIfSummonerSpell":"","hideIfSummonerSpell":"","appendAfterSection":"","visibleWithAllOf":[""],"hiddenWithAnyOf":[""],"items":[{"id":"2003","count":1,"hideCount":true},{"id":"2138","count":1,"hideCount":true}]}]},{"champion":"Braum","title":"BraumNB","map":"NB","mode":"NEXUSBLITZ","type":"riot","customTag":"","sortrank":0,"extensionPage":false,"useObviousCheckmark":false,"customPanel":null,"blocks":[{"type":"starting","recMath":false,"recSteps":false,"minSummonerLevel":-1,"maxSummonerLevel":-1,"showIfSummonerSpell":"","hideIfSummonerSpell":"SummonerSmite","appendAfterSection":"","visibleWithAllOf":[""],"hiddenWithAnyOf":[""],"items":[{"id":"4201","count":1,"hideCount":false},{"id":"2003","count":1,"hideCount":false},{"id":"3340","count":1,"hideCount":false}]},{"type":"startingjungle","recMath":false,"recSteps":false,"minSummonerLevel":-1,"maxSummonerLevel":-1,"showIfSummonerSpell":"SummonerSmite","hideIfSummonerSpell":"","appendAfterSection":"","visibleWithAllOf":[""],"hiddenWithAnyOf":[""],"items":[{"id":"4101","count":1,"hideCount":false},{"id":"2003","count":1,"hideCount":false},{"id":"3340","count":1,"hideCount":false}]},{"type":"early","recMath":false,"recSteps":false,"minSummonerLevel":-1,"maxSummonerLevel":-1,"showIfSummonerSpell":"","hideIfSummonerSpell":"SummonerSmite","appendAfterSection":"","visibleWithAllOf":[""],"hiddenWithAnyOf":[""],"items":[{"id":"1001","count":1,"hideCount":false},{"id":"3067","count":1,"hideCount":false}]},{"type":"earlyjungle","recMath":false,"recSteps":false,"minSummonerLevel":-1,"maxSummonerLevel":-1,"showIfSummonerSpell":"SummonerSmite","hideIfSummonerSpell":"","appendAfterSection":"","visibleWithAllOf":[""],"hiddenWithAnyOf":[""],"items":[{"id":"1001","count":1,"hideCount":false},{"id":"3751","count":1,"hideCount":false}]},{"type":"essential","recMath":false,"recSteps":false,"minSummonerLevel":-1,"maxSummonerLevel":-1,"showIfSummonerSpell":"","hideIfSummonerSpell":"SummonerSmite","appendAfterSection":"","visibleWithAllOf":[""],"hiddenWithAnyOf":[""],"items":[{"id":"3109","count":1,"hideCount":false},{"id":"3050","count":1,"hideCount":false}]},{"type":"essentialjungle","recMath":false,"recSteps":false,"minSummonerLevel":-1,"maxSummonerLevel":-1,"showIfSummonerSpell":"SummonerSmite","hideIfSummonerSpell":"","appendAfterSection":"","visibleWithAllOf":[""],"hiddenWithAnyOf":[""],"items":[{"id":"4103","count":1,"hideCount":false},{"id":"3109","count":1,"hideCount":false},{"id":"3050","count":1,"hideCount":false}]},{"type":"situational","recMath":false,"recSteps":false,"minSummonerLevel":-1,"maxSummonerLevel":-1,"showIfSummonerSpell":"","hideIfSummonerSpell":"","appendAfterSection":"","visibleWithAllOf":[""],"hiddenWithAnyOf":[""],"items":[{"id":"3143","count":1,"hideCount":false},{"id":"3110","count":1,"hideCount":false},{"id":"4401","count":1,"hideCount":false}]},{"type":"defensive","recMath":false,"recSteps":false,"minSummonerLevel":-1,"maxSummonerLevel":-1,"showIfSummonerSpell":"","hideIfSummonerSpell":"","appendAfterSection":"","visibleWithAllOf":[""],"hiddenWithAnyOf":[""],"items":[{"id":"3190","count":1,"hideCount":false},{"id":"3193","count":1,"hideCount":false},{"id":"3107","count":1,"hideCount":false}]},{"type":"consumables","recMath":false,"recSteps":false,"minSummonerLevel":-1,"maxSummonerLevel":-1,"showIfSummonerSpell":"","hideIfSummonerSpell":"","appendAfterSection":"","visibleWithAllOf":[""],"hiddenWithAnyOf":[""],"items":[{"id":"2003","count":1,"hideCount":true},{"id":"2138","count":1,"hideCount":true}]}]},{"champion":"Braum","title":"BraumSR","map":"SR","mode":"CLASSIC","type":"riot","customTag":"","sortrank":0,"extensionPage":false,"useObviousCheckmark":false,"customPanel":null,"blocks":[{"type":"starting","recMath":false,"recSteps":false,"minSummonerLevel":-1,"maxSummonerLevel":-1,"showIfSummonerSpell":"","hideIfSummonerSpell":"","appendAfterSection":"","visibleWithAllOf":[""],"hiddenWithAnyOf":[""],"items":[{"id":"3854","count":1,"hideCount":false},{"id":"2003","count":2,"hideCount":false},{"id":"3340","count":1,"hideCount":false}]},{"type":"early","recMath":false,"recSteps":false,"minSummonerLevel":-1,"maxSummonerLevel":-1,"showIfSummonerSpell":"","hideIfSummonerSpell":"","appendAfterSection":"","visibleWithAllOf":[""],"hiddenWithAnyOf":[""],"items":[{"id":"1001","count":1,"hideCount":false},{"id":"3067","count":1,"hideCount":false},{"id":"3024","count":1,"hideCount":false}]},{"type":"essential","recMath":false,"recSteps":false,"minSummonerLevel":-1,"maxSummonerLevel":-1,"showIfSummonerSpell":"","hideIfSummonerSpell":"","appendAfterSection":"","visibleWithAllOf":[""],"hiddenWithAnyOf":[""],"items":[{"id":"3117","count":1,"hideCount":false},{"id":"3050","count":1,"hideCount":false},{"id":"3109","count":1,"hideCount":false}]},{"type":"offensive","recMath":false,"recSteps":false,"minSummonerLevel":-1,"maxSummonerLevel":-1,"showIfSummonerSpell":"","hideIfSummonerSpell":"","appendAfterSection":"","visibleWithAllOf":[""],"hiddenWithAnyOf":[""],"items":[{"id":"3800","count":1,"hideCount":false},{"id":"3143","count":1,"hideCount":false},{"id":"3107","count":1,"hideCount":false}]},{"type":"defensive","recMath":false,"recSteps":false,"minSummonerLevel":-1,"maxSummonerLevel":-1,"showIfSummonerSpell":"","hideIfSummonerSpell":"","appendAfterSection":"","visibleWithAllOf":[""],"hiddenWithAnyOf":[""],"items":[{"id":"3190","count":1,"hideCount":false},{"id":"3193","count":1,"hideCount":false},{"id":"3194","count":1,"hideCount":false}]},{"type":"consumables","recMath":false,"recSteps":false,"minSummonerLevel":-1,"maxSummonerLevel":-1,"showIfSummonerSpell":"","hideIfSummonerSpell":"","appendAfterSection":"","visibleWithAllOf":[""],"hiddenWithAnyOf":[""],"items":[{"id":"2003","count":1,"hideCount":true},{"id":"2138","count":1,"hideCount":true}]}]}]}}}