{"type":"champion","format":"standAloneComplex","version":"10.15.1","data":{"Caitlyn":{"id":"Caitlyn","key":"51","name":"Caitlyn","title":"the Sheriff of Piltover","image":{"full":"Caitlyn.png","sprite":"champion0.png","group":"champion","x":240,"y":48,"w":48,"h":48},"skins":[{"id":"51000","num":0,"name":"default","chromas":true},{"id":"51001","num":1,"name":"Resistance Caitlyn","chromas":false},{"id":"51002","num":2,"name":"Sheriff Caitlyn","chromas":false},{"id":"51003","num":3,"name":"Safari Caitlyn","chromas":false},{"id":"51004","num":4,"name":"Arctic Warfare Caitlyn","chromas":false},{"id":"51005","num":5,"name":"Officer Caitlyn","chromas":false},{"id":"51006","num":6,"name":"Headhunter Caitlyn","chromas":false},{"id":"51010","num":10,"name":"Lunar Wraith Caitlyn","chromas":true},{"id":"51011","num":11,"name":"Pulsefire Caitlyn","chromas":true},{"id":"51013","num":13,"name":"Pool Party Caitlyn","chromas":true},{"id":"51019","num":19,"name":"Arcade Caitlyn","chromas":false},{"id":"51020","num":20,"name":"Arcade Caitlyn Prestige Edition","chromas":false}],"lore":"Renowned as its finest peacekeeper, Caitlyn is also Piltover's best shot at ridding the city of its elusive criminal elements. She is often paired with Vi, acting as a cool counterpoint to her partner's more impetuous nature. Even though she carries a one-of-a-kind hextech rifle, Caitlyn's most powerful weapon is her superior intellect, allowing her to lay elaborate traps for any lawbreakers foolish enough to operate in the City of Progress.","blurb":"Renowned as its finest peacekeeper, Caitlyn is also Piltover's best shot at ridding the city of its elusive criminal elements. She is often paired with Vi, acting as a cool counterpoint to her partner's more impetuous nature. Even though she carries a...","allytips":["Make use of her Yordle Snap Traps by placing them pre-emptively to ensure that you'll have one off of cooldown during combat.","Avoid using Ace in the Hole in large team melees as it might be blocked by the wrong target.","Fire 90 Caliber Net away from the opponent to close the gap or hop over walls."],"enemytips":["Keep behind allied minions if Caitlyn is harassing you with Piltover Peacemaker (it deals less damage with each subsequent target).","You can intercept Ace in the Hole's missile from hitting an ally if you stand in its path."],"tags":["Marksman"],"partype":"Mana","info":{"attack":8,"defense":2,"magic":2,"difficulty":6},"stats":{"hp":510,"hpperlevel":93,"mp":313.7,"mpperlevel":35,"movespeed":330,"armor":28,"armorperlevel":3.5,"spellblock":30,"spellblockperlevel":0.5,"attackrange":650,"hpregen":3.5,"hpregenperlevel":0.55,"mpregen":7.4,"mpregenperlevel":0.55,"crit":0,"critperlevel":0,"attackdamage":64,"attackdamageperlevel":2.88,"attackspeedperlevel":4,"attackspeed":0.681},"spells":[{"id":"CaitlynPiltoverPeacemaker","name":"Piltover Peacemaker","description":"Caitlyn revs up her rifle for 1 second to unleash a penetrating shot that deals physical damage (deals less damage to subsequent targets).","tooltip":"Revs the rifle for {{ e4 }} second to fire a narrow piercing shot dealing <physicalDamage>{{ e1 }} <scaleAD>(+{{ f1 }})</scaleAD> physical damage</physicalDamage>. After hitting any target, it opens into a wider shot that deals {{ e2 }}% less damage. <br /><br />Always deals full damage to trap revealed targets.","leveltip":{"label":["Damage","Total AD Ratio","Cooldown","@AbilityResourceName@ Cost"],"effect":["{{ e1 }} -> {{ e1NL }}","{{ effect5amount*100.000000 }}% -> {{ effect5amountnl*100.000000 }}%","{{ cooldown }} -> {{ cooldownNL }}","{{ cost }} -> {{ costNL }}"]},"maxrank":5,"cooldown":[10,9,8,7,6],"cooldownBurn":"10/9/8/7/6","cost":[50,60,70,80,90],"costBurn":"50/60/70/80/90","datavalues":{},"effect":[null,[50,90,130,170,210],[40,40,40,40,40],[50,50,50,50,50],[1,1,1,1,1],[1.3,1.4,1.5,1.6,1.7],[0,0,0,0,0],[0,0,0,0,0],[0,0,0,0,0],[0,0,0,0,0],[0,0,0,0,0]],"effectBurn":[null,"50/90/130/170/210","40","50","1","1.3/1.4/1.5/1.6/1.7","0","0","0","0","0"],"vars":[],"costType":" {{ abilityresourcename }}","maxammo":"-1","range":[1250,1250,1250,1250,1250],"rangeBurn":"1250","image":{"full":"CaitlynPiltoverPeacemaker.png","sprite":"spell1.png","group":"spell","x":192,"y":144,"w":48,"h":48},"resource":"{{ cost }} {{ abilityresourcename }}"},{"id":"CaitlynYordleTrap","name":"Yordle Snap Trap","description":"Caitlyn sets a trap to find sneaky yordles. When sprung, the trap reveals and immobilizes the enemy champion for 1.5 seconds, granting Caitlyn an empowered Headshot.","tooltip":"Sets traps that an enemy Champion can spring, immobilizing them for {{ e6 }} seconds and granting <span class=\"coloree91d7\">True Sight</span> for a short duration.<br /><br />Traps last for {{ e3 }} seconds. {{ e5 }} traps may be active at once.<br /><br />Trapped enemies take an additional {{ e2 }} <scaleAD>(+{{ f1 }})</scaleAD> increased damage from Headshot.","leveltip":{"label":["Bonus Headshot Damage on Trapped Targets","Bonus Attack Damage Ratio","Recharge Time","Maximum Traps","Trap Duration"],"effect":["{{ e2 }} -> {{ e2NL }}","{{ e7 }}% -> {{ e7NL }}%","{{ ammorechargetime }} -> {{ ammorechargetimeNL }}","{{ e4 }} -> {{ e4NL }}","{{ e3 }} -> {{ e3NL }}"]},"maxrank":5,"cooldown":[0.5,0.5,0.5,0.5,0.5],"cooldownBurn":"0.5","cost":[20,20,20,20,20],"costBurn":"20","datavalues":{},"effect":[null,[2,2,2,2,2],[60,105,150,195,240],[30,35,40,45,50],[3,3,4,4,5],[3,3,4,4,5],[1.5,1.5,1.5,1.5,1.5],[40,55,70,85,100],[0,0,0,0,0],[0,0,0,0,0],[0,0,0,0,0]],"effectBurn":[null,"2","60/105/150/195/240","30/35/40/45/50","3/3/4/4/5","3/3/4/4/5","1.5","40/55/70/85/100","0","0","0"],"vars":[],"costType":" {{ abilityresourcename }}","maxammo":"2","range":[800,800,800,800,800],"rangeBurn":"800","image":{"full":"CaitlynYordleTrap.png","sprite":"spell1.png","group":"spell","x":240,"y":144,"w":48,"h":48},"resource":"{{ cost }} {{ abilityresourcename }}"},{"id":"CaitlynEntrapment","name":"90 Caliber Net","description":"Caitlyn fires a heavy net to slow her target. The recoil knocks Caitlyn back.","tooltip":"Fires a net, knocking Caitlyn backwards. The net deals <magicDamage>{{ e1 }} <scaleAP>(+{{ a1 }})</scaleAP> magic damage</magicDamage> and slows the first enemy hit by {{ e3 }}% for {{ e2 }} second.","leveltip":{"label":["Damage","Cooldown"],"effect":["{{ e1 }} -> {{ e1NL }}","{{ cooldown }} -> {{ cooldownNL }}"]},"maxrank":5,"cooldown":[16,14.5,13,11.5,10],"cooldownBurn":"16/14.5/13/11.5/10","cost":[75,75,75,75,75],"costBurn":"75","datavalues":{},"effect":[null,[70,110,150,190,230],[1,1,1,1,1],[50,50,50,50,50],[0,0,0,0,0],[0,0,0,0,0],[0,0,0,0,0],[0,0,0,0,0],[0,0,0,0,0],[0,0,0,0,0],[0,0,0,0,0]],"effectBurn":[null,"70/110/150/190/230","1","50","0","0","0","0","0","0","0"],"vars":[{"link":"spelldamage","coeff":0.8,"key":"a1"}],"costType":" {{ abilityresourcename }}","maxammo":"-1","range":[750,750,750,750,750],"rangeBurn":"750","image":{"full":"CaitlynEntrapment.png","sprite":"spell1.png","group":"spell","x":288,"y":144,"w":48,"h":48},"resource":"{{ cost }} {{ abilityresourcename }}"},{"id":"CaitlynAceintheHole","name":"Ace in the Hole","description":"Caitlyn takes time to line up the perfect shot, dealing massive damage to a single target at a huge range. Enemy champions can intercept the bullet for their ally.","tooltip":"Takes a second to line up the perfect shot on an enemy Champion at up to {{ castrange }} range. The shot deals <physicalDamage>{{ rtotaldamage }} physical damage</physicalDamage>, but other enemy Champions can intercept it.<br /><br />Grants <span class=\"coloree91d7\">True Sight</span> of the target during the channel.","leveltip":{"label":["Damage","Cooldown"],"effect":["{{ rbasedamage }} -> {{ rbasedamageNL }}","{{ cooldown }} -> {{ cooldownNL }}"]},"maxrank":3,"cooldown":[90,75,60],"cooldownBurn":"90/75/60","cost":[100,100,100],"costBurn":"100","datavalues":{},"effect":[null,[0,0,0],[0,0,0],[0,0,0],[0,0,0],[0,0,0],[0,0,0],[0,0,0],[0,0,0],[0,0,0],[0,0,0]],"effectBurn":[null,"0","0","0","0","0","0","0","0","0","0"],"vars":[],"costType":" {{ abilityresourcename }}","maxammo":"-1","range":[3500,3500,3500],"rangeBurn":"3500","image":{"full":"CaitlynAceintheHole.png","sprite":"spell1.png","group":"spell","x":336,"y":144,"w":48,"h":48},"resource":"{{ cost }} {{ abilityresourcename }}"}],"passive":{"name":"Headshot","description":"Every few basic attacks, or against a target she has trapped or netted, Caitlyn will fire a headshot dealing bonus damage that scales with her critical strike chance. On trapped or netted targets, Caitlyn's Headshot attack range is doubled.","image":{"full":"Caitlyn_Headshot.png","sprite":"passive0.png","group":"passive","x":240,"y":48,"w":48,"h":48}},"recommended":[{"champion":"Caitlyn","title":"Beginner","type":"riot","map":"SR","mode":"INTRO","priority":false,"blocks":[{"type":"beginner_Starter","maxSummonerLevel":4,"items":[{"id":"1055","count":1}]},{"type":"beginner_Starter","minSummonerLevel":5,"items":[{"id":"1055","count":1},{"id":"2003","count":1}]},{"type":"beginner_Advanced","recMath":true,"items":[{"id":"1036","count":1},{"id":"1053","count":1}]},{"type":"beginner_MovementSpeed","recMath":true,"items":[{"id":"1001","count":1},{"id":"1042","count":1},{"id":"3006","count":1}]},{"type":"beginner_LegendaryItem","recMath":true,"items":[{"id":"1053","count":1},{"id":"1038","count":1},{"id":"3072","count":1}]},{"type":"beginner_MoreLegendaryItems","items":[{"id":"3087","count":1},{"id":"3022","count":1},{"id":"3031","count":1},{"id":"3102","count":1}]}]},{"champion":"Caitlyn","title":"CaitlynARAM","map":"HA","mode":"ARAM","type":"riot","customTag":"","sortrank":0,"extensionPage":false,"useObviousCheckmark":false,"customPanel":null,"blocks":[{"type":"starting","recMath":false,"recSteps":false,"minSummonerLevel":-1,"maxSummonerLevel":-1,"showIfSummonerSpell":"","hideIfSummonerSpell":"","appendAfterSection":"","visibleWithAllOf":[""],"hiddenWithAnyOf":[""],"items":[{"id":"1038","count":1,"hideCount":false},{"id":"2003","count":2,"hideCount":false}]},{"type":"essential","recMath":false,"recSteps":false,"minSummonerLevel":-1,"maxSummonerLevel":-1,"showIfSummonerSpell":"","hideIfSummonerSpell":"","appendAfterSection":"","visibleWithAllOf":[""],"hiddenWithAnyOf":[""],"items":[{"id":"3006","count":1,"hideCount":false},{"id":"3031","count":1,"hideCount":false},{"id":"3094","count":1,"hideCount":false}]},{"type":"offensive","recMath":false,"recSteps":false,"minSummonerLevel":-1,"maxSummonerLevel":-1,"showIfSummonerSpell":"","hideIfSummonerSpell":"","appendAfterSection":"","visibleWithAllOf":[""],"hiddenWithAnyOf":[""],"items":[{"id":"3036","count":1,"hideCount":false},{"id":"3087","count":1,"hideCount":false},{"id":"3095","count":1,"hideCount":false}]},{"type":"defensive","recMath":false,"recSteps":false,"minSummonerLevel":-1,"maxSummonerLevel":-1,"showIfSummonerSpell":"","hideIfSummonerSpell":"","appendAfterSection":"","visibleWithAllOf":[""],"hiddenWithAnyOf":[""],"items":[{"id":"3139","count":1,"hideCount":false},{"id":"3046","count":1,"hideCount":false},{"id":"3072","count":1,"hideCount":false}]},{"type":"consumables","recMath":false,"recSteps":false,"minSummonerLevel":-1,"maxSummonerLevel":-1,"showIfSummonerSpell":"","hideIfSummonerSpell":"","appendAfterSection":"","visibleWithAllOf":[""],"hiddenWithAnyOf":[""],"items":[{"id":"2003","count":1,"hideCount":false},{"id":"2140","count":1,"hideCount":false},{"id":"2033","count":1,"hideCount":false}]}]},{"champion":"Caitlyn","title":"CaitlynFIRSTBLOOD","map":"HA","mode":"FIRSTBLOOD","type":"riot","customTag":"","extensionPage":false,"customPanel":null,"blocks":[{"type":"starting","recMath":false,"recSteps":false,"minSummonerLevel":-1,"maxSummonerLevel":-1,"showIfSummonerSpell":"","hideIfSummonerSpell":"","items":[{"id":"1055","count":1,"hideCount":false},{"id":"2003","count":1,"hideCount":false},{"id":"3340","count":1,"hideCount":false}]},{"type":"early","recMath":false,"recSteps":false,"minSummonerLevel":-1,"maxSummonerLevel":-1,"showIfSummonerSpell":"","hideIfSummonerSpell":"","items":[{"id":"1038","count":1,"hideCount":false},{"id":"3086","count":1,"hideCount":false},{"id":"1001","count":1,"hideCount":false}]},{"type":"essential","recMath":false,"recSteps":false,"minSummonerLevel":-1,"maxSummonerLevel":-1,"showIfSummonerSpell":"","hideIfSummonerSpell":"","items":[{"id":"3031","count":1,"hideCount":false},{"id":"3006","count":1,"hideCount":false}]},{"type":"offensive","recMath":false,"recSteps":false,"minSummonerLevel":-1,"maxSummonerLevel":-1,"showIfSummonerSpell":"","hideIfSummonerSpell":"","items":[{"id":"3094","count":1,"hideCount":false},{"id":"3085","count":1,"hideCount":false}]},{"type":"situational","recMath":false,"recSteps":false,"minSummonerLevel":-1,"maxSummonerLevel":-1,"showIfSummonerSpell":"","hideIfSummonerSpell":"","items":[{"id":"3036","count":1,"hideCount":false},{"id":"3033","count":1,"hideCount":false},{"id":"3072","count":1,"hideCount":false},{"id":"3139","count":1,"hideCount":false},{"id":"3026","count":1,"hideCount":false},{"id":"3508","count":1,"hideCount":false}]},{"type":"consumables","recMath":false,"recSteps":false,"minSummonerLevel":-1,"maxSummonerLevel":-1,"showIfSummonerSpell":"","hideIfSummonerSpell":"","items":[{"id":"2003","count":1,"hideCount":true},{"id":"2031","count":1,"hideCount":true},{"id":"2043","count":1,"hideCount":true},{"id":"2140","count":1,"hideCount":true},{"id":"3363","count":1,"hideCount":true}]}]},{"champion":"Caitlyn","title":"CaitlynARAM","map":"HA","mode":"KINGPORO","type":"riot","customTag":"","sortrank":0,"extensionPage":false,"useObviousCheckmark":false,"customPanel":null,"blocks":[{"type":"KingPoroSnax","recMath":false,"recSteps":false,"minSummonerLevel":-1,"maxSummonerLevel":-1,"showIfSummonerSpell":"","hideIfSummonerSpell":"","items":[{"id":"3680","count":1,"hideCount":false},{"id":"3681","count":1,"hideCount":false},{"id":"3682","count":1,"hideCount":false},{"id":"3683","count":1,"hideCount":false},{"id":"3684","count":1,"hideCount":false},{"id":"3685","count":1,"hideCount":false}]},{"type":"starting","recMath":false,"recSteps":false,"minSummonerLevel":-1,"maxSummonerLevel":-1,"showIfSummonerSpell":"","hideIfSummonerSpell":"","appendAfterSection":"","visibleWithAllOf":[""],"hiddenWithAnyOf":[""],"items":[{"id":"1038","count":1,"hideCount":false},{"id":"2003","count":2,"hideCount":false}]},{"type":"essential","recMath":false,"recSteps":false,"minSummonerLevel":-1,"maxSummonerLevel":-1,"showIfSummonerSpell":"","hideIfSummonerSpell":"","appendAfterSection":"","visibleWithAllOf":[""],"hiddenWithAnyOf":[""],"items":[{"id":"3006","count":1,"hideCount":false},{"id":"3031","count":1,"hideCount":false},{"id":"3094","count":1,"hideCount":false}]},{"type":"offensive","recMath":false,"recSteps":false,"minSummonerLevel":-1,"maxSummonerLevel":-1,"showIfSummonerSpell":"","hideIfSummonerSpell":"","appendAfterSection":"","visibleWithAllOf":[""],"hiddenWithAnyOf":[""],"items":[{"id":"3036","count":1,"hideCount":false},{"id":"3087","count":1,"hideCount":false},{"id":"3095","count":1,"hideCount":false}]},{"type":"defensive","recMath":false,"recSteps":false,"minSummonerLevel":-1,"maxSummonerLevel":-1,"showIfSummonerSpell":"","hideIfSummonerSpell":"","appendAfterSection":"","visibleWithAllOf":[""],"hiddenWithAnyOf":[""],"items":[{"id":"3139","count":1,"hideCount":false},{"id":"3046","count":1,"hideCount":false},{"id":"3072","count":1,"hideCount":false}]},{"type":"consumables","recMath":false,"recSteps":false,"minSummonerLevel":-1,"maxSummonerLevel":-1,"showIfSummonerSpell":"","hideIfSummonerSpell":"","appendAfterSection":"","visibleWithAllOf":[""],"hiddenWithAnyOf":[""],"items":[{"id":"2003","count":1,"hideCount":false},{"id":"2140","count":1,"hideCount":false},{"id":"2033","count":1,"hideCount":false}]}]},{"champion":"Caitlyn","title":"CaitlynSL","map":"NB","mode":"NEXUSBLITZ","type":"riot","customTag":"","sortrank":0,"extensionPage":false,"useObviousCheckmark":false,"customPanel":null,"blocks":[{"type":"starting","recMath":false,"recSteps":false,"minSummonerLevel":-1,"maxSummonerLevel":-1,"showIfSummonerSpell":"","hideIfSummonerSpell":"SummonerSmite","appendAfterSection":"","visibleWithAllOf":[""],"hiddenWithAnyOf":[""],"items":[{"id":"4202","count":1,"hideCount":false},{"id":"2003","count":1,"hideCount":false},{"id":"3340","count":1,"hideCount":false}]},{"type":"startingjungle","recMath":false,"recSteps":false,"minSummonerLevel":-1,"maxSummonerLevel":-1,"showIfSummonerSpell":"SummonerSmite","hideIfSummonerSpell":"","appendAfterSection":"","visibleWithAllOf":[""],"hiddenWithAnyOf":[""],"items":[{"id":"4101","count":1,"hideCount":false},{"id":"2003","count":1,"hideCount":false},{"id":"3340","count":1,"hideCount":false}]},{"type":"early","recMath":false,"recSteps":false,"minSummonerLevel":-1,"maxSummonerLevel":-1,"showIfSummonerSpell":"","hideIfSummonerSpell":"SummonerSmite","appendAfterSection":"","visibleWithAllOf":[""],"hiddenWithAnyOf":[""],"items":[{"id":"1038","count":1,"hideCount":false},{"id":"3086","count":1,"hideCount":false},{"id":"1001","count":1,"hideCount":false}]},{"type":"earlyjungle","recMath":false,"recSteps":false,"minSummonerLevel":-1,"maxSummonerLevel":-1,"showIfSummonerSpell":"SummonerSmite","hideIfSummonerSpell":"","appendAfterSection":"","visibleWithAllOf":[""],"hiddenWithAnyOf":[""],"items":[{"id":"3133","count":1,"hideCount":false},{"id":"1001","count":1,"hideCount":false}]},{"type":"essential","recMath":false,"recSteps":false,"minSummonerLevel":-1,"maxSummonerLevel":-1,"showIfSummonerSpell":"","hideIfSummonerSpell":"SummonerSmite","appendAfterSection":"","visibleWithAllOf":[""],"hiddenWithAnyOf":[""],"items":[{"id":"3095","count":1,"hideCount":false},{"id":"3094","count":1,"hideCount":false},{"id":"3006","count":1,"hideCount":false}]},{"type":"essentialjungle","recMath":false,"recSteps":false,"minSummonerLevel":-1,"maxSummonerLevel":-1,"showIfSummonerSpell":"SummonerSmite","hideIfSummonerSpell":"","appendAfterSection":"","visibleWithAllOf":[""],"hiddenWithAnyOf":[""],"items":[{"id":"4102","count":1,"hideCount":false},{"id":"3094","count":1,"hideCount":false},{"id":"3095","count":1,"hideCount":false},{"id":"3006","count":1,"hideCount":false}]},{"type":"offensive","recMath":false,"recSteps":false,"minSummonerLevel":-1,"maxSummonerLevel":-1,"showIfSummonerSpell":"","hideIfSummonerSpell":"","appendAfterSection":"","visibleWithAllOf":[""],"hiddenWithAnyOf":[""],"items":[{"id":"3031","count":1,"hideCount":false},{"id":"3036","count":1,"hideCount":false},{"id":"3072","count":1,"hideCount":false}]},{"type":"situational","recMath":false,"recSteps":false,"minSummonerLevel":-1,"maxSummonerLevel":-1,"showIfSummonerSpell":"","hideIfSummonerSpell":"","appendAfterSection":"","visibleWithAllOf":[""],"hiddenWithAnyOf":[""],"items":[{"id":"3087","count":1,"hideCount":false},{"id":"3139","count":1,"hideCount":false}]},{"type":"consumables","recMath":false,"recSteps":false,"minSummonerLevel":-1,"maxSummonerLevel":-1,"showIfSummonerSpell":"","hideIfSummonerSpell":"","appendAfterSection":"","visibleWithAllOf":[""],"hiddenWithAnyOf":[""],"items":[{"id":"2003","count":1,"hideCount":true},{"id":"2140","count":1,"hideCount":true}]}]},{"champion":"Caitlyn","title":"CaitlynSR","map":"SR","mode":"CLASSIC","type":"riot","customTag":"","sortrank":0,"extensionPage":false,"useObviousCheckmark":false,"customPanel":null,"blocks":[{"type":"starting","recMath":false,"recSteps":false,"minSummonerLevel":-1,"maxSummonerLevel":-1,"showIfSummonerSpell":"","hideIfSummonerSpell":"","appendAfterSection":"","visibleWithAllOf":[""],"hiddenWithAnyOf":[""],"items":[{"id":"1055","count":1,"hideCount":false},{"id":"2003","count":1,"hideCount":false},{"id":"3340","count":1,"hideCount":false}]},{"type":"early","recMath":false,"recSteps":false,"minSummonerLevel":-1,"maxSummonerLevel":-1,"showIfSummonerSpell":"","hideIfSummonerSpell":"","appendAfterSection":"","visibleWithAllOf":[""],"hiddenWithAnyOf":[""],"items":[{"id":"1038","count":1,"hideCount":false},{"id":"2015","count":1,"hideCount":false},{"id":"1001","count":1,"hideCount":false}]},{"type":"essential","recMath":false,"recSteps":false,"minSummonerLevel":-1,"maxSummonerLevel":-1,"showIfSummonerSpell":"","hideIfSummonerSpell":"","appendAfterSection":"","visibleWithAllOf":[""],"hiddenWithAnyOf":[""],"items":[{"id":"3095","count":1,"hideCount":false},{"id":"3006","count":1,"hideCount":false},{"id":"3031","count":1,"hideCount":false}]},{"type":"offensive","recMath":false,"recSteps":false,"minSummonerLevel":-1,"maxSummonerLevel":-1,"showIfSummonerSpell":"","hideIfSummonerSpell":"","appendAfterSection":"","visibleWithAllOf":[""],"hiddenWithAnyOf":[""],"items":[{"id":"3094","count":1,"hideCount":false},{"id":"3072","count":1,"hideCount":false},{"id":"3087","count":1,"hideCount":false}]},{"type":"situational","recMath":false,"recSteps":false,"minSummonerLevel":-1,"maxSummonerLevel":-1,"showIfSummonerSpell":"","hideIfSummonerSpell":"","appendAfterSection":"","visibleWithAllOf":[""],"hiddenWithAnyOf":[""],"items":[{"id":"3026","count":1,"hideCount":false},{"id":"3508","count":1,"hideCount":false},{"id":"3046","count":1,"hideCount":false}]},{"type":"consumables","recMath":false,"recSteps":false,"minSummonerLevel":-1,"maxSummonerLevel":-1,"showIfSummonerSpell":"","hideIfSummonerSpell":"","appendAfterSection":"","visibleWithAllOf":[""],"hiddenWithAnyOf":[""],"items":[{"id":"2003","count":1,"hideCount":true},{"id":"2140","count":1,"hideCount":true}]}]}]}}}