{"type":"champion","format":"standAloneComplex","version":"10.15.1","data":{"Darius":{"id":"Darius","key":"122","name":"Darius","title":"the Hand of Noxus","image":{"full":"Darius.png","sprite":"champion0.png","group":"champion","x":0,"y":96,"w":48,"h":48},"skins":[{"id":"122000","num":0,"name":"default","chromas":true},{"id":"122001","num":1,"name":"Lord Darius","chromas":false},{"id":"122002","num":2,"name":"Bioforge Darius","chromas":false},{"id":"122003","num":3,"name":"Woad King Darius","chromas":false},{"id":"122004","num":4,"name":"Dunkmaster Darius","chromas":true},{"id":"122008","num":8,"name":"Academy Darius","chromas":false},{"id":"122014","num":14,"name":"Dreadnova Darius","chromas":false},{"id":"122015","num":15,"name":"God-King Darius","chromas":false},{"id":"122016","num":16,"name":"High Noon Darius","chromas":true}],"lore":"There is no greater symbol of Noxian might than Darius, the nation's most feared and battle-hardened commander. Rising from humble origins to become the Hand of Noxus, he cleaves through the empire's enemies—many of them Noxians themselves. Knowing that he never doubts his cause is just, and never hesitates once his axe is raised, those who stand against the leader of the Trifarian Legion can expect no mercy.","blurb":"There is no greater symbol of Noxian might than Darius, the nation's most feared and battle-hardened commander. Rising from humble origins to become the Hand of Noxus, he cleaves through the empire's enemies—many of them Noxians themselves. Knowing that...","allytips":["Decimate is a powerful harassment ability. Strike an enemy from maximum range for the greatest effect.","Noxian Guillotine does more damage the more attacks you can land prior to it. Use Noxian Might to deal maximum damage.","Darius benefits greatly from enhanced survivability. The longer you can prolong a fight, the more powerful he becomes."],"enemytips":["When Darius's axe grab is on cooldown, he is vulnerable to harassment attacks.","Darius's ability to escape from fights is limited. If you have an advantage against him, press your lead."],"tags":["Fighter","Tank"],"partype":"Mana","info":{"attack":9,"defense":5,"magic":1,"difficulty":2},"stats":{"hp":582.24,"hpperlevel":100,"mp":263,"mpperlevel":37.5,"movespeed":340,"armor":39,"armorperlevel":4,"spellblock":32.1,"spellblockperlevel":1.25,"attackrange":175,"hpregen":10,"hpregenperlevel":0.95,"mpregen":6.6,"mpregenperlevel":0.35,"crit":0,"critperlevel":0,"attackdamage":64,"attackdamageperlevel":5,"attackspeedperlevel":1,"attackspeed":0.625},"spells":[{"id":"DariusCleave","name":"Decimate","description":"Darius winds up and swings his axe in a wide circle. Enemies struck by the blade take more damage than those struck by the handle. Darius heals based on enemy champions and large monsters hit by the blade.","tooltip":"After a short delay, Darius swings his axe around himself, striking enemies in its path. Enemies hit by the axe's blade take <physicalDamage>{{ e2 }} <scaleAD>(+{{ f1 }})</scaleAD> physical damage</physicalDamage>. Enemies hit by the handle take {{ e6 }}% damage (does not apply <keywordMajor>Hemorrhage</keywordMajor>).<br /><br />Darius heals for <scaleHP>{{ e5 }}% of his missing Health</scaleHP> per enemy champion and large monster hit by the blade (max: {{ e7 }}%).","leveltip":{"label":["Damage","Total AD Ratio","Cooldown","@AbilityResourceName@ Cost"],"effect":["{{ e2 }} -> {{ e2NL }}","{{ e1 }}% -> {{ e1NL }}%","{{ cooldown }} -> {{ cooldownNL }}","{{ cost }} -> {{ costNL }}"]},"maxrank":5,"cooldown":[9,8,7,6,5],"cooldownBurn":"9/8/7/6/5","cost":[30,35,40,45,50],"costBurn":"30/35/40/45/50","datavalues":{},"effect":[null,[100,110,120,130,140],[50,80,110,140,170],[99,99,99,99,99],[0.1,0.1,0.1,0.1,0.1],[15,15,15,15,15],[35,35,35,35,35],[45,45,45,45,45],[0,0,0,0,0],[0,0,0,0,0],[0,0,0,0,0]],"effectBurn":[null,"100/110/120/130/140","50/80/110/140/170","99","0.1","15","35","45","0","0","0"],"vars":[{"link":"bonusattackdamage","coeff":1.05,"key":"f1"}],"costType":" {{ abilityresourcename }}","maxammo":"-1","range":[1,1,1,1,1],"rangeBurn":"1","image":{"full":"DariusCleave.png","sprite":"spell2.png","group":"spell","x":192,"y":48,"w":48,"h":48},"resource":"{{ cost }} {{ abilityresourcename }}"},{"id":"DariusNoxianTacticsONH","name":"Crippling Strike","description":"Darius's next attack strikes an enemy's crucial artery. As they bleed out, their Movement Speed is slowed.","tooltip":"Darius's next basic attack deals <physicalDamage><scaleAD>{{ f1 }}</scaleAD> physical damage</physicalDamage> and slows the target by {{ e2 }}% for {{ e5 }} second(s).<br /><br />Crippling Strike refunds its Mana cost and {{ e3 }}% of its cooldown if it kills the target.","leveltip":{"label":["Total AD Ratio","Cooldown"],"effect":["{{ effect4amount*100.000000 }} -> {{ effect4amountnl*100.000000 }}","{{ cooldown }} -> {{ cooldownNL }}"]},"maxrank":5,"cooldown":[7,6.5,6,5.5,5],"cooldownBurn":"7/6.5/6/5.5/5","cost":[40,40,40,40,40],"costBurn":"40","datavalues":{},"effect":[null,[0,0,0,0,0],[90,90,90,90,90],[50,50,50,50,50],[1.4,1.45,1.5,1.55,1.6],[1,1,1,1,1],[0,0,0,0,0],[0,0,0,0,0],[0,0,0,0,0],[0,0,0,0,0],[0,0,0,0,0]],"effectBurn":[null,"0","90","50","1.4/1.45/1.5/1.55/1.6","1","0","0","0","0","0"],"vars":[],"costType":" {{ abilityresourcename }}","maxammo":"-1","range":[300,300,300,300,300],"rangeBurn":"300","image":{"full":"DariusNoxianTacticsONH.png","sprite":"spell2.png","group":"spell","x":240,"y":48,"w":48,"h":48},"resource":"{{ cost }} {{ abilityresourcename }}"},{"id":"DariusAxeGrabCone","name":"Apprehend","description":"Darius hones his axe, passively causing his physical damage to ignore a percentage of his target's Armor. When activated, Darius sweeps up his enemies with his axe's hook and pulls them to him.","tooltip":"<span class=\"colorFF9900\">Passive: </span>Darius gains {{ e1 }}% Armor Penetration.<br /><br /><span class=\"colorFF9900\">Active: </span>Pulls in all enemies in front of Darius and slows them by {{ e2 }}% for {{ e3 }} second(s).","leveltip":{"label":["Percent Armor Penetration","@AbilityResourceName@ Cost","Cooldown"],"effect":["{{ e1 }} -> {{ e1NL }}","{{ cost }} -> {{ costNL }}","{{ cooldown }} -> {{ cooldownNL }}"]},"maxrank":5,"cooldown":[24,21,18,15,12],"cooldownBurn":"24/21/18/15/12","cost":[70,60,50,40,30],"costBurn":"70/60/50/40/30","datavalues":{},"effect":[null,[15,20,25,30,35],[40,40,40,40,40],[1,1,1,1,1],[0,0,0,0,0],[0,0,0,0,0],[0,0,0,0,0],[0,0,0,0,0],[0,0,0,0,0],[0,0,0,0,0],[0,0,0,0,0]],"effectBurn":[null,"15/20/25/30/35","40","1","0","0","0","0","0","0","0"],"vars":[],"costType":" {{ abilityresourcename }}","maxammo":"-1","range":[535,535,535,535,535],"rangeBurn":"535","image":{"full":"DariusAxeGrabCone.png","sprite":"spell2.png","group":"spell","x":288,"y":48,"w":48,"h":48},"resource":"{{ cost }} {{ abilityresourcename }}"},{"id":"DariusExecute","name":"Noxian Guillotine","description":"Darius leaps to an enemy champion and strikes a lethal blow, dealing true damage. This damage is increased for each stack of Hemorrhage on the target. If Noxian Guillotine is a killing blow, its cooldown is refreshed for a brief duration.","tooltip":"Leaps to target enemy champion and strikes a lethal blow, dealing <trueDamage>{{ damage }} true damage</trueDamage>. For each stack of <keywordMajor>Hemorrhage</keywordMajor> on the target, <spellName>Noxian Guillotine</spellName> deals an additional {{ rdamagepercentperhemostack*100 }}% damage.<span class=\"size8 colorFF9900\"><br /><br /></span><span class=\"colorF50F00\">Maximum Damage: {{ f1 }}</span><span class=\"size8\"><br /><br /></span>If <spellName>Noxian Guillotine</spellName> kills the target, it may be re-cast at no cost within {{ rrecastduration }} seconds.<span class=\"size8\"><br /><br /></span>At rank 3, <spellName>Noxian Guillotine</spellName> <span class=\"colorFFFF66\"><i>unlocks</i></span> - its cooldown resets entirely on kills and it no longer has a Mana cost.","leveltip":{"label":["Damage","Cooldown"],"effect":["{{ rbasedamage }} -> {{ rbasedamageNL }}","{{ cooldown }} -> {{ cooldownNL }}"]},"maxrank":3,"cooldown":[120,100,80],"cooldownBurn":"120/100/80","cost":[100,100,0],"costBurn":"100/100/0","datavalues":{},"effect":[null,[0,0,0],[0,0,0],[0,0,0],[0,0,0],[0,0,0],[0,0,0],[0,0,0],[0,0,0],[0,0,0],[0,0,0]],"effectBurn":[null,"0","0","0","0","0","0","0","0","0","0"],"vars":[{"link":"bonusattackdamage","coeff":0.75,"key":"f1"}],"costType":" {{ abilityresourcename }}","maxammo":"-1","range":[460,460,460],"rangeBurn":"460","image":{"full":"DariusExecute.png","sprite":"spell2.png","group":"spell","x":336,"y":48,"w":48,"h":48},"resource":"{{ cost }} {{ abilityresourcename }}"}],"passive":{"name":"Hemorrhage","description":"Darius's attacks and damaging abilities cause enemies to bleed for physical damage over 5 seconds, stacking up to 5 times.","image":{"full":"Darius_Icon_Hemorrhage.png","sprite":"passive0.png","group":"passive","x":0,"y":96,"w":48,"h":48}},"recommended":[{"champion":"Darius","title":"Beginner","map":"SR","mode":"INTRO","type":"riot","customTag":"","extensionPage":false,"customPanel":null,"blocks":[{"type":"beginner_starter","recMath":false,"recSteps":false,"minSummonerLevel":-1,"maxSummonerLevel":4,"showIfSummonerSpell":"","hideIfSummonerSpell":"","items":[{"id":"1054","count":1,"hideCount":false}]},{"type":"beginner_starter","recMath":false,"recSteps":false,"minSummonerLevel":5,"maxSummonerLevel":-1,"showIfSummonerSpell":"","hideIfSummonerSpell":"","items":[{"id":"1054","count":1,"hideCount":false},{"id":"2003","count":1,"hideCount":false}]},{"type":"beginner_advanced","recMath":true,"recSteps":false,"minSummonerLevel":-1,"maxSummonerLevel":-1,"showIfSummonerSpell":"","hideIfSummonerSpell":"","items":[{"id":"1028","count":1,"hideCount":false},{"id":"1036","count":1,"hideCount":false},{"id":"3044","count":1,"hideCount":false}]},{"type":"beginner_movementspeed","recMath":true,"recSteps":false,"minSummonerLevel":-1,"maxSummonerLevel":-1,"showIfSummonerSpell":"","hideIfSummonerSpell":"","items":[{"id":"1001","count":1,"hideCount":false},{"id":"1033","count":1,"hideCount":false},{"id":"3111","count":1,"hideCount":false}]},{"type":"beginner_legendaryitem","recMath":true,"recSteps":false,"minSummonerLevel":-1,"maxSummonerLevel":-1,"showIfSummonerSpell":"","hideIfSummonerSpell":"","items":[{"id":"3067","count":1,"hideCount":false},{"id":"3044","count":1,"hideCount":false},{"id":"3071","count":1,"hideCount":false}]},{"type":"beginner_morelegendaryitems","recMath":false,"recSteps":false,"minSummonerLevel":-1,"maxSummonerLevel":-1,"showIfSummonerSpell":"","hideIfSummonerSpell":"","items":[{"id":"3742","count":1,"hideCount":false},{"id":"3065","count":1,"hideCount":false},{"id":"3083","count":1,"hideCount":false}]}]},{"champion":"Darius","title":"DariusARAM","map":"HA","mode":"ARAM","type":"riot","customTag":"","sortrank":0,"extensionPage":false,"useObviousCheckmark":false,"customPanel":null,"blocks":[{"type":"starting","recMath":false,"recSteps":false,"minSummonerLevel":-1,"maxSummonerLevel":-1,"showIfSummonerSpell":"","hideIfSummonerSpell":"","appendAfterSection":"","visibleWithAllOf":[""],"hiddenWithAnyOf":[""],"items":[{"id":"2051","count":1,"hideCount":false},{"id":"1001","count":1,"hideCount":false},{"id":"2003","count":3,"hideCount":false}]},{"type":"essential","recMath":false,"recSteps":false,"minSummonerLevel":-1,"maxSummonerLevel":-1,"showIfSummonerSpell":"","hideIfSummonerSpell":"","appendAfterSection":"","visibleWithAllOf":[""],"hiddenWithAnyOf":[""],"items":[{"id":"3071","count":1,"hideCount":false},{"id":"3111","count":1,"hideCount":false},{"id":"3053","count":1,"hideCount":false}]},{"type":"offensive","recMath":false,"recSteps":false,"minSummonerLevel":-1,"maxSummonerLevel":-1,"showIfSummonerSpell":"","hideIfSummonerSpell":"","appendAfterSection":"","visibleWithAllOf":[""],"hiddenWithAnyOf":[""],"items":[{"id":"3748","count":1,"hideCount":false},{"id":"3022","count":1,"hideCount":false},{"id":"3005","count":1,"hideCount":false}]},{"type":"defensive","recMath":false,"recSteps":false,"minSummonerLevel":-1,"maxSummonerLevel":-1,"showIfSummonerSpell":"","hideIfSummonerSpell":"","appendAfterSection":"","visibleWithAllOf":[""],"hiddenWithAnyOf":[""],"items":[{"id":"3065","count":1,"hideCount":false},{"id":"3800","count":1,"hideCount":false},{"id":"3075","count":1,"hideCount":false}]},{"type":"consumables","recMath":false,"recSteps":false,"minSummonerLevel":-1,"maxSummonerLevel":-1,"showIfSummonerSpell":"","hideIfSummonerSpell":"","appendAfterSection":"","visibleWithAllOf":[""],"hiddenWithAnyOf":[""],"items":[{"id":"2003","count":1,"hideCount":false},{"id":"2138","count":1,"hideCount":false},{"id":"2033","count":1,"hideCount":false}]}]},{"champion":"Darius","title":"DariusFIRSTBLOOD","map":"HA","mode":"FIRSTBLOOD","type":"riot","customTag":"","extensionPage":false,"customPanel":null,"blocks":[{"type":"starting","recMath":false,"recSteps":false,"minSummonerLevel":-1,"maxSummonerLevel":-1,"showIfSummonerSpell":"","hideIfSummonerSpell":"SummonerSmite","items":[{"id":"1054","count":1,"hideCount":false},{"id":"2003","count":1,"hideCount":false},{"id":"3340","count":1,"hideCount":false}]},{"type":"early","recMath":false,"recSteps":false,"minSummonerLevel":-1,"maxSummonerLevel":-1,"showIfSummonerSpell":"","hideIfSummonerSpell":"SummonerSmite","items":[{"id":"3044","count":1,"hideCount":false},{"id":"1001","count":1,"hideCount":false}]},{"type":"essential","recMath":false,"recSteps":false,"minSummonerLevel":-1,"maxSummonerLevel":-1,"showIfSummonerSpell":"","hideIfSummonerSpell":"SummonerSmite","items":[{"id":"3071","count":1,"hideCount":false},{"id":"3111","count":1,"hideCount":false}]},{"type":"defensive","recMath":false,"recSteps":false,"minSummonerLevel":-1,"maxSummonerLevel":-1,"showIfSummonerSpell":"","hideIfSummonerSpell":"SummonerSmite","items":[{"id":"3742","count":1,"hideCount":false},{"id":"3065","count":1,"hideCount":false},{"id":"3083","count":1,"hideCount":false}]},{"type":"situational","recMath":false,"recSteps":false,"minSummonerLevel":-1,"maxSummonerLevel":-1,"showIfSummonerSpell":"","hideIfSummonerSpell":"SummonerSmite","items":[{"id":"3075","count":1,"hideCount":false},{"id":"3143","count":1,"hideCount":false},{"id":"3748","count":1,"hideCount":false}]},{"type":"startingjungle","recMath":false,"recSteps":false,"minSummonerLevel":-1,"maxSummonerLevel":-1,"showIfSummonerSpell":"SummonerSmite","hideIfSummonerSpell":"","items":[{"id":"1039","count":1,"hideCount":false},{"id":"2031","count":1,"hideCount":false},{"id":"3340","count":1,"hideCount":false}]},{"type":"earlyjungle","recMath":false,"recSteps":false,"minSummonerLevel":-1,"maxSummonerLevel":-1,"showIfSummonerSpell":"SummonerSmite","hideIfSummonerSpell":"","items":[{"id":"3706","count":1,"hideCount":false},{"id":"3751","count":1,"hideCount":false},{"id":"1001","count":1,"hideCount":false}]},{"type":"essentialjungle","recMath":false,"recSteps":false,"minSummonerLevel":-1,"maxSummonerLevel":-1,"showIfSummonerSpell":"SummonerSmite","hideIfSummonerSpell":"","items":[{"id":"1401","count":1,"hideCount":false},{"id":"3071","count":1,"hideCount":false},{"id":"3111","count":1,"hideCount":false}]},{"type":"defensivejungle","recMath":false,"recSteps":false,"minSummonerLevel":-1,"maxSummonerLevel":-1,"showIfSummonerSpell":"SummonerSmite","hideIfSummonerSpell":"","items":[{"id":"3742","count":1,"hideCount":false},{"id":"3065","count":1,"hideCount":false}]},{"type":"situationaljungle","recMath":false,"recSteps":false,"minSummonerLevel":-1,"maxSummonerLevel":-1,"showIfSummonerSpell":"SummonerSmite","hideIfSummonerSpell":"","items":[{"id":"3143","count":1,"hideCount":false},{"id":"3075","count":1,"hideCount":false},{"id":"3083","count":1,"hideCount":false}]},{"type":"consumables","recMath":false,"recSteps":false,"minSummonerLevel":-1,"maxSummonerLevel":-1,"showIfSummonerSpell":"","hideIfSummonerSpell":"","items":[{"id":"2003","count":1,"hideCount":true},{"id":"2031","count":1,"hideCount":true},{"id":"2043","count":1,"hideCount":true},{"id":"2138","count":1,"hideCount":true}]}]},{"champion":"Darius","title":"DariusARAM","map":"HA","mode":"KINGPORO","type":"riot","customTag":"","sortrank":0,"extensionPage":false,"useObviousCheckmark":false,"customPanel":null,"blocks":[{"type":"KingPoroSnax","recMath":false,"recSteps":false,"minSummonerLevel":-1,"maxSummonerLevel":-1,"showIfSummonerSpell":"","hideIfSummonerSpell":"","items":[{"id":"3680","count":1,"hideCount":false},{"id":"3681","count":1,"hideCount":false},{"id":"3682","count":1,"hideCount":false},{"id":"3683","count":1,"hideCount":false},{"id":"3684","count":1,"hideCount":false},{"id":"3685","count":1,"hideCount":false}]},{"type":"starting","recMath":false,"recSteps":false,"minSummonerLevel":-1,"maxSummonerLevel":-1,"showIfSummonerSpell":"","hideIfSummonerSpell":"","appendAfterSection":"","visibleWithAllOf":[""],"hiddenWithAnyOf":[""],"items":[{"id":"2051","count":1,"hideCount":false},{"id":"1001","count":1,"hideCount":false},{"id":"2003","count":3,"hideCount":false}]},{"type":"essential","recMath":false,"recSteps":false,"minSummonerLevel":-1,"maxSummonerLevel":-1,"showIfSummonerSpell":"","hideIfSummonerSpell":"","appendAfterSection":"","visibleWithAllOf":[""],"hiddenWithAnyOf":[""],"items":[{"id":"3071","count":1,"hideCount":false},{"id":"3111","count":1,"hideCount":false},{"id":"3053","count":1,"hideCount":false}]},{"type":"offensive","recMath":false,"recSteps":false,"minSummonerLevel":-1,"maxSummonerLevel":-1,"showIfSummonerSpell":"","hideIfSummonerSpell":"","appendAfterSection":"","visibleWithAllOf":[""],"hiddenWithAnyOf":[""],"items":[{"id":"3748","count":1,"hideCount":false},{"id":"3022","count":1,"hideCount":false},{"id":"3005","count":1,"hideCount":false}]},{"type":"defensive","recMath":false,"recSteps":false,"minSummonerLevel":-1,"maxSummonerLevel":-1,"showIfSummonerSpell":"","hideIfSummonerSpell":"","appendAfterSection":"","visibleWithAllOf":[""],"hiddenWithAnyOf":[""],"items":[{"id":"3065","count":1,"hideCount":false},{"id":"3800","count":1,"hideCount":false},{"id":"3075","count":1,"hideCount":false}]},{"type":"consumables","recMath":false,"recSteps":false,"minSummonerLevel":-1,"maxSummonerLevel":-1,"showIfSummonerSpell":"","hideIfSummonerSpell":"","appendAfterSection":"","visibleWithAllOf":[""],"hiddenWithAnyOf":[""],"items":[{"id":"2003","count":1,"hideCount":false},{"id":"2138","count":1,"hideCount":false},{"id":"2033","count":1,"hideCount":false}]}]},{"champion":"Darius","title":"DariusSL","map":"NB","mode":"NEXUSBLITZ","type":"riot","customTag":"","sortrank":0,"extensionPage":false,"useObviousCheckmark":false,"customPanel":null,"blocks":[{"type":"starting","recMath":false,"recSteps":false,"minSummonerLevel":-1,"maxSummonerLevel":-1,"showIfSummonerSpell":"","hideIfSummonerSpell":"SummonerSmite","appendAfterSection":"","visibleWithAllOf":[""],"hiddenWithAnyOf":[""],"items":[{"id":"4201","count":1,"hideCount":false},{"id":"2003","count":1,"hideCount":false},{"id":"3340","count":1,"hideCount":false}]},{"type":"startingjungle","recMath":false,"recSteps":false,"minSummonerLevel":-1,"maxSummonerLevel":-1,"showIfSummonerSpell":"SummonerSmite","hideIfSummonerSpell":"","appendAfterSection":"","visibleWithAllOf":[""],"hiddenWithAnyOf":[""],"items":[{"id":"4101","count":1,"hideCount":false},{"id":"2003","count":1,"hideCount":false},{"id":"3340","count":1,"hideCount":false}]},{"type":"early","recMath":false,"recSteps":false,"minSummonerLevel":-1,"maxSummonerLevel":-1,"showIfSummonerSpell":"","hideIfSummonerSpell":"SummonerSmite","appendAfterSection":"","visibleWithAllOf":[""],"hiddenWithAnyOf":[""],"items":[{"id":"3044","count":1,"hideCount":false},{"id":"1001","count":1,"hideCount":false}]},{"type":"earlyjungle","recMath":false,"recSteps":false,"minSummonerLevel":-1,"maxSummonerLevel":-1,"showIfSummonerSpell":"SummonerSmite","hideIfSummonerSpell":"","appendAfterSection":"","visibleWithAllOf":[""],"hiddenWithAnyOf":[""],"items":[{"id":"3751","count":1,"hideCount":false},{"id":"1001","count":1,"hideCount":false}]},{"type":"essential","recMath":false,"recSteps":false,"minSummonerLevel":-1,"maxSummonerLevel":-1,"showIfSummonerSpell":"","hideIfSummonerSpell":"SummonerSmite","appendAfterSection":"","visibleWithAllOf":[""],"hiddenWithAnyOf":[""],"items":[{"id":"3071","count":1,"hideCount":false},{"id":"3111","count":1,"hideCount":false},{"id":"3005","count":1,"hideCount":false}]},{"type":"essentialjungle","recMath":false,"recSteps":false,"minSummonerLevel":-1,"maxSummonerLevel":-1,"showIfSummonerSpell":"SummonerSmite","hideIfSummonerSpell":"","appendAfterSection":"","visibleWithAllOf":[""],"hiddenWithAnyOf":[""],"items":[{"id":"4103","count":1,"hideCount":false},{"id":"3071","count":1,"hideCount":false},{"id":"3111","count":1,"hideCount":false}]},{"type":"defensive","recMath":false,"recSteps":false,"minSummonerLevel":-1,"maxSummonerLevel":-1,"showIfSummonerSpell":"","hideIfSummonerSpell":"","appendAfterSection":"","visibleWithAllOf":[""],"hiddenWithAnyOf":[""],"items":[{"id":"3742","count":1,"hideCount":false},{"id":"4401","count":1,"hideCount":false},{"id":"3083","count":1,"hideCount":false}]},{"type":"situational","recMath":false,"recSteps":false,"minSummonerLevel":-1,"maxSummonerLevel":-1,"showIfSummonerSpell":"","hideIfSummonerSpell":"","appendAfterSection":"","visibleWithAllOf":[""],"hiddenWithAnyOf":[""],"items":[{"id":"3075","count":1,"hideCount":false},{"id":"3143","count":1,"hideCount":false},{"id":"3748","count":1,"hideCount":false}]},{"type":"consumables","recMath":false,"recSteps":false,"minSummonerLevel":-1,"maxSummonerLevel":-1,"showIfSummonerSpell":"","hideIfSummonerSpell":"","appendAfterSection":"","visibleWithAllOf":[""],"hiddenWithAnyOf":[""],"items":[{"id":"2031","count":1,"hideCount":false},{"id":"2138","count":1,"hideCount":true}]}]},{"champion":"MissFortune","title":"DariusNPE","map":"SR","mode":"TUTORIAL_MODULE_2","type":"riot","customTag":"","sortrank":0,"extensionPage":false,"customPanel":null,"blocks":[{"type":"npe1","recMath":true,"recSteps":false,"minSummonerLevel":-1,"maxSummonerLevel":-1,"showIfSummonerSpell":"","hideIfSummonerSpell":"","appendAfterSection":"","visibleWithAllOf":[""],"hiddenWithAnyOf":[""],"items":[{"id":"1036","count":2,"hideCount":false},{"id":"1006","count":1,"hideCount":false},{"id":"3077","count":1,"hideCount":false}]},{"type":"npe2","recMath":true,"recSteps":false,"minSummonerLevel":-1,"maxSummonerLevel":-1,"showIfSummonerSpell":"","hideIfSummonerSpell":"","appendAfterSection":"","visibleWithAllOf":[""],"hiddenWithAnyOf":[""],"items":[{"id":"3077","count":1,"hideCount":false},{"id":"1028","count":1,"hideCount":false},{"id":"3052","count":1,"hideCount":false},{"id":"3748","count":1,"hideCount":false}]},{"type":"npe3","recMath":true,"recSteps":false,"minSummonerLevel":-1,"maxSummonerLevel":-1,"showIfSummonerSpell":"","hideIfSummonerSpell":"","appendAfterSection":"","visibleWithAllOf":[""],"hiddenWithAnyOf":[""],"items":[{"id":"1001","count":1,"hideCount":false},{"id":"1033","count":1,"hideCount":false},{"id":"3111","count":1,"hideCount":false}]},{"type":"npe4","recMath":false,"recSteps":false,"minSummonerLevel":-1,"maxSummonerLevel":-1,"showIfSummonerSpell":"","hideIfSummonerSpell":"","appendAfterSection":"","visibleWithAllOf":[""],"hiddenWithAnyOf":[""],"items":[{"id":"3071","count":1,"hideCount":false},{"id":"3053","count":1,"hideCount":false},{"id":"3742","count":1,"hideCount":false},{"id":"3083","count":1,"hideCount":false},{"id":"3026","count":1,"hideCount":false}]}]},{"champion":"MissFortune","title":"DariusNPE","map":"SR","mode":"TUTORIAL_MODULE_3","type":"riot","customTag":"","sortrank":0,"extensionPage":false,"customPanel":null,"blocks":[{"type":"npe1","recMath":true,"recSteps":false,"minSummonerLevel":-1,"maxSummonerLevel":-1,"showIfSummonerSpell":"","hideIfSummonerSpell":"","appendAfterSection":"","visibleWithAllOf":[""],"hiddenWithAnyOf":[""],"items":[{"id":"1036","count":2,"hideCount":false},{"id":"1006","count":1,"hideCount":false},{"id":"3077","count":1,"hideCount":false}]},{"type":"npe2","recMath":true,"recSteps":false,"minSummonerLevel":-1,"maxSummonerLevel":-1,"showIfSummonerSpell":"","hideIfSummonerSpell":"","appendAfterSection":"","visibleWithAllOf":[""],"hiddenWithAnyOf":[""],"items":[{"id":"3077","count":1,"hideCount":false},{"id":"1028","count":1,"hideCount":false},{"id":"3052","count":1,"hideCount":false},{"id":"3748","count":1,"hideCount":false}]},{"type":"npe3","recMath":true,"recSteps":false,"minSummonerLevel":-1,"maxSummonerLevel":-1,"showIfSummonerSpell":"","hideIfSummonerSpell":"","appendAfterSection":"","visibleWithAllOf":[""],"hiddenWithAnyOf":[""],"items":[{"id":"1001","count":1,"hideCount":false},{"id":"1033","count":1,"hideCount":false},{"id":"3111","count":1,"hideCount":false}]},{"type":"npe4","recMath":false,"recSteps":false,"minSummonerLevel":-1,"maxSummonerLevel":-1,"showIfSummonerSpell":"","hideIfSummonerSpell":"","appendAfterSection":"","visibleWithAllOf":[""],"hiddenWithAnyOf":[""],"items":[{"id":"3071","count":1,"hideCount":false},{"id":"3053","count":1,"hideCount":false},{"id":"3742","count":1,"hideCount":false},{"id":"3083","count":1,"hideCount":false},{"id":"3026","count":1,"hideCount":false}]}]},{"champion":"Darius","title":"DariusSR","map":"SR","mode":"CLASSIC","type":"riot","customTag":"","sortrank":0,"extensionPage":false,"useObviousCheckmark":false,"customPanel":null,"blocks":[{"type":"starting","recMath":false,"recSteps":false,"minSummonerLevel":-1,"maxSummonerLevel":-1,"showIfSummonerSpell":"","hideIfSummonerSpell":"SummonerSmite","appendAfterSection":"","visibleWithAllOf":[""],"hiddenWithAnyOf":[""],"items":[{"id":"1054","count":1,"hideCount":false},{"id":"2003","count":1,"hideCount":false},{"id":"3340","count":1,"hideCount":false}]},{"type":"early","recMath":false,"recSteps":false,"minSummonerLevel":-1,"maxSummonerLevel":-1,"showIfSummonerSpell":"","hideIfSummonerSpell":"SummonerSmite","appendAfterSection":"","visibleWithAllOf":[""],"hiddenWithAnyOf":[""],"items":[{"id":"3044","count":1,"hideCount":false},{"id":"1001","count":1,"hideCount":false}]},{"type":"essential","recMath":false,"recSteps":false,"minSummonerLevel":-1,"maxSummonerLevel":-1,"showIfSummonerSpell":"","hideIfSummonerSpell":"SummonerSmite","appendAfterSection":"","visibleWithAllOf":[""],"hiddenWithAnyOf":[""],"items":[{"id":"3071","count":1,"hideCount":false},{"id":"3111","count":1,"hideCount":false}]},{"type":"defensive","recMath":false,"recSteps":false,"minSummonerLevel":-1,"maxSummonerLevel":-1,"showIfSummonerSpell":"","hideIfSummonerSpell":"SummonerSmite","appendAfterSection":"","visibleWithAllOf":[""],"hiddenWithAnyOf":[""],"items":[{"id":"3053","count":1,"hideCount":false},{"id":"3065","count":1,"hideCount":false},{"id":"3742","count":1,"hideCount":false}]},{"type":"situational","recMath":false,"recSteps":false,"minSummonerLevel":-1,"maxSummonerLevel":-1,"showIfSummonerSpell":"","hideIfSummonerSpell":"SummonerSmite","appendAfterSection":"","visibleWithAllOf":[""],"hiddenWithAnyOf":[""],"items":[{"id":"3075","count":1,"hideCount":false},{"id":"3143","count":1,"hideCount":false},{"id":"3748","count":1,"hideCount":false}]},{"type":"startingjungle","recMath":false,"recSteps":false,"minSummonerLevel":-1,"maxSummonerLevel":-1,"showIfSummonerSpell":"SummonerSmite","hideIfSummonerSpell":"","appendAfterSection":"","visibleWithAllOf":[""],"hiddenWithAnyOf":[""],"items":[{"id":"1039","count":1,"hideCount":false},{"id":"2031","count":1,"hideCount":false},{"id":"3340","count":1,"hideCount":false}]},{"type":"earlyjungle","recMath":false,"recSteps":false,"minSummonerLevel":-1,"maxSummonerLevel":-1,"showIfSummonerSpell":"SummonerSmite","hideIfSummonerSpell":"","appendAfterSection":"","visibleWithAllOf":[""],"hiddenWithAnyOf":[""],"items":[{"id":"3706","count":1,"hideCount":false},{"id":"3751","count":1,"hideCount":false},{"id":"1001","count":1,"hideCount":false}]},{"type":"essentialjungle","recMath":false,"recSteps":false,"minSummonerLevel":-1,"maxSummonerLevel":-1,"showIfSummonerSpell":"SummonerSmite","hideIfSummonerSpell":"","appendAfterSection":"","visibleWithAllOf":[""],"hiddenWithAnyOf":[""],"items":[{"id":"1401","count":1,"hideCount":false},{"id":"3071","count":1,"hideCount":false},{"id":"3111","count":1,"hideCount":false}]},{"type":"defensive","recMath":false,"recSteps":false,"minSummonerLevel":-1,"maxSummonerLevel":-1,"showIfSummonerSpell":"SummonerSmite","hideIfSummonerSpell":"","appendAfterSection":"","visibleWithAllOf":[""],"hiddenWithAnyOf":[""],"items":[{"id":"3742","count":1,"hideCount":false},{"id":"3065","count":1,"hideCount":false},{"id":"3193","count":1,"hideCount":false}]},{"type":"situational","recMath":false,"recSteps":false,"minSummonerLevel":-1,"maxSummonerLevel":-1,"showIfSummonerSpell":"SummonerSmite","hideIfSummonerSpell":"","appendAfterSection":"","visibleWithAllOf":[""],"hiddenWithAnyOf":[""],"items":[{"id":"3075","count":1,"hideCount":false},{"id":"3143","count":1,"hideCount":false},{"id":"3748","count":1,"hideCount":false}]},{"type":"consumables","recMath":false,"recSteps":false,"minSummonerLevel":-1,"maxSummonerLevel":-1,"showIfSummonerSpell":"","hideIfSummonerSpell":"","appendAfterSection":"","visibleWithAllOf":[""],"hiddenWithAnyOf":[""],"items":[{"id":"2031","count":1,"hideCount":false},{"id":"2138","count":1,"hideCount":true}]}]}]}}}