{"type":"champion","format":"standAloneComplex","version":"10.15.1","data":{"Draven":{"id":"Draven","key":"119","name":"Draven","title":"the Glorious Executioner","image":{"full":"Draven.png","sprite":"champion0.png","group":"champion","x":96,"y":96,"w":48,"h":48},"skins":[{"id":"119000","num":0,"name":"default","chromas":false},{"id":"119001","num":1,"name":"Soul Reaver Draven","chromas":false},{"id":"119002","num":2,"name":"Gladiator Draven","chromas":false},{"id":"119003","num":3,"name":"Primetime Draven","chromas":true},{"id":"119004","num":4,"name":"Pool Party Draven","chromas":false},{"id":"119005","num":5,"name":"Beast Hunter Draven","chromas":false},{"id":"119006","num":6,"name":"Draven Draven","chromas":false},{"id":"119012","num":12,"name":"Santa Draven","chromas":false},{"id":"119013","num":13,"name":"Mecha Kingdoms Draven","chromas":true}],"lore":"In Noxus, warriors known as Reckoners face one another in arenas where blood is spilled and strength tested—but none has ever been as celebrated as Draven. A former soldier, he found that the crowds uniquely appreciated his flair for the dramatic, and his unparalleled skill with his spinning axes. Addicted to the spectacle of his own brash perfection, Draven has sworn to defeat whomever he must to ensure that his name is chanted throughout the empire forever more.","blurb":"In Noxus, warriors known as Reckoners face one another in arenas where blood is spilled and strength tested—but none has ever been as celebrated as Draven. A former soldier, he found that the crowds uniquely appreciated his flair for the dramatic, and...","allytips":["If Draven doesn't move, Spinning Axe will fall near his present location. It will fall directly on him, or just to the right or left.","If Draven does move after attacking, Spinning Axe will lead him in the direction of his movement. Use this to control where the Spinning Axe will go."],"enemytips":["Launch skillshots toward the landing position of Draven's Spinning Axes.","Disrupt Draven with the goal of making him drop his axes. If you do, his power drops dramatically."],"tags":["Marksman"],"partype":"Mana","info":{"attack":9,"defense":3,"magic":1,"difficulty":8},"stats":{"hp":605,"hpperlevel":90,"mp":360.56,"mpperlevel":39,"movespeed":330,"armor":29,"armorperlevel":3.3,"spellblock":30,"spellblockperlevel":0.5,"attackrange":550,"hpregen":3.75,"hpregenperlevel":0.7,"mpregen":8.042,"mpregenperlevel":0.65,"crit":0,"critperlevel":0,"attackdamage":60,"attackdamageperlevel":3.61,"attackspeedperlevel":2.7,"attackspeed":0.679},"spells":[{"id":"DravenSpinning","name":"Spinning Axe","description":"Draven's next attack will deal bonus physical damage. This axe will ricochet off the target high up into the air. If Draven catches it, he automatically readies another Spinning Axe. Draven can have two Spinning Axes at once.","tooltip":"Draven's next attack will deal <physicalDamage><scaleAD>{{ f1 }}</scaleAD> bonus physical damage</physicalDamage>. The bonus is equal to {{ e5 }} plus {{ e2 }}% of his bonus Attack Damage.<br /><br />This axe will ricochet off the target high up into the air. If Draven catches it, he automatically readies another <spellName>Spinning Axe</spellName>.<br /><br /><span class=\"colorDDDD77\">Draven can have two Spinning Axes at once.</span>","leveltip":{"label":["Damage","Bonus AD Percentage","Cooldown"],"effect":["{{ e5 }} -> {{ e5NL }}","{{ e2 }}% -> {{ e2NL }}%","{{ cooldown }} -> {{ cooldownNL }}"]},"maxrank":5,"cooldown":[12,11,10,9,8],"cooldownBurn":"12/11/10/9/8","cost":[45,45,45,45,45],"costBurn":"45","datavalues":{},"effect":[null,[100,100,100,100,100],[65,75,85,95,105],[30,35,40,45,50],[5.75,5.75,5.75,5.75,5.75],[35,40,45,50,55],[0,0,0,0,0],[0,0,0,0,0],[0,0,0,0,0],[0,0,0,0,0],[0,0,0,0,0]],"effectBurn":[null,"100","65/75/85/95/105","30/35/40/45/50","5.75","35/40/45/50/55","0","0","0","0","0"],"vars":[{"link":"attackdamage","coeff":[0.45,0.55,0.65,0.75,0.85],"key":"f1"}],"costType":" {{ abilityresourcename }}","maxammo":"-1","range":[300,300,300,300,300],"rangeBurn":"300","image":{"full":"DravenSpinning.png","sprite":"spell2.png","group":"spell","x":96,"y":96,"w":48,"h":48},"resource":"{{ cost }} {{ abilityresourcename }}"},{"id":"DravenFury","name":"Blood Rush","description":"Draven gains increased Movement Speed and Attack Speed. The Movement Speed bonus decreases rapidly over its duration. Catching a Spinning Axe will refresh the cooldown of Blood Rush.","tooltip":"Draven gains {{ e2 }}% increased Movement Speed for {{ e3 }} seconds and {{ e4 }}% increased Attack Speed for {{ e5 }} seconds. The Movement Speed bonus decreases rapidly over its duration.<br /><br />Catching a <spellName>Spinning Axe</spellName> will refresh the cooldown of <spellName>Blood Rush</spellName>.","leveltip":{"label":["Attack Speed","@AbilityResourceName@ Cost","Movement Speed"],"effect":["{{ e4 }}% -> {{ e4NL }}%","{{ cost }} -> {{ costNL }}","{{ e2 }}% -> {{ e2NL }}%"]},"maxrank":5,"cooldown":[12,12,12,12,12],"cooldownBurn":"12","cost":[40,35,30,25,20],"costBurn":"40/35/30/25/20","datavalues":{},"effect":[null,[4,5,6,7,8],[50,55,60,65,70],[1.5,1.5,1.5,1.5,1.5],[20,25,30,35,40],[3,3,3,3,3],[-0.062,-0.069,-0.075,-0.081,-0.087],[0,0,0,0,0],[0,0,0,0,0],[0,0,0,0,0],[0,0,0,0,0]],"effectBurn":[null,"4/5/6/7/8","50/55/60/65/70","1.5","20/25/30/35/40","3","-0.062/-0.069/-0.075/-0.081/-0.087","0","0","0","0"],"vars":[],"costType":" {{ abilityresourcename }}","maxammo":"-1","range":[1000,1000,1000,1000,1000],"rangeBurn":"1000","image":{"full":"DravenFury.png","sprite":"spell2.png","group":"spell","x":144,"y":96,"w":48,"h":48},"resource":"{{ cost }} {{ abilityresourcename }}"},{"id":"DravenDoubleShot","name":"Stand Aside","description":"Draven throws his axes, dealing physical damage to targets hit and knocking them aside. Targets hit are slowed.","tooltip":"Draven throws his axes, dealing <physicalDamage>{{ e1 }} <scaleAD>(+{{ f1 }})</scaleAD> physical damage</physicalDamage> to targets hit and knocking them aside. Targets hit are slowed by {{ e2 }}% for {{ e3 }} seconds.","leveltip":{"label":["Damage","Slow","Cooldown"],"effect":["{{ e1 }} -> {{ e1NL }}","{{ e2 }}% -> {{ e2NL }}%","{{ cooldown }} -> {{ cooldownNL }}"]},"maxrank":5,"cooldown":[18,17,16,15,14],"cooldownBurn":"18/17/16/15/14","cost":[70,70,70,70,70],"costBurn":"70","datavalues":{},"effect":[null,[75,110,145,180,215],[20,25,30,35,40],[2,2,2,2,2],[0.5,0.5,0.5,0.5,0.5],[0,0,0,0,0],[0,0,0,0,0],[0,0,0,0,0],[0,0,0,0,0],[0,0,0,0,0],[0,0,0,0,0]],"effectBurn":[null,"75/110/145/180/215","20/25/30/35/40","2","0.5","0","0","0","0","0","0"],"vars":[{"link":"bonusattackdamage","coeff":0.5,"key":"f1"}],"costType":" {{ abilityresourcename }}","maxammo":"-1","range":[1050,1050,1050,1050,1050],"rangeBurn":"1050","image":{"full":"DravenDoubleShot.png","sprite":"spell2.png","group":"spell","x":192,"y":96,"w":48,"h":48},"resource":"{{ cost }} {{ abilityresourcename }}"},{"id":"DravenRCast","name":"Whirling Death","description":"Draven hurls two massive axes to deal physical damage to each unit struck. Whirling Death slowly reverses direction and returns to Draven after striking an enemy champion. Draven may also activate this ability while the axes are in flight to cause it to return early. Deals less damage for each unit hit and resets when the axes reverse direction.","tooltip":"Draven hurls two massive axes to deal <physicalDamage>{{ rcalculateddamage }} physical damage</physicalDamage> to each unit struck.<br /><br />Whirling Death slowly reverses direction and returns to Draven after striking an enemy champion. Draven may also activate this ability while the axes are in flight to cause it to return early. Deals {{ rdamagereductionperhit*100 }}% less damage for each unit hit (Minimum {{ rmindamagepercent }}%) and resets when the axes reverse direction.","leveltip":{"label":["Damage","Cooldown","Bonus AD Ratio"],"effect":["{{ rbasedamage }} -> {{ rbasedamageNL }}","{{ cooldown }} -> {{ cooldownNL }}","{{ rcoefficient*100.000000 }}% -> {{ rcoefficientnl*100.000000 }}%"]},"maxrank":3,"cooldown":[100,90,80],"cooldownBurn":"100/90/80","cost":[100,100,100],"costBurn":"100","datavalues":{},"effect":[null,[0,0,0],[0,0,0],[0,0,0],[0,0,0],[0,0,0],[0,0,0],[0,0,0],[0,0,0],[0,0,0],[0,0,0]],"effectBurn":[null,"0","0","0","0","0","0","0","0","0","0"],"vars":[],"costType":" {{ abilityresourcename }}","maxammo":"-1","range":[20000,20000,20000],"rangeBurn":"20000","image":{"full":"DravenRCast.png","sprite":"spell2.png","group":"spell","x":240,"y":96,"w":48,"h":48},"resource":"{{ cost }} {{ abilityresourcename }}"}],"passive":{"name":"League of Draven","description":"Draven gains his fans' Adoration when he catches a Spinning Axe or kills a minion, monster, or tower. Killing enemy champions grants Draven bonus gold based on how much Adoration he has.","image":{"full":"Draven_passive.png","sprite":"passive0.png","group":"passive","x":96,"y":96,"w":48,"h":48}},"recommended":[{"champion":"Draven","title":"Beginner","type":"riot","map":"SR","mode":"INTRO","priority":false,"blocks":[{"type":"beginner_Starter","maxSummonerLevel":4,"items":[{"id":"1055","count":1}]},{"type":"beginner_Starter","minSummonerLevel":5,"items":[{"id":"1055","count":1},{"id":"2003","count":1}]},{"type":"beginner_Advanced","recMath":true,"items":[{"id":"1036","count":1},{"id":"1053","count":1}]},{"type":"beginner_MovementSpeed","recMath":true,"items":[{"id":"1001","count":1},{"id":"1042","count":1},{"id":"3006","count":1}]},{"type":"beginner_LegendaryItem","recMath":true,"items":[{"id":"1053","count":1},{"id":"1038","count":1},{"id":"3072","count":1}]},{"type":"beginner_MoreLegendaryItems","items":[{"id":"3087","count":1},{"id":"3022","count":1},{"id":"3031","count":1},{"id":"3102","count":1}]}]},{"champion":"Draven","title":"DravenARAM","map":"HA","mode":"ARAM","type":"riot","customTag":"","sortrank":0,"extensionPage":false,"useObviousCheckmark":false,"customPanel":null,"blocks":[{"type":"starting","recMath":false,"recSteps":false,"minSummonerLevel":-1,"maxSummonerLevel":-1,"showIfSummonerSpell":"","hideIfSummonerSpell":"","appendAfterSection":"","visibleWithAllOf":[""],"hiddenWithAnyOf":[""],"items":[{"id":"1038","count":1,"hideCount":false},{"id":"2003","count":2,"hideCount":false}]},{"type":"essential","recMath":false,"recSteps":false,"minSummonerLevel":-1,"maxSummonerLevel":-1,"showIfSummonerSpell":"","hideIfSummonerSpell":"","appendAfterSection":"","visibleWithAllOf":[""],"hiddenWithAnyOf":[""],"items":[{"id":"3006","count":1,"hideCount":false},{"id":"3031","count":1,"hideCount":false},{"id":"3094","count":1,"hideCount":false}]},{"type":"offensive","recMath":false,"recSteps":false,"minSummonerLevel":-1,"maxSummonerLevel":-1,"showIfSummonerSpell":"","hideIfSummonerSpell":"","appendAfterSection":"","visibleWithAllOf":[""],"hiddenWithAnyOf":[""],"items":[{"id":"3072","count":1,"hideCount":false},{"id":"3087","count":1,"hideCount":false},{"id":"3508","count":1,"hideCount":false}]},{"type":"defensive","recMath":false,"recSteps":false,"minSummonerLevel":-1,"maxSummonerLevel":-1,"showIfSummonerSpell":"","hideIfSummonerSpell":"","appendAfterSection":"","visibleWithAllOf":[""],"hiddenWithAnyOf":[""],"items":[{"id":"3139","count":1,"hideCount":false},{"id":"3046","count":1,"hideCount":false},{"id":"3812","count":1,"hideCount":false}]},{"type":"consumables","recMath":false,"recSteps":false,"minSummonerLevel":-1,"maxSummonerLevel":-1,"showIfSummonerSpell":"","hideIfSummonerSpell":"","appendAfterSection":"","visibleWithAllOf":[""],"hiddenWithAnyOf":[""],"items":[{"id":"2003","count":1,"hideCount":true},{"id":"2140","count":1,"hideCount":true}]}]},{"champion":"Draven","title":"DravenFIRSTBLOOD","map":"HA","mode":"FIRSTBLOOD","type":"riot","customTag":"","extensionPage":false,"customPanel":null,"blocks":[{"type":"starting","recMath":false,"recSteps":false,"minSummonerLevel":-1,"maxSummonerLevel":-1,"showIfSummonerSpell":"","hideIfSummonerSpell":"","items":[{"id":"1055","count":1,"hideCount":false},{"id":"2003","count":1,"hideCount":false},{"id":"3340","count":1,"hideCount":false}]},{"type":"early","recMath":false,"recSteps":false,"minSummonerLevel":-1,"maxSummonerLevel":-1,"showIfSummonerSpell":"","hideIfSummonerSpell":"","items":[{"id":"1001","count":1,"hideCount":false},{"id":"1038","count":1,"hideCount":false},{"id":"1053","count":1,"hideCount":false}]},{"type":"essential","recMath":false,"recSteps":false,"minSummonerLevel":-1,"maxSummonerLevel":-1,"showIfSummonerSpell":"","hideIfSummonerSpell":"","items":[{"id":"3006","count":1,"hideCount":false},{"id":"3031","count":1,"hideCount":false},{"id":"3508","count":1,"hideCount":false}]},{"type":"offensive","recMath":false,"recSteps":false,"minSummonerLevel":-1,"maxSummonerLevel":-1,"showIfSummonerSpell":"","hideIfSummonerSpell":"","items":[{"id":"3046","count":1,"hideCount":false},{"id":"3094","count":1,"hideCount":false},{"id":"3072","count":1,"hideCount":false}]},{"type":"situational","recMath":false,"recSteps":false,"minSummonerLevel":-1,"maxSummonerLevel":-1,"showIfSummonerSpell":"","hideIfSummonerSpell":"","items":[{"id":"3036","count":1,"hideCount":false},{"id":"3033","count":1,"hideCount":false},{"id":"3139","count":1,"hideCount":false}]},{"type":"consumables","recMath":false,"recSteps":false,"minSummonerLevel":-1,"maxSummonerLevel":-1,"showIfSummonerSpell":"","hideIfSummonerSpell":"","items":[{"id":"2003","count":1,"hideCount":true},{"id":"2043","count":1,"hideCount":true},{"id":"2140","count":1,"hideCount":true},{"id":"3363","count":1,"hideCount":true}]}]},{"champion":"Draven","title":"DravenARAM","map":"HA","mode":"KINGPORO","type":"riot","customTag":"","sortrank":0,"extensionPage":false,"useObviousCheckmark":false,"customPanel":null,"blocks":[{"type":"KingPoroSnax","recMath":false,"recSteps":false,"minSummonerLevel":-1,"maxSummonerLevel":-1,"showIfSummonerSpell":"","hideIfSummonerSpell":"","items":[{"id":"3680","count":1,"hideCount":false},{"id":"3681","count":1,"hideCount":false},{"id":"3682","count":1,"hideCount":false},{"id":"3683","count":1,"hideCount":false},{"id":"3684","count":1,"hideCount":false},{"id":"3685","count":1,"hideCount":false}]},{"type":"starting","recMath":false,"recSteps":false,"minSummonerLevel":-1,"maxSummonerLevel":-1,"showIfSummonerSpell":"","hideIfSummonerSpell":"","appendAfterSection":"","visibleWithAllOf":[""],"hiddenWithAnyOf":[""],"items":[{"id":"1038","count":1,"hideCount":false},{"id":"2003","count":2,"hideCount":false}]},{"type":"essential","recMath":false,"recSteps":false,"minSummonerLevel":-1,"maxSummonerLevel":-1,"showIfSummonerSpell":"","hideIfSummonerSpell":"","appendAfterSection":"","visibleWithAllOf":[""],"hiddenWithAnyOf":[""],"items":[{"id":"3006","count":1,"hideCount":false},{"id":"3031","count":1,"hideCount":false},{"id":"3094","count":1,"hideCount":false}]},{"type":"offensive","recMath":false,"recSteps":false,"minSummonerLevel":-1,"maxSummonerLevel":-1,"showIfSummonerSpell":"","hideIfSummonerSpell":"","appendAfterSection":"","visibleWithAllOf":[""],"hiddenWithAnyOf":[""],"items":[{"id":"3072","count":1,"hideCount":false},{"id":"3087","count":1,"hideCount":false},{"id":"3508","count":1,"hideCount":false}]},{"type":"defensive","recMath":false,"recSteps":false,"minSummonerLevel":-1,"maxSummonerLevel":-1,"showIfSummonerSpell":"","hideIfSummonerSpell":"","appendAfterSection":"","visibleWithAllOf":[""],"hiddenWithAnyOf":[""],"items":[{"id":"3139","count":1,"hideCount":false},{"id":"3046","count":1,"hideCount":false},{"id":"3812","count":1,"hideCount":false}]},{"type":"consumables","recMath":false,"recSteps":false,"minSummonerLevel":-1,"maxSummonerLevel":-1,"showIfSummonerSpell":"","hideIfSummonerSpell":"","appendAfterSection":"","visibleWithAllOf":[""],"hiddenWithAnyOf":[""],"items":[{"id":"2003","count":1,"hideCount":true},{"id":"2140","count":1,"hideCount":true}]}]},{"champion":"Draven","title":"DravenSL","map":"NB","mode":"NEXUSBLITZ","type":"riot","customTag":"","sortrank":0,"extensionPage":false,"useObviousCheckmark":false,"customPanel":null,"blocks":[{"type":"starting","recMath":false,"recSteps":false,"minSummonerLevel":-1,"maxSummonerLevel":-1,"showIfSummonerSpell":"","hideIfSummonerSpell":"SummonerSmite","appendAfterSection":"","visibleWithAllOf":[""],"hiddenWithAnyOf":[""],"items":[{"id":"4202","count":1,"hideCount":false},{"id":"2003","count":1,"hideCount":false},{"id":"3340","count":1,"hideCount":false}]},{"type":"startingjungle","recMath":false,"recSteps":false,"minSummonerLevel":-1,"maxSummonerLevel":-1,"showIfSummonerSpell":"SummonerSmite","hideIfSummonerSpell":"","appendAfterSection":"","visibleWithAllOf":[""],"hiddenWithAnyOf":[""],"items":[{"id":"4101","count":1,"hideCount":false},{"id":"2003","count":1,"hideCount":false},{"id":"3340","count":1,"hideCount":false}]},{"type":"early","recMath":false,"recSteps":false,"minSummonerLevel":-1,"maxSummonerLevel":-1,"showIfSummonerSpell":"","hideIfSummonerSpell":"SummonerSmite","appendAfterSection":"","visibleWithAllOf":[""],"hiddenWithAnyOf":[""],"items":[{"id":"1001","count":1,"hideCount":false},{"id":"1038","count":1,"hideCount":false},{"id":"1053","count":1,"hideCount":false}]},{"type":"earlyjungle","recMath":false,"recSteps":false,"minSummonerLevel":-1,"maxSummonerLevel":-1,"showIfSummonerSpell":"SummonerSmite","hideIfSummonerSpell":"","appendAfterSection":"","visibleWithAllOf":[""],"hiddenWithAnyOf":[""],"items":[{"id":"3133","count":1,"hideCount":false},{"id":"1001","count":1,"hideCount":false}]},{"type":"essential","recMath":false,"recSteps":false,"minSummonerLevel":-1,"maxSummonerLevel":-1,"showIfSummonerSpell":"","hideIfSummonerSpell":"SummonerSmite","appendAfterSection":"","visibleWithAllOf":[""],"hiddenWithAnyOf":[""],"items":[{"id":"3072","count":1,"hideCount":false},{"id":"3095","count":1,"hideCount":false},{"id":"3006","count":1,"hideCount":false}]},{"type":"essentialjungle","recMath":false,"recSteps":false,"minSummonerLevel":-1,"maxSummonerLevel":-1,"showIfSummonerSpell":"SummonerSmite","hideIfSummonerSpell":"","appendAfterSection":"","visibleWithAllOf":[""],"hiddenWithAnyOf":[""],"items":[{"id":"4102","count":1,"hideCount":false},{"id":"3006","count":1,"hideCount":false},{"id":"3142","count":1,"hideCount":false}]},{"type":"offensive","recMath":false,"recSteps":false,"minSummonerLevel":-1,"maxSummonerLevel":-1,"showIfSummonerSpell":"","hideIfSummonerSpell":"","appendAfterSection":"","visibleWithAllOf":[""],"hiddenWithAnyOf":[""],"items":[{"id":"3094","count":1,"hideCount":false},{"id":"3031","count":1,"hideCount":false},{"id":"3046","count":1,"hideCount":false}]},{"type":"situational","recMath":false,"recSteps":false,"minSummonerLevel":-1,"maxSummonerLevel":-1,"showIfSummonerSpell":"","hideIfSummonerSpell":"","appendAfterSection":"","visibleWithAllOf":[""],"hiddenWithAnyOf":[""],"items":[{"id":"3036","count":1,"hideCount":false},{"id":"3139","count":1,"hideCount":false},{"id":"3156","count":1,"hideCount":false}]},{"type":"consumables","recMath":false,"recSteps":false,"minSummonerLevel":-1,"maxSummonerLevel":-1,"showIfSummonerSpell":"","hideIfSummonerSpell":"","appendAfterSection":"","visibleWithAllOf":[""],"hiddenWithAnyOf":[""],"items":[{"id":"2003","count":1,"hideCount":true},{"id":"2140","count":1,"hideCount":true}]}]},{"champion":"Draven","title":"DravenSR","map":"SR","mode":"CLASSIC","type":"riot","customTag":"","sortrank":0,"extensionPage":false,"useObviousCheckmark":false,"customPanel":null,"blocks":[{"type":"starting","recMath":false,"recSteps":false,"minSummonerLevel":-1,"maxSummonerLevel":-1,"showIfSummonerSpell":"","hideIfSummonerSpell":"","appendAfterSection":"","visibleWithAllOf":[""],"hiddenWithAnyOf":[""],"items":[{"id":"1055","count":1,"hideCount":false},{"id":"2003","count":1,"hideCount":false},{"id":"3340","count":1,"hideCount":false}]},{"type":"early","recMath":false,"recSteps":false,"minSummonerLevel":-1,"maxSummonerLevel":-1,"showIfSummonerSpell":"","hideIfSummonerSpell":"","appendAfterSection":"","visibleWithAllOf":[""],"hiddenWithAnyOf":[""],"items":[{"id":"1001","count":1,"hideCount":false},{"id":"1038","count":1,"hideCount":false},{"id":"1053","count":1,"hideCount":false}]},{"type":"essential","recMath":false,"recSteps":false,"minSummonerLevel":-1,"maxSummonerLevel":-1,"showIfSummonerSpell":"","hideIfSummonerSpell":"","appendAfterSection":"","visibleWithAllOf":[""],"hiddenWithAnyOf":[""],"items":[{"id":"3072","count":1,"hideCount":false},{"id":"3031","count":1,"hideCount":false},{"id":"3006","count":1,"hideCount":false}]},{"type":"offensive","recMath":false,"recSteps":false,"minSummonerLevel":-1,"maxSummonerLevel":-1,"showIfSummonerSpell":"","hideIfSummonerSpell":"","appendAfterSection":"","visibleWithAllOf":[""],"hiddenWithAnyOf":[""],"items":[{"id":"3094","count":1,"hideCount":false},{"id":"3046","count":1,"hideCount":false},{"id":"3095","count":1,"hideCount":false}]},{"type":"situational","recMath":false,"recSteps":false,"minSummonerLevel":-1,"maxSummonerLevel":-1,"showIfSummonerSpell":"","hideIfSummonerSpell":"","appendAfterSection":"","visibleWithAllOf":[""],"hiddenWithAnyOf":[""],"items":[{"id":"3036","count":1,"hideCount":false},{"id":"3139","count":1,"hideCount":false},{"id":"3026","count":1,"hideCount":false}]},{"type":"consumables","recMath":false,"recSteps":false,"minSummonerLevel":-1,"maxSummonerLevel":-1,"showIfSummonerSpell":"","hideIfSummonerSpell":"","appendAfterSection":"","visibleWithAllOf":[""],"hiddenWithAnyOf":[""],"items":[{"id":"2003","count":1,"hideCount":true},{"id":"2140","count":1,"hideCount":true}]}]}]}}}