{"type":"champion","format":"standAloneComplex","version":"10.15.1","data":{"DrMundo":{"id":"DrMundo","key":"36","name":"Dr. Mundo","title":"the Madman of Zaun","image":{"full":"DrMundo.png","sprite":"champion0.png","group":"champion","x":144,"y":96,"w":48,"h":48},"skins":[{"id":"36000","num":0,"name":"default","chromas":false},{"id":"36001","num":1,"name":"Toxic Dr. Mundo","chromas":false},{"id":"36002","num":2,"name":"Mr. Mundoverse","chromas":false},{"id":"36003","num":3,"name":"Corporate Mundo","chromas":false},{"id":"36004","num":4,"name":"Mundo Mundo","chromas":false},{"id":"36005","num":5,"name":"Executioner Mundo","chromas":false},{"id":"36006","num":6,"name":"Rageborn Mundo","chromas":false},{"id":"36007","num":7,"name":"TPA Mundo","chromas":false},{"id":"36008","num":8,"name":"Pool Party Mundo","chromas":false},{"id":"36009","num":9,"name":"El Macho Mundo","chromas":false},{"id":"36010","num":10,"name":"Frozen Prince Mundo","chromas":true}],"lore":"Utterly insane, unrepentantly homicidal, and horrifyingly purple, Dr. Mundo is what keeps many of Zaun's citizens indoors on particularly dark nights. This monosyllabic monstrosity seems to want nothing more than pain—both the giving of it, and the receiving of it. Wielding his massive meat cleaver as if it were weightless, Mundo is infamous for capturing and torturing dozens of Zaun's citizens for his nefarious “operations,” which seem to have no overall point or goal. He is brutal. He is unpredictable. He goes where he pleases. He is also not, technically, a doctor.","blurb":"Utterly insane, unrepentantly homicidal, and horrifyingly purple, Dr. Mundo is what keeps many of Zaun's citizens indoors on particularly dark nights. This monosyllabic monstrosity seems to want nothing more than pain—both the giving of it, and the...","allytips":["A well-timed Sadism can bait enemy champions into attacking you even when they lack the damage to finish you.","Spirit Visage will increase the healing done by your ultimate and lower cooldowns on all of your abilities.","Cleavers are a powerful tool for killing neutral monsters. Instead of returning to base, farm neutral monsters until your ultimate can heal you."],"enemytips":["Try to coordinate high-damage abilities with your allies right after Dr. Mundo uses his ultimate, but if you're unable to kill him quickly with burst he will heal through the damage.","Try casting Ignite when Dr. Mundo uses Sadism to negate a large portion of its healing."],"tags":["Fighter","Tank"],"partype":"None","info":{"attack":5,"defense":7,"magic":6,"difficulty":5},"stats":{"hp":582.52,"hpperlevel":89,"mp":0,"mpperlevel":0,"movespeed":345,"armor":36,"armorperlevel":3.5,"spellblock":32.1,"spellblockperlevel":1.25,"attackrange":125,"hpregen":8,"hpregenperlevel":0.75,"mpregen":0,"mpregenperlevel":0,"crit":0,"critperlevel":0,"attackdamage":61.27,"attackdamageperlevel":3.5,"attackspeedperlevel":2.8,"attackspeed":0.721},"spells":[{"id":"InfectedCleaverMissileCast","name":"Infected Cleaver","description":"Dr. Mundo hurls his cleaver, dealing damage equal to a portion of his target's current Health and slowing them for a short time. Dr. Mundo delights in the suffering of others, so he is returned a portion of the Health cost when he successfully lands a cleaver (doubled on killing blows).","tooltip":"Dr. Mundo hurls his cleaver, dealing {{ e2 }}% of the target's current health as <magicDamage>magic damage</magicDamage> (no less than {{ e1 }}) and slowing them by {{ e4 }}% for {{ e5 }} seconds.<br /><br />If the cleaver hits, {{ f1 }} health is refunded ({{ f2 }} if the cleaver kills).<br /><br /><rules>Infected Cleaver deals no more than {{ e6 }} damage against monsters.</rules>","leveltip":{"label":["Damage","Minimum Damage","Monster Damage Cap","Cost"],"effect":["{{ effect2amount*100.000000 }}% -> {{ effect2amountnl*100.000000 }}%","{{ e1 }} -> {{ e1NL }}","{{ e6 }} -> {{ e6NL }}","{{ e3 }} -> {{ e3NL }}"]},"maxrank":5,"cooldown":[4,4,4,4,4],"cooldownBurn":"4","cost":[0,0,0,0,0],"costBurn":"0","datavalues":{},"effect":[null,[80,130,180,230,280],[20,22.5,25,27.5,30],[50,60,70,80,90],[40,40,40,40,40],[2,2,2,2,2],[300,350,400,450,500],[0.4,0.4,0.4,0.4,0.4],[0.8,0.8,0.8,0.8,0.8],[0,0,0,0,0],[0,0,0,0,0]],"effectBurn":[null,"80/130/180/230/280","20/22.5/25/27.5/30","50/60/70/80/90","40","2","300/350/400/450/500","0.4","0.8","0","0"],"vars":[],"costType":" Health","maxammo":"-1","range":[975,975,975,975,975],"rangeBurn":"975","image":{"full":"InfectedCleaverMissileCast.png","sprite":"spell2.png","group":"spell","x":288,"y":96,"w":48,"h":48},"resource":"{{ e3 }} Health"},{"id":"BurningAgony","name":"Burning Agony","description":"Dr. Mundo drains his Health to reduce the duration of disables and deal continual damage to nearby enemies.","tooltip":"<spellActive>Toggle:</spellActive> Dr. Mundo sets himself on fire, dealing <magicDamage>{{ damagepersecond }} <scaleAP>(+{{ a1 }})</scaleAP> magic damage</magicDamage> to nearby enemies every second.<br /><br />While on fire, the duration of disables against Dr. Mundo are reduced by {{ e5 }}%.","leveltip":{"label":["Damage","Cost"],"effect":["{{ e1 }} -> {{ e1NL }}","{{ e2 }} -> {{ e2NL }}"]},"maxrank":5,"cooldown":[4,4,4,4,4],"cooldownBurn":"4","cost":[0,0,0,0,0],"costBurn":"0","datavalues":{},"effect":[null,[40,55,70,85,100],[10,15,20,25,30],[2,2,2,2,2],[325,325,325,325,325],[30,30,30,30,30],[0,0,0,0,0],[0,0,0,0,0],[0,0,0,0,0],[0,0,0,0,0],[0,0,0,0,0]],"effectBurn":[null,"40/55/70/85/100","10/15/20/25/30","2","325","30","0","0","0","0","0"],"vars":[{"link":"spelldamage","coeff":0.2,"key":"a1"}],"costType":" Health Every Second","maxammo":"-1","range":[325,325,325,325,325],"rangeBurn":"325","image":{"full":"BurningAgony.png","sprite":"spell2.png","group":"spell","x":336,"y":96,"w":48,"h":48},"resource":"{{ e2 }} Health Every Second"},{"id":"Masochism","name":"Masochism","description":"Dr. Mundo gains bonus attack damage based on his missing health, and his next basic attack headbutts his target for additional damage. Passively increases magic resist whenever Dr. Mundo is dealt magic damage or pays a health cost.","tooltip":"<spellPassive>Passive:</spellPassive> When Dr. Mundo suffers magic damage or pays a health cost, his magic resist is increased by {{ e8 }}% for {{ e0 }} seconds, up to a maximum of {{ e9 }}%.<br /><br /><spellActive>Active:</spellActive> Dr. Mundo's next basic attack will headbutt the enemy, dealing an additional <physicalDamage><scaleHealth>{{ f1 }}</scaleHealth> physical damage</physicalDamage> ({{ e1 }}% of maximum health) at the cost of {{ e2 }} health.<br /><br />Upon activation, Dr. Mundo gains up to {{ e4 }} attack damage (no less than {{ e5 }}) for {{ e6 }} seconds based on his missing health.<br /><br /><rules>Masochism grants {{ f2 }} attack damage above the minimum for every 1% of missing health (<scaleHealth>{{ f5 }}</scaleHealth>)</rules>.","leveltip":{"label":["Headbutt Damage","Headbutt Cost","Attack Damage Maximum","Attack Damage Minimum","Magic Resist Maximum","Cooldown"],"effect":["{{ effect1amount*100.000000 }}% -> {{ effect1amountnl*100.000000 }}%","{{ e2 }} -> {{ e2NL }}","{{ e4 }} -> {{ e4NL }}","{{ e5 }} -> {{ e5NL }}","{{ effect9amount*100.000000 }}% -> {{ effect9amountnl*100.000000 }}%","{{ cooldown }} -> {{ cooldownNL }}"]},"maxrank":5,"cooldown":[6,5.5,5,4.5,4],"cooldownBurn":"6/5.5/5/4.5/4","cost":[0,0,0,0,0],"costBurn":"0","datavalues":{},"effect":[null,[3,3.5,4,4.5,5],[25,35,45,55,65],[25,25,25,25,25],[60,90,120,150,180],[40,55,70,85,100],[5,5,5,5,5],[0,0,0,0,0],[3,3,3,3,3],[6,15,24,33,42],[2,2,2,2,2]],"effectBurn":[null,"3/3.5/4/4.5/5","25/35/45/55/65","25","60/90/120/150/180","40/55/70/85/100","5","0","3","6/15/24/33/42","2"],"vars":[],"costType":"No Cost","maxammo":"-1","range":[300,300,300,300,300],"rangeBurn":"300","image":{"full":"Masochism.png","sprite":"spell2.png","group":"spell","x":384,"y":96,"w":48,"h":48},"resource":"No Cost"},{"id":"Sadism","name":"Sadism","description":"Dr. Mundo sacrifices a portion of his Health for increased Movement Speed and drastically increased Health Regeneration.","tooltip":"Dr. Mundo regenerates <scaleHealth>{{ f1 }}</scaleHealth> Health ({{ e1 }}% of max health) over {{ e2 }} seconds, and gains {{ e3 }}% movement speed for the duration.","leveltip":{"label":["Regeneration","Movement Speed","Cooldown"],"effect":["{{ e1 }}% -> {{ e1NL }}%","{{ e3 }}% -> {{ e3NL }}%","{{ cooldown }} -> {{ cooldownNL }}"]},"maxrank":3,"cooldown":[110,100,90],"cooldownBurn":"110/100/90","cost":[0,0,0],"costBurn":"0","datavalues":{},"effect":[null,[50,75,100],[12,12,12],[15,25,35],[25,25,25],[0.015,0.015,0.015],[5,5,5],[0,0,0],[0,0,0],[0,0,0],[0,0,0]],"effectBurn":[null,"50/75/100","12","15/25/35","25","0.01","5","0","0","0","0"],"vars":[],"costType":"% of Current Health","maxammo":"-1","range":[20,20,20],"rangeBurn":"20","image":{"full":"Sadism.png","sprite":"spell2.png","group":"spell","x":432,"y":96,"w":48,"h":48},"resource":"{{ e4 }}% of Current Health"}],"passive":{"name":"Adrenaline Rush","description":"Dr. Mundo regenerates 0.3% of his maximum Health each second.","image":{"full":"DrMundo_Passive.png","sprite":"passive0.png","group":"passive","x":144,"y":96,"w":48,"h":48}},"recommended":[{"champion":"DrMundo","title":"DrMundoARAM","map":"HA","mode":"ARAM","type":"riot","customTag":"","sortrank":0,"extensionPage":false,"useObviousCheckmark":false,"customPanel":null,"blocks":[{"type":"starting","recMath":false,"recSteps":false,"minSummonerLevel":-1,"maxSummonerLevel":-1,"showIfSummonerSpell":"","hideIfSummonerSpell":"","appendAfterSection":"","visibleWithAllOf":[""],"hiddenWithAnyOf":[""],"items":[{"id":"2051","count":1,"hideCount":false},{"id":"1001","count":1,"hideCount":false},{"id":"2003","count":3,"hideCount":false}]},{"type":"essential","recMath":false,"recSteps":false,"minSummonerLevel":-1,"maxSummonerLevel":-1,"showIfSummonerSpell":"","hideIfSummonerSpell":"","appendAfterSection":"","visibleWithAllOf":[""],"hiddenWithAnyOf":[""],"items":[{"id":"3009","count":1,"hideCount":false},{"id":"3065","count":1,"hideCount":false},{"id":"3068","count":1,"hideCount":false}]},{"type":"offensive","recMath":false,"recSteps":false,"minSummonerLevel":-1,"maxSummonerLevel":-1,"showIfSummonerSpell":"","hideIfSummonerSpell":"","appendAfterSection":"","visibleWithAllOf":[""],"hiddenWithAnyOf":[""],"items":[{"id":"3748","count":1,"hideCount":false},{"id":"3742","count":1,"hideCount":false},{"id":"3005","count":1,"hideCount":false}]},{"type":"defensive","recMath":false,"recSteps":false,"minSummonerLevel":-1,"maxSummonerLevel":-1,"showIfSummonerSpell":"","hideIfSummonerSpell":"","appendAfterSection":"","visibleWithAllOf":[""],"hiddenWithAnyOf":[""],"items":[{"id":"3143","count":1,"hideCount":false},{"id":"3109","count":1,"hideCount":false},{"id":"3075","count":1,"hideCount":false}]},{"type":"consumables","recMath":false,"recSteps":false,"minSummonerLevel":-1,"maxSummonerLevel":-1,"showIfSummonerSpell":"","hideIfSummonerSpell":"","appendAfterSection":"","visibleWithAllOf":[""],"hiddenWithAnyOf":[""],"items":[{"id":"2003","count":1,"hideCount":false},{"id":"2138","count":1,"hideCount":false}]}]},{"champion":"DrMundo","title":"DrMundoFIRSTBLOOD","map":"HA","mode":"FIRSTBLOOD","type":"riot","customTag":"","extensionPage":false,"customPanel":null,"blocks":[{"type":"starting","recMath":false,"recSteps":false,"minSummonerLevel":-1,"maxSummonerLevel":-1,"showIfSummonerSpell":"","hideIfSummonerSpell":"SummonerSmite","items":[{"id":"1054","count":1,"hideCount":false},{"id":"2003","count":1,"hideCount":false},{"id":"3340","count":1,"hideCount":false}]},{"type":"startingjungle","recMath":false,"recSteps":false,"minSummonerLevel":-1,"maxSummonerLevel":-1,"showIfSummonerSpell":"SummonerSmite","hideIfSummonerSpell":"","items":[{"id":"1041","count":1,"hideCount":false},{"id":"2003","count":3,"hideCount":false},{"id":"3340","count":1,"hideCount":false}]},{"type":"essential","recMath":false,"recSteps":false,"minSummonerLevel":-1,"maxSummonerLevel":-1,"showIfSummonerSpell":"","hideIfSummonerSpell":"SummonerSmite","items":[{"id":"3047","count":1,"hideCount":false},{"id":"3065","count":1,"hideCount":false},{"id":"3068","count":1,"hideCount":false}]},{"type":"essentialjungle","recMath":false,"recSteps":false,"minSummonerLevel":-1,"maxSummonerLevel":-1,"showIfSummonerSpell":"SummonerSmite","hideIfSummonerSpell":"","items":[{"id":"1401","count":1,"hideCount":false},{"id":"3047","count":1,"hideCount":false},{"id":"3065","count":1,"hideCount":false}]},{"type":"offensive","recMath":false,"recSteps":false,"minSummonerLevel":-1,"maxSummonerLevel":-1,"showIfSummonerSpell":"","hideIfSummonerSpell":"","items":[{"id":"3151","count":1,"hideCount":false},{"id":"3022","count":1,"hideCount":false},{"id":"3091","count":1,"hideCount":false}]},{"type":"defensive","recMath":false,"recSteps":false,"minSummonerLevel":-1,"maxSummonerLevel":-1,"showIfSummonerSpell":"","hideIfSummonerSpell":"","items":[{"id":"3075","count":1,"hideCount":false},{"id":"3083","count":1,"hideCount":false},{"id":"3102","count":1,"hideCount":false}]},{"type":"consumables","recMath":false,"recSteps":false,"minSummonerLevel":-1,"maxSummonerLevel":-1,"showIfSummonerSpell":"","hideIfSummonerSpell":"","items":[{"id":"2003","count":1,"hideCount":false},{"id":"2043","count":1,"hideCount":false},{"id":"2138","count":1,"hideCount":false},{"id":"3361","count":1,"hideCount":false}]}]},{"champion":"DrMundo","title":"DrMundoARAM","map":"HA","mode":"KINGPORO","type":"riot","customTag":"","sortrank":0,"extensionPage":false,"useObviousCheckmark":false,"customPanel":null,"blocks":[{"type":"KingPoroSnax","recMath":false,"recSteps":false,"minSummonerLevel":-1,"maxSummonerLevel":-1,"showIfSummonerSpell":"","hideIfSummonerSpell":"","items":[{"id":"3680","count":1,"hideCount":false},{"id":"3681","count":1,"hideCount":false},{"id":"3682","count":1,"hideCount":false},{"id":"3683","count":1,"hideCount":false},{"id":"3684","count":1,"hideCount":false},{"id":"3685","count":1,"hideCount":false}]},{"type":"starting","recMath":false,"recSteps":false,"minSummonerLevel":-1,"maxSummonerLevel":-1,"showIfSummonerSpell":"","hideIfSummonerSpell":"","appendAfterSection":"","visibleWithAllOf":[""],"hiddenWithAnyOf":[""],"items":[{"id":"2051","count":1,"hideCount":false},{"id":"1001","count":1,"hideCount":false},{"id":"2003","count":3,"hideCount":false}]},{"type":"essential","recMath":false,"recSteps":false,"minSummonerLevel":-1,"maxSummonerLevel":-1,"showIfSummonerSpell":"","hideIfSummonerSpell":"","appendAfterSection":"","visibleWithAllOf":[""],"hiddenWithAnyOf":[""],"items":[{"id":"3009","count":1,"hideCount":false},{"id":"3065","count":1,"hideCount":false},{"id":"3068","count":1,"hideCount":false}]},{"type":"offensive","recMath":false,"recSteps":false,"minSummonerLevel":-1,"maxSummonerLevel":-1,"showIfSummonerSpell":"","hideIfSummonerSpell":"","appendAfterSection":"","visibleWithAllOf":[""],"hiddenWithAnyOf":[""],"items":[{"id":"3748","count":1,"hideCount":false},{"id":"3742","count":1,"hideCount":false},{"id":"3005","count":1,"hideCount":false}]},{"type":"defensive","recMath":false,"recSteps":false,"minSummonerLevel":-1,"maxSummonerLevel":-1,"showIfSummonerSpell":"","hideIfSummonerSpell":"","appendAfterSection":"","visibleWithAllOf":[""],"hiddenWithAnyOf":[""],"items":[{"id":"3143","count":1,"hideCount":false},{"id":"3109","count":1,"hideCount":false},{"id":"3075","count":1,"hideCount":false}]},{"type":"consumables","recMath":false,"recSteps":false,"minSummonerLevel":-1,"maxSummonerLevel":-1,"showIfSummonerSpell":"","hideIfSummonerSpell":"","appendAfterSection":"","visibleWithAllOf":[""],"hiddenWithAnyOf":[""],"items":[{"id":"2003","count":1,"hideCount":false},{"id":"2138","count":1,"hideCount":false}]}]},{"champion":"DrMundo","title":"DrMundoSL","map":"NB","mode":"NEXUSBLITZ","type":"riot","customTag":"","sortrank":0,"extensionPage":false,"useObviousCheckmark":false,"customPanel":null,"blocks":[{"type":"starting","recMath":false,"recSteps":false,"minSummonerLevel":-1,"maxSummonerLevel":-1,"showIfSummonerSpell":"","hideIfSummonerSpell":"SummonerSmite","appendAfterSection":"","visibleWithAllOf":[""],"hiddenWithAnyOf":[""],"items":[{"id":"4201","count":1,"hideCount":false},{"id":"2003","count":1,"hideCount":false},{"id":"3340","count":1,"hideCount":false}]},{"type":"startingjungle","recMath":false,"recSteps":false,"minSummonerLevel":-1,"maxSummonerLevel":-1,"showIfSummonerSpell":"SummonerSmite","hideIfSummonerSpell":"","appendAfterSection":"","visibleWithAllOf":[""],"hiddenWithAnyOf":[""],"items":[{"id":"4101","count":1,"hideCount":false},{"id":"2003","count":1,"hideCount":false},{"id":"3340","count":1,"hideCount":false}]},{"type":"early","recMath":false,"recSteps":false,"minSummonerLevel":-1,"maxSummonerLevel":-1,"showIfSummonerSpell":"","hideIfSummonerSpell":"SummonerSmite","appendAfterSection":"","visibleWithAllOf":[""],"hiddenWithAnyOf":[""],"items":[{"id":"1001","count":1,"hideCount":false},{"id":"3211","count":1,"hideCount":false},{"id":"3751","count":1,"hideCount":false}]},{"type":"earlyjungle","recMath":false,"recSteps":false,"minSummonerLevel":-1,"maxSummonerLevel":-1,"showIfSummonerSpell":"SummonerSmite","hideIfSummonerSpell":"","appendAfterSection":"","visibleWithAllOf":[""],"hiddenWithAnyOf":[""],"items":[{"id":"1001","count":1,"hideCount":false},{"id":"3751","count":1,"hideCount":false}]},{"type":"essential","recMath":false,"recSteps":false,"minSummonerLevel":-1,"maxSummonerLevel":-1,"showIfSummonerSpell":"","hideIfSummonerSpell":"SummonerSmite","appendAfterSection":"","visibleWithAllOf":[""],"hiddenWithAnyOf":[""],"items":[{"id":"3009","count":1,"hideCount":false},{"id":"3065","count":1,"hideCount":false},{"id":"3068","count":1,"hideCount":false}]},{"type":"essentialjungle","recMath":false,"recSteps":false,"minSummonerLevel":-1,"maxSummonerLevel":-1,"showIfSummonerSpell":"SummonerSmite","hideIfSummonerSpell":"","appendAfterSection":"","visibleWithAllOf":[""],"hiddenWithAnyOf":[""],"items":[{"id":"3009","count":1,"hideCount":false},{"id":"4103","count":1,"hideCount":false},{"id":"3065","count":1,"hideCount":false}]},{"type":"offensive","recMath":false,"recSteps":false,"minSummonerLevel":-1,"maxSummonerLevel":-1,"showIfSummonerSpell":"","hideIfSummonerSpell":"","appendAfterSection":"","visibleWithAllOf":[""],"hiddenWithAnyOf":[""],"items":[{"id":"3742","count":1,"hideCount":false},{"id":"3075","count":1,"hideCount":false},{"id":"3005","count":1,"hideCount":false}]},{"type":"defensive","recMath":false,"recSteps":false,"minSummonerLevel":-1,"maxSummonerLevel":-1,"showIfSummonerSpell":"","hideIfSummonerSpell":"","appendAfterSection":"","visibleWithAllOf":[""],"hiddenWithAnyOf":[""],"items":[{"id":"4401","count":1,"hideCount":false},{"id":"3083","count":1,"hideCount":false},{"id":"3193","count":1,"hideCount":false}]},{"type":"consumables","recMath":false,"recSteps":false,"minSummonerLevel":-1,"maxSummonerLevel":-1,"showIfSummonerSpell":"","hideIfSummonerSpell":"","appendAfterSection":"","visibleWithAllOf":[""],"hiddenWithAnyOf":[""],"items":[{"id":"2003","count":1,"hideCount":true},{"id":"2138","count":1,"hideCount":true}]}]},{"champion":"DrMundo","title":"DrMundoSR","map":"SR","mode":"CLASSIC","type":"riot","customTag":"","sortrank":0,"extensionPage":false,"useObviousCheckmark":false,"customPanel":null,"blocks":[{"type":"starting","recMath":false,"recSteps":false,"minSummonerLevel":-1,"maxSummonerLevel":-1,"showIfSummonerSpell":"","hideIfSummonerSpell":"SummonerSmite","appendAfterSection":"","visibleWithAllOf":[""],"hiddenWithAnyOf":[""],"items":[{"id":"1054","count":1,"hideCount":false},{"id":"2003","count":1,"hideCount":false},{"id":"3340","count":1,"hideCount":false}]},{"type":"startingjungle","recMath":false,"recSteps":false,"minSummonerLevel":-1,"maxSummonerLevel":-1,"showIfSummonerSpell":"SummonerSmite","hideIfSummonerSpell":"","appendAfterSection":"","visibleWithAllOf":[""],"hiddenWithAnyOf":[""],"items":[{"id":"1041","count":1,"hideCount":false},{"id":"2031","count":1,"hideCount":false},{"id":"3340","count":1,"hideCount":false}]},{"type":"early","recMath":false,"recSteps":false,"minSummonerLevel":-1,"maxSummonerLevel":-1,"showIfSummonerSpell":"","hideIfSummonerSpell":"SummonerSmite","appendAfterSection":"","visibleWithAllOf":[""],"hiddenWithAnyOf":[""],"items":[{"id":"1001","count":1,"hideCount":false},{"id":"3211","count":1,"hideCount":false},{"id":"3751","count":1,"hideCount":false}]},{"type":"earlyjungle","recMath":false,"recSteps":false,"minSummonerLevel":-1,"maxSummonerLevel":-1,"showIfSummonerSpell":"SummonerSmite","hideIfSummonerSpell":"","appendAfterSection":"","visibleWithAllOf":[""],"hiddenWithAnyOf":[""],"items":[{"id":"1001","count":1,"hideCount":false},{"id":"3715","count":1,"hideCount":false},{"id":"3751","count":1,"hideCount":false}]},{"type":"essential","recMath":false,"recSteps":false,"minSummonerLevel":-1,"maxSummonerLevel":-1,"showIfSummonerSpell":"","hideIfSummonerSpell":"SummonerSmite","appendAfterSection":"","visibleWithAllOf":[""],"hiddenWithAnyOf":[""],"items":[{"id":"3009","count":1,"hideCount":false},{"id":"3065","count":1,"hideCount":false},{"id":"3068","count":1,"hideCount":false}]},{"type":"essentialjungle","recMath":false,"recSteps":false,"minSummonerLevel":-1,"maxSummonerLevel":-1,"showIfSummonerSpell":"SummonerSmite","hideIfSummonerSpell":"","appendAfterSection":"","visibleWithAllOf":[""],"hiddenWithAnyOf":[""],"items":[{"id":"3009","count":1,"hideCount":false},{"id":"1413","count":1,"hideCount":false},{"id":"3065","count":1,"hideCount":false}]},{"type":"offensive","recMath":false,"recSteps":false,"minSummonerLevel":-1,"maxSummonerLevel":-1,"showIfSummonerSpell":"","hideIfSummonerSpell":"","appendAfterSection":"","visibleWithAllOf":[""],"hiddenWithAnyOf":[""],"items":[{"id":"3742","count":1,"hideCount":false},{"id":"3075","count":1,"hideCount":false}]},{"type":"defensive","recMath":false,"recSteps":false,"minSummonerLevel":-1,"maxSummonerLevel":-1,"showIfSummonerSpell":"","hideIfSummonerSpell":"","appendAfterSection":"","visibleWithAllOf":[""],"hiddenWithAnyOf":[""],"items":[{"id":"3143","count":1,"hideCount":false},{"id":"3083","count":1,"hideCount":false},{"id":"3193","count":1,"hideCount":false}]},{"type":"consumables","recMath":false,"recSteps":false,"minSummonerLevel":-1,"maxSummonerLevel":-1,"showIfSummonerSpell":"","hideIfSummonerSpell":"","appendAfterSection":"","visibleWithAllOf":[""],"hiddenWithAnyOf":[""],"items":[{"id":"2003","count":1,"hideCount":true},{"id":"2138","count":1,"hideCount":true}]}]}]}}}