{"type":"champion","format":"standAloneComplex","version":"10.15.1","data":{"Elise":{"id":"Elise","key":"60","name":"Elise","title":"the Spider Queen","image":{"full":"Elise.png","sprite":"champion0.png","group":"champion","x":240,"y":96,"w":48,"h":48},"skins":[{"id":"60000","num":0,"name":"default","chromas":false},{"id":"60001","num":1,"name":"Death Blossom Elise","chromas":false},{"id":"60002","num":2,"name":"Victorious Elise","chromas":false},{"id":"60003","num":3,"name":"Blood Moon Elise","chromas":false},{"id":"60004","num":4,"name":"SKT T1 Elise","chromas":false},{"id":"60005","num":5,"name":"Super Galaxy Elise","chromas":false}],"lore":"Elise is a deadly predator who dwells in a shuttered, lightless palace, deep within the oldest city of Noxus. Once mortal, she was the mistress of a powerful house, but the bite of a vile demigod transformed her into something beautiful, yet utterly inhuman—a spider-like creature, drawing unsuspecting prey into her web. To maintain her eternal youth, Elise now prefers to feed upon the naive and the faithless, and there are few who can resist her seductions.","blurb":"Elise is a deadly predator who dwells in a shuttered, lightless palace, deep within the oldest city of Noxus. Once mortal, she was the mistress of a powerful house, but the bite of a vile demigod transformed her into something beautiful, yet utterly...","allytips":["Spider Form is most effective at finishing off enemies with low health; Human Form's Neurotoxin does more damage to healthy foes. ","When in Spider Form, Spiderlings will attack the target that Elise uses Venomous Bite on. ","Elise's Spider Form and Spider Form abilities do not cost mana and can be prioritized when you are trying to conserve mana."],"enemytips":["Elise's Spider Form is more dangerous when you are at low health, and her Human Form more potent when you are at high health.","Rappel will only move Elise straight up and down unless she can descend upon an enemy unit.","Rappel has a long cooldown. Elise is vulnerable after she has used it."],"tags":["Mage","Fighter"],"partype":"Mana","info":{"attack":6,"defense":5,"magic":7,"difficulty":9},"stats":{"hp":534,"hpperlevel":93,"mp":324,"mpperlevel":50,"movespeed":330,"armor":27,"armorperlevel":3.35,"spellblock":30,"spellblockperlevel":0.5,"attackrange":550,"hpregen":5.5,"hpregenperlevel":0.6,"mpregen":6,"mpregenperlevel":0.8,"crit":0,"critperlevel":0,"attackdamage":55,"attackdamageperlevel":3,"attackspeedperlevel":1.75,"attackspeed":0.625},"spells":[{"id":"EliseHumanQ","name":"Neurotoxin / Venomous Bite","description":"Human Form: Deals damage based upon how high the target's Health is.<br><br>Spider Form: Lunges at an enemy and deals damage based upon how low their Health is.","tooltip":"Deals <magicDamage>magic damage</magicDamage> equal to <magicDamage>{{ e1 }}</magicDamage> plus {{ e6 }}% <scaleAP>(+{{ a1 }}%)</scaleAP> of the target's current health. Maximum bonus against monsters: {{ e2 }}.","leveltip":{"label":["Neurotoxin Damage","Venomous Bite Damage","Monster Damage Cap","@AbilityResourceName@ Cost"],"effect":["{{ e1 }} -> {{ e1NL }}","{{ e5 }} -> {{ e5NL }}","{{ e2 }} -> {{ e2NL }}","{{ cost }} -> {{ costNL }}"]},"maxrank":5,"cooldown":[6,6,6,6,6],"cooldownBurn":"6","cost":[80,85,90,95,100],"costBurn":"80/85/90/95/100","datavalues":{},"effect":[null,[40,75,110,145,180],[75,100,125,150,175],[15,20,25,30,35],[36,42,48,54,60],[60,100,140,180,220],[4,4,4,4,4],[0,0,0,0,0],[0,0,0,0,0],[0,0,0,0,0],[0,0,0,0,0]],"effectBurn":[null,"40/75/110/145/180","75/100/125/150/175","15/20/25/30/35","36/42/48/54/60","60/100/140/180/220","4","0","0","0","0"],"vars":[{"link":"spelldamage","coeff":0.03,"key":"a1"}],"costType":" {{ abilityresourcename }}","maxammo":"-1","range":[625,625,625,625,625],"rangeBurn":"625","image":{"full":"EliseHumanQ.png","sprite":"spell2.png","group":"spell","x":192,"y":144,"w":48,"h":48},"resource":"{{ cost }} {{ abilityresourcename }}"},{"id":"EliseHumanW","name":"Volatile Spiderling / Skittering Frenzy","description":"Human Form: Releases a venom-gorged Spiderling that explodes when it nears a target.<br><br>Spider Form: Elise and her Spiderlings gain Attack Speed.","tooltip":"Summons a venom-gorged Spiderling that moves to target location and explodes, dealing <magicDamage>{{ e3 }} <scaleAP>(+{{ a1 }})</scaleAP> magic damage</magicDamage> when it nears an enemy or after 3 seconds.","leveltip":{"label":["Damage","@AbilityResourceName@ Cost"],"effect":["{{ e3 }} -> {{ e3NL }}","{{ cost }} -> {{ costNL }}"]},"maxrank":5,"cooldown":[12,12,12,12,12],"cooldownBurn":"12","cost":[60,70,80,90,100],"costBurn":"60/70/80/90/100","datavalues":{},"effect":[null,[4,4,4,4,4],[60,80,100,120,140],[60,105,150,195,240],[3,3,3,3,3],[65,75,85,95,105],[275,275,275,275,275],[0,0,0,0,0],[0,0,0,0,0],[0,0,0,0,0],[0,0,0,0,0]],"effectBurn":[null,"4","60/80/100/120/140","60/105/150/195/240","3","65/75/85/95/105","275","0","0","0","0"],"vars":[{"link":"spelldamage","coeff":0.95,"key":"a1"}],"costType":" {{ abilityresourcename }}","maxammo":"-1","range":[950,950,950,950,950],"rangeBurn":"950","image":{"full":"EliseHumanW.png","sprite":"spell2.png","group":"spell","x":240,"y":144,"w":48,"h":48},"resource":"{{ cost }} {{ abilityresourcename }}"},{"id":"EliseHumanE","name":"Cocoon / Rappel","description":"Human Form: Stuns the first enemy unit hit and reveals them if they are not stealthed.<br><br>Spider Form: Elise and her Spiderlings ascend into the air and then descend upon target enemy. After descending on an enemy target, Elise's bonus damage and healing from Spider Queen is increased.","tooltip":"Stuns the first enemy hit for {{ e5 }} seconds and reveals them if they are not stealthed.","leveltip":{"label":["Stun Duration","Cooldown"],"effect":["{{ e5 }} -> {{ e5NL }}","{{ cooldown }} -> {{ cooldownNL }}"]},"maxrank":5,"cooldown":[12,11.5,11,10.5,10],"cooldownBurn":"12/11.5/11/10.5/10","cost":[50,50,50,50,50],"costBurn":"50","datavalues":{},"effect":[null,[12,11.5,11,10.5,10],[15,20,25,30,35],[22,21,20,19,18],[2,2,2,2,2],[1.6,1.7,1.8,1.9,2],[40,55,70,85,100],[250,250,250,250,250],[0,0,0,0,0],[0,0,0,0,0],[0,0,0,0,0]],"effectBurn":[null,"12/11.5/11/10.5/10","15/20/25/30/35","22/21/20/19/18","2","1.6/1.7/1.8/1.9/2","40/55/70/85/100","250","0","0","0"],"vars":[],"costType":" {{ abilityresourcename }}","maxammo":"-1","range":[1075,1075,1075,1075,1075],"rangeBurn":"1075","image":{"full":"EliseHumanE.png","sprite":"spell2.png","group":"spell","x":288,"y":144,"w":48,"h":48},"resource":"{{ cost }} {{ abilityresourcename }}"},{"id":"EliseR","name":"Spider Form","description":"Transforms into a menacing spider, reducing her attack range in exchange for movement speed, new abilities, and a Spiderling swarm that will attack her foes.","tooltip":"Elise transforms into a menacing spider, sacrificing 425 attack range in exchange for {{ e3 }} movement speed and access to arachnid abilities. All dormant Spiderlings are awakened and will attack nearby foes.<br /><br /><span class=\"colorFF3300\">Spiderlings: </span>Spiderlings deal <magicDamage><scaleLevel>{{ e1 }}</scaleLevel> <scaleAP>(+{{ a2 }})</scaleAP> damage</magicDamage> and take {{ e4 }}% reduced damage from multi-target abilities.","leveltip":{"label":["Spider Form Bite Damage","Spiderling Bonus Damage","Maximum Number of Spiderlings","Spiderling Armor","Spiderling Magic Resist"],"effect":["{{ e2 }} -> {{ e2NL }}","{{ e1 }} -> {{ e1NL }}","{{ e5 }} -> {{ e5NL }}","{{ e6 }} -> {{ e6NL }}","{{ e7 }} -> {{ e7NL }}"]},"maxrank":4,"cooldown":[4,4,4,4],"cooldownBurn":"4","cost":[0,0,0,0],"costBurn":"0","datavalues":{},"effect":[null,[10,15,20,25],[10,20,30,40],[25,25,25,25],[25,25,25,25],[2,3,4,5],[30,50,70,90],[50,70,90,110],[4,6,8,10],[0.1,0.1,0.1,0.1],[0,0,0,0]],"effectBurn":[null,"10/15/20/25","10/20/30/40","25","25","2/3/4/5","30/50/70/90","50/70/90/110","4/6/8/10","0.1","0"],"vars":[{"link":"spelldamage","coeff":0.15,"key":"a2"}],"costType":"No Cost","maxammo":"-1","range":[20,20,20,20],"rangeBurn":"20","image":{"full":"EliseR.png","sprite":"spell2.png","group":"spell","x":336,"y":144,"w":48,"h":48},"resource":"No Cost"}],"passive":{"name":"Spider Queen","description":"Human Form: When Elise's abilities hit an enemy, she gains a dormant Spiderling.<br><br>Spider Form: Basic attacks deal bonus magic damage and restore health to Elise.","image":{"full":"ElisePassive.png","sprite":"passive0.png","group":"passive","x":240,"y":96,"w":48,"h":48}},"recommended":[{"champion":"Elise","title":"Beginner","map":"SR","mode":"INTRO","type":"riot","customTag":"","extensionPage":false,"customPanel":null,"blocks":[{"type":"beginner_starter","recMath":false,"recSteps":false,"minSummonerLevel":-1,"maxSummonerLevel":4,"showIfSummonerSpell":"","hideIfSummonerSpell":"","items":[{"id":"1056","count":1,"hideCount":false}]},{"type":"beginner_starter","recMath":false,"recSteps":false,"minSummonerLevel":5,"maxSummonerLevel":-1,"showIfSummonerSpell":"","hideIfSummonerSpell":"","items":[{"id":"1056","count":1,"hideCount":false},{"id":"2003","count":1,"hideCount":false}]},{"type":"beginner_advanced","recMath":true,"recSteps":false,"minSummonerLevel":-1,"maxSummonerLevel":-1,"showIfSummonerSpell":"","hideIfSummonerSpell":"","items":[{"id":"1028","count":1,"hideCount":false},{"id":"1027","count":1,"hideCount":false},{"id":"3010","count":1,"hideCount":false}]},{"type":"beginner_movementspeed","recMath":true,"recSteps":false,"minSummonerLevel":-1,"maxSummonerLevel":-1,"showIfSummonerSpell":"","hideIfSummonerSpell":"","items":[{"id":"1001","count":1,"hideCount":false},{"id":"3020","count":1,"hideCount":false}]},{"type":"beginner_legendaryitem","recMath":true,"recSteps":false,"minSummonerLevel":-1,"maxSummonerLevel":-1,"showIfSummonerSpell":"","hideIfSummonerSpell":"","items":[{"id":"3010","count":1,"hideCount":false},{"id":"1026","count":1,"hideCount":false},{"id":"3027","count":1,"hideCount":false}]},{"type":"beginner_morelegendaryitems","recMath":false,"recSteps":false,"minSummonerLevel":-1,"maxSummonerLevel":-1,"showIfSummonerSpell":"","hideIfSummonerSpell":"","items":[{"id":"3151","count":1,"hideCount":false},{"id":"3116","count":1,"hideCount":false},{"id":"3089","count":1,"hideCount":false}]}]},{"champion":"Elise","title":"EliseARAM","map":"HA","mode":"ARAM","type":"riot","customTag":"","sortrank":0,"extensionPage":false,"customPanel":null,"blocks":[{"type":"starting","recMath":false,"recSteps":false,"minSummonerLevel":-1,"maxSummonerLevel":-1,"showIfSummonerSpell":"","hideIfSummonerSpell":"","appendAfterSection":"","visibleWithAllOf":[""],"hiddenWithAnyOf":[""],"items":[{"id":"3802","count":1,"hideCount":false},{"id":"2003","count":2,"hideCount":false}]},{"type":"essential","recMath":false,"recSteps":false,"minSummonerLevel":-1,"maxSummonerLevel":-1,"showIfSummonerSpell":"","hideIfSummonerSpell":"","appendAfterSection":"","visibleWithAllOf":[""],"hiddenWithAnyOf":[""],"items":[{"id":"3285","count":1,"hideCount":false},{"id":"3116","count":1,"hideCount":false},{"id":"3020","count":1,"hideCount":false}]},{"type":"offensive","recMath":false,"recSteps":false,"minSummonerLevel":-1,"maxSummonerLevel":-1,"showIfSummonerSpell":"","hideIfSummonerSpell":"","appendAfterSection":"","visibleWithAllOf":[""],"hiddenWithAnyOf":[""],"items":[{"id":"3089","count":1,"hideCount":false},{"id":"3152","count":1,"hideCount":false},{"id":"3135","count":1,"hideCount":false}]},{"type":"defensive","recMath":false,"recSteps":false,"minSummonerLevel":-1,"maxSummonerLevel":-1,"showIfSummonerSpell":"","hideIfSummonerSpell":"","appendAfterSection":"","visibleWithAllOf":[""],"hiddenWithAnyOf":[""],"items":[{"id":"3157","count":1,"hideCount":false},{"id":"3001","count":1,"hideCount":false},{"id":"3102","count":1,"hideCount":false}]},{"type":"consumables","recMath":false,"recSteps":false,"minSummonerLevel":-1,"maxSummonerLevel":-1,"showIfSummonerSpell":"","hideIfSummonerSpell":"","appendAfterSection":"","visibleWithAllOf":[""],"hiddenWithAnyOf":[""],"items":[{"id":"2003","count":1,"hideCount":true},{"id":"2139","count":1,"hideCount":true}]}]},{"champion":"Elise","title":"EliseFIRSTBLOOD","map":"HA","mode":"FIRSTBLOOD","type":"riot","customTag":"","extensionPage":false,"customPanel":null,"blocks":[{"type":"starting","recMath":false,"recSteps":false,"minSummonerLevel":-1,"maxSummonerLevel":-1,"showIfSummonerSpell":"","hideIfSummonerSpell":"SummonerSmite","items":[{"id":"2003","count":2,"hideCount":false},{"id":"1056","count":1,"hideCount":false},{"id":"3340","count":1,"hideCount":false}]},{"type":"startingjungle","recMath":false,"recSteps":false,"minSummonerLevel":-1,"maxSummonerLevel":-1,"showIfSummonerSpell":"SummonerSmite","hideIfSummonerSpell":"","items":[{"id":"1039","count":1,"hideCount":false},{"id":"2003","count":2,"hideCount":false},{"id":"3340","count":1,"hideCount":false}]},{"type":"essential","recMath":false,"recSteps":false,"minSummonerLevel":-1,"maxSummonerLevel":-1,"showIfSummonerSpell":"","hideIfSummonerSpell":"SummonerSmite","items":[{"id":"3020","count":1,"hideCount":false},{"id":"3136","count":1,"hideCount":false},{"id":"3116","count":1,"hideCount":false}]},{"type":"essentialjungle","recMath":false,"recSteps":false,"minSummonerLevel":-1,"maxSummonerLevel":-1,"showIfSummonerSpell":"SummonerSmite","hideIfSummonerSpell":"","items":[{"id":"1402","count":1,"hideCount":false},{"id":"3020","count":1,"hideCount":false},{"id":"3116","count":1,"hideCount":false}]},{"type":"offensive","recMath":false,"recSteps":false,"minSummonerLevel":-1,"maxSummonerLevel":-1,"showIfSummonerSpell":"","hideIfSummonerSpell":"","items":[{"id":"3151","count":1,"hideCount":false},{"id":"3135","count":1,"hideCount":false},{"id":"3001","count":1,"hideCount":false}]},{"type":"defensive","recMath":false,"recSteps":false,"minSummonerLevel":-1,"maxSummonerLevel":-1,"showIfSummonerSpell":"","hideIfSummonerSpell":"","items":[{"id":"3190","count":1,"hideCount":false},{"id":"3110","count":1,"hideCount":false},{"id":"3143","count":1,"hideCount":false}]},{"type":"consumables","recMath":false,"recSteps":false,"minSummonerLevel":-1,"maxSummonerLevel":-1,"showIfSummonerSpell":"","hideIfSummonerSpell":"","items":[{"id":"2003","count":1,"hideCount":false},{"id":"2043","count":1,"hideCount":false},{"id":"2139","count":1,"hideCount":false}]}]},{"champion":"Elise","title":"EliseARAM","map":"HA","mode":"KINGPORO","type":"riot","customTag":"","sortrank":0,"extensionPage":false,"customPanel":null,"blocks":[{"type":"KingPoroSnax","recMath":false,"recSteps":false,"minSummonerLevel":-1,"maxSummonerLevel":-1,"showIfSummonerSpell":"","hideIfSummonerSpell":"","items":[{"id":"3680","count":1,"hideCount":false},{"id":"3681","count":1,"hideCount":false},{"id":"3682","count":1,"hideCount":false},{"id":"3683","count":1,"hideCount":false},{"id":"3684","count":1,"hideCount":false},{"id":"3685","count":1,"hideCount":false}]},{"type":"starting","recMath":false,"recSteps":false,"minSummonerLevel":-1,"maxSummonerLevel":-1,"showIfSummonerSpell":"","hideIfSummonerSpell":"","appendAfterSection":"","visibleWithAllOf":[""],"hiddenWithAnyOf":[""],"items":[{"id":"3802","count":1,"hideCount":false},{"id":"2003","count":2,"hideCount":false}]},{"type":"essential","recMath":false,"recSteps":false,"minSummonerLevel":-1,"maxSummonerLevel":-1,"showIfSummonerSpell":"","hideIfSummonerSpell":"","appendAfterSection":"","visibleWithAllOf":[""],"hiddenWithAnyOf":[""],"items":[{"id":"3285","count":1,"hideCount":false},{"id":"3116","count":1,"hideCount":false},{"id":"3020","count":1,"hideCount":false}]},{"type":"offensive","recMath":false,"recSteps":false,"minSummonerLevel":-1,"maxSummonerLevel":-1,"showIfSummonerSpell":"","hideIfSummonerSpell":"","appendAfterSection":"","visibleWithAllOf":[""],"hiddenWithAnyOf":[""],"items":[{"id":"3089","count":1,"hideCount":false},{"id":"3152","count":1,"hideCount":false},{"id":"3135","count":1,"hideCount":false}]},{"type":"defensive","recMath":false,"recSteps":false,"minSummonerLevel":-1,"maxSummonerLevel":-1,"showIfSummonerSpell":"","hideIfSummonerSpell":"","appendAfterSection":"","visibleWithAllOf":[""],"hiddenWithAnyOf":[""],"items":[{"id":"3157","count":1,"hideCount":false},{"id":"3001","count":1,"hideCount":false},{"id":"3102","count":1,"hideCount":false}]},{"type":"consumables","recMath":false,"recSteps":false,"minSummonerLevel":-1,"maxSummonerLevel":-1,"showIfSummonerSpell":"","hideIfSummonerSpell":"","appendAfterSection":"","visibleWithAllOf":[""],"hiddenWithAnyOf":[""],"items":[{"id":"2003","count":1,"hideCount":true},{"id":"2139","count":1,"hideCount":true}]}]},{"champion":"Elise","title":"EliseSL","map":"NB","mode":"NEXUSBLITZ","type":"riot","customTag":"","sortrank":0,"extensionPage":false,"useObviousCheckmark":false,"customPanel":null,"blocks":[{"type":"starting","recMath":false,"recSteps":false,"minSummonerLevel":-1,"maxSummonerLevel":-1,"showIfSummonerSpell":"","hideIfSummonerSpell":"SummonerSmite","appendAfterSection":"","visibleWithAllOf":[""],"hiddenWithAnyOf":[""],"items":[{"id":"4203","count":1,"hideCount":false},{"id":"2003","count":2,"hideCount":false},{"id":"3340","count":1,"hideCount":false}]},{"type":"startingjungle","recMath":false,"recSteps":false,"minSummonerLevel":-1,"maxSummonerLevel":-1,"showIfSummonerSpell":"SummonerSmite","hideIfSummonerSpell":"","appendAfterSection":"","visibleWithAllOf":[""],"hiddenWithAnyOf":[""],"items":[{"id":"4101","count":1,"hideCount":false},{"id":"2003","count":1,"hideCount":false},{"id":"3340","count":1,"hideCount":false}]},{"type":"early","recMath":false,"recSteps":false,"minSummonerLevel":-1,"maxSummonerLevel":-1,"showIfSummonerSpell":"","hideIfSummonerSpell":"SummonerSmite","appendAfterSection":"","visibleWithAllOf":[""],"hiddenWithAnyOf":[""],"items":[{"id":"1001","count":1,"hideCount":false},{"id":"1028","count":1,"hideCount":false},{"id":"1052","count":1,"hideCount":false},{"id":"1026","count":1,"hideCount":false}]},{"type":"earlyjungle","recMath":false,"recSteps":false,"minSummonerLevel":-1,"maxSummonerLevel":-1,"showIfSummonerSpell":"SummonerSmite","hideIfSummonerSpell":"","appendAfterSection":"","visibleWithAllOf":[""],"hiddenWithAnyOf":[""],"items":[{"id":"3108","count":1,"hideCount":false},{"id":"1001","count":1,"hideCount":false}]},{"type":"essential","recMath":false,"recSteps":false,"minSummonerLevel":-1,"maxSummonerLevel":-1,"showIfSummonerSpell":"","hideIfSummonerSpell":"SummonerSmite","appendAfterSection":"","visibleWithAllOf":[""],"hiddenWithAnyOf":[""],"items":[{"id":"3020","count":1,"hideCount":false},{"id":"3116","count":1,"hideCount":false},{"id":"3916","count":1,"hideCount":false}]},{"type":"essentialjungle","recMath":false,"recSteps":false,"minSummonerLevel":-1,"maxSummonerLevel":-1,"showIfSummonerSpell":"SummonerSmite","hideIfSummonerSpell":"","appendAfterSection":"","visibleWithAllOf":[""],"hiddenWithAnyOf":[""],"items":[{"id":"4104","count":1,"hideCount":false},{"id":"3116","count":1,"hideCount":false},{"id":"3020","count":1,"hideCount":false}]},{"type":"offensive","recMath":false,"recSteps":false,"minSummonerLevel":-1,"maxSummonerLevel":-1,"showIfSummonerSpell":"","hideIfSummonerSpell":"","appendAfterSection":"","visibleWithAllOf":[""],"hiddenWithAnyOf":[""],"items":[{"id":"3165","count":1,"hideCount":false},{"id":"3128","count":1,"hideCount":false},{"id":"3135","count":1,"hideCount":false}]},{"type":"defensive","recMath":false,"recSteps":false,"minSummonerLevel":-1,"maxSummonerLevel":-1,"showIfSummonerSpell":"","hideIfSummonerSpell":"","appendAfterSection":"","visibleWithAllOf":[""],"hiddenWithAnyOf":[""],"items":[{"id":"3157","count":1,"hideCount":false},{"id":"3742","count":1,"hideCount":false},{"id":"3102","count":1,"hideCount":false}]},{"type":"consumables","recMath":false,"recSteps":false,"minSummonerLevel":-1,"maxSummonerLevel":-1,"showIfSummonerSpell":"","hideIfSummonerSpell":"","appendAfterSection":"","visibleWithAllOf":[""],"hiddenWithAnyOf":[""],"items":[{"id":"2003","count":1,"hideCount":true},{"id":"2139","count":1,"hideCount":true}]}]},{"champion":"Elise","title":"EliseSR","map":"SR","mode":"CLASSIC","type":"riot","customTag":"","sortrank":0,"extensionPage":false,"useObviousCheckmark":false,"customPanel":null,"blocks":[{"type":"starting","recMath":false,"recSteps":false,"minSummonerLevel":-1,"maxSummonerLevel":-1,"showIfSummonerSpell":"","hideIfSummonerSpell":"SummonerSmite","appendAfterSection":"","visibleWithAllOf":[""],"hiddenWithAnyOf":[""],"items":[{"id":"1056","count":1,"hideCount":false},{"id":"2003","count":2,"hideCount":false},{"id":"3340","count":1,"hideCount":false}]},{"type":"startingjungle","recMath":false,"recSteps":false,"minSummonerLevel":-1,"maxSummonerLevel":-1,"showIfSummonerSpell":"SummonerSmite","hideIfSummonerSpell":"","appendAfterSection":"","visibleWithAllOf":[""],"hiddenWithAnyOf":[""],"items":[{"id":"1041","count":1,"hideCount":false},{"id":"2031","count":1,"hideCount":false},{"id":"3340","count":1,"hideCount":false}]},{"type":"early","recMath":false,"recSteps":false,"minSummonerLevel":-1,"maxSummonerLevel":-1,"showIfSummonerSpell":"","hideIfSummonerSpell":"SummonerSmite","appendAfterSection":"","visibleWithAllOf":[""],"hiddenWithAnyOf":[""],"items":[{"id":"1001","count":1,"hideCount":false},{"id":"1028","count":1,"hideCount":false},{"id":"1058","count":1,"hideCount":false}]},{"type":"earlyjungle","recMath":false,"recSteps":false,"minSummonerLevel":-1,"maxSummonerLevel":-1,"showIfSummonerSpell":"SummonerSmite","hideIfSummonerSpell":"","appendAfterSection":"","visibleWithAllOf":[""],"hiddenWithAnyOf":[""],"items":[{"id":"3706","count":1,"hideCount":false},{"id":"3108","count":1,"hideCount":false},{"id":"1001","count":1,"hideCount":false}]},{"type":"essential","recMath":false,"recSteps":false,"minSummonerLevel":-1,"maxSummonerLevel":-1,"showIfSummonerSpell":"","hideIfSummonerSpell":"SummonerSmite","appendAfterSection":"","visibleWithAllOf":[""],"hiddenWithAnyOf":[""],"items":[{"id":"3020","count":1,"hideCount":false},{"id":"3116","count":1,"hideCount":false},{"id":"3916","count":1,"hideCount":false}]},{"type":"essentialjungle","recMath":false,"recSteps":false,"minSummonerLevel":-1,"maxSummonerLevel":-1,"showIfSummonerSpell":"SummonerSmite","hideIfSummonerSpell":"","appendAfterSection":"","visibleWithAllOf":[""],"hiddenWithAnyOf":[""],"items":[{"id":"1402","count":1,"hideCount":false},{"id":"3916","count":1,"hideCount":false},{"id":"3020","count":1,"hideCount":false}]},{"type":"offensive","recMath":false,"recSteps":false,"minSummonerLevel":-1,"maxSummonerLevel":-1,"showIfSummonerSpell":"","hideIfSummonerSpell":"","appendAfterSection":"","visibleWithAllOf":[""],"hiddenWithAnyOf":[""],"items":[{"id":"3151","count":1,"hideCount":false},{"id":"3135","count":1,"hideCount":false},{"id":"3165","count":1,"hideCount":false}]},{"type":"defensive","recMath":false,"recSteps":false,"minSummonerLevel":-1,"maxSummonerLevel":-1,"showIfSummonerSpell":"","hideIfSummonerSpell":"","appendAfterSection":"","visibleWithAllOf":[""],"hiddenWithAnyOf":[""],"items":[{"id":"3157","count":1,"hideCount":false},{"id":"3742","count":1,"hideCount":false},{"id":"3102","count":1,"hideCount":false}]},{"type":"consumables","recMath":false,"recSteps":false,"minSummonerLevel":-1,"maxSummonerLevel":-1,"showIfSummonerSpell":"","hideIfSummonerSpell":"SummonerSmite","appendAfterSection":"","visibleWithAllOf":[""],"hiddenWithAnyOf":[""],"items":[{"id":"2003","count":1,"hideCount":true},{"id":"2139","count":1,"hideCount":true}]},{"type":"consumables","recMath":false,"recSteps":false,"minSummonerLevel":-1,"maxSummonerLevel":-1,"showIfSummonerSpell":"SummonerSmite","hideIfSummonerSpell":"","appendAfterSection":"","visibleWithAllOf":[""],"hiddenWithAnyOf":[""],"items":[{"id":"2139","count":1,"hideCount":true}]}]}]}}}