{"type":"champion","format":"standAloneComplex","version":"10.15.1","data":{"Evelynn":{"id":"Evelynn","key":"28","name":"Evelynn","title":"Agony's Embrace","image":{"full":"Evelynn.png","sprite":"champion0.png","group":"champion","x":288,"y":96,"w":48,"h":48},"skins":[{"id":"28000","num":0,"name":"default","chromas":false},{"id":"28001","num":1,"name":"Shadow Evelynn","chromas":false},{"id":"28002","num":2,"name":"Masquerade Evelynn","chromas":false},{"id":"28003","num":3,"name":"Tango Evelynn","chromas":false},{"id":"28004","num":4,"name":"Safecracker Evelynn","chromas":false},{"id":"28005","num":5,"name":"Blood Moon Evelynn","chromas":false},{"id":"28006","num":6,"name":"K/DA Evelynn","chromas":false},{"id":"28007","num":7,"name":"K/DA Evelynn Prestige Edition","chromas":false},{"id":"28008","num":8,"name":"Sugar Rush Evelynn","chromas":true}],"lore":"Within the dark seams of Runeterra, the demon Evelynn searches for her next victim. She lures in prey with the voluptuous façade of a human female, but once a person succumbs to her charms, Evelynn's true form is unleashed. She then subjects her victim to unspeakable torment, gratifying herself with their pain. To the demon, these liaisons are innocent flings. To the rest of Runeterra, they are ghoulish tales of lust gone awry and horrific reminders of the cost of wanton desire.","blurb":"Within the dark seams of Runeterra, the demon Evelynn searches for her next victim. She lures in prey with the voluptuous façade of a human female, but once a person succumbs to her charms, Evelynn's true form is unleashed. She then subjects her victim...","allytips":["Allure's arm time might seem long, but the Charm and magic resist shred put Evelynn at an exteme advantage so are worth the wait.","While stealthed, pay attention to when you are (near) being detected by enemy champions. This is identified by the glowing yellow and red eyes over nearby enemy champions.","If at low health, you can take advantage of Demon Shade's healing and Camouflage to return to the fight and surprise opponents."],"enemytips":["Purchasing Vision Wards can help you detect Evelynn's location in order to prepare for her ambushes.","A large share of Evelynn's threat is in her charm, 'Allure.' Protect allies marked with 'Allure' or, if you are marked, make sure allies are between you and where Evelynn may attack from.","If you suspect Evelynn is about to ambush one of your teammates, let them know by pinging the minimap and typing in chat."],"tags":["Assassin","Mage"],"partype":"Mana","info":{"attack":4,"defense":2,"magic":7,"difficulty":10},"stats":{"hp":572,"hpperlevel":84,"mp":315.6,"mpperlevel":42,"movespeed":335,"armor":37,"armorperlevel":3.5,"spellblock":32.1,"spellblockperlevel":1.25,"attackrange":125,"hpregen":8.5,"hpregenperlevel":0.75,"mpregen":8.108,"mpregenperlevel":0.6,"crit":0,"critperlevel":0,"attackdamage":61,"attackdamageperlevel":3,"attackspeedperlevel":2.1,"attackspeed":0.667},"spells":[{"id":"EvelynnQ","name":"Hate Spike","description":"Evelynn strikes out with her Lasher, dealing damage to the first unit hit. Then, Evelynn can shoot a line of spikes at nearby foes up to 3 times.","tooltip":"Evelynn's Lasher strikes in the target direction, dealing <magicDamage>{{ e5 }} <scaleAP>(+{{ a2 }})</scaleAP> magic damage</magicDamage> to the first unit hit and causing Evelynn's next 3 spells or attacks on that unit deal <magicDamage>{{ e4 }}<scaleAP> (+{{ a1 }})</scaleAP> bonus magic damage</magicDamage>. Then, Evelynn can recast this ability up to 3 times.<br /><br /><span class=\"colorFF9900\">Recast:</span> Fires spikes through the nearest enemy, <magicDamage>dealing {{ e5 }} <scaleAP>(+{{ a2 }})</scaleAP> magic damage</magicDamage> to all units hit.<br /><br /><rules>Refunds {{ e1 }}% of <spellName>Hate Spike</spellName>'s cooldown if the Lasher hits a monster. <spellName>Hate Spike</spellName> prioritizes the target Evelynn is attacking.</rules>","leveltip":{"label":["Lasher and Spike Damage","Bonus Damage","@AbilityResourceName@ Cost"],"effect":["{{ e5 }} -> {{ e5NL }}","{{ e4 }} -> {{ e4NL }}","{{ cost }} -> {{ costNL }}"]},"maxrank":5,"cooldown":[0,0,0,0,0],"cooldownBurn":"0","cost":[40,45,50,55,60],"costBurn":"40/45/50/55/60","datavalues":{},"effect":[null,[50,50,50,50,50],[30,30,30,30,30],[60,60,60,60,60],[10,20,30,40,50],[30,35,40,45,50],[6,6,6,6,6],[30,30,30,30,30],[50,50,50,50,50],[8,8,8,8,8],[-0.25,-0.25,-0.25,-0.25,-0.25]],"effectBurn":[null,"50","30","60","10/20/30/40/50","30/35/40/45/50","6","30","50","8","-0.25"],"vars":[{"link":"spelldamage","coeff":0.3,"key":"a2"},{"link":"spelldamage","coeff":0.25,"key":"a1"},{"link":"spelldamage","coeff":0.3,"key":"a2"}],"costType":" {{ abilityresourcename }}","maxammo":"-1","range":[800,800,800,800,800],"rangeBurn":"800","image":{"full":"EvelynnQ.png","sprite":"spell2.png","group":"spell","x":384,"y":144,"w":48,"h":48},"resource":"{{ cost }} {{ abilityresourcename }}"},{"id":"EvelynnW","name":"Allure","description":"Evelynn curses her target, causing her next attack or spell after a delay to charm her target and reduce their magic resist.","tooltip":"<keywordMajor>Curses</keywordMajor> target champion or monster for 5 seconds. If Evelynn hits the target with a basic attack or ability, she will expunge the <keywordMajor>Curse</keywordMajor>, refund its mana cost, and briefly slow the target by {{ e3 }}%.<br /><br />If the <keywordMajor>Curse</keywordMajor> lasts at least 2.5 seconds, expunging it <keywordMajor>Charms</keywordMajor> the target for {{ e2 }} second(s) and:<ul><li>Against champions: shreds Magic Resist by {{ e9 }}% for {{ e0 }} seconds.</li><li>Against monsters: deals <magicDamage>{{ e7 }} <scaleAP>(+{{ a1 }})</scaleAP> magic damage</magicDamage>. <keywordMajor>Charm</keywordMajor> duration increased by {{ e1 }} seconds.</li></ul><rules>Casting <spellName>Allure</spellName> does not remove Evelynn from <span class=\"color9542f4\">Demon Shade</span>.</rules>","leveltip":{"label":["Charm Duration","Magic Resist Shred","Monster Damage","Cooldown","Range"],"effect":["{{ e2 }} -> {{ e2NL }}","{{ effect9amount*100.000000 }}% -> {{ effect9amountnl*100.000000 }}%","{{ e7 }} -> {{ e7NL }}","{{ e4 }} -> {{ e4NL }}","{{ castrange }} -> {{ castrangeNL }}"]},"maxrank":5,"cooldown":[0,0,0,0,0],"cooldownBurn":"0","cost":[60,70,80,90,100],"costBurn":"60/70/80/90/100","datavalues":{},"effect":[null,[2,2,2,2,2],[1,1.25,1.5,1.75,2],[65,65,65,65,65],[15,14,13,12,11],[5,5,5,5,5],[1.5,1.5,1.5,1.5,1.5],[250,300,350,400,450],[0.75,0.75,0.75,0.75,0.75],[25,27.5,30,32.5,35],[4,4,4,4,4]],"effectBurn":[null,"2","1/1.25/1.5/1.75/2","65","15/14/13/12/11","5","1.5","250/300/350/400/450","0.75","25/27.5/30/32.5/35","4"],"vars":[{"link":"spelldamage","coeff":0.6,"key":"a1"}],"costType":" {{ abilityresourcename }}","maxammo":"-1","range":[1200,1300,1400,1500,1600],"rangeBurn":"1200/1300/1400/1500/1600","image":{"full":"EvelynnW.png","sprite":"spell2.png","group":"spell","x":432,"y":144,"w":48,"h":48},"resource":"{{ cost }} {{ abilityresourcename }}"},{"id":"EvelynnE","name":"Whiplash","description":"Evelynn whips her target with her Lasher, dealing damage. She then gains movement speed for a short duration.","tooltip":"Whip target with Lashers, applying on hit effects and dealing <magicDamage>magic damage</magicDamage> equal to <magicDamage>{{ f1 }}</magicDamage> plus {{ e5 }}% <scaleAP>(+{{ a1 }}%)</scaleAP> of their max health. Then, gain {{ e3 }}% movement speed for {{ e4 }} seconds.<br /><br />Entering <span class=\"color9542f4\">Demon Shade</span> resets <spellName>Whiplash's</spellName> cooldown and empowers it. When empowered, <spellName>Whiplash</spellName> pulls Evelynn to her target, dealing <magicDamage>magic damage</magicDamage> to them and enemies in the way equal to <magicDamage>{{ f2 }}</magicDamage> plus {{ e6 }}% <scaleAP>(+{{ a2 }}%)</scaleAP> of their max health.","leveltip":{"label":["Damage","Empowered Damage","@AbilityResourceName@ Cost"],"effect":["{{ e1 }} -> {{ e1NL }}","{{ e2 }} -> {{ e2NL }}","{{ cost }} -> {{ costNL }}"]},"maxrank":5,"cooldown":[8,8,8,8,8],"cooldownBurn":"8","cost":[40,45,50,55,60],"costBurn":"40/45/50/55/60","datavalues":{},"effect":[null,[55,70,85,100,115],[75,100,125,150,175],[30,30,30,30,30],[2,2,2,2,2],[3,3,3,3,3],[4,4,4,4,4],[450,450,450,450,450],[0.8,0.85,0.9,0.95,1],[2,2,2,2,2],[1.3,1.35,1.4,1.45,1.5]],"effectBurn":[null,"55/70/85/100/115","75/100/125/150/175","30","2","3","4","450","0.8/0.85/0.9/0.95/1","2","1.3/1.35/1.4/1.45/1.5"],"vars":[{"link":"bonusattackdamage","coeff":0.4,"key":"f1"},{"link":"spelldamage","coeff":0.015,"key":"a1"},{"link":"spelldamage","coeff":0.025,"key":"a2"}],"costType":" {{ abilityresourcename }}","maxammo":"-1","range":[210,210,210,210,210],"rangeBurn":"210","image":{"full":"EvelynnE.png","sprite":"spell3.png","group":"spell","x":0,"y":0,"w":48,"h":48},"resource":"{{ cost }} {{ abilityresourcename }}"},{"id":"EvelynnR","name":"Last Caress","description":"Evelynn briefly goes untargetable and decimates the area in front of her before warping backwards a long distance.","tooltip":"Evelynn unleashes her demonic energy, becoming untargetable and decimating enemies in front of her. She then warps backwards. Deals <magicDamage>{{ e1 }}<scaleAP> (+{{ a1 }})</scaleAP> magic damage</magicDamage>, increased to <magicDamage>{{ f1 }}<scaleAP> (+{{ f2 }})</scaleAP></magicDamage> to enemies below {{ e7 }}% health.","leveltip":{"label":["Damage","Empowered Damage","Cooldown"],"effect":["{{ e1 }} -> {{ e1NL }}","{{ effect1amount*2.400000 }} -> {{ effect1amountnl*2.400000 }}","{{ cooldown }} -> {{ cooldownNL }}"]},"maxrank":3,"cooldown":[140,110,80],"cooldownBurn":"140/110/80","cost":[100,100,100],"costBurn":"100","datavalues":{},"effect":[null,[125,250,375],[1.4,1.4,1.4],[2.5,2.5,2.5],[150,225,300],[3,3,3],[5,4,3],[30,30,30],[700,700,700],[30,45,60],[0,0,0]],"effectBurn":[null,"125/250/375","1.4","2.5","150/225/300","3","5/4/3","30","700","30/45/60","0"],"vars":[{"link":"spelldamage","coeff":0.75,"key":"a1"}],"costType":" {{ abilityresourcename }}","maxammo":"-1","range":[25000,25000,25000],"rangeBurn":"25000","image":{"full":"EvelynnR.png","sprite":"spell3.png","group":"spell","x":48,"y":0,"w":48,"h":48},"resource":"{{ cost }} {{ abilityresourcename }}"}],"passive":{"name":"Demon Shade","description":"When out of combat, Evelynn enters Demon Shade. Demon Shade heals Evelynn when she is low on health and grants Camouflage after level 6.","image":{"full":"Evelynn_Passive.png","sprite":"passive0.png","group":"passive","x":288,"y":96,"w":48,"h":48}},"recommended":[{"champion":"Evelynn","title":"Beginner","map":"SR","mode":"INTRO","type":"riot","customTag":"","sortrank":0,"extensionPage":false,"customPanel":null,"blocks":[{"type":"beginner_starter","recMath":false,"recSteps":false,"minSummonerLevel":-1,"maxSummonerLevel":4,"showIfSummonerSpell":"","hideIfSummonerSpell":"","appendAfterSection":"","items":[{"id":"1056","count":1,"hideCount":false}]},{"type":"beginner_starter","recMath":false,"recSteps":false,"minSummonerLevel":5,"maxSummonerLevel":-1,"showIfSummonerSpell":"","hideIfSummonerSpell":"","appendAfterSection":"","items":[{"id":"1056","count":1,"hideCount":false},{"id":"2003","count":1,"hideCount":false}]},{"type":"beginner_advanced","recMath":true,"recSteps":false,"minSummonerLevel":-1,"maxSummonerLevel":-1,"showIfSummonerSpell":"","hideIfSummonerSpell":"","appendAfterSection":"","items":[{"id":"1028","count":1,"hideCount":false},{"id":"1027","count":1,"hideCount":false},{"id":"3010","count":1,"hideCount":false}]},{"type":"beginner_movementspeed","recMath":true,"recSteps":false,"minSummonerLevel":-1,"maxSummonerLevel":-1,"showIfSummonerSpell":"","hideIfSummonerSpell":"","appendAfterSection":"","items":[{"id":"1001","count":1,"hideCount":false},{"id":"3020","count":1,"hideCount":false}]},{"type":"beginner_legendaryitem","recMath":true,"recSteps":false,"minSummonerLevel":-1,"maxSummonerLevel":-1,"showIfSummonerSpell":"","hideIfSummonerSpell":"","appendAfterSection":"","items":[{"id":"3010","count":1,"hideCount":false},{"id":"1026","count":1,"hideCount":false},{"id":"3027","count":1,"hideCount":false}]},{"type":"beginner_morelegendaryitems","recMath":false,"recSteps":false,"minSummonerLevel":-1,"maxSummonerLevel":-1,"showIfSummonerSpell":"","hideIfSummonerSpell":"","appendAfterSection":"","items":[{"id":"3151","count":1,"hideCount":false},{"id":"3116","count":1,"hideCount":false},{"id":"3102","count":1,"hideCount":false}]}]},{"champion":"Evelynn","title":"EvelynnARAM","map":"HA","mode":"ARAM","type":"riot","customTag":"","sortrank":0,"extensionPage":false,"customPanel":null,"blocks":[{"type":"starting","recMath":false,"recSteps":false,"minSummonerLevel":-1,"maxSummonerLevel":-1,"showIfSummonerSpell":"","hideIfSummonerSpell":"","appendAfterSection":"","visibleWithAllOf":[""],"hiddenWithAnyOf":[""],"items":[{"id":"3802","count":1,"hideCount":false},{"id":"2003","count":2,"hideCount":false}]},{"type":"essential","recMath":false,"recSteps":false,"minSummonerLevel":-1,"maxSummonerLevel":-1,"showIfSummonerSpell":"","hideIfSummonerSpell":"","appendAfterSection":"","visibleWithAllOf":[""],"hiddenWithAnyOf":[""],"items":[{"id":"3285","count":1,"hideCount":false},{"id":"3100","count":1,"hideCount":false},{"id":"3020","count":1,"hideCount":false}]},{"type":"offensive","recMath":false,"recSteps":false,"minSummonerLevel":-1,"maxSummonerLevel":-1,"showIfSummonerSpell":"","hideIfSummonerSpell":"","appendAfterSection":"","visibleWithAllOf":[""],"hiddenWithAnyOf":[""],"items":[{"id":"3152","count":1,"hideCount":false},{"id":"3151","count":1,"hideCount":false},{"id":"3135","count":1,"hideCount":false}]},{"type":"defensive","recMath":false,"recSteps":false,"minSummonerLevel":-1,"maxSummonerLevel":-1,"showIfSummonerSpell":"","hideIfSummonerSpell":"","appendAfterSection":"","visibleWithAllOf":[""],"hiddenWithAnyOf":[""],"items":[{"id":"3001","count":1,"hideCount":false},{"id":"3102","count":1,"hideCount":false},{"id":"3157","count":1,"hideCount":false}]},{"type":"consumables","recMath":false,"recSteps":false,"minSummonerLevel":-1,"maxSummonerLevel":-1,"showIfSummonerSpell":"","hideIfSummonerSpell":"","appendAfterSection":"","visibleWithAllOf":[""],"hiddenWithAnyOf":[""],"items":[{"id":"2003","count":1,"hideCount":false},{"id":"2033","count":1,"hideCount":false}]}]},{"champion":"Evelynn","title":"EvelynnFIRSTBLOOD","map":"HA","mode":"FIRSTBLOOD","type":"riot","customTag":"","extensionPage":false,"customPanel":null,"blocks":[{"type":"starting","recMath":false,"recSteps":false,"minSummonerLevel":-1,"maxSummonerLevel":-1,"showIfSummonerSpell":"","hideIfSummonerSpell":"SummonerSmite","items":[{"id":"2033","count":1,"hideCount":false},{"id":"3340","count":1,"hideCount":false}]},{"type":"early","recMath":false,"recSteps":false,"minSummonerLevel":-1,"maxSummonerLevel":-1,"showIfSummonerSpell":"","hideIfSummonerSpell":"SummonerSmite","items":[{"id":"1001","count":1,"hideCount":false},{"id":"3113","count":1,"hideCount":false}]},{"type":"essential","recMath":false,"recSteps":false,"minSummonerLevel":-1,"maxSummonerLevel":-1,"showIfSummonerSpell":"","hideIfSummonerSpell":"SummonerSmite","items":[{"id":"3117","count":1,"hideCount":false},{"id":"3285","count":1,"hideCount":false}]},{"type":"standard","recMath":false,"recSteps":false,"minSummonerLevel":-1,"maxSummonerLevel":-1,"showIfSummonerSpell":"","hideIfSummonerSpell":"SummonerSmite","items":[{"id":"3100","count":1,"hideCount":false},{"id":"3146","count":1,"hideCount":false},{"id":"3157","count":1,"hideCount":false}]},{"type":"situational","recMath":false,"recSteps":false,"minSummonerLevel":-1,"maxSummonerLevel":-1,"showIfSummonerSpell":"","hideIfSummonerSpell":"SummonerSmite","items":[{"id":"3116","count":1,"hideCount":false},{"id":"3151","count":1,"hideCount":false},{"id":"3135","count":1,"hideCount":false}]},{"type":"startingjungle","recMath":false,"recSteps":false,"minSummonerLevel":-1,"maxSummonerLevel":-1,"showIfSummonerSpell":"SummonerSmite","hideIfSummonerSpell":"","items":[{"id":"1039","count":1,"hideCount":false},{"id":"2031","count":1,"hideCount":false},{"id":"3340","count":1,"hideCount":false}]},{"type":"earlyjungle","recMath":false,"recSteps":false,"minSummonerLevel":-1,"maxSummonerLevel":-1,"showIfSummonerSpell":"SummonerSmite","hideIfSummonerSpell":"","items":[{"id":"3057","count":1,"hideCount":false},{"id":"3706","count":1,"hideCount":false},{"id":"1001","count":1,"hideCount":false}]},{"type":"essentialjungle","recMath":false,"recSteps":false,"minSummonerLevel":-1,"maxSummonerLevel":-1,"showIfSummonerSpell":"SummonerSmite","hideIfSummonerSpell":"","items":[{"id":"1402","count":1,"hideCount":false},{"id":"3117","count":1,"hideCount":false},{"id":"3116","count":1,"hideCount":false}]},{"type":"standardjungle","recMath":false,"recSteps":false,"minSummonerLevel":-1,"maxSummonerLevel":-1,"showIfSummonerSpell":"SummonerSmite","hideIfSummonerSpell":"","items":[{"id":"3285","count":1,"hideCount":false},{"id":"3151","count":1,"hideCount":false}]},{"type":"situationaljungle","recMath":false,"recSteps":false,"minSummonerLevel":-1,"maxSummonerLevel":-1,"showIfSummonerSpell":"SummonerSmite","hideIfSummonerSpell":"","items":[{"id":"3001","count":1,"hideCount":false},{"id":"3742","count":1,"hideCount":false},{"id":"3146","count":1,"hideCount":false}]},{"type":"consumables","recMath":false,"recSteps":false,"minSummonerLevel":-1,"maxSummonerLevel":-1,"showIfSummonerSpell":"","hideIfSummonerSpell":"","items":[{"id":"2003","count":1,"hideCount":true},{"id":"2043","count":1,"hideCount":true},{"id":"2139","count":1,"hideCount":true}]}]},{"champion":"Evelynn","title":"EvelynnARAM","map":"HA","mode":"KINGPORO","type":"riot","customTag":"","sortrank":0,"extensionPage":false,"customPanel":null,"blocks":[{"type":"KingPoroSnax","recMath":false,"recSteps":false,"minSummonerLevel":-1,"maxSummonerLevel":-1,"showIfSummonerSpell":"","hideIfSummonerSpell":"","items":[{"id":"3680","count":1,"hideCount":false},{"id":"3681","count":1,"hideCount":false},{"id":"3682","count":1,"hideCount":false},{"id":"3683","count":1,"hideCount":false},{"id":"3684","count":1,"hideCount":false},{"id":"3685","count":1,"hideCount":false}]},{"type":"starting","recMath":false,"recSteps":false,"minSummonerLevel":-1,"maxSummonerLevel":-1,"showIfSummonerSpell":"","hideIfSummonerSpell":"","appendAfterSection":"","visibleWithAllOf":[""],"hiddenWithAnyOf":[""],"items":[{"id":"3802","count":1,"hideCount":false},{"id":"2003","count":2,"hideCount":false}]},{"type":"essential","recMath":false,"recSteps":false,"minSummonerLevel":-1,"maxSummonerLevel":-1,"showIfSummonerSpell":"","hideIfSummonerSpell":"","appendAfterSection":"","visibleWithAllOf":[""],"hiddenWithAnyOf":[""],"items":[{"id":"3285","count":1,"hideCount":false},{"id":"3100","count":1,"hideCount":false},{"id":"3020","count":1,"hideCount":false}]},{"type":"offensive","recMath":false,"recSteps":false,"minSummonerLevel":-1,"maxSummonerLevel":-1,"showIfSummonerSpell":"","hideIfSummonerSpell":"","appendAfterSection":"","visibleWithAllOf":[""],"hiddenWithAnyOf":[""],"items":[{"id":"3152","count":1,"hideCount":false},{"id":"3151","count":1,"hideCount":false},{"id":"3135","count":1,"hideCount":false}]},{"type":"defensive","recMath":false,"recSteps":false,"minSummonerLevel":-1,"maxSummonerLevel":-1,"showIfSummonerSpell":"","hideIfSummonerSpell":"","appendAfterSection":"","visibleWithAllOf":[""],"hiddenWithAnyOf":[""],"items":[{"id":"3001","count":1,"hideCount":false},{"id":"3102","count":1,"hideCount":false},{"id":"3157","count":1,"hideCount":false}]},{"type":"consumables","recMath":false,"recSteps":false,"minSummonerLevel":-1,"maxSummonerLevel":-1,"showIfSummonerSpell":"","hideIfSummonerSpell":"","appendAfterSection":"","visibleWithAllOf":[""],"hiddenWithAnyOf":[""],"items":[{"id":"2003","count":1,"hideCount":false},{"id":"2033","count":1,"hideCount":false}]}]},{"champion":"Evelynn","title":"EvelynnSL","map":"NB","mode":"NEXUSBLITZ","type":"riot","customTag":"","sortrank":0,"extensionPage":false,"useObviousCheckmark":false,"customPanel":null,"blocks":[{"type":"starting","recMath":false,"recSteps":false,"minSummonerLevel":-1,"maxSummonerLevel":-1,"showIfSummonerSpell":"","hideIfSummonerSpell":"SummonerSmite","appendAfterSection":"","visibleWithAllOf":[""],"hiddenWithAnyOf":[""],"items":[{"id":"4203","count":1,"hideCount":false},{"id":"2003","count":2,"hideCount":false},{"id":"3340","count":1,"hideCount":false}]},{"type":"early","recMath":false,"recSteps":false,"minSummonerLevel":-1,"maxSummonerLevel":-1,"showIfSummonerSpell":"","hideIfSummonerSpell":"SummonerSmite","appendAfterSection":"","visibleWithAllOf":[""],"hiddenWithAnyOf":[""],"items":[{"id":"1001","count":1,"hideCount":false},{"id":"3113","count":1,"hideCount":false},{"id":"3802","count":1,"hideCount":false}]},{"type":"essential","recMath":false,"recSteps":false,"minSummonerLevel":-1,"maxSummonerLevel":-1,"showIfSummonerSpell":"","hideIfSummonerSpell":"SummonerSmite","appendAfterSection":"","visibleWithAllOf":[""],"hiddenWithAnyOf":[""],"items":[{"id":"3020","count":1,"hideCount":false},{"id":"3285","count":1,"hideCount":false},{"id":"3100","count":1,"hideCount":false}]},{"type":"standard","recMath":false,"recSteps":false,"minSummonerLevel":-1,"maxSummonerLevel":-1,"showIfSummonerSpell":"","hideIfSummonerSpell":"SummonerSmite","appendAfterSection":"","visibleWithAllOf":[""],"hiddenWithAnyOf":[""],"items":[{"id":"3089","count":1,"hideCount":false},{"id":"3165","count":1,"hideCount":false},{"id":"3135","count":1,"hideCount":false}]},{"type":"situational","recMath":false,"recSteps":false,"minSummonerLevel":-1,"maxSummonerLevel":-1,"showIfSummonerSpell":"","hideIfSummonerSpell":"SummonerSmite","appendAfterSection":"","visibleWithAllOf":[""],"hiddenWithAnyOf":[""],"items":[{"id":"3157","count":1,"hideCount":false},{"id":"3102","count":1,"hideCount":false},{"id":"3116","count":1,"hideCount":false},{"id":"3128","count":1,"hideCount":false}]},{"type":"startingjungle","recMath":false,"recSteps":false,"minSummonerLevel":-1,"maxSummonerLevel":-1,"showIfSummonerSpell":"SummonerSmite","hideIfSummonerSpell":"","appendAfterSection":"","visibleWithAllOf":[""],"hiddenWithAnyOf":[""],"items":[{"id":"4101","count":1,"hideCount":false},{"id":"2003","count":1,"hideCount":false},{"id":"3340","count":1,"hideCount":false}]},{"type":"earlyjungle","recMath":false,"recSteps":false,"minSummonerLevel":-1,"maxSummonerLevel":-1,"showIfSummonerSpell":"SummonerSmite","hideIfSummonerSpell":"","appendAfterSection":"","visibleWithAllOf":[""],"hiddenWithAnyOf":[""],"items":[{"id":"1001","count":1,"hideCount":false},{"id":"3108","count":1,"hideCount":false}]},{"type":"essentialjungle","recMath":false,"recSteps":false,"minSummonerLevel":-1,"maxSummonerLevel":-1,"showIfSummonerSpell":"SummonerSmite","hideIfSummonerSpell":"","appendAfterSection":"","visibleWithAllOf":[""],"hiddenWithAnyOf":[""],"items":[{"id":"4104","count":1,"hideCount":false},{"id":"3020","count":1,"hideCount":false},{"id":"3100","count":1,"hideCount":false}]},{"type":"standard","recMath":false,"recSteps":false,"minSummonerLevel":-1,"maxSummonerLevel":-1,"showIfSummonerSpell":"SummonerSmite","hideIfSummonerSpell":"","appendAfterSection":"","visibleWithAllOf":[""],"hiddenWithAnyOf":[""],"items":[{"id":"3135","count":1,"hideCount":false},{"id":"3089","count":1,"hideCount":false},{"id":"3165","count":1,"hideCount":false}]},{"type":"situational","recMath":false,"recSteps":false,"minSummonerLevel":-1,"maxSummonerLevel":-1,"showIfSummonerSpell":"SummonerSmite","hideIfSummonerSpell":"","appendAfterSection":"","visibleWithAllOf":[""],"hiddenWithAnyOf":[""],"items":[{"id":"3157","count":1,"hideCount":false},{"id":"3102","count":1,"hideCount":false},{"id":"3116","count":1,"hideCount":false},{"id":"3128","count":1,"hideCount":false}]},{"type":"consumables","recMath":false,"recSteps":false,"minSummonerLevel":-1,"maxSummonerLevel":-1,"showIfSummonerSpell":"","hideIfSummonerSpell":"","appendAfterSection":"","visibleWithAllOf":[""],"hiddenWithAnyOf":[""],"items":[{"id":"2003","count":1,"hideCount":true},{"id":"2139","count":1,"hideCount":true}]}]},{"champion":"Evelynn","title":"EvelynnSR","map":"SR","mode":"CLASSIC","type":"riot","customTag":"","sortrank":0,"extensionPage":false,"useObviousCheckmark":false,"customPanel":null,"blocks":[{"type":"starting","recMath":false,"recSteps":false,"minSummonerLevel":-1,"maxSummonerLevel":-1,"showIfSummonerSpell":"","hideIfSummonerSpell":"SummonerSmite","appendAfterSection":"","visibleWithAllOf":[""],"hiddenWithAnyOf":[""],"items":[{"id":"1082","count":1,"hideCount":false},{"id":"2031","count":1,"hideCount":false},{"id":"3340","count":1,"hideCount":false}]},{"type":"early","recMath":false,"recSteps":false,"minSummonerLevel":-1,"maxSummonerLevel":-1,"showIfSummonerSpell":"","hideIfSummonerSpell":"SummonerSmite","appendAfterSection":"","visibleWithAllOf":[""],"hiddenWithAnyOf":[""],"items":[{"id":"1001","count":1,"hideCount":false},{"id":"3113","count":1,"hideCount":false},{"id":"1052","count":1,"hideCount":false}]},{"type":"essential","recMath":false,"recSteps":false,"minSummonerLevel":-1,"maxSummonerLevel":-1,"showIfSummonerSpell":"","hideIfSummonerSpell":"SummonerSmite","appendAfterSection":"","visibleWithAllOf":[""],"hiddenWithAnyOf":[""],"items":[{"id":"3020","count":1,"hideCount":false},{"id":"3916","count":1,"hideCount":false},{"id":"3907","count":1,"hideCount":false}]},{"type":"standard","recMath":false,"recSteps":false,"minSummonerLevel":-1,"maxSummonerLevel":-1,"showIfSummonerSpell":"","hideIfSummonerSpell":"SummonerSmite","appendAfterSection":"","visibleWithAllOf":[""],"hiddenWithAnyOf":[""],"items":[{"id":"3100","count":1,"hideCount":false},{"id":"3135","count":1,"hideCount":false},{"id":"3152","count":1,"hideCount":false}]},{"type":"situational","recMath":false,"recSteps":false,"minSummonerLevel":-1,"maxSummonerLevel":-1,"showIfSummonerSpell":"","hideIfSummonerSpell":"SummonerSmite","appendAfterSection":"","visibleWithAllOf":[""],"hiddenWithAnyOf":[""],"items":[{"id":"3157","count":1,"hideCount":false},{"id":"3742","count":1,"hideCount":false},{"id":"3102","count":1,"hideCount":false}]},{"type":"startingjungle","recMath":false,"recSteps":false,"minSummonerLevel":-1,"maxSummonerLevel":-1,"showIfSummonerSpell":"SummonerSmite","hideIfSummonerSpell":"","appendAfterSection":"","visibleWithAllOf":[""],"hiddenWithAnyOf":[""],"items":[{"id":"1039","count":1,"hideCount":false},{"id":"2031","count":1,"hideCount":false},{"id":"3340","count":1,"hideCount":false}]},{"type":"earlyjungle","recMath":false,"recSteps":false,"minSummonerLevel":-1,"maxSummonerLevel":-1,"showIfSummonerSpell":"SummonerSmite","hideIfSummonerSpell":"","appendAfterSection":"","visibleWithAllOf":[""],"hiddenWithAnyOf":[""],"items":[{"id":"3706","count":1,"hideCount":false},{"id":"3108","count":1,"hideCount":false},{"id":"1001","count":1,"hideCount":false}]},{"type":"essentialjungle","recMath":false,"recSteps":false,"minSummonerLevel":-1,"maxSummonerLevel":-1,"showIfSummonerSpell":"SummonerSmite","hideIfSummonerSpell":"","appendAfterSection":"","visibleWithAllOf":[""],"hiddenWithAnyOf":[""],"items":[{"id":"1402","count":1,"hideCount":false},{"id":"3020","count":1,"hideCount":false},{"id":"3113","count":1,"hideCount":false}]},{"type":"standard","recMath":false,"recSteps":false,"minSummonerLevel":-1,"maxSummonerLevel":-1,"showIfSummonerSpell":"SummonerSmite","hideIfSummonerSpell":"","appendAfterSection":"","visibleWithAllOf":[""],"hiddenWithAnyOf":[""],"items":[{"id":"3100","count":1,"hideCount":false},{"id":"3089","count":1,"hideCount":false},{"id":"3135","count":1,"hideCount":false}]},{"type":"situational","recMath":false,"recSteps":false,"minSummonerLevel":-1,"maxSummonerLevel":-1,"showIfSummonerSpell":"SummonerSmite","hideIfSummonerSpell":"","appendAfterSection":"","visibleWithAllOf":[""],"hiddenWithAnyOf":[""],"items":[{"id":"3157","count":1,"hideCount":false},{"id":"3102","count":1,"hideCount":false},{"id":"3165","count":1,"hideCount":false}]},{"type":"consumables","recMath":false,"recSteps":false,"minSummonerLevel":-1,"maxSummonerLevel":-1,"showIfSummonerSpell":"","hideIfSummonerSpell":"SummonerSmite","appendAfterSection":"","visibleWithAllOf":[""],"hiddenWithAnyOf":[""],"items":[{"id":"2003","count":1,"hideCount":true},{"id":"2139","count":1,"hideCount":true}]},{"type":"consumables","recMath":false,"recSteps":false,"minSummonerLevel":-1,"maxSummonerLevel":-1,"showIfSummonerSpell":"SummonerSmite","hideIfSummonerSpell":"","appendAfterSection":"","visibleWithAllOf":[""],"hiddenWithAnyOf":[""],"items":[{"id":"2139","count":1,"hideCount":true}]}]}]}}}