{"type":"champion","format":"standAloneComplex","version":"10.15.1","data":{"Ezreal":{"id":"Ezreal","key":"81","name":"Ezreal","title":"the Prodigal Explorer","image":{"full":"Ezreal.png","sprite":"champion0.png","group":"champion","x":336,"y":96,"w":48,"h":48},"skins":[{"id":"81000","num":0,"name":"default","chromas":false},{"id":"81001","num":1,"name":"Nottingham Ezreal","chromas":false},{"id":"81002","num":2,"name":"Striker Ezreal","chromas":false},{"id":"81003","num":3,"name":"Frosted Ezreal","chromas":false},{"id":"81004","num":4,"name":"Explorer Ezreal","chromas":false},{"id":"81005","num":5,"name":"Pulsefire Ezreal","chromas":false},{"id":"81006","num":6,"name":"TPA Ezreal","chromas":false},{"id":"81007","num":7,"name":"Debonair Ezreal","chromas":true},{"id":"81008","num":8,"name":"Ace of Spades Ezreal","chromas":false},{"id":"81009","num":9,"name":"Arcade Ezreal","chromas":false},{"id":"81018","num":18,"name":"Star Guardian Ezreal","chromas":false},{"id":"81019","num":19,"name":"SSG Ezreal","chromas":false},{"id":"81020","num":20,"name":"Pajama Guardian Ezreal","chromas":false},{"id":"81021","num":21,"name":"Battle Academia Ezreal","chromas":false}],"lore":"A dashing adventurer, unknowingly gifted in the magical arts, Ezreal raids long-lost catacombs, tangles with ancient curses, and overcomes seemingly impossible odds with ease. His courage and bravado knowing no bounds, he prefers to improvise his way out of any situation, relying partially on his wits, but mostly on his mystical Shuriman gauntlet, which he uses to unleash devastating arcane blasts. One thing is for sure—whenever Ezreal is around, trouble isn't too far behind. Or ahead. Probably everywhere.","blurb":"A dashing adventurer, unknowingly gifted in the magical arts, Ezreal raids long-lost catacombs, tangles with ancient curses, and overcomes seemingly impossible odds with ease. His courage and bravado knowing no bounds, he prefers to improvise his way...","allytips":["Use Arcane Shift to help line up your other skill shots.","You can play Ezreal either as a Attack Damage carry or Ability Power carry depending on how you build him.","You can line up Trueshot Barrage to hit multiple minion waves or even Monsters."],"enemytips":["Ezreal is a very fragile champion so take the fight to him.","Ezreal is completely skill shot based, so make sure to keep minions in between you.","Mystic Shot applies on-hit effects including the Crest of Cinders."],"tags":["Marksman","Mage"],"partype":"Mana","info":{"attack":7,"defense":2,"magic":6,"difficulty":7},"stats":{"hp":530,"hpperlevel":88,"mp":375,"mpperlevel":50,"movespeed":325,"armor":22,"armorperlevel":3.5,"spellblock":30,"spellblockperlevel":0.5,"attackrange":550,"hpregen":4,"hpregenperlevel":0.55,"mpregen":8.5,"mpregenperlevel":0.65,"crit":0,"critperlevel":0,"attackdamage":60,"attackdamageperlevel":2.5,"attackspeedperlevel":2.5,"attackspeed":0.625},"spells":[{"id":"EzrealQ","name":"Mystic Shot","description":"Ezreal fires a damaging bolt of energy which reduces all of his cooldowns slightly if it strikes an enemy unit.","tooltip":"Ezreal fires a bolt of energy, dealing <physicalDamage>{{ damage }} physical damage</physicalDamage> (applies on-hit effects). <br /><br />Ezreal's cooldowns are reduced by {{ cdrefund }} seconds if Mystic Shot hits a target.","leveltip":{"label":["Damage","Cooldown","@AbilityResourceName@ Cost"],"effect":["{{ basedamage }} -> {{ basedamageNL }}","{{ cooldown }} -> {{ cooldownNL }}","{{ cost }} -> {{ costNL }}"]},"maxrank":5,"cooldown":[5.5,5.25,5,4.75,4.5],"cooldownBurn":"5.5/5.25/5/4.75/4.5","cost":[28,31,34,37,40],"costBurn":"28/31/34/37/40","datavalues":{},"effect":[null,[0,0,0,0,0],[0,0,0,0,0],[0,0,0,0,0],[0,0,0,0,0],[0,0,0,0,0],[0,0,0,0,0],[0,0,0,0,0],[0,0,0,0,0],[0,0,0,0,0],[0,0,0,0,0]],"effectBurn":[null,"0","0","0","0","0","0","0","0","0","0"],"vars":[],"costType":" {{ abilityresourcename }}","maxammo":"-1","range":[1150,1150,1150,1150,1150],"rangeBurn":"1150","image":{"full":"EzrealQ.png","sprite":"spell3.png","group":"spell","x":96,"y":0,"w":48,"h":48},"resource":"{{ cost }} {{ abilityresourcename }}"},{"id":"EzrealW","name":"Essence Flux","description":"Ezreal fires an orb that sticks to the first champion or objective hit. If Ezreal hits an enemy with the orb, it detonates and deals damage.","tooltip":"Ezreal fires an orb that sticks to the first champion or objective hit for {{ detonationtimeout }} seconds.<br /><br />Hitting the orb with an ability or attack detonates it dealing <magicDamage>{{ damage }} magic damage</magicDamage>. Detonating with an ability refunds the cost of that ability +{{ manareturn }} mana.","leveltip":{"label":["Damage","Total AP Ratio"],"effect":["{{ basedamage }} -> {{ basedamageNL }}","{{ apratio*100.000000 }}% -> {{ aprationl*100.000000 }}%"]},"maxrank":5,"cooldown":[12,12,12,12,12],"cooldownBurn":"12","cost":[50,50,50,50,50],"costBurn":"50","datavalues":{},"effect":[null,[0,0,0,0,0],[0,0,0,0,0],[0,0,0,0,0],[0,0,0,0,0],[0,0,0,0,0],[0,0,0,0,0],[0,0,0,0,0],[0,0,0,0,0],[0,0,0,0,0],[0,0,0,0,0]],"effectBurn":[null,"0","0","0","0","0","0","0","0","0","0"],"vars":[],"costType":" {{ abilityresourcename }}","maxammo":"-1","range":[1150,1150,1150,1150,1150],"rangeBurn":"1150","image":{"full":"EzrealW.png","sprite":"spell3.png","group":"spell","x":144,"y":0,"w":48,"h":48},"resource":"{{ cost }} {{ abilityresourcename }}"},{"id":"EzrealE","name":"Arcane Shift","description":"Ezreal teleports to a target nearby location and fires a homing bolt which strikes the nearest enemy unit. Prioritizes enemies stuck with Essence Flux.","tooltip":"Ezreal teleports to a nearby location and fires a bolt at the nearest enemy, dealing <magicDamage>{{ damage }} magic damage</magicDamage>.<br /><br />Arcane Shift will prioritize targets stuck with Essence Flux.","leveltip":{"label":["Damage","Cooldown"],"effect":["{{ e1 }} -> {{ e1NL }}","{{ cooldown }} -> {{ cooldownNL }}"]},"maxrank":5,"cooldown":[28,25,22,19,16],"cooldownBurn":"28/25/22/19/16","cost":[90,90,90,90,90],"costBurn":"90","datavalues":{},"effect":[null,[80,130,180,230,280],[0,0,0,0,0],[0,0,0,0,0],[0,0,0,0,0],[0,0,0,0,0],[0,0,0,0,0],[0,0,0,0,0],[0,0,0,0,0],[0,0,0,0,0],[0,0,0,0,0]],"effectBurn":[null,"80/130/180/230/280","0","0","0","0","0","0","0","0","0"],"vars":[],"costType":" {{ abilityresourcename }}","maxammo":"-1","range":[475,475,475,475,475],"rangeBurn":"475","image":{"full":"EzrealE.png","sprite":"spell3.png","group":"spell","x":192,"y":0,"w":48,"h":48},"resource":"{{ cost }} {{ abilityresourcename }}"},{"id":"EzrealR","name":"Trueshot Barrage","description":"Ezreal winds up before firing a powerful barrage of energy that deals massive damage to each unit it passes through (damage is reduced for minions and non-epic monsters).","tooltip":"Ezreal winds up for 1 second to fire a long range missile that deals <magicDamage>{{ damage }} magic damage</magicDamage> to each enemy it passes through.<br /><br />Deals {{ damagereductionwaveclear.0*100 }}% damage to minions and non-epic monsters.","leveltip":{"label":["Damage"],"effect":["{{ basedamage }} -> {{ basedamageNL }}"]},"maxrank":3,"cooldown":[120,120,120],"cooldownBurn":"120","cost":[100,100,100],"costBurn":"100","datavalues":{},"effect":[null,[0,0,0],[0,0,0],[0,0,0],[0,0,0],[0,0,0],[0,0,0],[0,0,0],[0,0,0],[0,0,0],[0,0,0]],"effectBurn":[null,"0","0","0","0","0","0","0","0","0","0"],"vars":[],"costType":" {{ abilityresourcename }}","maxammo":"-1","range":[25000,25000,25000],"rangeBurn":"25000","image":{"full":"EzrealR.png","sprite":"spell3.png","group":"spell","x":240,"y":0,"w":48,"h":48},"resource":"{{ cost }} {{ abilityresourcename }}"}],"passive":{"name":"Rising Spell Force","description":"Ezreal gains increasing Attack Speed each time he successfully hits a spell, stacking up to 5 times.","image":{"full":"Ezreal_RisingSpellForce.png","sprite":"passive0.png","group":"passive","x":336,"y":96,"w":48,"h":48}},"recommended":[{"champion":"Ezreal","title":"Beginner","map":"SR","mode":"INTRO","type":"riot","customTag":"","extensionPage":false,"customPanel":null,"blocks":[{"type":"beginner_starter","recMath":false,"recSteps":false,"minSummonerLevel":-1,"maxSummonerLevel":4,"showIfSummonerSpell":"","hideIfSummonerSpell":"","items":[{"id":"1055","count":1,"hideCount":false},{"id":"2003","count":1,"hideCount":false}]},{"type":"beginner_starter","recMath":false,"recSteps":false,"minSummonerLevel":5,"maxSummonerLevel":-1,"showIfSummonerSpell":"","hideIfSummonerSpell":"","items":[{"id":"1055","count":1,"hideCount":false},{"id":"2003","count":1,"hideCount":false}]},{"type":"beginner_advanced","recMath":true,"recSteps":false,"minSummonerLevel":-1,"maxSummonerLevel":-1,"showIfSummonerSpell":"","hideIfSummonerSpell":"","items":[{"id":"1028","count":1,"hideCount":false},{"id":"1036","count":1,"hideCount":false},{"id":"3044","count":1,"hideCount":false}]},{"type":"beginner_movementspeed","recMath":true,"recSteps":false,"minSummonerLevel":-1,"maxSummonerLevel":-1,"showIfSummonerSpell":"","hideIfSummonerSpell":"","items":[{"id":"1001","count":1,"hideCount":false},{"id":"3006","count":1,"hideCount":false}]},{"type":"beginner_legendaryitem","recMath":true,"recSteps":false,"minSummonerLevel":-1,"maxSummonerLevel":-1,"showIfSummonerSpell":"","hideIfSummonerSpell":"","items":[{"id":"3044","count":1,"hideCount":false},{"id":"3057","count":1,"hideCount":false},{"id":"3086","count":1,"hideCount":false},{"id":"3078","count":1,"hideCount":false}]},{"type":"beginner_morelegendaryitems","recMath":false,"recSteps":false,"minSummonerLevel":-1,"maxSummonerLevel":-1,"showIfSummonerSpell":"","hideIfSummonerSpell":"","items":[{"id":"3133","count":1,"hideCount":false},{"id":"3508","count":1,"hideCount":false}]}]},{"champion":"Ezreal","title":"EzrealARAM","map":"HA","mode":"ARAM","type":"riot","customTag":"","sortrank":0,"extensionPage":false,"customPanel":null,"blocks":[{"type":"starting","recMath":false,"recSteps":false,"minSummonerLevel":-1,"maxSummonerLevel":-1,"showIfSummonerSpell":"","hideIfSummonerSpell":"","appendAfterSection":"","visibleWithAllOf":[""],"hiddenWithAnyOf":[""],"items":[{"id":"3073","count":1,"hideCount":false},{"id":"1036","count":1,"hideCount":false},{"id":"2003","count":4,"hideCount":false}]},{"type":"essential","recMath":false,"recSteps":false,"minSummonerLevel":-1,"maxSummonerLevel":-1,"showIfSummonerSpell":"","hideIfSummonerSpell":"","appendAfterSection":"","visibleWithAllOf":[""],"hiddenWithAnyOf":[""],"items":[{"id":"3008","count":1,"hideCount":false},{"id":"3147","count":1,"hideCount":false},{"id":"3158","count":1,"hideCount":false}]},{"type":"offensive","recMath":false,"recSteps":false,"minSummonerLevel":-1,"maxSummonerLevel":-1,"showIfSummonerSpell":"","hideIfSummonerSpell":"","appendAfterSection":"","visibleWithAllOf":[""],"hiddenWithAnyOf":[""],"items":[{"id":"3078","count":1,"hideCount":false},{"id":"3142","count":1,"hideCount":false},{"id":"3153","count":1,"hideCount":false}]},{"type":"defensive","recMath":false,"recSteps":false,"minSummonerLevel":-1,"maxSummonerLevel":-1,"showIfSummonerSpell":"","hideIfSummonerSpell":"","appendAfterSection":"","visibleWithAllOf":[""],"hiddenWithAnyOf":[""],"items":[{"id":"3139","count":1,"hideCount":false},{"id":"3156","count":1,"hideCount":false},{"id":"3025","count":1,"hideCount":false}]},{"type":"offmeta","recMath":false,"recSteps":false,"minSummonerLevel":-1,"maxSummonerLevel":-1,"showIfSummonerSpell":"","hideIfSummonerSpell":"","appendAfterSection":"","visibleWithAllOf":[""],"hiddenWithAnyOf":[""],"items":[{"id":"3007","count":1,"hideCount":false},{"id":"3100","count":1,"hideCount":false},{"id":"3089","count":1,"hideCount":false}]},{"type":"consumables","recMath":false,"recSteps":false,"minSummonerLevel":-1,"maxSummonerLevel":-1,"showIfSummonerSpell":"","hideIfSummonerSpell":"","appendAfterSection":"","visibleWithAllOf":[""],"hiddenWithAnyOf":[""],"items":[{"id":"2003","count":1,"hideCount":false},{"id":"2033","count":1,"hideCount":false},{"id":"2140","count":1,"hideCount":false}]}]},{"champion":"Ezreal","title":"EzrealFIRSTBLOOD","map":"HA","mode":"FIRSTBLOOD","type":"riot","customTag":"","extensionPage":false,"customPanel":null,"blocks":[{"type":"starting","recMath":false,"recSteps":false,"minSummonerLevel":-1,"maxSummonerLevel":-1,"showIfSummonerSpell":"","hideIfSummonerSpell":"","items":[{"id":"1055","count":1,"hideCount":false},{"id":"2003","count":1,"hideCount":false},{"id":"3340","count":1,"hideCount":false}]},{"type":"early","recMath":false,"recSteps":false,"minSummonerLevel":-1,"maxSummonerLevel":-1,"showIfSummonerSpell":"","hideIfSummonerSpell":"","items":[{"id":"3044","count":1,"hideCount":false},{"id":"3057","count":1,"hideCount":false},{"id":"1001","count":1,"hideCount":false}]},{"type":"essential","recMath":false,"recSteps":false,"minSummonerLevel":-1,"maxSummonerLevel":-1,"showIfSummonerSpell":"","hideIfSummonerSpell":"","items":[{"id":"3508","count":1,"hideCount":false},{"id":"3078","count":1,"hideCount":false},{"id":"3158","count":1,"hideCount":false}]},{"type":"offensive","recMath":false,"recSteps":false,"minSummonerLevel":-1,"maxSummonerLevel":-1,"showIfSummonerSpell":"","hideIfSummonerSpell":"","items":[{"id":"3072","count":1,"hideCount":false},{"id":"3031","count":1,"hideCount":false},{"id":"3087","count":1,"hideCount":false}]},{"type":"situational","recMath":false,"recSteps":false,"minSummonerLevel":-1,"maxSummonerLevel":-1,"showIfSummonerSpell":"","hideIfSummonerSpell":"","items":[{"id":"3036","count":1,"hideCount":false},{"id":"3026","count":1,"hideCount":false},{"id":"3102","count":1,"hideCount":false}]},{"type":"consumables","recMath":false,"recSteps":false,"minSummonerLevel":-1,"maxSummonerLevel":-1,"showIfSummonerSpell":"","hideIfSummonerSpell":"","items":[{"id":"2003","count":1,"hideCount":true},{"id":"2043","count":1,"hideCount":true},{"id":"2140","count":1,"hideCount":true},{"id":"3363","count":1,"hideCount":false}]}]},{"champion":"Ezreal","title":"EzrealARAM","map":"HA","mode":"KINGPORO","type":"riot","customTag":"","sortrank":0,"extensionPage":false,"customPanel":null,"blocks":[{"type":"KingPoroSnax","recMath":false,"recSteps":false,"minSummonerLevel":-1,"maxSummonerLevel":-1,"showIfSummonerSpell":"","hideIfSummonerSpell":"","items":[{"id":"3680","count":1,"hideCount":false},{"id":"3681","count":1,"hideCount":false},{"id":"3682","count":1,"hideCount":false},{"id":"3683","count":1,"hideCount":false},{"id":"3684","count":1,"hideCount":false},{"id":"3685","count":1,"hideCount":false}]},{"type":"starting","recMath":false,"recSteps":false,"minSummonerLevel":-1,"maxSummonerLevel":-1,"showIfSummonerSpell":"","hideIfSummonerSpell":"","appendAfterSection":"","visibleWithAllOf":[""],"hiddenWithAnyOf":[""],"items":[{"id":"3073","count":1,"hideCount":false},{"id":"1036","count":1,"hideCount":false},{"id":"2003","count":4,"hideCount":false}]},{"type":"essential","recMath":false,"recSteps":false,"minSummonerLevel":-1,"maxSummonerLevel":-1,"showIfSummonerSpell":"","hideIfSummonerSpell":"","appendAfterSection":"","visibleWithAllOf":[""],"hiddenWithAnyOf":[""],"items":[{"id":"3008","count":1,"hideCount":false},{"id":"3147","count":1,"hideCount":false},{"id":"3158","count":1,"hideCount":false}]},{"type":"offensive","recMath":false,"recSteps":false,"minSummonerLevel":-1,"maxSummonerLevel":-1,"showIfSummonerSpell":"","hideIfSummonerSpell":"","appendAfterSection":"","visibleWithAllOf":[""],"hiddenWithAnyOf":[""],"items":[{"id":"3078","count":1,"hideCount":false},{"id":"3142","count":1,"hideCount":false},{"id":"3153","count":1,"hideCount":false}]},{"type":"defensive","recMath":false,"recSteps":false,"minSummonerLevel":-1,"maxSummonerLevel":-1,"showIfSummonerSpell":"","hideIfSummonerSpell":"","appendAfterSection":"","visibleWithAllOf":[""],"hiddenWithAnyOf":[""],"items":[{"id":"3139","count":1,"hideCount":false},{"id":"3156","count":1,"hideCount":false},{"id":"3025","count":1,"hideCount":false}]},{"type":"offmeta","recMath":false,"recSteps":false,"minSummonerLevel":-1,"maxSummonerLevel":-1,"showIfSummonerSpell":"","hideIfSummonerSpell":"","appendAfterSection":"","visibleWithAllOf":[""],"hiddenWithAnyOf":[""],"items":[{"id":"3007","count":1,"hideCount":false},{"id":"3100","count":1,"hideCount":false},{"id":"3089","count":1,"hideCount":false}]},{"type":"consumables","recMath":false,"recSteps":false,"minSummonerLevel":-1,"maxSummonerLevel":-1,"showIfSummonerSpell":"","hideIfSummonerSpell":"","appendAfterSection":"","visibleWithAllOf":[""],"hiddenWithAnyOf":[""],"items":[{"id":"2003","count":1,"hideCount":false},{"id":"2033","count":1,"hideCount":false},{"id":"2140","count":1,"hideCount":false}]}]},{"champion":"Ezreal","title":"EzrealSL","map":"NB","mode":"NEXUSBLITZ","type":"riot","customTag":"","sortrank":0,"extensionPage":false,"useObviousCheckmark":false,"customPanel":null,"blocks":[{"type":"starting","recMath":false,"recSteps":false,"minSummonerLevel":-1,"maxSummonerLevel":-1,"showIfSummonerSpell":"","hideIfSummonerSpell":"SummonerSmite","appendAfterSection":"","visibleWithAllOf":[""],"hiddenWithAnyOf":[""],"items":[{"id":"4202","count":1,"hideCount":false},{"id":"2003","count":1,"hideCount":false},{"id":"3340","count":1,"hideCount":false}]},{"type":"startingjungle","recMath":false,"recSteps":false,"minSummonerLevel":-1,"maxSummonerLevel":-1,"showIfSummonerSpell":"SummonerSmite","hideIfSummonerSpell":"","appendAfterSection":"","visibleWithAllOf":[""],"hiddenWithAnyOf":[""],"items":[{"id":"4101","count":1,"hideCount":false},{"id":"2003","count":1,"hideCount":false},{"id":"3340","count":1,"hideCount":false}]},{"type":"early","recMath":false,"recSteps":false,"minSummonerLevel":-1,"maxSummonerLevel":-1,"showIfSummonerSpell":"","hideIfSummonerSpell":"SummonerSmite","appendAfterSection":"","visibleWithAllOf":[""],"hiddenWithAnyOf":[""],"items":[{"id":"3073","count":1,"hideCount":false},{"id":"3057","count":1,"hideCount":false},{"id":"1001","count":1,"hideCount":false}]},{"type":"earlyjungle","recMath":false,"recSteps":false,"minSummonerLevel":-1,"maxSummonerLevel":-1,"showIfSummonerSpell":"SummonerSmite","hideIfSummonerSpell":"","appendAfterSection":"","visibleWithAllOf":[""],"hiddenWithAnyOf":[""],"items":[{"id":"3133","count":1,"hideCount":false},{"id":"1001","count":1,"hideCount":false}]},{"type":"essential","recMath":false,"recSteps":false,"minSummonerLevel":-1,"maxSummonerLevel":-1,"showIfSummonerSpell":"","hideIfSummonerSpell":"SummonerSmite","appendAfterSection":"","visibleWithAllOf":[""],"hiddenWithAnyOf":[""],"items":[{"id":"3008","count":1,"hideCount":false},{"id":"3078","count":1,"hideCount":false},{"id":"3158","count":1,"hideCount":false}]},{"type":"essentialjungle","recMath":false,"recSteps":false,"minSummonerLevel":-1,"maxSummonerLevel":-1,"showIfSummonerSpell":"SummonerSmite","hideIfSummonerSpell":"","appendAfterSection":"","visibleWithAllOf":[""],"hiddenWithAnyOf":[""],"items":[{"id":"4102","count":1,"hideCount":false},{"id":"3078","count":1,"hideCount":false},{"id":"3142","count":1,"hideCount":false}]},{"type":"offensive","recMath":false,"recSteps":false,"minSummonerLevel":-1,"maxSummonerLevel":-1,"showIfSummonerSpell":"","hideIfSummonerSpell":"","appendAfterSection":"","visibleWithAllOf":[""],"hiddenWithAnyOf":[""],"items":[{"id":"3153","count":1,"hideCount":false},{"id":"3036","count":1,"hideCount":false},{"id":"3072","count":1,"hideCount":false}]},{"type":"situational","recMath":false,"recSteps":false,"minSummonerLevel":-1,"maxSummonerLevel":-1,"showIfSummonerSpell":"","hideIfSummonerSpell":"","appendAfterSection":"","visibleWithAllOf":[""],"hiddenWithAnyOf":[""],"items":[{"id":"3025","count":1,"hideCount":false},{"id":"3139","count":1,"hideCount":false},{"id":"3156","count":1,"hideCount":false}]},{"type":"consumables","recMath":false,"recSteps":false,"minSummonerLevel":-1,"maxSummonerLevel":-1,"showIfSummonerSpell":"","hideIfSummonerSpell":"","appendAfterSection":"","visibleWithAllOf":[""],"hiddenWithAnyOf":[""],"items":[{"id":"2003","count":1,"hideCount":true},{"id":"2140","count":1,"hideCount":true}]}]},{"champion":"Ezreal","title":"EzrealSR","map":"SR","mode":"CLASSIC","type":"riot","customTag":"","sortrank":0,"extensionPage":false,"useObviousCheckmark":false,"customPanel":null,"blocks":[{"type":"starting","recMath":false,"recSteps":false,"minSummonerLevel":-1,"maxSummonerLevel":-1,"showIfSummonerSpell":"","hideIfSummonerSpell":"","appendAfterSection":"","visibleWithAllOf":[""],"hiddenWithAnyOf":[""],"items":[{"id":"1055","count":1,"hideCount":false},{"id":"1054","count":1,"hideCount":false},{"id":"2003","count":1,"hideCount":false},{"id":"3340","count":1,"hideCount":false}]},{"type":"early","recMath":false,"recSteps":false,"minSummonerLevel":-1,"maxSummonerLevel":-1,"showIfSummonerSpell":"","hideIfSummonerSpell":"","appendAfterSection":"","visibleWithAllOf":[""],"hiddenWithAnyOf":[""],"items":[{"id":"3070","count":1,"hideCount":false},{"id":"3057","count":1,"hideCount":false},{"id":"1001","count":1,"hideCount":false}]},{"type":"essential","recMath":false,"recSteps":false,"minSummonerLevel":-1,"maxSummonerLevel":-1,"showIfSummonerSpell":"","hideIfSummonerSpell":"","appendAfterSection":"","visibleWithAllOf":[""],"hiddenWithAnyOf":[""],"items":[{"id":"3004","count":1,"hideCount":false},{"id":"3158","count":1,"hideCount":false},{"id":"3078","count":1,"hideCount":false}]},{"type":"offensive","recMath":false,"recSteps":false,"minSummonerLevel":-1,"maxSummonerLevel":-1,"showIfSummonerSpell":"","hideIfSummonerSpell":"","appendAfterSection":"","visibleWithAllOf":[""],"hiddenWithAnyOf":[""],"items":[{"id":"3153","count":1,"hideCount":false},{"id":"3072","count":1,"hideCount":false},{"id":"3033","count":1,"hideCount":false}]},{"type":"situational","recMath":false,"recSteps":false,"minSummonerLevel":-1,"maxSummonerLevel":-1,"showIfSummonerSpell":"","hideIfSummonerSpell":"","appendAfterSection":"","visibleWithAllOf":[""],"hiddenWithAnyOf":[""],"items":[{"id":"3025","count":1,"hideCount":false},{"id":"3139","count":1,"hideCount":false},{"id":"3156","count":1,"hideCount":false}]},{"type":"ability_scaling","recMath":false,"recSteps":false,"minSummonerLevel":-1,"maxSummonerLevel":-1,"showIfSummonerSpell":"","hideIfSummonerSpell":"","appendAfterSection":"","visibleWithAllOf":[""],"hiddenWithAnyOf":[""],"items":[{"id":"3285","count":1,"hideCount":false},{"id":"3146","count":1,"hideCount":false},{"id":"3089","count":1,"hideCount":false}]},{"type":"consumables","recMath":false,"recSteps":false,"minSummonerLevel":-1,"maxSummonerLevel":-1,"showIfSummonerSpell":"","hideIfSummonerSpell":"","appendAfterSection":"","visibleWithAllOf":[""],"hiddenWithAnyOf":[""],"items":[{"id":"2003","count":1,"hideCount":true},{"id":"2140","count":1,"hideCount":true}]}]}]}}}