{"type":"champion","format":"standAloneComplex","version":"10.15.1","data":{"Fiora":{"id":"Fiora","key":"114","name":"Fiora","title":"the Grand Duelist","image":{"full":"Fiora.png","sprite":"champion0.png","group":"champion","x":432,"y":96,"w":48,"h":48},"skins":[{"id":"114000","num":0,"name":"default","chromas":false},{"id":"114001","num":1,"name":"Royal Guard Fiora","chromas":false},{"id":"114002","num":2,"name":"Nightraven Fiora","chromas":false},{"id":"114003","num":3,"name":"Headmistress Fiora","chromas":true},{"id":"114004","num":4,"name":"PROJECT: Fiora","chromas":true},{"id":"114005","num":5,"name":"Pool Party Fiora","chromas":true},{"id":"114022","num":22,"name":"Soaring Sword Fiora","chromas":false},{"id":"114023","num":23,"name":"Heartpiercer Fiora","chromas":true},{"id":"114031","num":31,"name":"iG Fiora","chromas":false},{"id":"114041","num":41,"name":"Pulsefire Fiora","chromas":false}],"lore":"The most feared duelist in all Valoran, Fiora is as renowned for her brusque manner and cunning mind as she is for the speed of her bluesteel rapier. Born to House Laurent in the kingdom of Demacia, Fiora took control of the family from her father in the wake of a scandal that nearly destroyed them. House Laurent's reputation was sundered, but Fiora bends her every effort to restore her family's honor and return them to their rightful place among the great and good of Demacia.","blurb":"The most feared duelist in all Valoran, Fiora is as renowned for her brusque manner and cunning mind as she is for the speed of her bluesteel rapier. Born to House Laurent in the kingdom of Demacia, Fiora took control of the family from her father in...","allytips":["Thanks to Duelist's Dance, Fiora excels at quick trades. Use the movement speed boost from striking a Vital to escape unscathed or set up for the next one.","Grand Challenge allows Fiora to take down even the most durable opponents and then recover if successful, so do not hesitate to attack the enemy's front line."],"enemytips":["Duelist's Dance shows you where Fiora will try to attack from, so be ready to punish her when she tries.","Be careful when casting immobilizing disables on Fiora. If her Riposte is available, she can turn their power against you."],"tags":["Fighter","Assassin"],"partype":"Mana","info":{"attack":10,"defense":4,"magic":2,"difficulty":3},"stats":{"hp":550,"hpperlevel":85,"mp":300,"mpperlevel":40,"movespeed":345,"armor":33,"armorperlevel":3.5,"spellblock":32.1,"spellblockperlevel":1.25,"attackrange":150,"hpregen":8.5,"hpregenperlevel":0.55,"mpregen":8,"mpregenperlevel":0.7,"crit":0,"critperlevel":0,"attackdamage":68,"attackdamageperlevel":3.3,"attackspeedperlevel":3.2,"attackspeed":0.69},"spells":[{"id":"FioraQ","name":"Lunge","description":"Fiora lunges in a direction and stabs a nearby enemy, dealing physical damage and applying on-hit effects.","tooltip":"Fiora lunges in a direction and stabs a nearby enemy, dealing <physicalDamage>{{ e1 }} <scaleAD>(+{{ f1 }})</scaleAD> physical damage</physicalDamage> and applying on-hit effects. This attack prioritizes <span class=\"colorD4BD22\">Vitals</span> and enemies it will kill.<br /><br />If this ability hits an enemy, {{ e4 }}% of its cooldown is refunded. ","leveltip":{"label":["Damage","Bonus AD Ratio","Cooldown","@AbilityResourceName@ Cost"],"effect":["{{ e1 }} -> {{ e1NL }}","{{ e2 }} -> {{ e2NL }}","{{ cooldown }} -> {{ cooldownNL }}","{{ cost }} -> {{ costNL }}"]},"maxrank":5,"cooldown":[16,14,12,10,8],"cooldownBurn":"16/14/12/10/8","cost":[20,25,30,35,40],"costBurn":"20/25/30/35/40","datavalues":{},"effect":[null,[70,80,90,100,110],[0.95,1,1.05,1.1,1.15],[50,50,50,50,50],[60,60,60,60,60],[2.5,2.5,2.5,2.5,2.5],[2,2,2,2,2],[90,120,150,180,210],[0,0,0,0,0],[0,0,0,0,0],[0,0,0,0,0]],"effectBurn":[null,"70/80/90/100/110","0.95/1/1.05/1.1/1.15","50","60","2.5","2","90/120/150/180/210","0","0","0"],"vars":[{"link":"bonusattackdamage","coeff":0.6,"key":"f1"}],"costType":" {{ abilityresourcename }}","maxammo":"-1","range":[400,400,400,400,400],"rangeBurn":"400","image":{"full":"FioraQ.png","sprite":"spell3.png","group":"spell","x":0,"y":48,"w":48,"h":48},"resource":"{{ cost }} {{ abilityresourcename }}"},{"id":"FioraW","name":"Riposte","description":"Fiora parries all incoming damage and disables for a short time, then stabs in a direction. This stab slows the first enemy champion hit, or stuns them if Fiora blocked an immobilizing effect with this ability.","tooltip":"Fiora parries all incoming damage, debuffs, and disables for the next {{ e2 }} seconds and then stabs in the target direction.<br /><br />The stab deals <magicDamage>{{ e1 }} <scaleAP>(+{{ f1 }})</scaleAP> magic damage</magicDamage> to the first enemy champion hit and slows their movement and attack speed by {{ e4 }}% for {{ e3 }} seconds. <br /><br />If Fiora parries an immobilizing effect, Riposte stuns instead of slowing.","leveltip":{"label":["Damage","Cooldown"],"effect":["{{ e1 }} -> {{ e1NL }}","{{ cooldown }} -> {{ cooldownNL }}"]},"maxrank":5,"cooldown":[24,22,20,18,16],"cooldownBurn":"24/22/20/18/16","cost":[50,50,50,50,50],"costBurn":"50","datavalues":{},"effect":[null,[110,150,190,230,270],[0.75,0.75,0.75,0.75,0.75],[2,2,2,2,2],[50,50,50,50,50],[0.03,0.03,0.03,0.03,0.03],[0.15,0.15,0.15,0.15,0.25],[24,22,20,18,16],[0,0,0,0,0],[0,0,0,0,0],[0,0,0,0,0]],"effectBurn":[null,"110/150/190/230/270","0.75","2","50","0.03","0.15/0.15/0.15/0.15/0.25","24/22/20/18/16","0","0","0"],"vars":[],"costType":" {{ abilityresourcename }}","maxammo":"-1","range":[750,750,750,750,750],"rangeBurn":"750","image":{"full":"FioraW.png","sprite":"spell3.png","group":"spell","x":48,"y":48,"w":48,"h":48},"resource":"{{ cost }} {{ abilityresourcename }}"},{"id":"FioraE","name":"Bladework","description":"Fiora has increased attack speed for the next two attacks. The first attack slows the target, and the second attack will critically strike.","tooltip":"Fiora gains {{ e4 }}% attack speed for her next two attacks. The first attack cannot critically strike, but will apply a {{ e3 }}% slow for {{ e2 }} second. The second attack is guaranteed to critically strike for {{ f4 }}% damage <scaleAD>({{ f3 }})</scaleAD>.","leveltip":{"label":["Critical Strike Damage","Cooldown","Attack Speed %"],"effect":["{{ e6 }}% -> {{ e6NL }}%","{{ cooldown }} -> {{ cooldownNL }}","{{ e4 }} -> {{ e4NL }}"]},"maxrank":5,"cooldown":[11,9.5,8,6.5,5],"cooldownBurn":"11/9.5/8/6.5/5","cost":[40,40,40,40,40],"costBurn":"40","datavalues":{},"effect":[null,[3,3,3,3,3],[1,1,1,1,1],[30,30,30,30,30],[50,60,70,80,90],[100,100,100,100,100],[160,170,180,190,200],[5,10,15,20,25],[40,50,60,70,80],[10,12.5,15,17.5,20],[20,20,20,20,20]],"effectBurn":[null,"3","1","30","50/60/70/80/90","100","160/170/180/190/200","5/10/15/20/25","40/50/60/70/80","10/12.5/15/17.5/20","20"],"vars":[],"costType":" {{ abilityresourcename }}","maxammo":"-1","range":[425,425,425,425,425],"rangeBurn":"425","image":{"full":"FioraE.png","sprite":"spell3.png","group":"spell","x":96,"y":48,"w":48,"h":48},"resource":"{{ cost }} {{ abilityresourcename }}"},{"id":"FioraR","name":"Grand Challenge","description":"Fiora reveals all four Vitals on an enemy champion and gains movement speed while near them. If Fiora hits all 4 Vitals or if the target dies after she has hit at least one, Fiora and her allies in the area are healed over the next few seconds.","tooltip":"Fiora reveals all four <span class=\"colorD4BD22\">Vitals</span> on target champion, for a potential <trueDamage>{{ spell.fiorapassive:rdamagetotal }} max health true damage</trueDamage>. In addition, Fiora gains <spellName>Duelist's Dance's</spellName> movement speed bonus ({{ spell.fiorar:percentms }}%) while near the target.<br /><br />If Fiora hits all 4 <span class=\"colorD4BD22\">Vitals</span> in {{ markduration }} seconds or if the target dies after she has hit at least one, Fiora and her allies in the area are healed for {{ healpersecondcalc }} each second for between {{ minhealduration }} to {{ healduration }} seconds, scaling with the amount of Vitals hit.","leveltip":{"label":["Cooldown","Duelist Movement Speed","Heal Per Second"],"effect":["{{ cooldown }} -> {{ cooldownNL }}","{{ e2 }}% -> {{ e2NL }}%","{{ e7 }} -> {{ e7NL }}"]},"maxrank":3,"cooldown":[110,90,70],"cooldownBurn":"110/90/70","cost":[100,100,100],"costBurn":"100","datavalues":{},"effect":[null,[8,8,8],[30,40,50],[0,0,0],[30,45,60],[500,500,500],[5,5,5],[80,110,140],[550,550,550],[2,2,2],[1,1,1]],"effectBurn":[null,"8","30/40/50","0","30/45/60","500","5","80/110/140","550","2","1"],"vars":[],"costType":" {{ abilityresourcename }}","maxammo":"-1","range":[500,500,500],"rangeBurn":"500","image":{"full":"FioraR.png","sprite":"spell3.png","group":"spell","x":144,"y":48,"w":48,"h":48},"resource":"{{ cost }} {{ abilityresourcename }}"}],"passive":{"name":"Duelist's Dance","description":"Fiora challenges nearby enemy Champions to dodge her. She calls out a direction from which she will try to strike. If she can complete her own challenge, she receives a small bonus and calls out a new direction.","image":{"full":"Fiora_P.png","sprite":"passive0.png","group":"passive","x":432,"y":96,"w":48,"h":48}},"recommended":[{"champion":"Fiora","title":"Beginner","map":"SR","mode":"INTRO","type":"riot","customTag":"","extensionPage":false,"customPanel":null,"blocks":[{"type":"beginner_starter","recMath":false,"recSteps":false,"minSummonerLevel":-1,"maxSummonerLevel":4,"showIfSummonerSpell":"","hideIfSummonerSpell":"","items":[{"id":"1055","count":1,"hideCount":false}]},{"type":"beginner_starter","recMath":false,"recSteps":false,"minSummonerLevel":5,"maxSummonerLevel":-1,"showIfSummonerSpell":"","hideIfSummonerSpell":"","items":[{"id":"1055","count":1,"hideCount":false},{"id":"2003","count":1,"hideCount":false}]},{"type":"beginner_advanced","recMath":true,"recSteps":false,"minSummonerLevel":-1,"maxSummonerLevel":-1,"showIfSummonerSpell":"","hideIfSummonerSpell":"","items":[{"id":"1028","count":1,"hideCount":false},{"id":"1036","count":1,"hideCount":false},{"id":"3044","count":1,"hideCount":false}]},{"type":"beginner_movementspeed","recMath":true,"recSteps":false,"minSummonerLevel":-1,"maxSummonerLevel":-1,"showIfSummonerSpell":"","hideIfSummonerSpell":"","items":[{"id":"1001","count":1,"hideCount":false},{"id":"1033","count":1,"hideCount":false},{"id":"3111","count":1,"hideCount":false}]},{"type":"beginner_legendaryitem","recMath":true,"recSteps":false,"minSummonerLevel":-1,"maxSummonerLevel":-1,"showIfSummonerSpell":"","hideIfSummonerSpell":"","items":[{"id":"3044","count":1,"hideCount":false},{"id":"3133","count":1,"hideCount":false},{"id":"3071","count":1,"hideCount":false}]},{"type":"beginner_morelegendaryitems","recMath":false,"recSteps":false,"minSummonerLevel":-1,"maxSummonerLevel":-1,"showIfSummonerSpell":"","hideIfSummonerSpell":"","items":[{"id":"3812","count":1,"hideCount":false},{"id":"3156","count":1,"hideCount":false},{"id":"3072","count":1,"hideCount":false}]}]},{"champion":"Fiora","title":"FioraARAM","map":"HA","mode":"ARAM","type":"riot","customTag":"","sortrank":0,"extensionPage":false,"useObviousCheckmark":false,"customPanel":null,"blocks":[{"type":"starting","recMath":false,"recSteps":false,"minSummonerLevel":-1,"maxSummonerLevel":-1,"showIfSummonerSpell":"","hideIfSummonerSpell":"","appendAfterSection":"","visibleWithAllOf":[""],"hiddenWithAnyOf":[""],"items":[{"id":"3077","count":1,"hideCount":false},{"id":"2003","count":4,"hideCount":false}]},{"type":"essential","recMath":false,"recSteps":false,"minSummonerLevel":-1,"maxSummonerLevel":-1,"showIfSummonerSpell":"","hideIfSummonerSpell":"","appendAfterSection":"","visibleWithAllOf":[""],"hiddenWithAnyOf":[""],"items":[{"id":"3074","count":1,"hideCount":false},{"id":"3047","count":1,"hideCount":false},{"id":"3071","count":1,"hideCount":false}]},{"type":"offensive","recMath":false,"recSteps":false,"minSummonerLevel":-1,"maxSummonerLevel":-1,"showIfSummonerSpell":"","hideIfSummonerSpell":"","appendAfterSection":"","visibleWithAllOf":[""],"hiddenWithAnyOf":[""],"items":[{"id":"3812","count":1,"hideCount":false},{"id":"3156","count":1,"hideCount":false},{"id":"3072","count":1,"hideCount":false}]},{"type":"defensive","recMath":false,"recSteps":false,"minSummonerLevel":-1,"maxSummonerLevel":-1,"showIfSummonerSpell":"","hideIfSummonerSpell":"","appendAfterSection":"","visibleWithAllOf":[""],"hiddenWithAnyOf":[""],"items":[{"id":"3053","count":1,"hideCount":false},{"id":"3161","count":1,"hideCount":false},{"id":"3065","count":1,"hideCount":false}]},{"type":"consumables","recMath":false,"recSteps":false,"minSummonerLevel":-1,"maxSummonerLevel":-1,"showIfSummonerSpell":"","hideIfSummonerSpell":"","appendAfterSection":"","visibleWithAllOf":[""],"hiddenWithAnyOf":[""],"items":[{"id":"2003","count":1,"hideCount":false},{"id":"2140","count":1,"hideCount":false},{"id":"2033","count":1,"hideCount":false}]}]},{"champion":"Fiora","title":"FioraFIRSTBLOOD","map":"HA","mode":"FIRSTBLOOD","type":"riot","customTag":"","extensionPage":false,"customPanel":null,"blocks":[{"type":"starting","recMath":false,"recSteps":false,"minSummonerLevel":-1,"maxSummonerLevel":-1,"showIfSummonerSpell":"","hideIfSummonerSpell":"","items":[{"id":"1055","count":1,"hideCount":false},{"id":"2003","count":1,"hideCount":false},{"id":"3340","count":1,"hideCount":false}]},{"type":"early","recMath":false,"recSteps":false,"minSummonerLevel":-1,"maxSummonerLevel":-1,"showIfSummonerSpell":"","hideIfSummonerSpell":"","items":[{"id":"1001","count":1,"hideCount":false},{"id":"3077","count":1,"hideCount":false},{"id":"3044","count":1,"hideCount":false}]},{"type":"essential","recMath":false,"recSteps":false,"minSummonerLevel":-1,"maxSummonerLevel":-1,"showIfSummonerSpell":"","hideIfSummonerSpell":"","items":[{"id":"3111","count":1,"hideCount":false},{"id":"3074","count":1,"hideCount":false},{"id":"3071","count":1,"hideCount":false}]},{"type":"offensive","recMath":false,"recSteps":false,"minSummonerLevel":-1,"maxSummonerLevel":-1,"showIfSummonerSpell":"","hideIfSummonerSpell":"","items":[{"id":"3812","count":1,"hideCount":false},{"id":"3142","count":1,"hideCount":false},{"id":"3156","count":1,"hideCount":false}]},{"type":"situational","recMath":false,"recSteps":false,"minSummonerLevel":-1,"maxSummonerLevel":-1,"showIfSummonerSpell":"","hideIfSummonerSpell":"","items":[{"id":"3026","count":1,"hideCount":false},{"id":"3065","count":1,"hideCount":false},{"id":"3139","count":1,"hideCount":false}]},{"type":"consumables","recMath":false,"recSteps":false,"minSummonerLevel":-1,"maxSummonerLevel":-1,"showIfSummonerSpell":"","hideIfSummonerSpell":"","items":[{"id":"2003","count":1,"hideCount":false},{"id":"2043","count":1,"hideCount":false},{"id":"2140","count":1,"hideCount":false}]}]},{"champion":"Fiora","title":"FioraARAM","map":"HA","mode":"KINGPORO","type":"riot","customTag":"","sortrank":0,"extensionPage":false,"useObviousCheckmark":false,"customPanel":null,"blocks":[{"type":"KingPoroSnax","recMath":false,"recSteps":false,"minSummonerLevel":-1,"maxSummonerLevel":-1,"showIfSummonerSpell":"","hideIfSummonerSpell":"","items":[{"id":"3680","count":1,"hideCount":false},{"id":"3681","count":1,"hideCount":false},{"id":"3682","count":1,"hideCount":false},{"id":"3683","count":1,"hideCount":false},{"id":"3684","count":1,"hideCount":false},{"id":"3685","count":1,"hideCount":false}]},{"type":"starting","recMath":false,"recSteps":false,"minSummonerLevel":-1,"maxSummonerLevel":-1,"showIfSummonerSpell":"","hideIfSummonerSpell":"","appendAfterSection":"","visibleWithAllOf":[""],"hiddenWithAnyOf":[""],"items":[{"id":"3077","count":1,"hideCount":false},{"id":"2003","count":4,"hideCount":false}]},{"type":"essential","recMath":false,"recSteps":false,"minSummonerLevel":-1,"maxSummonerLevel":-1,"showIfSummonerSpell":"","hideIfSummonerSpell":"","appendAfterSection":"","visibleWithAllOf":[""],"hiddenWithAnyOf":[""],"items":[{"id":"3074","count":1,"hideCount":false},{"id":"3047","count":1,"hideCount":false},{"id":"3071","count":1,"hideCount":false}]},{"type":"offensive","recMath":false,"recSteps":false,"minSummonerLevel":-1,"maxSummonerLevel":-1,"showIfSummonerSpell":"","hideIfSummonerSpell":"","appendAfterSection":"","visibleWithAllOf":[""],"hiddenWithAnyOf":[""],"items":[{"id":"3812","count":1,"hideCount":false},{"id":"3156","count":1,"hideCount":false},{"id":"3072","count":1,"hideCount":false}]},{"type":"defensive","recMath":false,"recSteps":false,"minSummonerLevel":-1,"maxSummonerLevel":-1,"showIfSummonerSpell":"","hideIfSummonerSpell":"","appendAfterSection":"","visibleWithAllOf":[""],"hiddenWithAnyOf":[""],"items":[{"id":"3053","count":1,"hideCount":false},{"id":"3161","count":1,"hideCount":false},{"id":"3065","count":1,"hideCount":false}]},{"type":"consumables","recMath":false,"recSteps":false,"minSummonerLevel":-1,"maxSummonerLevel":-1,"showIfSummonerSpell":"","hideIfSummonerSpell":"","appendAfterSection":"","visibleWithAllOf":[""],"hiddenWithAnyOf":[""],"items":[{"id":"2003","count":1,"hideCount":false},{"id":"2140","count":1,"hideCount":false},{"id":"2033","count":1,"hideCount":false}]}]},{"champion":"Fiora","title":"FioraSL","map":"NB","mode":"NEXUSBLITZ","type":"riot","customTag":"","sortrank":0,"extensionPage":false,"useObviousCheckmark":false,"customPanel":null,"blocks":[{"type":"starting","recMath":false,"recSteps":false,"minSummonerLevel":-1,"maxSummonerLevel":-1,"showIfSummonerSpell":"","hideIfSummonerSpell":"SummonerSmite","appendAfterSection":"","visibleWithAllOf":[""],"hiddenWithAnyOf":[""],"items":[{"id":"4202","count":1,"hideCount":false},{"id":"2003","count":1,"hideCount":false},{"id":"3340","count":1,"hideCount":false}]},{"type":"startingjungle","recMath":false,"recSteps":false,"minSummonerLevel":-1,"maxSummonerLevel":-1,"showIfSummonerSpell":"SummonerSmite","hideIfSummonerSpell":"","appendAfterSection":"","visibleWithAllOf":[""],"hiddenWithAnyOf":[""],"items":[{"id":"4101","count":1,"hideCount":false},{"id":"2003","count":1,"hideCount":false},{"id":"3340","count":1,"hideCount":false}]},{"type":"early","recMath":false,"recSteps":false,"minSummonerLevel":-1,"maxSummonerLevel":-1,"showIfSummonerSpell":"","hideIfSummonerSpell":"SummonerSmite","appendAfterSection":"","visibleWithAllOf":[""],"hiddenWithAnyOf":[""],"items":[{"id":"1001","count":1,"hideCount":false},{"id":"3077","count":1,"hideCount":false},{"id":"3044","count":1,"hideCount":false}]},{"type":"earlyjungle","recMath":false,"recSteps":false,"minSummonerLevel":-1,"maxSummonerLevel":-1,"showIfSummonerSpell":"SummonerSmite","hideIfSummonerSpell":"","appendAfterSection":"","visibleWithAllOf":[""],"hiddenWithAnyOf":[""],"items":[{"id":"3133","count":1,"hideCount":false},{"id":"1001","count":1,"hideCount":false}]},{"type":"essential","recMath":false,"recSteps":false,"minSummonerLevel":-1,"maxSummonerLevel":-1,"showIfSummonerSpell":"","hideIfSummonerSpell":"SummonerSmite","appendAfterSection":"","visibleWithAllOf":[""],"hiddenWithAnyOf":[""],"items":[{"id":"3074","count":1,"hideCount":false},{"id":"3071","count":1,"hideCount":false},{"id":"3078","count":1,"hideCount":false}]},{"type":"essentialjungle","recMath":false,"recSteps":false,"minSummonerLevel":-1,"maxSummonerLevel":-1,"showIfSummonerSpell":"SummonerSmite","hideIfSummonerSpell":"","appendAfterSection":"","visibleWithAllOf":[""],"hiddenWithAnyOf":[""],"items":[{"id":"4102","count":1,"hideCount":false},{"id":"3047","count":1,"hideCount":false},{"id":"3078","count":1,"hideCount":false}]},{"type":"offensive","recMath":false,"recSteps":false,"minSummonerLevel":-1,"maxSummonerLevel":-1,"showIfSummonerSpell":"","hideIfSummonerSpell":"","appendAfterSection":"","visibleWithAllOf":[""],"hiddenWithAnyOf":[""],"items":[{"id":"3812","count":1,"hideCount":false},{"id":"3156","count":1,"hideCount":false},{"id":"3053","count":1,"hideCount":false}]},{"type":"situational","recMath":false,"recSteps":false,"minSummonerLevel":-1,"maxSummonerLevel":-1,"showIfSummonerSpell":"","hideIfSummonerSpell":"","appendAfterSection":"","visibleWithAllOf":[""],"hiddenWithAnyOf":[""],"items":[{"id":"3139","count":1,"hideCount":false},{"id":"3161","count":1,"hideCount":false}]},{"type":"consumables","recMath":false,"recSteps":false,"minSummonerLevel":-1,"maxSummonerLevel":-1,"showIfSummonerSpell":"","hideIfSummonerSpell":"","appendAfterSection":"","visibleWithAllOf":[""],"hiddenWithAnyOf":[""],"items":[{"id":"2033","count":1,"hideCount":false},{"id":"2140","count":1,"hideCount":true}]}]},{"champion":"Fiora","title":"FioraSR","map":"SR","mode":"CLASSIC","type":"riot","customTag":"","sortrank":0,"extensionPage":false,"useObviousCheckmark":false,"customPanel":null,"blocks":[{"type":"starting","recMath":false,"recSteps":false,"minSummonerLevel":-1,"maxSummonerLevel":-1,"showIfSummonerSpell":"","hideIfSummonerSpell":"","appendAfterSection":"","visibleWithAllOf":[""],"hiddenWithAnyOf":[""],"items":[{"id":"1055","count":1,"hideCount":false},{"id":"2003","count":1,"hideCount":false},{"id":"3340","count":1,"hideCount":false}]},{"type":"early","recMath":false,"recSteps":false,"minSummonerLevel":-1,"maxSummonerLevel":-1,"showIfSummonerSpell":"","hideIfSummonerSpell":"","appendAfterSection":"","visibleWithAllOf":[""],"hiddenWithAnyOf":[""],"items":[{"id":"1001","count":1,"hideCount":false},{"id":"3077","count":1,"hideCount":false},{"id":"3044","count":1,"hideCount":false}]},{"type":"essential","recMath":false,"recSteps":false,"minSummonerLevel":-1,"maxSummonerLevel":-1,"showIfSummonerSpell":"","hideIfSummonerSpell":"","appendAfterSection":"","visibleWithAllOf":[""],"hiddenWithAnyOf":[""],"items":[{"id":"3111","count":1,"hideCount":false},{"id":"3074","count":1,"hideCount":false},{"id":"3078","count":1,"hideCount":false}]},{"type":"offensive","recMath":false,"recSteps":false,"minSummonerLevel":-1,"maxSummonerLevel":-1,"showIfSummonerSpell":"","hideIfSummonerSpell":"","appendAfterSection":"","visibleWithAllOf":[""],"hiddenWithAnyOf":[""],"items":[{"id":"3812","count":1,"hideCount":false},{"id":"3072","count":1,"hideCount":false},{"id":"3156","count":1,"hideCount":false}]},{"type":"situational","recMath":false,"recSteps":false,"minSummonerLevel":-1,"maxSummonerLevel":-1,"showIfSummonerSpell":"","hideIfSummonerSpell":"","appendAfterSection":"","visibleWithAllOf":[""],"hiddenWithAnyOf":[""],"items":[{"id":"3026","count":1,"hideCount":false},{"id":"3139","count":1,"hideCount":false},{"id":"3053","count":1,"hideCount":false}]},{"type":"consumables","recMath":false,"recSteps":false,"minSummonerLevel":-1,"maxSummonerLevel":-1,"showIfSummonerSpell":"","hideIfSummonerSpell":"","appendAfterSection":"","visibleWithAllOf":[""],"hiddenWithAnyOf":[""],"items":[{"id":"2033","count":1,"hideCount":false},{"id":"2140","count":1,"hideCount":true}]}]}]}}}