{"type":"champion","format":"standAloneComplex","version":"10.15.1","data":{"Gangplank":{"id":"Gangplank","key":"41","name":"Gangplank","title":"the Saltwater Scourge","image":{"full":"Gangplank.png","sprite":"champion1.png","group":"champion","x":96,"y":0,"w":48,"h":48},"skins":[{"id":"41000","num":0,"name":"default","chromas":false},{"id":"41001","num":1,"name":"Spooky Gangplank","chromas":false},{"id":"41002","num":2,"name":"Minuteman Gangplank","chromas":false},{"id":"41003","num":3,"name":"Sailor Gangplank","chromas":false},{"id":"41004","num":4,"name":"Toy Soldier Gangplank","chromas":false},{"id":"41005","num":5,"name":"Special Forces Gangplank","chromas":false},{"id":"41006","num":6,"name":"Sultan Gangplank","chromas":false},{"id":"41007","num":7,"name":"Captain Gangplank","chromas":false},{"id":"41008","num":8,"name":"Dreadnova Gangplank","chromas":true},{"id":"41014","num":14,"name":"Pool Party Gangplank","chromas":true},{"id":"41021","num":21,"name":"FPX Gangplank","chromas":true}],"lore":"As unpredictable as he is brutal, the dethroned reaver king Gangplank is feared far and wide. Once, he ruled the port city of Bilgewater, and while his reign is over, there are those who believe this has only made him more dangerous. Gangplank would see Bilgewater bathed in blood once more before letting someone else take it—and now with pistol, cutlass, and barrels of gunpowder, he is determined to reclaim what he has lost.","blurb":"As unpredictable as he is brutal, the dethroned reaver king Gangplank is feared far and wide. Once, he ruled the port city of Bilgewater, and while his reign is over, there are those who believe this has only made him more dangerous. Gangplank would see...","allytips":["Parrrley applies On Hit effects like Frozen Mallet or Black Cleaver.","Paying attention to low-health enemies on the map can land you a surprise kill with Cannon Barrage.","Try placing Cannon Barrage on the path of escape to cut off fleeing enemies."],"enemytips":["Parrrley deals a high amount of physical damage. Items that grant Armor can help if an enemy Gangplank is doing well.","Once Gangplank reaches level 6, watch out for his global-range ultimate, Cannon Barrage!"],"tags":["Fighter"],"partype":"Mana","info":{"attack":7,"defense":6,"magic":4,"difficulty":9},"stats":{"hp":540,"hpperlevel":82,"mp":282,"mpperlevel":40,"movespeed":345,"armor":35,"armorperlevel":3,"spellblock":32.1,"spellblockperlevel":1.25,"attackrange":125,"hpregen":6,"hpregenperlevel":0.6,"mpregen":7.5,"mpregenperlevel":0.7,"crit":0,"critperlevel":0,"attackdamage":64,"attackdamageperlevel":3,"attackspeedperlevel":3.2,"attackspeed":0.658},"spells":[{"id":"GangplankQWrapper","name":"Parrrley","description":"Shoots target, plundering Gold for each enemy unit killed.","tooltip":"Fires a bullet that deals <physicalDamage>{{ e1 }} (<scaleAD>+{{ a1 }}</scaleAD>) physical damage</physicalDamage> (can crit and applies on-hit effects).<br /><br />If Parrrley kills the target, Gangplank plunders <gold>{{ e2 }}</gold> bonus Gold and <gold>{{ e5 }}</gold> <span class=\"colorffd700\">Silver Serpents</span>. (Trade <span class=\"colorffd700\">Silver Serpents</span> at the shop to upgrade <spellName>Cannon Barrage</spellName>).<br /><br />","leveltip":{"label":["Damage","Plunder Gold","Plunder Silver Serpents","@AbilityResourceName@ Cost"],"effect":["{{ e1 }} -> {{ e1NL }}","{{ e2 }} -> {{ e2NL }}","{{ e5 }} -> {{ e5NL }}","{{ cost }} -> {{ costNL }}"]},"maxrank":5,"cooldown":[5,5,5,5,5],"cooldownBurn":"5","cost":[60,55,50,45,40],"costBurn":"60/55/50/45/40","datavalues":{},"effect":[null,[20,45,70,95,120],[3,4,5,6,7],[0,0,0,0,0],[500,500,500,500,500],[4,5,6,7,8],[0,0,0,0,0],[0,0,0,0,0],[0,0,0,0,0],[0,0,0,0,0],[0,0,0,0,0]],"effectBurn":[null,"20/45/70/95/120","3/4/5/6/7","0","500","4/5/6/7/8","0","0","0","0","0"],"vars":[{"link":"attackdamage","coeff":1,"key":"a1"}],"costType":" {{ abilityresourcename }}","maxammo":"-1","range":[625,625,625,625,625],"rangeBurn":"625","image":{"full":"GangplankQWrapper.png","sprite":"spell3.png","group":"spell","x":96,"y":96,"w":48,"h":48},"resource":"{{ cost }} {{ abilityresourcename }}"},{"id":"GangplankW","name":"Remove Scurvy","description":"Eats citrus to cure crowd control effects and restore Health.","tooltip":"Gangplank consumes a large quantity of citrus fruit, curing all disabling effects and healing him for {{ e1 }} <scaleAP>(+{{ a1 }})</scaleAP> + <scaleHealth>{{ e2 }}% of his missing Health</scaleHealth>.","leveltip":{"label":["Healing","Cooldown","@AbilityResourceName@ Cost"],"effect":["{{ e1 }} -> {{ e1NL }}","{{ cooldown }} -> {{ cooldownNL }}","{{ cost }} -> {{ costNL }}"]},"maxrank":5,"cooldown":[22,20,18,16,14],"cooldownBurn":"22/20/18/16/14","cost":[80,90,100,110,120],"costBurn":"80/90/100/110/120","datavalues":{},"effect":[null,[50,75,100,125,150],[15,15,15,15,15],[0.25,0.25,0.25,0.25,0.25],[200,200,200,200,200],[30,40,50,60,70],[0,0,0,0,0],[0,0,0,0,0],[0,0,0,0,0],[0,0,0,0,0],[0,0,0,0,0]],"effectBurn":[null,"50/75/100/125/150","15","0.25","200","30/40/50/60/70","0","0","0","0","0"],"vars":[{"link":"spelldamage","coeff":0.9,"key":"a1"}],"costType":" {{ abilityresourcename }}","maxammo":"-1","range":[400,400,400,400,400],"rangeBurn":"400","image":{"full":"GangplankW.png","sprite":"spell3.png","group":"spell","x":144,"y":96,"w":48,"h":48},"resource":"{{ cost }} {{ abilityresourcename }}"},{"id":"GangplankE","name":"Powder Keg","description":"Gangplank uncovers a powder keg at target location. If he attacks it, it explodes, spreading the attack's damage to enemies in the area, slowing them.","tooltip":"Places a <keywordMajor>powder keg</keywordMajor> that can be attacked by Gangplank or his enemies at a location for {{ e5 }} seconds.<br /><br />If Gangplank destroys a <keywordMajor>keg</keywordMajor>, it explodes dealing <physicalDamage><scaleAD>the attack's damage</scaleAD> as physical damage</physicalDamage> (ignores {{ e0 }}% Armor) to enemies and slowing them by {{ e4 }}% for {{ e2 }} seconds. Champions take <physicalDamage>{{ e3 }} bonus physical damage</physicalDamage> from the explosion.<br /><br />When a <keywordMajor>keg</keywordMajor> explodes, other <keywordMajor>kegs</keywordMajor> with overlapping blast zones chain explode (damage does not stack).<br /><br /><keywordMajor>Kegs</keywordMajor> health decays every {{ f5 }} seconds. (Decay rate increases at level 7 and 13)<br /><br /><rules>Keg explosions apply Parrrley's plunder effect.</rules>","leveltip":{"label":["Recharge Time","Slow","Bonus Damage Against Champions"],"effect":["{{ ammorechargetime }} -> {{ ammorechargetimeNL }}","{{ e4 }}% -> {{ e4NL }}%","{{ e3 }} -> {{ e3NL }}"]},"maxrank":5,"cooldown":[0,0,0,0,0],"cooldownBurn":"0","cost":[0,0,0,0,0],"costBurn":"0","datavalues":{},"effect":[null,[3,3,3,3,3],[2,2,2,2,2],[80,105,130,155,180],[40,50,60,70,80],[25,25,25,25,25],[2,2,2,2,2],[10,10,10,10,10],[100,100,100,100,100],[0.5,0.5,0.5,0.5,0.5],[40,40,40,40,40]],"effectBurn":[null,"3","2","80/105/130/155/180","40/50/60/70/80","25","2","10","100","0.5","40"],"vars":[],"costType":"No Cost","maxammo":"3","range":[1000,1000,1000,1000,1000],"rangeBurn":"1000","image":{"full":"GangplankE.png","sprite":"spell3.png","group":"spell","x":192,"y":96,"w":48,"h":48},"resource":"No Cost"},{"id":"GangplankR","name":"Cannon Barrage","description":"Gangplank signals his ship to bombard an area, slowing and damaging enemies.","tooltip":"Signals Gangplank's ship to fire {{ f3 }} waves of cannonballs at an area over {{ e3 }} seconds. Each wave deals <magicDamage>{{ e1 }} <scaleAP>(+{{ a1 }})</scaleAP> magic damage</magicDamage> and slows enemies by {{ e2 }}% for {{ e6 }} seconds.<br /><br /><rules>Collect Silver Serpents with Parrrley to upgrade in the shop.</rules>","leveltip":{"label":["Damage Per Wave","Cooldown"],"effect":["{{ e1 }} -> {{ e1NL }}","{{ cooldown }} -> {{ cooldownNL }}"]},"maxrank":3,"cooldown":[180,160,140],"cooldownBurn":"180/160/140","cost":[100,100,100],"costBurn":"100","datavalues":{},"effect":[null,[40,70,100],[30,30,30],[8,8,8],[2,2,2],[1.5,0.5,0.5],[0.5,0.5,0.5],[300,300,300],[60,60,60],[1,1,1],[30,30,30]],"effectBurn":[null,"40/70/100","30","8","2","1.5/0.5/0.5","0.5","300","60","1","30"],"vars":[{"link":"spelldamage","coeff":0.1,"key":"a1"}],"costType":" {{ abilityresourcename }}","maxammo":"-1","range":[30000,30000,30000],"rangeBurn":"30000","image":{"full":"GangplankR.png","sprite":"spell3.png","group":"spell","x":240,"y":96,"w":48,"h":48},"resource":"{{ cost }} {{ abilityresourcename }}"}],"passive":{"name":"Trial by Fire","description":"Every few seconds, Gangplank's melee strike will set his opponent on fire.","image":{"full":"Gangplank_Passive.png","sprite":"passive1.png","group":"passive","x":96,"y":0,"w":48,"h":48}},"recommended":[{"champion":"Gangplank","title":"Beginner","map":"SR","mode":"INTRO","type":"riot","customTag":"","extensionPage":false,"customPanel":null,"blocks":[{"type":"beginner_starter","recMath":false,"recSteps":false,"minSummonerLevel":-1,"maxSummonerLevel":4,"showIfSummonerSpell":"","hideIfSummonerSpell":"","items":[{"id":"1054","count":1,"hideCount":false}]},{"type":"beginner_starter","recMath":false,"recSteps":false,"minSummonerLevel":5,"maxSummonerLevel":-1,"showIfSummonerSpell":"","hideIfSummonerSpell":"","items":[{"id":"1054","count":1,"hideCount":false},{"id":"2003","count":1,"hideCount":false}]},{"type":"beginner_advanced","recMath":true,"recSteps":false,"minSummonerLevel":-1,"maxSummonerLevel":-1,"showIfSummonerSpell":"","hideIfSummonerSpell":"","items":[{"id":"1028","count":1,"hideCount":false},{"id":"1036","count":1,"hideCount":false},{"id":"3044","count":1,"hideCount":false}]},{"type":"beginner_movementspeed","recMath":true,"recSteps":false,"minSummonerLevel":-1,"maxSummonerLevel":-1,"showIfSummonerSpell":"","hideIfSummonerSpell":"","items":[{"id":"1001","count":1,"hideCount":false},{"id":"1029","count":1,"hideCount":false},{"id":"3047","count":1,"hideCount":false}]},{"type":"beginner_legendaryitem","recMath":true,"recSteps":false,"minSummonerLevel":-1,"maxSummonerLevel":-1,"showIfSummonerSpell":"","hideIfSummonerSpell":"","items":[{"id":"3044","count":1,"hideCount":false},{"id":"3057","count":1,"hideCount":false},{"id":"3086","count":1,"hideCount":false},{"id":"3078","count":1,"hideCount":false}]},{"type":"beginner_morelegendaryitems","recMath":false,"recSteps":false,"minSummonerLevel":-1,"maxSummonerLevel":-1,"showIfSummonerSpell":"","hideIfSummonerSpell":"","items":[{"id":"3022","count":1,"hideCount":false},{"id":"3031","count":1,"hideCount":false},{"id":"3065","count":1,"hideCount":false}]},{"type":"situational","recMath":false,"recSteps":false,"minSummonerLevel":-1,"maxSummonerLevel":-1,"showIfSummonerSpell":"","hideIfSummonerSpell":"","items":[{"id":"3902","count":1,"hideCount":false},{"id":"3903","count":1,"hideCount":false},{"id":"3901","count":1,"hideCount":false}]}]},{"champion":"Gangplank","title":"GangplankARAM","map":"HA","mode":"ARAM","type":"riot","customTag":"","sortrank":0,"extensionPage":false,"customPanel":null,"blocks":[{"type":"starting","recMath":false,"recSteps":false,"minSummonerLevel":-1,"maxSummonerLevel":-1,"showIfSummonerSpell":"","hideIfSummonerSpell":"","appendAfterSection":"","visibleWithAllOf":[""],"hiddenWithAnyOf":[""],"items":[{"id":"3057","count":1,"hideCount":false},{"id":"1001","count":1,"hideCount":false},{"id":"2003","count":1,"hideCount":false}]},{"type":"essential","recMath":false,"recSteps":false,"minSummonerLevel":-1,"maxSummonerLevel":-1,"showIfSummonerSpell":"","hideIfSummonerSpell":"","appendAfterSection":"","visibleWithAllOf":[""],"hiddenWithAnyOf":[""],"items":[{"id":"3078","count":1,"hideCount":false},{"id":"3158","count":1,"hideCount":false},{"id":"3147","count":1,"hideCount":false}]},{"type":"offensive","recMath":false,"recSteps":false,"minSummonerLevel":-1,"maxSummonerLevel":-1,"showIfSummonerSpell":"","hideIfSummonerSpell":"","appendAfterSection":"","visibleWithAllOf":[""],"hiddenWithAnyOf":[""],"items":[{"id":"3031","count":1,"hideCount":false},{"id":"3142","count":1,"hideCount":false},{"id":"3036","count":1,"hideCount":false}]},{"type":"defensive","recMath":false,"recSteps":false,"minSummonerLevel":-1,"maxSummonerLevel":-1,"showIfSummonerSpell":"","hideIfSummonerSpell":"","appendAfterSection":"","visibleWithAllOf":[""],"hiddenWithAnyOf":[""],"items":[{"id":"3742","count":1,"hideCount":false},{"id":"3156","count":1,"hideCount":false},{"id":"3814","count":1,"hideCount":false}]},{"type":"champspecific","recMath":false,"recSteps":false,"minSummonerLevel":-1,"maxSummonerLevel":-1,"showIfSummonerSpell":"","hideIfSummonerSpell":"","appendAfterSection":"","visibleWithAllOf":[""],"hiddenWithAnyOf":[""],"items":[{"id":"3902","count":1,"hideCount":false},{"id":"3903","count":1,"hideCount":false},{"id":"3901","count":1,"hideCount":false}]},{"type":"consumables","recMath":false,"recSteps":false,"minSummonerLevel":-1,"maxSummonerLevel":-1,"showIfSummonerSpell":"","hideIfSummonerSpell":"","appendAfterSection":"","visibleWithAllOf":[""],"hiddenWithAnyOf":[""],"items":[{"id":"2003","count":1,"hideCount":false},{"id":"2033","count":1,"hideCount":false},{"id":"2140","count":1,"hideCount":false}]}]},{"champion":"Gangplank","title":"GangplankFIRSTBLOOD","map":"HA","mode":"FIRSTBLOOD","type":"riot","customTag":"","extensionPage":false,"customPanel":null,"blocks":[{"type":"starting","recMath":false,"recSteps":false,"minSummonerLevel":-1,"maxSummonerLevel":-1,"showIfSummonerSpell":"","hideIfSummonerSpell":"","items":[{"id":"1083","count":1,"hideCount":false},{"id":"2003","count":1,"hideCount":false},{"id":"3340","count":1,"hideCount":false}]},{"type":"early","recMath":false,"recSteps":false,"minSummonerLevel":-1,"maxSummonerLevel":-1,"showIfSummonerSpell":"","hideIfSummonerSpell":"","items":[{"id":"3057","count":1,"hideCount":false},{"id":"3044","count":1,"hideCount":false},{"id":"1001","count":1,"hideCount":false}]},{"type":"essential","recMath":false,"recSteps":false,"minSummonerLevel":-1,"maxSummonerLevel":-1,"showIfSummonerSpell":"","hideIfSummonerSpell":"","items":[{"id":"3078","count":1,"hideCount":false},{"id":"3031","count":1,"hideCount":false}]},{"type":"situational","recMath":false,"recSteps":false,"minSummonerLevel":-1,"maxSummonerLevel":-1,"showIfSummonerSpell":"","hideIfSummonerSpell":"","items":[{"id":"3902","count":1,"hideCount":false},{"id":"3903","count":1,"hideCount":false},{"id":"3901","count":1,"hideCount":false}]},{"type":"offensive","recMath":false,"recSteps":false,"minSummonerLevel":-1,"maxSummonerLevel":-1,"showIfSummonerSpell":"","hideIfSummonerSpell":"","items":[{"id":"3142","count":1,"hideCount":false},{"id":"3035","count":1,"hideCount":false},{"id":"3508","count":1,"hideCount":false}]},{"type":"defensive","recMath":false,"recSteps":false,"minSummonerLevel":-1,"maxSummonerLevel":-1,"showIfSummonerSpell":"","hideIfSummonerSpell":"","items":[{"id":"3110","count":1,"hideCount":false},{"id":"3742","count":1,"hideCount":false},{"id":"3065","count":1,"hideCount":false}]},{"type":"consumables","recMath":false,"recSteps":false,"minSummonerLevel":-1,"maxSummonerLevel":-1,"showIfSummonerSpell":"","hideIfSummonerSpell":"","items":[{"id":"2003","count":1,"hideCount":true},{"id":"2031","count":1,"hideCount":true},{"id":"2043","count":1,"hideCount":true},{"id":"2140","count":1,"hideCount":true}]}]},{"champion":"Gangplank","title":"GangplankARAM","map":"HA","mode":"KINGPORO","type":"riot","customTag":"","sortrank":0,"extensionPage":false,"customPanel":null,"blocks":[{"type":"KingPoroSnax","recMath":false,"recSteps":false,"minSummonerLevel":-1,"maxSummonerLevel":-1,"showIfSummonerSpell":"","hideIfSummonerSpell":"","items":[{"id":"3680","count":1,"hideCount":false},{"id":"3681","count":1,"hideCount":false},{"id":"3682","count":1,"hideCount":false},{"id":"3683","count":1,"hideCount":false},{"id":"3684","count":1,"hideCount":false},{"id":"3685","count":1,"hideCount":false}]},{"type":"starting","recMath":false,"recSteps":false,"minSummonerLevel":-1,"maxSummonerLevel":-1,"showIfSummonerSpell":"","hideIfSummonerSpell":"","appendAfterSection":"","visibleWithAllOf":[""],"hiddenWithAnyOf":[""],"items":[{"id":"3057","count":1,"hideCount":false},{"id":"1001","count":1,"hideCount":false},{"id":"2003","count":1,"hideCount":false}]},{"type":"essential","recMath":false,"recSteps":false,"minSummonerLevel":-1,"maxSummonerLevel":-1,"showIfSummonerSpell":"","hideIfSummonerSpell":"","appendAfterSection":"","visibleWithAllOf":[""],"hiddenWithAnyOf":[""],"items":[{"id":"3078","count":1,"hideCount":false},{"id":"3158","count":1,"hideCount":false},{"id":"3147","count":1,"hideCount":false}]},{"type":"offensive","recMath":false,"recSteps":false,"minSummonerLevel":-1,"maxSummonerLevel":-1,"showIfSummonerSpell":"","hideIfSummonerSpell":"","appendAfterSection":"","visibleWithAllOf":[""],"hiddenWithAnyOf":[""],"items":[{"id":"3031","count":1,"hideCount":false},{"id":"3142","count":1,"hideCount":false},{"id":"3036","count":1,"hideCount":false}]},{"type":"defensive","recMath":false,"recSteps":false,"minSummonerLevel":-1,"maxSummonerLevel":-1,"showIfSummonerSpell":"","hideIfSummonerSpell":"","appendAfterSection":"","visibleWithAllOf":[""],"hiddenWithAnyOf":[""],"items":[{"id":"3742","count":1,"hideCount":false},{"id":"3156","count":1,"hideCount":false},{"id":"3814","count":1,"hideCount":false}]},{"type":"champspecific","recMath":false,"recSteps":false,"minSummonerLevel":-1,"maxSummonerLevel":-1,"showIfSummonerSpell":"","hideIfSummonerSpell":"","appendAfterSection":"","visibleWithAllOf":[""],"hiddenWithAnyOf":[""],"items":[{"id":"3902","count":1,"hideCount":false},{"id":"3903","count":1,"hideCount":false},{"id":"3901","count":1,"hideCount":false}]},{"type":"consumables","recMath":false,"recSteps":false,"minSummonerLevel":-1,"maxSummonerLevel":-1,"showIfSummonerSpell":"","hideIfSummonerSpell":"","appendAfterSection":"","visibleWithAllOf":[""],"hiddenWithAnyOf":[""],"items":[{"id":"2003","count":1,"hideCount":false},{"id":"2033","count":1,"hideCount":false},{"id":"2140","count":1,"hideCount":false}]}]},{"champion":"Gangplank","title":"GangplankSL","map":"NB","mode":"NEXUSBLITZ","type":"riot","customTag":"","sortrank":0,"extensionPage":false,"useObviousCheckmark":false,"customPanel":null,"blocks":[{"type":"starting","recMath":false,"recSteps":false,"minSummonerLevel":-1,"maxSummonerLevel":-1,"showIfSummonerSpell":"","hideIfSummonerSpell":"SummonerSmite","appendAfterSection":"","visibleWithAllOf":[""],"hiddenWithAnyOf":[""],"items":[{"id":"4302","count":1,"hideCount":false},{"id":"2003","count":1,"hideCount":false},{"id":"3340","count":1,"hideCount":false}]},{"type":"startingjungle","recMath":false,"recSteps":false,"minSummonerLevel":-1,"maxSummonerLevel":-1,"showIfSummonerSpell":"SummonerSmite","hideIfSummonerSpell":"","appendAfterSection":"","visibleWithAllOf":[""],"hiddenWithAnyOf":[""],"items":[{"id":"4101","count":1,"hideCount":false},{"id":"2003","count":1,"hideCount":false},{"id":"3340","count":1,"hideCount":false}]},{"type":"early","recMath":false,"recSteps":false,"minSummonerLevel":-1,"maxSummonerLevel":-1,"showIfSummonerSpell":"","hideIfSummonerSpell":"SummonerSmite","appendAfterSection":"","visibleWithAllOf":[""],"hiddenWithAnyOf":[""],"items":[{"id":"3057","count":1,"hideCount":false},{"id":"3044","count":1,"hideCount":false},{"id":"1001","count":1,"hideCount":false}]},{"type":"earlyjungle","recMath":false,"recSteps":false,"minSummonerLevel":-1,"maxSummonerLevel":-1,"showIfSummonerSpell":"SummonerSmite","hideIfSummonerSpell":"","appendAfterSection":"","visibleWithAllOf":[""],"hiddenWithAnyOf":[""],"items":[{"id":"3133","count":1,"hideCount":false},{"id":"1001","count":1,"hideCount":false}]},{"type":"essential","recMath":false,"recSteps":false,"minSummonerLevel":-1,"maxSummonerLevel":-1,"showIfSummonerSpell":"","hideIfSummonerSpell":"SummonerSmite","appendAfterSection":"","visibleWithAllOf":[""],"hiddenWithAnyOf":[""],"items":[{"id":"3078","count":1,"hideCount":false},{"id":"3158","count":1,"hideCount":false},{"id":"3053","count":1,"hideCount":false}]},{"type":"essentialjungle","recMath":false,"recSteps":false,"minSummonerLevel":-1,"maxSummonerLevel":-1,"showIfSummonerSpell":"SummonerSmite","hideIfSummonerSpell":"","appendAfterSection":"","visibleWithAllOf":[""],"hiddenWithAnyOf":[""],"items":[{"id":"4102","count":1,"hideCount":false},{"id":"3078","count":1,"hideCount":false},{"id":"3047","count":1,"hideCount":false}]},{"type":"offensive","recMath":false,"recSteps":false,"minSummonerLevel":-1,"maxSummonerLevel":-1,"showIfSummonerSpell":"","hideIfSummonerSpell":"","appendAfterSection":"","visibleWithAllOf":[""],"hiddenWithAnyOf":[""],"items":[{"id":"3095","count":1,"hideCount":false},{"id":"3142","count":1,"hideCount":false},{"id":"3035","count":1,"hideCount":false}]},{"type":"defensive","recMath":false,"recSteps":false,"minSummonerLevel":-1,"maxSummonerLevel":-1,"showIfSummonerSpell":"","hideIfSummonerSpell":"","appendAfterSection":"","visibleWithAllOf":[""],"hiddenWithAnyOf":[""],"items":[{"id":"3053","count":1,"hideCount":false},{"id":"3814","count":1,"hideCount":false},{"id":"3065","count":1,"hideCount":false}]},{"type":"situational","recMath":false,"recSteps":false,"minSummonerLevel":-1,"maxSummonerLevel":-1,"showIfSummonerSpell":"","hideIfSummonerSpell":"","appendAfterSection":"","visibleWithAllOf":[""],"hiddenWithAnyOf":[""],"items":[{"id":"3902","count":1,"hideCount":false},{"id":"3903","count":1,"hideCount":false},{"id":"3901","count":1,"hideCount":false}]},{"type":"consumables","recMath":false,"recSteps":false,"minSummonerLevel":-1,"maxSummonerLevel":-1,"showIfSummonerSpell":"","hideIfSummonerSpell":"","appendAfterSection":"","visibleWithAllOf":[""],"hiddenWithAnyOf":[""],"items":[{"id":"2003","count":1,"hideCount":true},{"id":"2140","count":1,"hideCount":true}]}]},{"champion":"Gangplank","title":"GangplankSR","map":"SR","mode":"CLASSIC","type":"riot","customTag":"","sortrank":0,"extensionPage":false,"useObviousCheckmark":false,"customPanel":null,"blocks":[{"type":"starting","recMath":false,"recSteps":false,"minSummonerLevel":-1,"maxSummonerLevel":-1,"showIfSummonerSpell":"","hideIfSummonerSpell":"","appendAfterSection":"","visibleWithAllOf":[""],"hiddenWithAnyOf":[""],"items":[{"id":"2033","count":1,"hideCount":false},{"id":"3340","count":1,"hideCount":false}]},{"type":"early","recMath":false,"recSteps":false,"minSummonerLevel":-1,"maxSummonerLevel":-1,"showIfSummonerSpell":"","hideIfSummonerSpell":"","appendAfterSection":"","visibleWithAllOf":[""],"hiddenWithAnyOf":[""],"items":[{"id":"3057","count":1,"hideCount":false},{"id":"3044","count":1,"hideCount":false},{"id":"1001","count":1,"hideCount":false}]},{"type":"essential","recMath":false,"recSteps":false,"minSummonerLevel":-1,"maxSummonerLevel":-1,"showIfSummonerSpell":"","hideIfSummonerSpell":"","appendAfterSection":"","visibleWithAllOf":[""],"hiddenWithAnyOf":[""],"items":[{"id":"3078","count":1,"hideCount":false},{"id":"3158","count":1,"hideCount":false},{"id":"3053","count":1,"hideCount":false}]},{"type":"situational","recMath":false,"recSteps":false,"minSummonerLevel":-1,"maxSummonerLevel":-1,"showIfSummonerSpell":"","hideIfSummonerSpell":"","appendAfterSection":"","visibleWithAllOf":[""],"hiddenWithAnyOf":[""],"items":[{"id":"3902","count":1,"hideCount":false},{"id":"3901","count":1,"hideCount":false},{"id":"3903","count":1,"hideCount":false}]},{"type":"offensive","recMath":false,"recSteps":false,"minSummonerLevel":-1,"maxSummonerLevel":-1,"showIfSummonerSpell":"","hideIfSummonerSpell":"","appendAfterSection":"","visibleWithAllOf":[""],"hiddenWithAnyOf":[""],"items":[{"id":"3035","count":1,"hideCount":false},{"id":"3031","count":1,"hideCount":false},{"id":"3508","count":1,"hideCount":false}]},{"type":"defensive","recMath":false,"recSteps":false,"minSummonerLevel":-1,"maxSummonerLevel":-1,"showIfSummonerSpell":"","hideIfSummonerSpell":"","appendAfterSection":"","visibleWithAllOf":[""],"hiddenWithAnyOf":[""],"items":[{"id":"3814","count":1,"hideCount":false},{"id":"3065","count":1,"hideCount":false},{"id":"3026","count":1,"hideCount":false}]},{"type":"consumables","recMath":false,"recSteps":false,"minSummonerLevel":-1,"maxSummonerLevel":-1,"showIfSummonerSpell":"","hideIfSummonerSpell":"","appendAfterSection":"","visibleWithAllOf":[""],"hiddenWithAnyOf":[""],"items":[{"id":"2003","count":1,"hideCount":true},{"id":"2140","count":1,"hideCount":true}]}]}]}}}