{"type":"champion","format":"standAloneComplex","version":"10.15.1","data":{"Gnar":{"id":"Gnar","key":"150","name":"Gnar","title":"the Missing Link","image":{"full":"Gnar.png","sprite":"champion1.png","group":"champion","x":192,"y":0,"w":48,"h":48},"skins":[{"id":"150000","num":0,"name":"default","chromas":false},{"id":"150001","num":1,"name":"Dino Gnar","chromas":true},{"id":"150002","num":2,"name":"Gentleman Gnar","chromas":false},{"id":"150003","num":3,"name":"Snow Day Gnar","chromas":false},{"id":"150004","num":4,"name":"El León Gnar","chromas":false},{"id":"150013","num":13,"name":"Super Galaxy Gnar","chromas":false},{"id":"150014","num":14,"name":"SSG Gnar","chromas":false},{"id":"150015","num":15,"name":"Astronaut Gnar","chromas":true}],"lore":"Gnar is a primeval yordle whose playful antics can erupt into a toddler's outrage in an instant, transforming him into a massive beast bent on destruction. Frozen in True Ice for millennia, the curious creature broke free and now hops about a changed world he sees as exotic and wondrous. Delighted by danger, Gnar flings whatever he can at his enemies, be it his bonetooth boomerang, or a nearby building.","blurb":"Gnar is a primeval yordle whose playful antics can erupt into a toddler's outrage in an instant, transforming him into a massive beast bent on destruction. Frozen in True Ice for millennia, the curious creature broke free and now hops about a changed...","allytips":["Managing your Rage is very important. Try to time out your transformations so you can get maximum benefit from both forms.","Position yourself next to walls to bait your enemies into getting stunned by your ultimate.","Know your strengths! Mini Gnar is fast, squishy, and has high sustained damage. Mega Gnar is slow, tough, and has high burst."],"enemytips":["Gnar can't gain Rage for 15 seconds after he turns from big to little. Use this chance to engage on his team.","Gnar's animations and resource bar change as he gets closer to transforming.  ","Gnar's ultimate stuns if he hits you into a wall. Be careful when fighting him near one."],"tags":["Fighter","Tank"],"partype":"Rage","info":{"attack":6,"defense":5,"magic":5,"difficulty":8},"stats":{"hp":510,"hpperlevel":65,"mp":100,"mpperlevel":0,"movespeed":335,"armor":32,"armorperlevel":2.5,"spellblock":30,"spellblockperlevel":0.5,"attackrange":175,"hpregen":4.5,"hpregenperlevel":1.75,"mpregen":0,"mpregenperlevel":0,"crit":0,"critperlevel":0,"attackdamage":59,"attackdamageperlevel":3,"attackspeedperlevel":6,"attackspeed":0.625},"spells":[{"id":"GnarQ","name":"Boomerang Throw / Boulder Toss","description":"Gnar throws a boomerang that damages and slows enemies it hits before returning to him. If he catches the boomerang its cooldown is reduced.<br><br>Mega Gnar instead throws a boulder that stops on the first unit hit, damaging and slowing everything nearby. It can then be picked up to reduce the cooldown.","tooltip":"<span class=\"color33FF33\">Mini Gnar: </span>Throws a boomerang that deals <physicalDamage>{{ minitotaldamage }} physical damage</physicalDamage> and slows enemies by {{ slowamount*100 }}% for {{ slowduration }} seconds. The boomerang returns towards Gnar after hitting an enemy, dealing {{ minisubsequentmult*100 }}% damage to subsequent targets. Each enemy can only be hit once. Catching the boomerang reduces its cooldown by {{ minicdrefund*100 }}%.<br /><br /><scaleHealth>Mega Gnar: </scaleHealth>Throws a boulder that stops when it hits an enemy, slowing all nearby enemies and dealing <physicalDamage>{{ megatotaldamage }} physical damage</physicalDamage>. Picking up the boulder reduces its cooldown by {{ megacdrefund*100 }}%.","leveltip":{"label":["Boomerang Damage","Boulder Damage","Slow","Cooldown"],"effect":["{{ minibasedamage }} -> {{ minibasedamageNL }}","{{ megabasedamage }} -> {{ megabasedamageNL }}","{{ slowamount*100.000000 }}% -> {{ slowamountnl*100.000000 }}%","{{ cooldown }} -> {{ cooldownNL }}"]},"maxrank":5,"cooldown":[20,17.5,15,12.5,10],"cooldownBurn":"20/17.5/15/12.5/10","cost":[0,0,0,0,0],"costBurn":"0","datavalues":{},"effect":[null,[0,0,0,0,0],[0,0,0,0,0],[0,0,0,0,0],[0,0,0,0,0],[0,0,0,0,0],[0,0,0,0,0],[0,0,0,0,0],[0,0,0,0,0],[0,0,0,0,0],[0,0,0,0,0]],"effectBurn":[null,"0","0","0","0","0","0","0","0","0","0"],"vars":[],"costType":"No Cost","maxammo":"-1","range":[1100,1100,1100,1100,1100],"rangeBurn":"1100","image":{"full":"GnarQ.png","sprite":"spell3.png","group":"spell","x":0,"y":144,"w":48,"h":48},"resource":"No Cost"},{"id":"GnarW","name":"Hyper / Wallop","description":"Gnar's attacks and spells hype him up, dealing bonus damage and granting him Movement Speed.<br><br>Mega Gnar is too enraged to be hyper and instead can rear up on his hind legs and smash down on the area in front of him, stunning enemies in an area.","tooltip":"<span class=\"color33FF33\">Mini Gnar: </span><spellPassive>Passive:</spellPassive> Every 3rd attack or spell on the same target deals an additional <magicDamage>{{ minitotaldamage }}</magicDamage> +{{ minipercenthpdamage*100 }}% of the target's max Health as <magicDamage>magic damage</magicDamage> and grants Gnar {{ f1 }}% Movement Speed that decays over 3 seconds (max {{ minimonstercap }} damage vs. monsters). <br /><br /><scaleHealth>Mega Gnar: </scaleHealth>Stuns enemies in an area for {{ megastunduration }} seconds, dealing <physicalDamage>{{ megatotaldamage }} physical damage</physicalDamage>.<br /><br />Gnar gains Hyper's Movement Speed bonus when he leaves Mega form.","leveltip":{"label":["Hyper Damage","Hyper % Health Damage","Wallop Damage"],"effect":["{{ minibasedamage }} -> {{ minibasedamageNL }}","{{ minipercenthpdamage*100.000000 }}% -> {{ minipercenthpdamagenl*100.000000 }}%","{{ megabasedamage }} -> {{ megabasedamageNL }}"]},"maxrank":5,"cooldown":[7,7,7,7,7],"cooldownBurn":"7","cost":[0,0,0,0,0],"costBurn":"0","datavalues":{},"effect":[null,[0,0,0,0,0],[0,0,0,0,0],[0,0,0,0,0],[0,0,0,0,0],[0,0,0,0,0],[0,0,0,0,0],[0,0,0,0,0],[0,0,0,0,0],[0,0,0,0,0],[0,0,0,0,0]],"effectBurn":[null,"0","0","0","0","0","0","0","0","0","0"],"vars":[],"costType":"No Cost","maxammo":"-1","range":[0,0,0,0,0],"rangeBurn":"0","image":{"full":"GnarW.png","sprite":"spell3.png","group":"spell","x":48,"y":144,"w":48,"h":48},"resource":"No Cost"},{"id":"GnarE","name":"Hop / Crunch","description":"Gnar leaps to a location and bounces off the head of any unit he lands on, traveling further.<br><br>Mega Gnar is too large to bounce and instead lands with earth-shattering force, dealing damage in an area around him.","tooltip":"<span class=\"color33FF33\">Mini Gnar: </span>Leaps to a location, gaining {{ minibas*100 }}% Attack Speed for {{ miniasduration }} seconds. If Gnar lands on a unit he will bounce off it, traveling further. Deals <physicalDamage>{{ minitotaldamage }} physical damage</physicalDamage> and slows briefly if the unit landed on was an enemy.<br /><br /><scaleHealth>Mega Gnar: </scaleHealth>Leaps to a location and deals <physicalDamage>{{ megatotaldamage }} physical damage</physicalDamage> to nearby enemies on landing. Enemies Gnar lands directly on top of are slowed briefly.<br /><br />If Crunch is used to transform, Gnar will still be able to bounce.","leveltip":{"label":["Hop Damage","Crunch Damage","Bonus Attack Speed","Cooldown"],"effect":["{{ minidamage }} -> {{ minidamageNL }}","{{ megadamage }} -> {{ megadamageNL }}","{{ minibas*100.000000 }}% -> {{ minibasnl*100.000000 }}%","{{ cooldown }} -> {{ cooldownNL }}"]},"maxrank":5,"cooldown":[22,19.5,17,14.5,12],"cooldownBurn":"22/19.5/17/14.5/12","cost":[0,0,0,0,0],"costBurn":"0","datavalues":{},"effect":[null,[0,0,0,0,0],[0,0,0,0,0],[0,0,0,0,0],[0,0,0,0,0],[0,0,0,0,0],[0,0,0,0,0],[0,0,0,0,0],[0,0,0,0,0],[0,0,0,0,0],[0,0,0,0,0]],"effectBurn":[null,"0","0","0","0","0","0","0","0","0","0"],"vars":[],"costType":"No Cost","maxammo":"-1","range":[475,475,475,475,475],"rangeBurn":"475","image":{"full":"GnarE.png","sprite":"spell3.png","group":"spell","x":96,"y":144,"w":48,"h":48},"resource":"No Cost"},{"id":"GnarR","name":"GNAR!","description":"Mega Gnar throws everything around him in a chosen direction, dealing damage and slowing them.  Any enemy that hits a wall is stunned and takes bonus damage.","tooltip":"<span class=\"color33FF33\">Mini Gnar: </span><spellPassive>Passive:</spellPassive> Increases <spellName>Hyper's</spellName> Movement Speed bonus to {{ rhypermovementspeedpercent }}%.<br /><br /><span class=\"colorFF3300\">Mega Gnar: </span>Knocks nearby enemies in the specified direction, dealing <physicalDamage>{{ damage }} physical damage</physicalDamage> and slowing them by {{ rslowpercent }}% for {{ rccduration }} seconds. Enemies that hit a wall take {{ rwallhitdamagemultiplier }}% damage and are stunned instead of slowed.","leveltip":{"label":["Damage","Slow/Stun Duration","Hyper Movement Speed","Cooldown"],"effect":["{{ rbasedamage }} -> {{ rbasedamageNL }}","{{ rccduration }} -> {{ rccdurationNL }}","{{ rhypermovementspeedpercent }}% -> {{ rhypermovementspeedpercentNL }}%","{{ cooldown }} -> {{ cooldownNL }}"]},"maxrank":3,"cooldown":[90,60,30],"cooldownBurn":"90/60/30","cost":[0,0,0],"costBurn":"0","datavalues":{},"effect":[null,[0,0,0],[0,0,0],[0,0,0],[0,0,0],[0,0,0],[0,0,0],[0,0,0],[0,0,0],[0,0,0],[0,0,0]],"effectBurn":[null,"0","0","0","0","0","0","0","0","0","0"],"vars":[],"costType":"No Cost","maxammo":"-1","range":[590,590,590],"rangeBurn":"590","image":{"full":"GnarR.png","sprite":"spell3.png","group":"spell","x":144,"y":144,"w":48,"h":48},"resource":"No Cost"}],"passive":{"name":"Rage Gene","description":"While in combat Gnar generates Rage. At maximum Rage his next ability will transform him into Mega Gnar, granting increased survivability and access to new spells.","image":{"full":"Gnar_Passive.png","sprite":"passive1.png","group":"passive","x":192,"y":0,"w":48,"h":48}},"recommended":[{"champion":"Gnar","title":"Beginner","map":"SR","mode":"INTRO","type":"riot","customTag":"","requiredPerk":"","sortrank":0,"extensionPage":false,"customPanel":null,"blocks":[{"type":"beginner_starter","recMath":false,"recSteps":false,"minSummonerLevel":-1,"maxSummonerLevel":4,"showIfSummonerSpell":"","hideIfSummonerSpell":"","items":[{"id":"1054","count":1,"hideCount":false}]},{"type":"beginner_starter","recMath":false,"recSteps":false,"minSummonerLevel":5,"maxSummonerLevel":-1,"showIfSummonerSpell":"","hideIfSummonerSpell":"","items":[{"id":"1054","count":1,"hideCount":false},{"id":"2003","count":1,"hideCount":false}]},{"type":"beginner_advanced","recMath":true,"recSteps":false,"minSummonerLevel":-1,"maxSummonerLevel":-1,"showIfSummonerSpell":"","hideIfSummonerSpell":"","items":[{"id":"1028","count":1,"hideCount":false},{"id":"1036","count":1,"hideCount":false},{"id":"3044","count":1,"hideCount":false}]},{"type":"beginner_movementspeed","recMath":true,"recSteps":false,"minSummonerLevel":-1,"maxSummonerLevel":-1,"showIfSummonerSpell":"","hideIfSummonerSpell":"","items":[{"id":"1001","count":1,"hideCount":false},{"id":"1033","count":1,"hideCount":false},{"id":"3111","count":1,"hideCount":false}]},{"type":"beginner_legendaryitem","recMath":true,"recSteps":false,"minSummonerLevel":-1,"maxSummonerLevel":-1,"showIfSummonerSpell":"","hideIfSummonerSpell":"","items":[{"id":"3044","count":1,"hideCount":false},{"id":"3067","count":1,"hideCount":false},{"id":"3071","count":1,"hideCount":false}]},{"type":"beginner_morelegendaryitems","recMath":false,"recSteps":false,"minSummonerLevel":-1,"maxSummonerLevel":-1,"showIfSummonerSpell":"","hideIfSummonerSpell":"","items":[{"id":"3742","count":1,"hideCount":false},{"id":"3065","count":1,"hideCount":false},{"id":"3143","count":1,"hideCount":false}]}]},{"champion":"Gnar","title":"GnarARAM","map":"HA","mode":"ARAM","type":"riot","customTag":"","sortrank":0,"extensionPage":false,"useObviousCheckmark":false,"customPanel":null,"blocks":[{"type":"starting","recMath":false,"recSteps":false,"minSummonerLevel":-1,"maxSummonerLevel":-1,"showIfSummonerSpell":"","hideIfSummonerSpell":"","appendAfterSection":"","visibleWithAllOf":[""],"hiddenWithAnyOf":[""],"items":[{"id":"3044","count":1,"hideCount":false},{"id":"2003","count":3,"hideCount":false}]},{"type":"essential","recMath":false,"recSteps":false,"minSummonerLevel":-1,"maxSummonerLevel":-1,"showIfSummonerSpell":"","hideIfSummonerSpell":"","appendAfterSection":"","visibleWithAllOf":[""],"hiddenWithAnyOf":[""],"items":[{"id":"3071","count":1,"hideCount":false},{"id":"3047","count":1,"hideCount":false},{"id":"3022","count":1,"hideCount":false}]},{"type":"offensive","recMath":false,"recSteps":false,"minSummonerLevel":-1,"maxSummonerLevel":-1,"showIfSummonerSpell":"","hideIfSummonerSpell":"","appendAfterSection":"","visibleWithAllOf":[""],"hiddenWithAnyOf":[""],"items":[{"id":"3091","count":1,"hideCount":false},{"id":"3156","count":1,"hideCount":false},{"id":"3005","count":1,"hideCount":false}]},{"type":"defensive","recMath":false,"recSteps":false,"minSummonerLevel":-1,"maxSummonerLevel":-1,"showIfSummonerSpell":"","hideIfSummonerSpell":"","appendAfterSection":"","visibleWithAllOf":[""],"hiddenWithAnyOf":[""],"items":[{"id":"3065","count":1,"hideCount":false},{"id":"3143","count":1,"hideCount":false},{"id":"3190","count":1,"hideCount":false}]},{"type":"consumables","recMath":false,"recSteps":false,"minSummonerLevel":-1,"maxSummonerLevel":-1,"showIfSummonerSpell":"","hideIfSummonerSpell":"","appendAfterSection":"","visibleWithAllOf":[""],"hiddenWithAnyOf":[""],"items":[{"id":"2003","count":1,"hideCount":false},{"id":"2138","count":1,"hideCount":false}]}]},{"champion":"Gnar","title":"GnarFIRSTBLOOD","map":"HA","mode":"FIRSTBLOOD","type":"riot","customTag":"","sortrank":0,"extensionPage":false,"customPanel":null,"blocks":[{"type":"starting","recMath":false,"recSteps":false,"minSummonerLevel":-1,"maxSummonerLevel":-1,"showIfSummonerSpell":"","hideIfSummonerSpell":"","appendAfterSection":"","items":[{"id":"1055","count":1,"hideCount":false},{"id":"2003","count":1,"hideCount":false},{"id":"3340","count":1,"hideCount":false}]},{"type":"early","recMath":false,"recSteps":false,"minSummonerLevel":-1,"maxSummonerLevel":-1,"showIfSummonerSpell":"","hideIfSummonerSpell":"","appendAfterSection":"","items":[{"id":"3133","count":1,"hideCount":false},{"id":"3044","count":1,"hideCount":false},{"id":"1001","count":1,"hideCount":false}]},{"type":"essential","recMath":false,"recSteps":false,"minSummonerLevel":-1,"maxSummonerLevel":-1,"showIfSummonerSpell":"","hideIfSummonerSpell":"","appendAfterSection":"","items":[{"id":"3071","count":1,"hideCount":false},{"id":"3143","count":1,"hideCount":false}]},{"type":"offensive","recMath":false,"recSteps":false,"minSummonerLevel":-1,"maxSummonerLevel":-1,"showIfSummonerSpell":"","hideIfSummonerSpell":"","appendAfterSection":"","items":[{"id":"3156","count":1,"hideCount":false},{"id":"3142","count":1,"hideCount":false},{"id":"3022","count":1,"hideCount":false}]},{"type":"defensive","recMath":false,"recSteps":false,"minSummonerLevel":-1,"maxSummonerLevel":-1,"showIfSummonerSpell":"","hideIfSummonerSpell":"","appendAfterSection":"","items":[{"id":"3068","count":1,"hideCount":false},{"id":"3102","count":1,"hideCount":false},{"id":"3075","count":1,"hideCount":false}]},{"type":"consumables","recMath":false,"recSteps":false,"minSummonerLevel":-1,"maxSummonerLevel":-1,"showIfSummonerSpell":"","hideIfSummonerSpell":"","appendAfterSection":"","items":[{"id":"2003","count":1,"hideCount":true},{"id":"2031","count":1,"hideCount":true},{"id":"2138","count":1,"hideCount":true}]}]},{"champion":"Gnar","title":"GnarARAM","map":"HA","mode":"KINGPORO","type":"riot","customTag":"","sortrank":0,"extensionPage":false,"useObviousCheckmark":false,"customPanel":null,"blocks":[{"type":"KingPoroSnax","recMath":false,"recSteps":false,"minSummonerLevel":-1,"maxSummonerLevel":-1,"showIfSummonerSpell":"","hideIfSummonerSpell":"","items":[{"id":"3680","count":1,"hideCount":false},{"id":"3681","count":1,"hideCount":false},{"id":"3682","count":1,"hideCount":false},{"id":"3683","count":1,"hideCount":false},{"id":"3684","count":1,"hideCount":false},{"id":"3685","count":1,"hideCount":false}]},{"type":"starting","recMath":false,"recSteps":false,"minSummonerLevel":-1,"maxSummonerLevel":-1,"showIfSummonerSpell":"","hideIfSummonerSpell":"","appendAfterSection":"","visibleWithAllOf":[""],"hiddenWithAnyOf":[""],"items":[{"id":"3044","count":1,"hideCount":false},{"id":"2003","count":3,"hideCount":false}]},{"type":"essential","recMath":false,"recSteps":false,"minSummonerLevel":-1,"maxSummonerLevel":-1,"showIfSummonerSpell":"","hideIfSummonerSpell":"","appendAfterSection":"","visibleWithAllOf":[""],"hiddenWithAnyOf":[""],"items":[{"id":"3071","count":1,"hideCount":false},{"id":"3047","count":1,"hideCount":false},{"id":"3022","count":1,"hideCount":false}]},{"type":"offensive","recMath":false,"recSteps":false,"minSummonerLevel":-1,"maxSummonerLevel":-1,"showIfSummonerSpell":"","hideIfSummonerSpell":"","appendAfterSection":"","visibleWithAllOf":[""],"hiddenWithAnyOf":[""],"items":[{"id":"3091","count":1,"hideCount":false},{"id":"3156","count":1,"hideCount":false},{"id":"3005","count":1,"hideCount":false}]},{"type":"defensive","recMath":false,"recSteps":false,"minSummonerLevel":-1,"maxSummonerLevel":-1,"showIfSummonerSpell":"","hideIfSummonerSpell":"","appendAfterSection":"","visibleWithAllOf":[""],"hiddenWithAnyOf":[""],"items":[{"id":"3065","count":1,"hideCount":false},{"id":"3143","count":1,"hideCount":false},{"id":"3190","count":1,"hideCount":false}]},{"type":"consumables","recMath":false,"recSteps":false,"minSummonerLevel":-1,"maxSummonerLevel":-1,"showIfSummonerSpell":"","hideIfSummonerSpell":"","appendAfterSection":"","visibleWithAllOf":[""],"hiddenWithAnyOf":[""],"items":[{"id":"2003","count":1,"hideCount":false},{"id":"2138","count":1,"hideCount":false}]}]},{"champion":"Gnar","title":"GnarSL","map":"NB","mode":"NEXUSBLITZ","type":"riot","customTag":"","sortrank":0,"extensionPage":false,"useObviousCheckmark":false,"customPanel":null,"blocks":[{"type":"starting","recMath":false,"recSteps":false,"minSummonerLevel":-1,"maxSummonerLevel":-1,"showIfSummonerSpell":"","hideIfSummonerSpell":"SummonerSmite","appendAfterSection":"","visibleWithAllOf":[""],"hiddenWithAnyOf":[""],"items":[{"id":"4202","count":1,"hideCount":false},{"id":"2003","count":1,"hideCount":false},{"id":"3340","count":1,"hideCount":false}]},{"type":"startingjungle","recMath":false,"recSteps":false,"minSummonerLevel":-1,"maxSummonerLevel":-1,"showIfSummonerSpell":"SummonerSmite","hideIfSummonerSpell":"","appendAfterSection":"","visibleWithAllOf":[""],"hiddenWithAnyOf":[""],"items":[{"id":"4101","count":1,"hideCount":false},{"id":"2003","count":1,"hideCount":false},{"id":"3340","count":1,"hideCount":false}]},{"type":"early","recMath":false,"recSteps":false,"minSummonerLevel":-1,"maxSummonerLevel":-1,"showIfSummonerSpell":"","hideIfSummonerSpell":"SummonerSmite","appendAfterSection":"","visibleWithAllOf":[""],"hiddenWithAnyOf":[""],"items":[{"id":"3044","count":1,"hideCount":false},{"id":"1001","count":1,"hideCount":false},{"id":"3067","count":1,"hideCount":false}]},{"type":"earlyjungle","recMath":false,"recSteps":false,"minSummonerLevel":-1,"maxSummonerLevel":-1,"showIfSummonerSpell":"SummonerSmite","hideIfSummonerSpell":"","appendAfterSection":"","visibleWithAllOf":[""],"hiddenWithAnyOf":[""],"items":[{"id":"3044","count":1,"hideCount":false},{"id":"1001","count":1,"hideCount":false},{"id":"3133","count":1,"hideCount":false}]},{"type":"essential","recMath":false,"recSteps":false,"minSummonerLevel":-1,"maxSummonerLevel":-1,"showIfSummonerSpell":"","hideIfSummonerSpell":"SummonerSmite","appendAfterSection":"","visibleWithAllOf":[""],"hiddenWithAnyOf":[""],"items":[{"id":"3071","count":1,"hideCount":false},{"id":"3111","count":1,"hideCount":false},{"id":"3022","count":1,"hideCount":false}]},{"type":"essentialjungle","recMath":false,"recSteps":false,"minSummonerLevel":-1,"maxSummonerLevel":-1,"showIfSummonerSpell":"SummonerSmite","hideIfSummonerSpell":"","appendAfterSection":"","visibleWithAllOf":[""],"hiddenWithAnyOf":[""],"items":[{"id":"4102","count":1,"hideCount":false},{"id":"3111","count":1,"hideCount":false},{"id":"3071","count":1,"hideCount":false}]},{"type":"offensive","recMath":false,"recSteps":false,"minSummonerLevel":-1,"maxSummonerLevel":-1,"showIfSummonerSpell":"","hideIfSummonerSpell":"","appendAfterSection":"","visibleWithAllOf":[""],"hiddenWithAnyOf":[""],"items":[{"id":"3156","count":1,"hideCount":false},{"id":"3005","count":1,"hideCount":false},{"id":"3161","count":1,"hideCount":false}]},{"type":"defensive","recMath":false,"recSteps":false,"minSummonerLevel":-1,"maxSummonerLevel":-1,"showIfSummonerSpell":"","hideIfSummonerSpell":"","appendAfterSection":"","visibleWithAllOf":[""],"hiddenWithAnyOf":[""],"items":[{"id":"3075","count":1,"hideCount":false},{"id":"3065","count":1,"hideCount":false},{"id":"3742","count":1,"hideCount":false}]},{"type":"consumables","recMath":false,"recSteps":false,"minSummonerLevel":-1,"maxSummonerLevel":-1,"showIfSummonerSpell":"","hideIfSummonerSpell":"","appendAfterSection":"","visibleWithAllOf":[""],"hiddenWithAnyOf":[""],"items":[{"id":"2003","count":1,"hideCount":true},{"id":"2138","count":1,"hideCount":true}]}]},{"champion":"Gnar","title":"GnarSR","map":"SR","mode":"CLASSIC","type":"riot","customTag":"","sortrank":0,"extensionPage":false,"useObviousCheckmark":false,"customPanel":null,"blocks":[{"type":"starting","recMath":false,"recSteps":false,"minSummonerLevel":-1,"maxSummonerLevel":-1,"showIfSummonerSpell":"","hideIfSummonerSpell":"SummonerSmite","appendAfterSection":"","visibleWithAllOf":[""],"hiddenWithAnyOf":[""],"items":[{"id":"1055","count":1,"hideCount":false},{"id":"2003","count":1,"hideCount":false},{"id":"3340","count":1,"hideCount":false}]},{"type":"startingjungle","recMath":false,"recSteps":false,"minSummonerLevel":-1,"maxSummonerLevel":-1,"showIfSummonerSpell":"SummonerSmite","hideIfSummonerSpell":"","appendAfterSection":"","visibleWithAllOf":[""],"hiddenWithAnyOf":[""],"items":[{"id":"1041","count":1,"hideCount":false},{"id":"2031","count":1,"hideCount":false},{"id":"3340","count":1,"hideCount":false}]},{"type":"early","recMath":false,"recSteps":false,"minSummonerLevel":-1,"maxSummonerLevel":-1,"showIfSummonerSpell":"","hideIfSummonerSpell":"SummonerSmite","appendAfterSection":"","visibleWithAllOf":[""],"hiddenWithAnyOf":[""],"items":[{"id":"3044","count":1,"hideCount":false},{"id":"1001","count":1,"hideCount":false},{"id":"3067","count":1,"hideCount":false}]},{"type":"earlyjungle","recMath":false,"recSteps":false,"minSummonerLevel":-1,"maxSummonerLevel":-1,"showIfSummonerSpell":"SummonerSmite","hideIfSummonerSpell":"","appendAfterSection":"","visibleWithAllOf":[""],"hiddenWithAnyOf":[""],"items":[{"id":"3715","count":1,"hideCount":false},{"id":"1001","count":1,"hideCount":false},{"id":"1043","count":1,"hideCount":false},{"id":"1419","count":1,"hideCount":false}]},{"type":"essential","recMath":false,"recSteps":false,"minSummonerLevel":-1,"maxSummonerLevel":-1,"showIfSummonerSpell":"","hideIfSummonerSpell":"","appendAfterSection":"","visibleWithAllOf":[""],"hiddenWithAnyOf":[""],"items":[{"id":"3071","count":1,"hideCount":false},{"id":"3047","count":1,"hideCount":false},{"id":"3022","count":1,"hideCount":false}]},{"type":"offensive","recMath":false,"recSteps":false,"minSummonerLevel":-1,"maxSummonerLevel":-1,"showIfSummonerSpell":"","hideIfSummonerSpell":"","appendAfterSection":"","visibleWithAllOf":[""],"hiddenWithAnyOf":[""],"items":[{"id":"3026","count":1,"hideCount":false},{"id":"3742","count":1,"hideCount":false},{"id":"3156","count":1,"hideCount":false}]},{"type":"defensive","recMath":false,"recSteps":false,"minSummonerLevel":-1,"maxSummonerLevel":-1,"showIfSummonerSpell":"","hideIfSummonerSpell":"","appendAfterSection":"","visibleWithAllOf":[""],"hiddenWithAnyOf":[""],"items":[{"id":"3075","count":1,"hideCount":false},{"id":"3143","count":1,"hideCount":false},{"id":"3193","count":1,"hideCount":false}]},{"type":"situational","recMath":false,"recSteps":false,"minSummonerLevel":-1,"maxSummonerLevel":-1,"showIfSummonerSpell":"","hideIfSummonerSpell":"","appendAfterSection":"","visibleWithAllOf":[""],"hiddenWithAnyOf":[""],"items":[{"id":"3153","count":1,"hideCount":false},{"id":"3091","count":1,"hideCount":false},{"id":"3194","count":1,"hideCount":false}]},{"type":"consumables","recMath":false,"recSteps":false,"minSummonerLevel":-1,"maxSummonerLevel":-1,"showIfSummonerSpell":"","hideIfSummonerSpell":"","appendAfterSection":"","visibleWithAllOf":[""],"hiddenWithAnyOf":[""],"items":[{"id":"2003","count":1,"hideCount":true},{"id":"2138","count":1,"hideCount":true}]}]}]}}}