{"type":"champion","format":"standAloneComplex","version":"10.15.1","data":{"Gragas":{"id":"Gragas","key":"79","name":"Gragas","title":"the Rabble Rouser","image":{"full":"Gragas.png","sprite":"champion1.png","group":"champion","x":240,"y":0,"w":48,"h":48},"skins":[{"id":"79000","num":0,"name":"default","chromas":false},{"id":"79001","num":1,"name":"Scuba Gragas","chromas":false},{"id":"79002","num":2,"name":"Hillbilly Gragas","chromas":false},{"id":"79003","num":3,"name":"Santa Gragas","chromas":false},{"id":"79004","num":4,"name":"Gragas, Esq.","chromas":false},{"id":"79005","num":5,"name":"Vandal Gragas","chromas":false},{"id":"79006","num":6,"name":"Oktoberfest Gragas","chromas":false},{"id":"79007","num":7,"name":"Superfan Gragas","chromas":false},{"id":"79008","num":8,"name":"Fnatic Gragas","chromas":false},{"id":"79009","num":9,"name":"Gragas Caskbreaker","chromas":false},{"id":"79010","num":10,"name":"Arctic Ops Gragas","chromas":false}],"lore":"Equal parts jolly and imposing, Gragas is a massive, rowdy brewmaster on his own quest for the perfect pint of ale. Hailing from parts unknown, he now searches for rare ingredients among the unblemished wastes of the Freljord, trying each recipe as he goes. Often intoxicated and extremely impulsive, he is legendary for the brawls he starts, which often end in all-night parties and widespread property damage. Any appearance from Gragas must surely foreshadow drinking and destruction—in that order.","blurb":"Equal parts jolly and imposing, Gragas is a massive, rowdy brewmaster on his own quest for the perfect pint of ale. Hailing from parts unknown, he now searches for rare ingredients among the unblemished wastes of the Freljord, trying each recipe as he...","allytips":["The damage reduction from Drunken Rage is applied when you start drinking, try to use it when you see damage coming your way.","Try to knock enemies back into your towers with Explosive Cask.","Try to combo Body Slam with Explosive Cask to set up kills for your team."],"enemytips":["Gragas can knock everybody away with his ultimate. Be careful that you don't get knocked into him or, worse, an enemy tower.","Body Slam is on a very low cooldown, making it difficult to pursue Gragas. Don't overextend yourself chasing him."],"tags":["Fighter","Mage"],"partype":"Mana","info":{"attack":4,"defense":7,"magic":6,"difficulty":5},"stats":{"hp":600,"hpperlevel":95,"mp":400,"mpperlevel":47,"movespeed":330,"armor":35,"armorperlevel":3.6,"spellblock":32.1,"spellblockperlevel":1.25,"attackrange":125,"hpregen":5.5,"hpregenperlevel":0.5,"mpregen":6,"mpregenperlevel":0.8,"crit":0,"critperlevel":0,"attackdamage":64,"attackdamageperlevel":3.5,"attackspeedperlevel":2.05,"attackspeed":0.675},"spells":[{"id":"GragasQ","name":"Barrel Roll","description":"Gragas rolls his cask to a location, which can be activated to explode or will explode on its own after 4 seconds. Enemies struck by the blast have their Movement Speed slowed.","tooltip":"Gragas rolls his cask to a location. When reactivated, or after {{ e4 }} seconds, the cask will explode, dealing <magicDamage>{{ e1 }} <scaleAP>(+{{ a1 }})</scaleAP> magic damage</magicDamage> to nearby enemies and slowing their movement speed by {{ e2 }}% for {{ e3 }} seconds.<br /><br />The damage and slow amount increase as the cask ferments, up to {{ e6 }}% after {{ e5 }} seconds. Deals {{ e7 }}% damage to minions.","leveltip":{"label":["Damage","Slow","Cooldown","@AbilityResourceName@ Cost"],"effect":["{{ e1 }} -> {{ e1NL }}","{{ e2 }} -> {{ e2NL }}","{{ cooldown }} -> {{ cooldownNL }}","{{ cost }} -> {{ costNL }}"]},"maxrank":5,"cooldown":[11,10,9,8,7],"cooldownBurn":"11/10/9/8/7","cost":[60,65,70,75,80],"costBurn":"60/65/70/75/80","datavalues":{},"effect":[null,[80,120,160,200,240],[40,45,50,55,60],[2,2,2,2,2],[4,4,4,4,4],[2,2,2,2,2],[150,150,150,150,150],[70,70,70,70,70],[0,0,0,0,0],[0,0,0,0,0],[0,0,0,0,0]],"effectBurn":[null,"80/120/160/200/240","40/45/50/55/60","2","4","2","150","70","0","0","0"],"vars":[{"link":"spelldamage","coeff":0.7,"key":"a1"}],"costType":" {{ abilityresourcename }}","maxammo":"-1","range":[850,850,850,850,850],"rangeBurn":"850","image":{"full":"GragasQ.png","sprite":"spell3.png","group":"spell","x":192,"y":144,"w":48,"h":48},"resource":"{{ cost }} {{ abilityresourcename }}"},{"id":"GragasW","name":"Drunken Rage","description":"Gragas guzzles down brew from his cask for 1 second. After finishing, he becomes drunkenly empowered, dealing magic damage to all nearby enemies on his next basic attack and reducing damage received.","tooltip":"Gragas guzzles down his brew, taking {{ e1 }}% <scaleAP>(+{{ charabilitypower2*100 }}%)</scaleAP> reduced damage for {{ e5 }} seconds.<br /><br />After finishing his drink, his next basic attack deals <magicDamage>magic damage</magicDamage> to nearby enemies equal to <magicDamage>{{ e3 }} <scaleAP>(+{{ a1 }})</scaleAP></magicDamage> plus {{ e2 }}% of their max Health (max {{ e4 }} vs monsters).","leveltip":{"label":["Damage Reduction","Damage"],"effect":["{{ e1 }}% -> {{ e1NL }}%","{{ e3 }} -> {{ e3NL }}"]},"maxrank":5,"cooldown":[6,6,6,6,6],"cooldownBurn":"6","cost":[30,30,30,30,30],"costBurn":"30","datavalues":{},"effect":[null,[10,12,14,16,18],[7,7,7,7,7],[20,50,80,110,140],[300,300,300,300,300],[2.5,2.5,2.5,2.5,2.5],[0,0,0,0,0],[0,0,0,0,0],[0,0,0,0,0],[0,0,0,0,0],[0,0,0,0,0]],"effectBurn":[null,"10/12/14/16/18","7","20/50/80/110/140","300","2.5","0","0","0","0","0"],"vars":[{"link":"spelldamage","coeff":0.6,"key":"a1"}],"costType":" {{ abilityresourcename }}","maxammo":"-1","range":[20,20,20,20,20],"rangeBurn":"20","image":{"full":"GragasW.png","sprite":"spell3.png","group":"spell","x":240,"y":144,"w":48,"h":48},"resource":"{{ cost }} {{ abilityresourcename }}"},{"id":"GragasE","name":"Body Slam","description":"Gragas charges to a location and collides with the first enemy unit he comes across, dealing damage to all nearby enemy units and stunning them.","tooltip":"Gragas charges forward, colliding with the first enemy unit. He deals <magicDamage>{{ e1 }} <scaleAP>(+{{ a1 }})</scaleAP> magic damage</magicDamage> to enemies in the area and bumps them back, stunning them for {{ e2 }} second.<br /><br />Body Slam's Cooldown is reduced by {{ f1 }} seconds if Gragas collides with a unit.","leveltip":{"label":["Damage","Cooldown"],"effect":["{{ e1 }} -> {{ e1NL }}","{{ cooldown }} -> {{ cooldownNL }}"]},"maxrank":5,"cooldown":[16,15,14,13,12],"cooldownBurn":"16/15/14/13/12","cost":[50,50,50,50,50],"costBurn":"50","datavalues":{},"effect":[null,[80,130,180,230,280],[1,1,1,1,1],[0,0,0,0,0],[0,0,0,0,0],[0,0,0,0,0],[0,0,0,0,0],[0,0,0,0,0],[0,0,0,0,0],[0,0,0,0,0],[0,0,0,0,0]],"effectBurn":[null,"80/130/180/230/280","1","0","0","0","0","0","0","0","0"],"vars":[{"link":"spelldamage","coeff":0.6,"key":"a1"}],"costType":" {{ abilityresourcename }}","maxammo":"-1","range":[600,600,600,600,600],"rangeBurn":"600","image":{"full":"GragasE.png","sprite":"spell3.png","group":"spell","x":288,"y":144,"w":48,"h":48},"resource":"{{ cost }} {{ abilityresourcename }}"},{"id":"GragasR","name":"Explosive Cask","description":"Gragas hurls his cask to a location, dealing damage and knocking back enemies caught in the blast radius.","tooltip":"Gragas hurls his cask, causing it to explode when it lands. Enemies hit take <magicDamage>{{ basedamage }} <scaleAP>(+{{ a1 }})</scaleAP> magic damage</magicDamage> and are knocked away from the explosion.","leveltip":{"label":["Damage","Cooldown"],"effect":["{{ basedamage }} -> {{ basedamageNL }}","{{ cooldown }} -> {{ cooldownNL }}"]},"maxrank":3,"cooldown":[120,100,80],"cooldownBurn":"120/100/80","cost":[100,100,100],"costBurn":"100","datavalues":{},"effect":[null,[200,300,400],[900,900,900],[0,0,0],[0,0,0],[0,0,0],[0,0,0],[0,0,0],[0,0,0],[0,0,0],[0,0,0]],"effectBurn":[null,"200/300/400","900","0","0","0","0","0","0","0","0"],"vars":[{"link":"spelldamage","coeff":0.8,"key":"a1"}],"costType":" {{ abilityresourcename }}","maxammo":"-1","range":[1000,1000,1000],"rangeBurn":"1000","image":{"full":"GragasR.png","sprite":"spell3.png","group":"spell","x":336,"y":144,"w":48,"h":48},"resource":"{{ cost }} {{ abilityresourcename }}"}],"passive":{"name":"Happy Hour","description":"On ability use, Gragas takes a drink restoring 6% of his max Health. This effect can only happen every 8 seconds.","image":{"full":"GragasPassiveHeal.png","sprite":"passive1.png","group":"passive","x":240,"y":0,"w":48,"h":48}},"recommended":[{"champion":"Gragas","title":"Beginner","type":"riot","map":"SR","mode":"INTRO","priority":false,"blocks":[{"type":"beginner_Starter","maxSummonerLevel":4,"items":[{"id":"1056","count":1}]},{"type":"beginner_Starter","minSummonerLevel":5,"items":[{"id":"1056","count":1},{"id":"2003","count":1}]},{"type":"beginner_Advanced","recMath":true,"items":[{"id":"1028","count":1},{"id":"1027","count":1},{"id":"3010","count":1}]},{"type":"beginner_MovementSpeed","recMath":true,"items":[{"id":"1001","count":1},{"id":"3020","count":1}]},{"type":"beginner_LegendaryItem","recMath":true,"items":[{"id":"3010","count":1},{"id":"1026","count":1},{"id":"3027","count":1}]},{"type":"beginner_MoreLegendaryItems","items":[{"id":"3151","count":1},{"id":"3174","count":1},{"id":"3116","count":1},{"id":"3089","count":1}]}]},{"champion":"Gragas","title":"GragasARAM","map":"HA","mode":"ARAM","type":"riot","customTag":"","sortrank":0,"extensionPage":false,"customPanel":null,"blocks":[{"type":"starting","recMath":false,"recSteps":false,"minSummonerLevel":-1,"maxSummonerLevel":-1,"showIfSummonerSpell":"","hideIfSummonerSpell":"","appendAfterSection":"","visibleWithAllOf":[""],"hiddenWithAnyOf":[""],"items":[{"id":"3010","count":1,"hideCount":false},{"id":"1001","count":1,"hideCount":false}]},{"type":"essential","recMath":false,"recSteps":false,"minSummonerLevel":-1,"maxSummonerLevel":-1,"showIfSummonerSpell":"","hideIfSummonerSpell":"","appendAfterSection":"","visibleWithAllOf":[""],"hiddenWithAnyOf":[""],"items":[{"id":"3020","count":1,"hideCount":false},{"id":"3029","count":1,"hideCount":false},{"id":"3001","count":1,"hideCount":false}]},{"type":"offensive","recMath":false,"recSteps":false,"minSummonerLevel":-1,"maxSummonerLevel":-1,"showIfSummonerSpell":"","hideIfSummonerSpell":"","appendAfterSection":"","visibleWithAllOf":[""],"hiddenWithAnyOf":[""],"items":[{"id":"3285","count":1,"hideCount":false},{"id":"3151","count":1,"hideCount":false},{"id":"3135","count":1,"hideCount":false}]},{"type":"defensive","recMath":false,"recSteps":false,"minSummonerLevel":-1,"maxSummonerLevel":-1,"showIfSummonerSpell":"","hideIfSummonerSpell":"","appendAfterSection":"","visibleWithAllOf":[""],"hiddenWithAnyOf":[""],"items":[{"id":"3065","count":1,"hideCount":false},{"id":"3109","count":1,"hideCount":false},{"id":"3190","count":1,"hideCount":false}]},{"type":"consumables","recMath":false,"recSteps":false,"minSummonerLevel":-1,"maxSummonerLevel":-1,"showIfSummonerSpell":"","hideIfSummonerSpell":"","appendAfterSection":"","visibleWithAllOf":[""],"hiddenWithAnyOf":[""],"items":[{"id":"2003","count":1,"hideCount":false},{"id":"2139","count":1,"hideCount":false}]}]},{"champion":"Gragas","title":"GragasFIRSTBLOOD","map":"HA","mode":"FIRSTBLOOD","type":"riot","customTag":"","extensionPage":false,"customPanel":null,"blocks":[{"type":"starting","recMath":false,"recSteps":false,"minSummonerLevel":-1,"maxSummonerLevel":-1,"showIfSummonerSpell":"","hideIfSummonerSpell":"SummonerSmite","items":[{"id":"1056","count":1,"hideCount":false},{"id":"2003","count":2,"hideCount":false},{"id":"3340","count":1,"hideCount":false}]},{"type":"startingjungle","recMath":false,"recSteps":false,"minSummonerLevel":-1,"maxSummonerLevel":-1,"showIfSummonerSpell":"SummonerSmite","hideIfSummonerSpell":"","items":[{"id":"1039","count":1,"hideCount":false},{"id":"2003","count":2,"hideCount":false},{"id":"3340","count":1,"hideCount":false}]},{"type":"essential","recMath":false,"recSteps":false,"minSummonerLevel":-1,"maxSummonerLevel":-1,"showIfSummonerSpell":"","hideIfSummonerSpell":"SummonerSmite","items":[{"id":"3027","count":1,"hideCount":false},{"id":"3020","count":1,"hideCount":false},{"id":"3157","count":1,"hideCount":false}]},{"type":"essentialjungle","recMath":false,"recSteps":false,"minSummonerLevel":-1,"maxSummonerLevel":-1,"showIfSummonerSpell":"SummonerSmite","hideIfSummonerSpell":"","items":[{"id":"3111","count":1,"hideCount":false},{"id":"3800","count":1,"hideCount":false}]},{"type":"offensive","recMath":false,"recSteps":false,"minSummonerLevel":-1,"maxSummonerLevel":-1,"showIfSummonerSpell":"","hideIfSummonerSpell":"","items":[{"id":"3001","count":1,"hideCount":false},{"id":"3151","count":1,"hideCount":false},{"id":"3100","count":1,"hideCount":false}]},{"type":"defensive","recMath":false,"recSteps":false,"minSummonerLevel":-1,"maxSummonerLevel":-1,"showIfSummonerSpell":"","hideIfSummonerSpell":"","items":[{"id":"3110","count":1,"hideCount":false},{"id":"3065","count":1,"hideCount":false},{"id":"3143","count":1,"hideCount":false}]},{"type":"consumable","recMath":false,"recSteps":false,"minSummonerLevel":-1,"maxSummonerLevel":-1,"showIfSummonerSpell":"","hideIfSummonerSpell":"","items":[{"id":"2003","count":1,"hideCount":false},{"id":"2043","count":1,"hideCount":false},{"id":"2139","count":1,"hideCount":false}]}]},{"champion":"Gragas","title":"GragasARAM","map":"HA","mode":"KINGPORO","type":"riot","customTag":"","sortrank":0,"extensionPage":false,"customPanel":null,"blocks":[{"type":"KingPoroSnax","recMath":false,"recSteps":false,"minSummonerLevel":-1,"maxSummonerLevel":-1,"showIfSummonerSpell":"","hideIfSummonerSpell":"","items":[{"id":"3680","count":1,"hideCount":false},{"id":"3681","count":1,"hideCount":false},{"id":"3682","count":1,"hideCount":false},{"id":"3683","count":1,"hideCount":false},{"id":"3684","count":1,"hideCount":false},{"id":"3685","count":1,"hideCount":false}]},{"type":"starting","recMath":false,"recSteps":false,"minSummonerLevel":-1,"maxSummonerLevel":-1,"showIfSummonerSpell":"","hideIfSummonerSpell":"","appendAfterSection":"","visibleWithAllOf":[""],"hiddenWithAnyOf":[""],"items":[{"id":"3010","count":1,"hideCount":false},{"id":"1001","count":1,"hideCount":false}]},{"type":"essential","recMath":false,"recSteps":false,"minSummonerLevel":-1,"maxSummonerLevel":-1,"showIfSummonerSpell":"","hideIfSummonerSpell":"","appendAfterSection":"","visibleWithAllOf":[""],"hiddenWithAnyOf":[""],"items":[{"id":"3020","count":1,"hideCount":false},{"id":"3029","count":1,"hideCount":false},{"id":"3001","count":1,"hideCount":false}]},{"type":"offensive","recMath":false,"recSteps":false,"minSummonerLevel":-1,"maxSummonerLevel":-1,"showIfSummonerSpell":"","hideIfSummonerSpell":"","appendAfterSection":"","visibleWithAllOf":[""],"hiddenWithAnyOf":[""],"items":[{"id":"3285","count":1,"hideCount":false},{"id":"3151","count":1,"hideCount":false},{"id":"3135","count":1,"hideCount":false}]},{"type":"defensive","recMath":false,"recSteps":false,"minSummonerLevel":-1,"maxSummonerLevel":-1,"showIfSummonerSpell":"","hideIfSummonerSpell":"","appendAfterSection":"","visibleWithAllOf":[""],"hiddenWithAnyOf":[""],"items":[{"id":"3065","count":1,"hideCount":false},{"id":"3109","count":1,"hideCount":false},{"id":"3190","count":1,"hideCount":false}]},{"type":"consumables","recMath":false,"recSteps":false,"minSummonerLevel":-1,"maxSummonerLevel":-1,"showIfSummonerSpell":"","hideIfSummonerSpell":"","appendAfterSection":"","visibleWithAllOf":[""],"hiddenWithAnyOf":[""],"items":[{"id":"2003","count":1,"hideCount":false},{"id":"2139","count":1,"hideCount":false}]}]},{"champion":"Gragas","title":"GragasSL","map":"NB","mode":"NEXUSBLITZ","type":"riot","customTag":"","sortrank":0,"extensionPage":false,"useObviousCheckmark":false,"customPanel":null,"blocks":[{"type":"starting","recMath":false,"recSteps":false,"minSummonerLevel":-1,"maxSummonerLevel":-1,"showIfSummonerSpell":"","hideIfSummonerSpell":"SummonerSmite","appendAfterSection":"","visibleWithAllOf":[""],"hiddenWithAnyOf":[""],"items":[{"id":"4203","count":1,"hideCount":false},{"id":"2003","count":2,"hideCount":false},{"id":"3340","count":1,"hideCount":false}]},{"type":"startingjungle","recMath":false,"recSteps":false,"minSummonerLevel":-1,"maxSummonerLevel":-1,"showIfSummonerSpell":"SummonerSmite","hideIfSummonerSpell":"","appendAfterSection":"","visibleWithAllOf":[""],"hiddenWithAnyOf":[""],"items":[{"id":"4101","count":1,"hideCount":false},{"id":"2003","count":1,"hideCount":false},{"id":"3340","count":1,"hideCount":false}]},{"type":"early","recMath":false,"recSteps":false,"minSummonerLevel":-1,"maxSummonerLevel":-1,"showIfSummonerSpell":"","hideIfSummonerSpell":"SummonerSmite","appendAfterSection":"","visibleWithAllOf":[""],"hiddenWithAnyOf":[""],"items":[{"id":"3010","count":1,"hideCount":false},{"id":"1026","count":1,"hideCount":false},{"id":"1001","count":1,"hideCount":false}]},{"type":"earlyjungle","recMath":false,"recSteps":false,"minSummonerLevel":-1,"maxSummonerLevel":-1,"showIfSummonerSpell":"SummonerSmite","hideIfSummonerSpell":"","appendAfterSection":"","visibleWithAllOf":[""],"hiddenWithAnyOf":[""],"items":[{"id":"1001","count":1,"hideCount":false},{"id":"3108","count":1,"hideCount":false}]},{"type":"essential","recMath":false,"recSteps":false,"minSummonerLevel":-1,"maxSummonerLevel":-1,"showIfSummonerSpell":"","hideIfSummonerSpell":"SummonerSmite","appendAfterSection":"","visibleWithAllOf":[""],"hiddenWithAnyOf":[""],"items":[{"id":"3029","count":1,"hideCount":false},{"id":"3020","count":1,"hideCount":false},{"id":"3152","count":1,"hideCount":false}]},{"type":"essentialjungle","recMath":false,"recSteps":false,"minSummonerLevel":-1,"maxSummonerLevel":-1,"showIfSummonerSpell":"SummonerSmite","hideIfSummonerSpell":"","appendAfterSection":"","visibleWithAllOf":[""],"hiddenWithAnyOf":[""],"items":[{"id":"3111","count":1,"hideCount":false},{"id":"4104","count":1,"hideCount":false},{"id":"3165","count":1,"hideCount":false}]},{"type":"offensive","recMath":false,"recSteps":false,"minSummonerLevel":-1,"maxSummonerLevel":-1,"showIfSummonerSpell":"","hideIfSummonerSpell":"SummonerSmite","appendAfterSection":"","visibleWithAllOf":[""],"hiddenWithAnyOf":[""],"items":[{"id":"3100","count":1,"hideCount":false},{"id":"3165","count":1,"hideCount":false},{"id":"3089","count":1,"hideCount":false}]},{"type":"defensive","recMath":false,"recSteps":false,"minSummonerLevel":-1,"maxSummonerLevel":-1,"showIfSummonerSpell":"","hideIfSummonerSpell":"SummonerSmite","appendAfterSection":"","visibleWithAllOf":[""],"hiddenWithAnyOf":[""],"items":[{"id":"3001","count":1,"hideCount":false},{"id":"3065","count":1,"hideCount":false},{"id":"3110","count":1,"hideCount":false}]},{"type":"offensive","recMath":false,"recSteps":false,"minSummonerLevel":-1,"maxSummonerLevel":-1,"showIfSummonerSpell":"SummonerSmite","hideIfSummonerSpell":"","appendAfterSection":"","visibleWithAllOf":[""],"hiddenWithAnyOf":[""],"items":[{"id":"3157","count":1,"hideCount":false},{"id":"3100","count":1,"hideCount":false},{"id":"3089","count":1,"hideCount":false}]},{"type":"defensive","recMath":false,"recSteps":false,"minSummonerLevel":-1,"maxSummonerLevel":-1,"showIfSummonerSpell":"SummonerSmite","hideIfSummonerSpell":"","appendAfterSection":"","visibleWithAllOf":[""],"hiddenWithAnyOf":[""],"items":[{"id":"3025","count":1,"hideCount":false},{"id":"3065","count":1,"hideCount":false},{"id":"3143","count":1,"hideCount":false}]},{"type":"consumables","recMath":false,"recSteps":false,"minSummonerLevel":-1,"maxSummonerLevel":-1,"showIfSummonerSpell":"","hideIfSummonerSpell":"","appendAfterSection":"","visibleWithAllOf":[""],"hiddenWithAnyOf":[""],"items":[{"id":"2003","count":1,"hideCount":true},{"id":"2139","count":1,"hideCount":true}]}]},{"champion":"Gragas","title":"GragasSR","map":"SR","mode":"CLASSIC","type":"riot","customTag":"","sortrank":0,"extensionPage":false,"useObviousCheckmark":false,"customPanel":null,"blocks":[{"type":"starting","recMath":false,"recSteps":false,"minSummonerLevel":-1,"maxSummonerLevel":-1,"showIfSummonerSpell":"","hideIfSummonerSpell":"SummonerSmite","appendAfterSection":"","visibleWithAllOf":[""],"hiddenWithAnyOf":[""],"items":[{"id":"1056","count":1,"hideCount":false},{"id":"2003","count":2,"hideCount":false},{"id":"3340","count":1,"hideCount":false}]},{"type":"early","recMath":false,"recSteps":false,"minSummonerLevel":-1,"maxSummonerLevel":-1,"showIfSummonerSpell":"","hideIfSummonerSpell":"SummonerSmite","appendAfterSection":"","visibleWithAllOf":[""],"hiddenWithAnyOf":[""],"items":[{"id":"3010","count":1,"hideCount":false},{"id":"1026","count":1,"hideCount":false},{"id":"1001","count":1,"hideCount":false}]},{"type":"essential","recMath":false,"recSteps":false,"minSummonerLevel":-1,"maxSummonerLevel":-1,"showIfSummonerSpell":"","hideIfSummonerSpell":"SummonerSmite","appendAfterSection":"","visibleWithAllOf":[""],"hiddenWithAnyOf":[""],"items":[{"id":"3027","count":1,"hideCount":false},{"id":"3029","count":1,"hideCount":false},{"id":"3020","count":1,"hideCount":false},{"id":"3152","count":1,"hideCount":false}]},{"type":"offensive","recMath":false,"recSteps":false,"minSummonerLevel":-1,"maxSummonerLevel":-1,"showIfSummonerSpell":"","hideIfSummonerSpell":"SummonerSmite","appendAfterSection":"","visibleWithAllOf":[""],"hiddenWithAnyOf":[""],"items":[{"id":"3100","count":1,"hideCount":false},{"id":"3089","count":1,"hideCount":false},{"id":"3907","count":1,"hideCount":false}]},{"type":"defensive","recMath":false,"recSteps":false,"minSummonerLevel":-1,"maxSummonerLevel":-1,"showIfSummonerSpell":"","hideIfSummonerSpell":"SummonerSmite","appendAfterSection":"","visibleWithAllOf":[""],"hiddenWithAnyOf":[""],"items":[{"id":"3001","count":1,"hideCount":false},{"id":"3065","count":1,"hideCount":false},{"id":"3110","count":1,"hideCount":false}]},{"type":"startingjungle","recMath":false,"recSteps":false,"minSummonerLevel":-1,"maxSummonerLevel":-1,"showIfSummonerSpell":"SummonerSmite","hideIfSummonerSpell":"","appendAfterSection":"","visibleWithAllOf":[""],"hiddenWithAnyOf":[""],"items":[{"id":"1039","count":1,"hideCount":false},{"id":"2031","count":1,"hideCount":false},{"id":"3340","count":1,"hideCount":false}]},{"type":"earlyjungle","recMath":false,"recSteps":false,"minSummonerLevel":-1,"maxSummonerLevel":-1,"showIfSummonerSpell":"SummonerSmite","hideIfSummonerSpell":"","appendAfterSection":"","visibleWithAllOf":[""],"hiddenWithAnyOf":[""],"items":[{"id":"3706","count":1,"hideCount":false},{"id":"1001","count":1,"hideCount":false},{"id":"3108","count":1,"hideCount":false}]},{"type":"essentialjungle","recMath":false,"recSteps":false,"minSummonerLevel":-1,"maxSummonerLevel":-1,"showIfSummonerSpell":"SummonerSmite","hideIfSummonerSpell":"","appendAfterSection":"","visibleWithAllOf":[""],"hiddenWithAnyOf":[""],"items":[{"id":"1402","count":1,"hideCount":false},{"id":"3020","count":1,"hideCount":false},{"id":"3916","count":1,"hideCount":false}]},{"type":"offensive","recMath":false,"recSteps":false,"minSummonerLevel":-1,"maxSummonerLevel":-1,"showIfSummonerSpell":"SummonerSmite","hideIfSummonerSpell":"","appendAfterSection":"","visibleWithAllOf":[""],"hiddenWithAnyOf":[""],"items":[{"id":"3157","count":1,"hideCount":false},{"id":"3165","count":1,"hideCount":false},{"id":"3100","count":1,"hideCount":false}]},{"type":"defensive","recMath":false,"recSteps":false,"minSummonerLevel":-1,"maxSummonerLevel":-1,"showIfSummonerSpell":"SummonerSmite","hideIfSummonerSpell":"","appendAfterSection":"","visibleWithAllOf":[""],"hiddenWithAnyOf":[""],"items":[{"id":"3742","count":1,"hideCount":false},{"id":"3065","count":1,"hideCount":false},{"id":"3193","count":1,"hideCount":false}]},{"type":"consumables","recMath":false,"recSteps":false,"minSummonerLevel":-1,"maxSummonerLevel":-1,"showIfSummonerSpell":"","hideIfSummonerSpell":"","appendAfterSection":"","visibleWithAllOf":[""],"hiddenWithAnyOf":[""],"items":[{"id":"2003","count":1,"hideCount":true},{"id":"2139","count":1,"hideCount":true}]}]}]}}}