{"type":"champion","format":"standAloneComplex","version":"10.15.1","data":{"Graves":{"id":"Graves","key":"104","name":"Graves","title":"the Outlaw","image":{"full":"Graves.png","sprite":"champion1.png","group":"champion","x":288,"y":0,"w":48,"h":48},"skins":[{"id":"104000","num":0,"name":"default","chromas":false},{"id":"104001","num":1,"name":"Hired Gun Graves","chromas":false},{"id":"104002","num":2,"name":"Jailbreak Graves","chromas":false},{"id":"104003","num":3,"name":"Crime City Graves","chromas":false},{"id":"104004","num":4,"name":"Riot Graves","chromas":false},{"id":"104005","num":5,"name":"Pool Party Graves","chromas":true},{"id":"104006","num":6,"name":"Cutthroat Graves","chromas":false},{"id":"104007","num":7,"name":"Snow Day Graves","chromas":true},{"id":"104014","num":14,"name":"Victorious Graves","chromas":true},{"id":"104018","num":18,"name":"Praetorian Graves","chromas":true},{"id":"104025","num":25,"name":"Battle Professor Graves","chromas":true}],"lore":"Malcolm Graves is a renowned mercenary, gambler, and thief—a wanted man in every city and empire he has visited. Even though he has an explosive temper, he possesses a strict sense of criminal honor, often enforced at the business end of his double-barreled shotgun Destiny. In recent years, he has reconciled a troubled partnership with Twisted Fate, and together they have prospered once more in the turmoil of Bilgewater's criminal underbelly.","blurb":"Malcolm Graves is a renowned mercenary, gambler, and thief—a wanted man in every city and empire he has visited. Even though he has an explosive temper, he possesses a strict sense of criminal honor, often enforced at the business end of his...","allytips":["Smoke Screen can be used both to escape and to set up a kill.","Using Quickdraw to get into range and delivering a point blank Buckshot can do lots of damage."],"enemytips":["Graves deals mostly physical damage so Armor is an effective counter.","Leaving the Smoke Screen's area of effect removes the harmful effect immediately."],"tags":["Marksman"],"partype":"Mana","info":{"attack":8,"defense":5,"magic":3,"difficulty":3},"stats":{"hp":555,"hpperlevel":92,"mp":325,"mpperlevel":40,"movespeed":340,"armor":33,"armorperlevel":3.4,"spellblock":32,"spellblockperlevel":1.25,"attackrange":425,"hpregen":8,"hpregenperlevel":0.7,"mpregen":8,"mpregenperlevel":0.7,"crit":0,"critperlevel":0,"attackdamage":68,"attackdamageperlevel":3,"attackspeedperlevel":2.6,"attackspeed":0.475},"spells":[{"id":"GravesQLineSpell","name":"End of the Line","description":"Graves fires an explosive shell that detonates after 2 seconds, or 0.2 seconds if it strikes terrain.","tooltip":"Fires a powder round that deals <physicalDamage>{{ totaldamage }} physical damage</physicalDamage> to enemies in a line.<br /><br />After 2 seconds or {{ terraincollisiondelay }} seconds on collision with terrain, the round detonates, dealing <physicalDamage>{{ totaldetonationdamage }} physical damage</physicalDamage> to all nearby enemies.","leveltip":{"label":["Damage","Detonation Damage","Detonation AD Ratio","Cooldown"],"effect":["{{ basedamage }} -> {{ basedamageNL }}","{{ basedetonationdamage }} -> {{ basedetonationdamageNL }}","{{ baddetonationratio*100.000000 }}% -> {{ baddetonationrationl*100.000000 }}%","{{ cooldown }} -> {{ cooldownNL }}"]},"maxrank":5,"cooldown":[12,11,10,9,8],"cooldownBurn":"12/11/10/9/8","cost":[60,60,60,60,60],"costBurn":"60","datavalues":{},"effect":[null,[0,0,0,0,0],[0,0,0,0,0],[0,0,0,0,0],[0,0,0,0,0],[0,0,0,0,0],[0,0,0,0,0],[0,0,0,0,0],[0,0,0,0,0],[0,0,0,0,0],[0,0,0,0,0]],"effectBurn":[null,"0","0","0","0","0","0","0","0","0","0"],"vars":[],"costType":" {{ abilityresourcename }}","maxammo":"-1","range":[925,925,925,925,925],"rangeBurn":"925","image":{"full":"GravesQLineSpell.png","sprite":"spell3.png","group":"spell","x":384,"y":144,"w":48,"h":48},"resource":"{{ cost }} {{ abilityresourcename }}"},{"id":"GravesSmokeGrenade","name":"Smoke Screen","description":"Graves fires a smoke canister at the target area creating a cloud of smoke that reduces sight range. Enemies caught in the initial impact are dealt magic damage and have their movement speed reduced briefly.","tooltip":"Creates a cloud of Black Smoke lasting 4 seconds. Enemies inside Black Smoke cannot see out.<br /><br />Enemies caught in the initial impact are dealt <magicDamage>{{ e1 }} <scaleAP>(+{{ a1 }})</scaleAP> magic damage</magicDamage> and have their movement speed reduced by {{ e2 }}% for {{ e5 }} seconds.","leveltip":{"label":["Damage","@AbilityResourceName@ Cost","Cooldown"],"effect":["{{ e1 }} -> {{ e1NL }}","{{ cost }} -> {{ costNL }}","{{ cooldown }} -> {{ cooldownNL }}"]},"maxrank":5,"cooldown":[26,24,22,20,18],"cooldownBurn":"26/24/22/20/18","cost":[70,75,80,85,90],"costBurn":"70/75/80/85/90","datavalues":{},"effect":[null,[60,110,160,210,260],[50,50,50,50,50],[200,200,200,200,200],[4,4,4,4,4],[0.5,0.5,0.5,0.5,0.5],[0,0,0,0,0],[0,0,0,0,0],[0,0,0,0,0],[0,0,0,0,0],[0,0,0,0,0]],"effectBurn":[null,"60/110/160/210/260","50","200","4","0.5","0","0","0","0","0"],"vars":[{"link":"spelldamage","coeff":0.6,"key":"a1"}],"costType":" {{ abilityresourcename }}","maxammo":"-1","range":[950,950,950,950,950],"rangeBurn":"950","image":{"full":"GravesSmokeGrenade.png","sprite":"spell3.png","group":"spell","x":432,"y":144,"w":48,"h":48},"resource":"{{ cost }} {{ abilityresourcename }}"},{"id":"GravesMove","name":"Quickdraw","description":"Graves dashes forward gaining an Armor boost for several seconds. If Graves dashes towards an enemy champion, gain two stacks of True Grit instead. Hitting enemies with basic attacks lowers the cooldown of this skill and refreshes the resistance boost.","tooltip":"Dashes in a direction, reloading one shell. Graves gains <keywordMajor>True Grit</keywordMajor> for 4 seconds. If Graves dashes towards an enemy champion, gain two stacks of <keywordMajor>True Grit</keywordMajor> instead. <br /><br />Basic attack hits lower the cooldown of <spellName>Quickdraw</spellName> by {{ e4 }} seconds. Damage against non-minions also refreshes <keywordMajor>True Grit</keywordMajor>.<br /><br /><keywordMajor>True Grit</keywordMajor> grants {{ e5 }} Armor (stacks up to {{ e0 }} times).","leveltip":{"label":["True Grit Armor","Cooldown"],"effect":["{{ e5 }} -> {{ e5NL }}","{{ cooldown }} -> {{ cooldownNL }}"]},"maxrank":5,"cooldown":[16,15,14,13,12],"cooldownBurn":"16/15/14/13/12","cost":[40,40,40,40,40],"costBurn":"40","datavalues":{},"effect":[null,[30,40,50,60,70],[4,4,4,4,4],[20,25,30,35,40],[0.5,0.5,0.5,0.5,0.5],[8,11,14,17,20],[750,750,750,750,750],[375,375,375,375,375],[275,275,275,275,275],[60,60,60,60,60],[8,8,8,8,8]],"effectBurn":[null,"30/40/50/60/70","4","20/25/30/35/40","0.5","8/11/14/17/20","750","375","275","60","8"],"vars":[],"costType":" {{ abilityresourcename }}","maxammo":"-1","range":[425,425,425,425,425],"rangeBurn":"425","image":{"full":"GravesMove.png","sprite":"spell4.png","group":"spell","x":0,"y":0,"w":48,"h":48},"resource":"{{ cost }} {{ abilityresourcename }}"},{"id":"GravesChargeShot","name":"Collateral Damage","description":"Graves fires an explosive shell dealing heavy damage to the first champion it hits. After hitting a champion or reaching the end of its range, the shell explodes dealing damage in a cone.","tooltip":"Fires an explosive shell with such force that it knocks Graves back. The shell deals <physicalDamage>{{ damage }} physical damage</physicalDamage> to the first enemy hit. After hitting an enemy Champion or reaching the end of its range, the shell explodes, dealing <physicalDamage>{{ falloffdamage }} physical damage</physicalDamage> in a cone.","leveltip":{"label":["Primary Damage","Cone Damage","Cooldown"],"effect":["{{ rbasedamage }} -> {{ rbasedamageNL }}","{{ rfalloffdamage }} -> {{ rfalloffdamageNL }}","{{ cooldown }} -> {{ cooldownNL }}"]},"maxrank":3,"cooldown":[120,90,60],"cooldownBurn":"120/90/60","cost":[100,100,100],"costBurn":"100","datavalues":{},"effect":[null,[0,0,0],[0,0,0],[0,0,0],[0,0,0],[0,0,0],[0,0,0],[0,0,0],[0,0,0],[0,0,0],[0,0,0]],"effectBurn":[null,"0","0","0","0","0","0","0","0","0","0"],"vars":[],"costType":" {{ abilityresourcename }}","maxammo":"-1","range":[1000,1000,1000],"rangeBurn":"1000","image":{"full":"GravesChargeShot.png","sprite":"spell4.png","group":"spell","x":48,"y":0,"w":48,"h":48},"resource":"{{ cost }} {{ abilityresourcename }}"}],"passive":{"name":"New Destiny","description":"Graves's shotgun holds two shells. After firing them he must reload. Each attack fires several bullets in a cone. Hitting an enemy with multiple bullets does bonus damage. These bullets cannot pass through units.","image":{"full":"GravesTrueGrit.png","sprite":"passive1.png","group":"passive","x":288,"y":0,"w":48,"h":48}},"recommended":[{"champion":"Graves","title":"Beginner","type":"riot","map":"SR","mode":"INTRO","priority":false,"blocks":[{"type":"beginner_Starter","maxSummonerLevel":4,"items":[{"id":"1055","count":1}]},{"type":"beginner_Starter","minSummonerLevel":5,"items":[{"id":"1055","count":1},{"id":"2003","count":1}]},{"type":"beginner_Advanced","recMath":true,"items":[{"id":"1036","count":1},{"id":"1053","count":1}]},{"type":"beginner_MovementSpeed","recMath":true,"items":[{"id":"1001","count":1},{"id":"1042","count":1},{"id":"3006","count":1}]},{"type":"beginner_LegendaryItem","recMath":true,"items":[{"id":"1053","count":1},{"id":"1038","count":1},{"id":"3072","count":1}]},{"type":"beginner_MoreLegendaryItems","items":[{"id":"3087","count":1},{"id":"3022","count":1},{"id":"3031","count":1},{"id":"3102","count":1}]}]},{"champion":"Graves","title":"GravesARAM","map":"HA","mode":"ARAM","type":"riot","customTag":"","sortrank":0,"extensionPage":false,"useObviousCheckmark":false,"customPanel":null,"blocks":[{"type":"starting","recMath":false,"recSteps":false,"minSummonerLevel":-1,"maxSummonerLevel":-1,"showIfSummonerSpell":"","hideIfSummonerSpell":"","appendAfterSection":"","visibleWithAllOf":[""],"hiddenWithAnyOf":[""],"items":[{"id":"1053","count":1,"hideCount":false},{"id":"1001","count":1,"hideCount":false},{"id":"2003","count":4,"hideCount":false}]},{"type":"essential","recMath":false,"recSteps":false,"minSummonerLevel":-1,"maxSummonerLevel":-1,"showIfSummonerSpell":"","hideIfSummonerSpell":"","appendAfterSection":"","visibleWithAllOf":[""],"hiddenWithAnyOf":[""],"items":[{"id":"3006","count":1,"hideCount":false},{"id":"3046","count":1,"hideCount":false},{"id":"3031","count":1,"hideCount":false}]},{"type":"offensive","recMath":false,"recSteps":false,"minSummonerLevel":-1,"maxSummonerLevel":-1,"showIfSummonerSpell":"","hideIfSummonerSpell":"","appendAfterSection":"","visibleWithAllOf":[""],"hiddenWithAnyOf":[""],"items":[{"id":"3031","count":1,"hideCount":false},{"id":"3036","count":1,"hideCount":false},{"id":"3142","count":1,"hideCount":false}]},{"type":"defensive","recMath":false,"recSteps":false,"minSummonerLevel":-1,"maxSummonerLevel":-1,"showIfSummonerSpell":"","hideIfSummonerSpell":"","appendAfterSection":"","visibleWithAllOf":[""],"hiddenWithAnyOf":[""],"items":[{"id":"3156","count":1,"hideCount":false},{"id":"3071","count":1,"hideCount":false},{"id":"3812","count":1,"hideCount":false}]},{"type":"consumables","recMath":false,"recSteps":false,"minSummonerLevel":-1,"maxSummonerLevel":-1,"showIfSummonerSpell":"","hideIfSummonerSpell":"","appendAfterSection":"","visibleWithAllOf":[""],"hiddenWithAnyOf":[""],"items":[{"id":"2003","count":1,"hideCount":false},{"id":"2140","count":1,"hideCount":false}]}]},{"champion":"Graves","title":"GravesFIRSTBLOOD","map":"HA","mode":"FIRSTBLOOD","type":"riot","customTag":"","extensionPage":false,"customPanel":null,"blocks":[{"type":"starting","recMath":false,"recSteps":false,"minSummonerLevel":-1,"maxSummonerLevel":-1,"showIfSummonerSpell":"","hideIfSummonerSpell":"","items":[{"id":"1055","count":1,"hideCount":false},{"id":"2003","count":1,"hideCount":false},{"id":"3340","count":1,"hideCount":false}]},{"type":"early","recMath":false,"recSteps":false,"minSummonerLevel":-1,"maxSummonerLevel":-1,"showIfSummonerSpell":"","hideIfSummonerSpell":"","items":[{"id":"1001","count":1,"hideCount":false},{"id":"1038","count":1,"hideCount":false},{"id":"3086","count":1,"hideCount":false}]},{"type":"essential","recMath":false,"recSteps":false,"minSummonerLevel":-1,"maxSummonerLevel":-1,"showIfSummonerSpell":"","hideIfSummonerSpell":"","items":[{"id":"3006","count":1,"hideCount":false},{"id":"3508","count":1,"hideCount":false},{"id":"3087","count":1,"hideCount":false}]},{"type":"offensive","recMath":false,"recSteps":false,"minSummonerLevel":-1,"maxSummonerLevel":-1,"showIfSummonerSpell":"","hideIfSummonerSpell":"","items":[{"id":"3072","count":1,"hideCount":false},{"id":"3036","count":1,"hideCount":false},{"id":"3031","count":1,"hideCount":false}]},{"type":"situational","recMath":false,"recSteps":false,"minSummonerLevel":-1,"maxSummonerLevel":-1,"showIfSummonerSpell":"","hideIfSummonerSpell":"","items":[{"id":"3139","count":1,"hideCount":false},{"id":"3812","count":1,"hideCount":false},{"id":"3026","count":1,"hideCount":false}]},{"type":"consumables","recMath":false,"recSteps":false,"minSummonerLevel":-1,"maxSummonerLevel":-1,"showIfSummonerSpell":"","hideIfSummonerSpell":"","items":[{"id":"2003","count":1,"hideCount":true},{"id":"2140","count":1,"hideCount":false},{"id":"2043","count":1,"hideCount":true}]}]},{"champion":"Graves","title":"GravesARAM","map":"HA","mode":"KINGPORO","type":"riot","customTag":"","sortrank":0,"extensionPage":false,"useObviousCheckmark":false,"customPanel":null,"blocks":[{"type":"KingPoroSnax","recMath":false,"recSteps":false,"minSummonerLevel":-1,"maxSummonerLevel":-1,"showIfSummonerSpell":"","hideIfSummonerSpell":"","items":[{"id":"3680","count":1,"hideCount":false},{"id":"3681","count":1,"hideCount":false},{"id":"3682","count":1,"hideCount":false},{"id":"3683","count":1,"hideCount":false},{"id":"3684","count":1,"hideCount":false},{"id":"3685","count":1,"hideCount":false}]},{"type":"starting","recMath":false,"recSteps":false,"minSummonerLevel":-1,"maxSummonerLevel":-1,"showIfSummonerSpell":"","hideIfSummonerSpell":"","appendAfterSection":"","visibleWithAllOf":[""],"hiddenWithAnyOf":[""],"items":[{"id":"1053","count":1,"hideCount":false},{"id":"1001","count":1,"hideCount":false},{"id":"2003","count":4,"hideCount":false}]},{"type":"essential","recMath":false,"recSteps":false,"minSummonerLevel":-1,"maxSummonerLevel":-1,"showIfSummonerSpell":"","hideIfSummonerSpell":"","appendAfterSection":"","visibleWithAllOf":[""],"hiddenWithAnyOf":[""],"items":[{"id":"3006","count":1,"hideCount":false},{"id":"3046","count":1,"hideCount":false},{"id":"3031","count":1,"hideCount":false}]},{"type":"offensive","recMath":false,"recSteps":false,"minSummonerLevel":-1,"maxSummonerLevel":-1,"showIfSummonerSpell":"","hideIfSummonerSpell":"","appendAfterSection":"","visibleWithAllOf":[""],"hiddenWithAnyOf":[""],"items":[{"id":"3031","count":1,"hideCount":false},{"id":"3036","count":1,"hideCount":false},{"id":"3142","count":1,"hideCount":false}]},{"type":"defensive","recMath":false,"recSteps":false,"minSummonerLevel":-1,"maxSummonerLevel":-1,"showIfSummonerSpell":"","hideIfSummonerSpell":"","appendAfterSection":"","visibleWithAllOf":[""],"hiddenWithAnyOf":[""],"items":[{"id":"3156","count":1,"hideCount":false},{"id":"3071","count":1,"hideCount":false},{"id":"3812","count":1,"hideCount":false}]},{"type":"consumables","recMath":false,"recSteps":false,"minSummonerLevel":-1,"maxSummonerLevel":-1,"showIfSummonerSpell":"","hideIfSummonerSpell":"","appendAfterSection":"","visibleWithAllOf":[""],"hiddenWithAnyOf":[""],"items":[{"id":"2003","count":1,"hideCount":false},{"id":"2140","count":1,"hideCount":false}]}]},{"champion":"Graves","title":"GravesSL","map":"NB","mode":"NEXUSBLITZ","type":"riot","customTag":"","sortrank":0,"extensionPage":false,"useObviousCheckmark":false,"customPanel":null,"blocks":[{"type":"starting","recMath":false,"recSteps":false,"minSummonerLevel":-1,"maxSummonerLevel":-1,"showIfSummonerSpell":"","hideIfSummonerSpell":"SummonerSmite","appendAfterSection":"","visibleWithAllOf":[""],"hiddenWithAnyOf":[""],"items":[{"id":"4202","count":1,"hideCount":false},{"id":"2003","count":1,"hideCount":false},{"id":"3340","count":1,"hideCount":false}]},{"type":"startingjungle","recMath":false,"recSteps":false,"minSummonerLevel":-1,"maxSummonerLevel":-1,"showIfSummonerSpell":"SummonerSmite","hideIfSummonerSpell":"","appendAfterSection":"","visibleWithAllOf":[""],"hiddenWithAnyOf":[""],"items":[{"id":"4101","count":1,"hideCount":false},{"id":"2003","count":1,"hideCount":false},{"id":"3340","count":1,"hideCount":false}]},{"type":"early","recMath":false,"recSteps":false,"minSummonerLevel":-1,"maxSummonerLevel":-1,"showIfSummonerSpell":"","hideIfSummonerSpell":"SummonerSmite","appendAfterSection":"","visibleWithAllOf":[""],"hiddenWithAnyOf":[""],"items":[{"id":"1038","count":1,"hideCount":false},{"id":"1036","count":1,"hideCount":false},{"id":"1001","count":1,"hideCount":false}]},{"type":"earlyjungle","recMath":false,"recSteps":false,"minSummonerLevel":-1,"maxSummonerLevel":-1,"showIfSummonerSpell":"SummonerSmite","hideIfSummonerSpell":"","appendAfterSection":"","visibleWithAllOf":[""],"hiddenWithAnyOf":[""],"items":[{"id":"3133","count":1,"hideCount":false},{"id":"1001","count":1,"hideCount":false}]},{"type":"essential","recMath":false,"recSteps":false,"minSummonerLevel":-1,"maxSummonerLevel":-1,"showIfSummonerSpell":"","hideIfSummonerSpell":"SummonerSmite","appendAfterSection":"","visibleWithAllOf":[""],"hiddenWithAnyOf":[""],"items":[{"id":"3095","count":1,"hideCount":false},{"id":"3006","count":1,"hideCount":false},{"id":"3046","count":1,"hideCount":false}]},{"type":"essentialjungle","recMath":false,"recSteps":false,"minSummonerLevel":-1,"maxSummonerLevel":-1,"showIfSummonerSpell":"SummonerSmite","hideIfSummonerSpell":"","appendAfterSection":"","visibleWithAllOf":[""],"hiddenWithAnyOf":[""],"items":[{"id":"4102","count":1,"hideCount":false},{"id":"3006","count":1,"hideCount":false},{"id":"3046","count":1,"hideCount":false}]},{"type":"offensive","recMath":false,"recSteps":false,"minSummonerLevel":-1,"maxSummonerLevel":-1,"showIfSummonerSpell":"","hideIfSummonerSpell":"SummonerSmite","appendAfterSection":"","visibleWithAllOf":[""],"hiddenWithAnyOf":[""],"items":[{"id":"3031","count":1,"hideCount":false},{"id":"3094","count":1,"hideCount":false},{"id":"3036","count":1,"hideCount":false}]},{"type":"situational","recMath":false,"recSteps":false,"minSummonerLevel":-1,"maxSummonerLevel":-1,"showIfSummonerSpell":"","hideIfSummonerSpell":"SummonerSmite","appendAfterSection":"","visibleWithAllOf":[""],"hiddenWithAnyOf":[""],"items":[{"id":"3139","count":1,"hideCount":false},{"id":"3156","count":1,"hideCount":false},{"id":"3071","count":1,"hideCount":false}]},{"type":"offensive","recMath":false,"recSteps":false,"minSummonerLevel":-1,"maxSummonerLevel":-1,"showIfSummonerSpell":"SummonerSmite","hideIfSummonerSpell":"","appendAfterSection":"","visibleWithAllOf":[""],"hiddenWithAnyOf":[""],"items":[{"id":"3071","count":1,"hideCount":false},{"id":"3142","count":1,"hideCount":false},{"id":"3812","count":1,"hideCount":false}]},{"type":"situational","recMath":false,"recSteps":false,"minSummonerLevel":-1,"maxSummonerLevel":-1,"showIfSummonerSpell":"SummonerSmite","hideIfSummonerSpell":"","appendAfterSection":"","visibleWithAllOf":[""],"hiddenWithAnyOf":[""],"items":[{"id":"3156","count":1,"hideCount":false},{"id":"3814","count":1,"hideCount":false},{"id":"3147","count":1,"hideCount":false}]},{"type":"consumables","recMath":false,"recSteps":false,"minSummonerLevel":-1,"maxSummonerLevel":-1,"showIfSummonerSpell":"","hideIfSummonerSpell":"","appendAfterSection":"","visibleWithAllOf":[""],"hiddenWithAnyOf":[""],"items":[{"id":"2003","count":1,"hideCount":true},{"id":"2140","count":1,"hideCount":true}]}]},{"champion":"Graves","title":"GravesSR","map":"SR","mode":"CLASSIC","type":"riot","customTag":"","sortrank":0,"extensionPage":false,"useObviousCheckmark":false,"customPanel":null,"blocks":[{"type":"starting","recMath":false,"recSteps":false,"minSummonerLevel":-1,"maxSummonerLevel":-1,"showIfSummonerSpell":"","hideIfSummonerSpell":"SummonerSmite","appendAfterSection":"","visibleWithAllOf":[""],"hiddenWithAnyOf":[""],"items":[{"id":"1055","count":1,"hideCount":false},{"id":"2003","count":1,"hideCount":false},{"id":"3340","count":1,"hideCount":false}]},{"type":"early","recMath":false,"recSteps":false,"minSummonerLevel":-1,"maxSummonerLevel":-1,"showIfSummonerSpell":"","hideIfSummonerSpell":"SummonerSmite","appendAfterSection":"","visibleWithAllOf":[""],"hiddenWithAnyOf":[""],"items":[{"id":"1038","count":1,"hideCount":false},{"id":"3086","count":1,"hideCount":false},{"id":"1001","count":1,"hideCount":false}]},{"type":"essential","recMath":false,"recSteps":false,"minSummonerLevel":-1,"maxSummonerLevel":-1,"showIfSummonerSpell":"","hideIfSummonerSpell":"SummonerSmite","appendAfterSection":"","visibleWithAllOf":[""],"hiddenWithAnyOf":[""],"items":[{"id":"3031","count":1,"hideCount":false},{"id":"3006","count":1,"hideCount":false},{"id":"3046","count":1,"hideCount":false}]},{"type":"offensive","recMath":false,"recSteps":false,"minSummonerLevel":-1,"maxSummonerLevel":-1,"showIfSummonerSpell":"","hideIfSummonerSpell":"SummonerSmite","appendAfterSection":"","visibleWithAllOf":[""],"hiddenWithAnyOf":[""],"items":[{"id":"3094","count":1,"hideCount":false},{"id":"3036","count":1,"hideCount":false}]},{"type":"situational","recMath":false,"recSteps":false,"minSummonerLevel":-1,"maxSummonerLevel":-1,"showIfSummonerSpell":"","hideIfSummonerSpell":"SummonerSmite","appendAfterSection":"","visibleWithAllOf":[""],"hiddenWithAnyOf":[""],"items":[{"id":"3139","count":1,"hideCount":false},{"id":"3156","count":1,"hideCount":false},{"id":"3026","count":1,"hideCount":false}]},{"type":"startingjungle","recMath":false,"recSteps":false,"minSummonerLevel":-1,"maxSummonerLevel":-1,"showIfSummonerSpell":"SummonerSmite","hideIfSummonerSpell":"","appendAfterSection":"","visibleWithAllOf":[""],"hiddenWithAnyOf":[""],"items":[{"id":"1041","count":1,"hideCount":false},{"id":"2031","count":1,"hideCount":false},{"id":"3340","count":1,"hideCount":false}]},{"type":"earlyjungle","recMath":false,"recSteps":false,"minSummonerLevel":-1,"maxSummonerLevel":-1,"showIfSummonerSpell":"SummonerSmite","hideIfSummonerSpell":"","appendAfterSection":"","visibleWithAllOf":[""],"hiddenWithAnyOf":[""],"items":[{"id":"3715","count":1,"hideCount":false},{"id":"3133","count":1,"hideCount":false},{"id":"1001","count":1,"hideCount":false}]},{"type":"essentialjungle","recMath":false,"recSteps":false,"minSummonerLevel":-1,"maxSummonerLevel":-1,"showIfSummonerSpell":"SummonerSmite","hideIfSummonerSpell":"","appendAfterSection":"","visibleWithAllOf":[""],"hiddenWithAnyOf":[""],"items":[{"id":"1412","count":1,"hideCount":false},{"id":"3006","count":1,"hideCount":false},{"id":"3179","count":1,"hideCount":false}]},{"type":"offensive","recMath":false,"recSteps":false,"minSummonerLevel":-1,"maxSummonerLevel":-1,"showIfSummonerSpell":"SummonerSmite","hideIfSummonerSpell":"","appendAfterSection":"","visibleWithAllOf":[""],"hiddenWithAnyOf":[""],"items":[{"id":"3142","count":1,"hideCount":false},{"id":"3147","count":1,"hideCount":false},{"id":"3812","count":1,"hideCount":false}]},{"type":"situational","recMath":false,"recSteps":false,"minSummonerLevel":-1,"maxSummonerLevel":-1,"showIfSummonerSpell":"SummonerSmite","hideIfSummonerSpell":"","appendAfterSection":"","visibleWithAllOf":[""],"hiddenWithAnyOf":[""],"items":[{"id":"3026","count":1,"hideCount":false},{"id":"3156","count":1,"hideCount":false},{"id":"3814","count":1,"hideCount":false}]},{"type":"consumables","recMath":false,"recSteps":false,"minSummonerLevel":-1,"maxSummonerLevel":-1,"showIfSummonerSpell":"","hideIfSummonerSpell":"SummonerSmite","appendAfterSection":"","visibleWithAllOf":[""],"hiddenWithAnyOf":[""],"items":[{"id":"2003","count":1,"hideCount":true},{"id":"2140","count":1,"hideCount":true}]}]}]}}}