{"type":"champion","format":"standAloneComplex","version":"10.15.1","data":{"Heimerdinger":{"id":"Heimerdinger","key":"74","name":"Heimerdinger","title":"the Revered Inventor","image":{"full":"Heimerdinger.png","sprite":"champion1.png","group":"champion","x":384,"y":0,"w":48,"h":48},"skins":[{"id":"74000","num":0,"name":"default","chromas":false},{"id":"74001","num":1,"name":"Alien Invader Heimerdinger","chromas":false},{"id":"74002","num":2,"name":"Blast Zone Heimerdinger","chromas":false},{"id":"74003","num":3,"name":"Piltover Customs Heimerdinger","chromas":false},{"id":"74004","num":4,"name":"Snowmerdinger","chromas":false},{"id":"74005","num":5,"name":"Hazmat Heimerdinger","chromas":false},{"id":"74006","num":6,"name":"Dragon Trainer Heimerdinger","chromas":false},{"id":"74015","num":15,"name":"Pool Party Heimerdinger","chromas":false}],"lore":"A brilliant yet eccentric yordle scientist, Professor Cecil B. Heimerdinger is one of the most innovative and esteemed inventors Piltover has ever known. Relentless in his work to the point of neurotic obsession, he thrives on answering the universe's most impenetrable questions. Though his theories often appear opaque and esoteric, Heimerdinger has crafted some of Piltover's most miraculous—not to mention lethal—machinery, and constantly tinkers with his inventions to make them even more efficient.","blurb":"A brilliant yet eccentric yordle scientist, Professor Cecil B. Heimerdinger is one of the most innovative and esteemed inventors Piltover has ever known. Relentless in his work to the point of neurotic obsession, he thrives on answering the universe's...","allytips":["Turret placement can be a deciding factor in a battle. Against most enemies turrets are best when they can support each other, but if the enemy has a lot of area of effect damage your turrets can be destroyed quickly. Placing turrets in brush can lead to a surprise attack in your favor.","The success of Electron Storm Grenade is very important to Heimerdinger's survival. The slow and stun both are capable of keeping enemies in place long enough to punish them, but it is also the first line of defense against a surprise attack.","Spreading out Hextech Micro-Rockets leads to more reliable damage and more efficiency against multiple targets, but focusing it creates the biggest impact."],"enemytips":["It's better to destroy all of Heimerdinger's turrets at once with the help of creeps than to fight them one at a time.","Be wary of Heimerdinger's Upgrade!!!, as he can use it to find an answer to most trouble he gets into. Once his ultimate is down, go in for the kill!"],"tags":["Mage","Support"],"partype":"Mana","info":{"attack":2,"defense":6,"magic":8,"difficulty":8},"stats":{"hp":488,"hpperlevel":87,"mp":385,"mpperlevel":20,"movespeed":340,"armor":19.04,"armorperlevel":3,"spellblock":30,"spellblockperlevel":0.5,"attackrange":550,"hpregen":7,"hpregenperlevel":0.55,"mpregen":8,"mpregenperlevel":0.8,"crit":0,"critperlevel":0,"attackdamage":55.536,"attackdamageperlevel":2.7,"attackspeedperlevel":1.36,"attackspeed":0.625},"spells":[{"id":"HeimerdingerQ","name":"H-28 G Evolution Turret","description":"Heimerdinger lays down a rapid-fire cannon turret equipped with a secondary pass-through beam attack (turrets deal half damage to towers).","tooltip":"Places a Turret. Turret attacks prioritize Heimerdinger's targets and enemies attacking Heimerdinger. Heimerdinger generates a <keywordCost>Turret Kit</keywordCost> every {{ kitcooldown }}s and can hold {{ maxkits }} <keywordCost>Kits</keywordCost> at once.","leveltip":{"label":["Cannon Damage","Beam Damage"],"effect":["{{ basedamage }} -> {{ basedamageNL }}","{{ basedamagebeam }} -> {{ basedamagebeamNL }}"]},"maxrank":5,"cooldown":[1,1,1,1,1],"cooldownBurn":"1","cost":[20,20,20,20,20],"costBurn":"20","datavalues":{},"effect":[null,[6,9,12,15,18],[40,60,80,100,120],[3,3,3,3,3],[26,22,18,14,10],[900,900,900,900,900],[90,90,90,90,90],[0,0,0,0,0],[0.25,0.25,0.25,0.25,0.25],[0,0,0,0,0],[20,20,20,20,20]],"effectBurn":[null,"6/9/12/15/18","40/60/80/100/120","3","26/22/18/14/10","900","90","0","0.25","0","20"],"vars":[],"costType":" Turret Kit & {{ cost }} Mana","maxammo":"-1","range":[350,350,350,350,350],"rangeBurn":"350","image":{"full":"HeimerdingerQ.png","sprite":"spell4.png","group":"spell","x":288,"y":0,"w":48,"h":48},"resource":"{{ kitcost }} Turret Kit & {{ cost }} Mana"},{"id":"HeimerdingerW","name":"Hextech Micro-Rockets","description":"Heimerdinger fires long-range rockets that converge on his cursor.","tooltip":"Unleashes a barrage of {{ rockets }} rockets that converge towards the cursor and fan out past it. Rockets deal <magicDamage>{{ damage }} magic damage</magicDamage>. Additional rocket hits deal reduced damage:<br /><br /><attention>Champions and Monsters:</attention> <magicDamage>{{ extrahitdamage }} magic damage</magicDamage>, max <magicDamage>{{ totaldamage }} total damage</magicDamage><br /><attention>Minions:</attention> <magicDamage>{{ extrahitdamageminions }} magic damage</magicDamage><br /><br />Rocket hits against champions charge nearby turret beam attacks.","leveltip":{"label":["Cooldown","Damage","@AbilityResourceName@ Cost"],"effect":["{{ cooldown }} -> {{ cooldownNL }}","{{ basedamage }} -> {{ basedamageNL }}","{{ cost }} -> {{ costNL }}"]},"maxrank":5,"cooldown":[11,10,9,8,7],"cooldownBurn":"11/10/9/8/7","cost":[50,60,70,80,90],"costBurn":"50/60/70/80/90","datavalues":{},"effect":[null,[60,90,120,150,180],[12,18,24,30,36],[25,25,25,25,25],[20,20,20,20,20],[30,30,30,30,30],[108,162,216,270,324],[5,5,5,5,5],[0,0,0,0,0],[0,0,0,0,0],[0,0,0,0,0]],"effectBurn":[null,"60/90/120/150/180","12/18/24/30/36","25","20","30","108/162/216/270/324","5","0","0","0"],"vars":[],"costType":" {{ abilityresourcename }}","maxammo":"-1","range":[1325,1325,1325,1325,1325],"rangeBurn":"1325","image":{"full":"HeimerdingerW.png","sprite":"spell4.png","group":"spell","x":336,"y":0,"w":48,"h":48},"resource":"{{ cost }} {{ abilityresourcename }}"},{"id":"HeimerdingerE","name":"CH-2 Electron Storm Grenade","description":"Heimerdinger lobs a grenade at a location, dealing damage to enemy units, as well as stunning anyone directly hit and slowing surrounding units.","tooltip":"Hurls a grenade that deals <magicDamage>{{ damage }} magic damage</magicDamage> to enemies and slows their Movement Speed by {{ slowpercent.0*100 }}% for {{ slowduration }} seconds. Enemies in the center of the blast are also stunned for {{ stunduration }} seconds.<br /><br />Hitting a champion fully charges nearby turret beams.","leveltip":{"label":["Damage"],"effect":["{{ basedamage }} -> {{ basedamageNL }}"]},"maxrank":5,"cooldown":[12,12,12,12,12],"cooldownBurn":"12","cost":[85,85,85,85,85],"costBurn":"85","datavalues":{},"effect":[null,[0,0,0,0,0],[0,0,0,0,0],[0,0,0,0,0],[0,0,0,0,0],[0,0,0,0,0],[0,0,0,0,0],[0,0,0,0,0],[0,0,0,0,0],[0,0,0,0,0],[0,0,0,0,0]],"effectBurn":[null,"0","0","0","0","0","0","0","0","0","0"],"vars":[],"costType":" {{ abilityresourcename }}","maxammo":"-1","range":[970,970,970,970,970],"rangeBurn":"970","image":{"full":"HeimerdingerE.png","sprite":"spell4.png","group":"spell","x":384,"y":0,"w":48,"h":48},"resource":"{{ cost }} {{ abilityresourcename }}"},{"id":"HeimerdingerR","name":"UPGRADE!!!","description":"Heimerdinger invents an upgrade, causing his next spell to have increased effects. ","tooltip":"Makes Heimerdinger's next ability free and gives it bonus effects. Reactivate to cancel. <br /><br /><attention>H-28Q Apex Turret:</attention> Places a Turret for 8 seconds that deals <magicDamage>{{ qultdamage }} magic damage</magicDamage> with its cannon and <magicDamage>{{ qultdamagebeam }} magic damage</magicDamage> with its beam. It has splash damage, immunity to disables, its attacks slow by 25% for 2 seconds and it doesn't count toward the Turret limit. <br /><br /><attention>Hextech Rocket Swarm:</attention> Fires 4 waves of rockets that each deal <magicDamage>{{ wultbasedamage }} magic damage</magicDamage>. Champions and Monsters hit by multiple rockets take reduced damage, max <magicDamage>{{ wulttotaldamage }}</magicDamage>. <br /><br /><attention>CH-3X Lightning Grenade:</attention> Throws a bouncing grenade that discharges three times, dealing <magicDamage>{{ eultdamage }} magic damage</magicDamage>. Both the stun and slow areas are larger.","leveltip":{"label":["Cooldown","Apex Turret Cannon Damage","Turret Beam Damage","Rocket Swarm Damage","Rocket Swarm Max Damage","Lightning Grenade Damage"],"effect":["{{ cooldown }} -> {{ cooldownNL }}","{{ qultbasedamage }} -> {{ qultbasedamageNL }}","{{ qultbasedamagebeam }} -> {{ qultbasedamagebeamNL }}","{{ wultbasedamage }} -> {{ wultbasedamageNL }}","{{ wulttotalbasedamage }} -> {{ wulttotalbasedamageNL }}","{{ eultbasedamage }} -> {{ eultbasedamageNL }}"]},"maxrank":3,"cooldown":[100,85,70],"cooldownBurn":"100/85/70","cost":[100,100,100],"costBurn":"100","datavalues":{},"effect":[null,[100,140,180],[80,80,80],[1.5,1.5,1.5],[0.12,0.12,0.12],[500,690,865],[0.45,0.45,0.45],[80,100,120],[135,180,225],[28,39,49],[150,250,350]],"effectBurn":[null,"100/140/180","80","1.5","0.12","500/690/865","0.45","80/100/120","135/180/225","28/39/49","150/250/350"],"vars":[],"costType":" {{ abilityresourcename }}","maxammo":"-1","range":[1,1,1],"rangeBurn":"1","image":{"full":"HeimerdingerR.png","sprite":"spell4.png","group":"spell","x":432,"y":0,"w":48,"h":48},"resource":"{{ cost }} {{ abilityresourcename }}"}],"passive":{"name":"Hextech Affinity","description":"Gain Movement Speed while near allied towers and turrets deployed by Heimerdinger.","image":{"full":"Heimerdinger_Passive.png","sprite":"passive1.png","group":"passive","x":384,"y":0,"w":48,"h":48}},"recommended":[{"champion":"Heimerdinger","title":"Beginner","map":"SR","mode":"INTRO","type":"riot","customTag":"","extensionPage":false,"customPanel":null,"blocks":[{"type":"beginner_starter","recMath":false,"recSteps":false,"minSummonerLevel":-1,"maxSummonerLevel":4,"showIfSummonerSpell":"","hideIfSummonerSpell":"","items":[{"id":"1056","count":1,"hideCount":false},{"id":"2003","count":1,"hideCount":false},{"id":"3340","count":1,"hideCount":false}]},{"type":"beginner_starter","recMath":false,"recSteps":false,"minSummonerLevel":5,"maxSummonerLevel":-1,"showIfSummonerSpell":"","hideIfSummonerSpell":"","items":[{"id":"1056","count":1,"hideCount":false},{"id":"2003","count":1,"hideCount":false},{"id":"3340","count":1,"hideCount":false}]},{"type":"beginner_advanced","recMath":true,"recSteps":false,"minSummonerLevel":-1,"maxSummonerLevel":-1,"showIfSummonerSpell":"","hideIfSummonerSpell":"","items":[{"id":"1027","count":1,"hideCount":false},{"id":"1052","count":1,"hideCount":false},{"id":"3802","count":1,"hideCount":false}]},{"type":"beginner_movementspeed","recMath":true,"recSteps":false,"minSummonerLevel":-1,"maxSummonerLevel":-1,"showIfSummonerSpell":"","hideIfSummonerSpell":"","items":[{"id":"1001","count":1,"hideCount":false},{"id":"3020","count":1,"hideCount":false}]},{"type":"beginner_legendaryitem","recMath":true,"recSteps":false,"minSummonerLevel":-1,"maxSummonerLevel":-1,"showIfSummonerSpell":"","hideIfSummonerSpell":"","items":[{"id":"3108","count":1,"hideCount":false},{"id":"1052","count":1,"hideCount":false},{"id":"3802","count":1,"hideCount":false},{"id":"3165","count":1,"hideCount":false}]},{"type":"beginner_morelegendaryitems","recMath":false,"recSteps":false,"minSummonerLevel":-1,"maxSummonerLevel":-1,"showIfSummonerSpell":"","hideIfSummonerSpell":"","items":[{"id":"3027","count":1,"hideCount":false},{"id":"3116","count":1,"hideCount":false},{"id":"3089","count":1,"hideCount":false}]}]},{"champion":"Heimerdinger","title":"HeimerdingerARAM","map":"HA","mode":"ARAM","type":"riot","customTag":"","sortrank":0,"extensionPage":false,"customPanel":null,"blocks":[{"type":"starting","recMath":false,"recSteps":false,"minSummonerLevel":-1,"maxSummonerLevel":-1,"showIfSummonerSpell":"","hideIfSummonerSpell":"","appendAfterSection":"","visibleWithAllOf":[""],"hiddenWithAnyOf":[""],"items":[{"id":"3802","count":1,"hideCount":false},{"id":"2003","count":3,"hideCount":false}]},{"type":"essential","recMath":false,"recSteps":false,"minSummonerLevel":-1,"maxSummonerLevel":-1,"showIfSummonerSpell":"","hideIfSummonerSpell":"","appendAfterSection":"","visibleWithAllOf":[""],"hiddenWithAnyOf":[""],"items":[{"id":"3285","count":1,"hideCount":false},{"id":"3151","count":1,"hideCount":false},{"id":"3020","count":1,"hideCount":false}]},{"type":"offensive","recMath":false,"recSteps":false,"minSummonerLevel":-1,"maxSummonerLevel":-1,"showIfSummonerSpell":"","hideIfSummonerSpell":"","appendAfterSection":"","visibleWithAllOf":[""],"hiddenWithAnyOf":[""],"items":[{"id":"3165","count":1,"hideCount":false},{"id":"3089","count":1,"hideCount":false},{"id":"3135","count":1,"hideCount":false}]},{"type":"defensive","recMath":false,"recSteps":false,"minSummonerLevel":-1,"maxSummonerLevel":-1,"showIfSummonerSpell":"","hideIfSummonerSpell":"","appendAfterSection":"","visibleWithAllOf":[""],"hiddenWithAnyOf":[""],"items":[{"id":"3157","count":1,"hideCount":false},{"id":"3116","count":1,"hideCount":false},{"id":"3060","count":1,"hideCount":false}]},{"type":"consumables","recMath":false,"recSteps":false,"minSummonerLevel":-1,"maxSummonerLevel":-1,"showIfSummonerSpell":"","hideIfSummonerSpell":"","appendAfterSection":"","visibleWithAllOf":[""],"hiddenWithAnyOf":[""],"items":[{"id":"2003","count":1,"hideCount":true},{"id":"2139","count":1,"hideCount":true}]}]},{"champion":"Heimerdinger","title":"HeimerdingerFIRSTBLOOD","map":"HA","mode":"FIRSTBLOOD","type":"riot","customTag":"","extensionPage":false,"customPanel":null,"blocks":[{"type":"starting","recMath":false,"recSteps":false,"minSummonerLevel":-1,"maxSummonerLevel":-1,"showIfSummonerSpell":"","hideIfSummonerSpell":"","items":[{"id":"1056","count":1,"hideCount":false},{"id":"2003","count":2,"hideCount":false},{"id":"3340","count":1,"hideCount":false}]},{"type":"essential","recMath":false,"recSteps":false,"minSummonerLevel":-1,"maxSummonerLevel":-1,"showIfSummonerSpell":"","hideIfSummonerSpell":"","items":[{"id":"3020","count":1,"hideCount":false},{"id":"3157","count":1,"hideCount":false},{"id":"3165","count":1,"hideCount":false}]},{"type":"offensive","recMath":false,"recSteps":false,"minSummonerLevel":-1,"maxSummonerLevel":-1,"showIfSummonerSpell":"","hideIfSummonerSpell":"","items":[{"id":"3089","count":1,"hideCount":false},{"id":"3135","count":1,"hideCount":false},{"id":"3151","count":1,"hideCount":false}]},{"type":"defensive","recMath":false,"recSteps":false,"minSummonerLevel":-1,"maxSummonerLevel":-1,"showIfSummonerSpell":"","hideIfSummonerSpell":"","items":[{"id":"3174","count":1,"hideCount":false},{"id":"3116","count":1,"hideCount":false},{"id":"3026","count":1,"hideCount":false}]},{"type":"consumables","recMath":false,"recSteps":false,"minSummonerLevel":-1,"maxSummonerLevel":-1,"showIfSummonerSpell":"","hideIfSummonerSpell":"","items":[{"id":"2003","count":1,"hideCount":false},{"id":"2043","count":1,"hideCount":false},{"id":"2139","count":1,"hideCount":false}]}]},{"champion":"Heimerdinger","title":"HeimerdingerARAM","map":"HA","mode":"KINGPORO","type":"riot","customTag":"","sortrank":0,"extensionPage":false,"customPanel":null,"blocks":[{"type":"KingPoroSnax","recMath":false,"recSteps":false,"minSummonerLevel":-1,"maxSummonerLevel":-1,"showIfSummonerSpell":"","hideIfSummonerSpell":"","items":[{"id":"3680","count":1,"hideCount":false},{"id":"3681","count":1,"hideCount":false},{"id":"3682","count":1,"hideCount":false},{"id":"3683","count":1,"hideCount":false},{"id":"3684","count":1,"hideCount":false},{"id":"3685","count":1,"hideCount":false}]},{"type":"starting","recMath":false,"recSteps":false,"minSummonerLevel":-1,"maxSummonerLevel":-1,"showIfSummonerSpell":"","hideIfSummonerSpell":"","appendAfterSection":"","visibleWithAllOf":[""],"hiddenWithAnyOf":[""],"items":[{"id":"3802","count":1,"hideCount":false},{"id":"2003","count":3,"hideCount":false}]},{"type":"essential","recMath":false,"recSteps":false,"minSummonerLevel":-1,"maxSummonerLevel":-1,"showIfSummonerSpell":"","hideIfSummonerSpell":"","appendAfterSection":"","visibleWithAllOf":[""],"hiddenWithAnyOf":[""],"items":[{"id":"3285","count":1,"hideCount":false},{"id":"3151","count":1,"hideCount":false},{"id":"3020","count":1,"hideCount":false}]},{"type":"offensive","recMath":false,"recSteps":false,"minSummonerLevel":-1,"maxSummonerLevel":-1,"showIfSummonerSpell":"","hideIfSummonerSpell":"","appendAfterSection":"","visibleWithAllOf":[""],"hiddenWithAnyOf":[""],"items":[{"id":"3165","count":1,"hideCount":false},{"id":"3089","count":1,"hideCount":false},{"id":"3135","count":1,"hideCount":false}]},{"type":"defensive","recMath":false,"recSteps":false,"minSummonerLevel":-1,"maxSummonerLevel":-1,"showIfSummonerSpell":"","hideIfSummonerSpell":"","appendAfterSection":"","visibleWithAllOf":[""],"hiddenWithAnyOf":[""],"items":[{"id":"3157","count":1,"hideCount":false},{"id":"3116","count":1,"hideCount":false},{"id":"3060","count":1,"hideCount":false}]},{"type":"consumables","recMath":false,"recSteps":false,"minSummonerLevel":-1,"maxSummonerLevel":-1,"showIfSummonerSpell":"","hideIfSummonerSpell":"","appendAfterSection":"","visibleWithAllOf":[""],"hiddenWithAnyOf":[""],"items":[{"id":"2003","count":1,"hideCount":true},{"id":"2139","count":1,"hideCount":true}]}]},{"champion":"Heimerdinger","title":"HeimerdingerSL","map":"NB","mode":"NEXUSBLITZ","type":"riot","customTag":"","sortrank":0,"extensionPage":false,"useObviousCheckmark":false,"customPanel":null,"blocks":[{"type":"starting","recMath":false,"recSteps":false,"minSummonerLevel":-1,"maxSummonerLevel":-1,"showIfSummonerSpell":"","hideIfSummonerSpell":"SummonerSmite","appendAfterSection":"","visibleWithAllOf":[""],"hiddenWithAnyOf":[""],"items":[{"id":"4203","count":1,"hideCount":false},{"id":"2003","count":2,"hideCount":false},{"id":"3340","count":1,"hideCount":false}]},{"type":"startingjungle","recMath":false,"recSteps":false,"minSummonerLevel":-1,"maxSummonerLevel":-1,"showIfSummonerSpell":"SummonerSmite","hideIfSummonerSpell":"","appendAfterSection":"","visibleWithAllOf":[""],"hiddenWithAnyOf":[""],"items":[{"id":"4101","count":1,"hideCount":false},{"id":"2003","count":1,"hideCount":false},{"id":"3340","count":1,"hideCount":false}]},{"type":"early","recMath":false,"recSteps":false,"minSummonerLevel":-1,"maxSummonerLevel":-1,"showIfSummonerSpell":"","hideIfSummonerSpell":"SummonerSmite","appendAfterSection":"","visibleWithAllOf":[""],"hiddenWithAnyOf":[""],"items":[{"id":"1001","count":1,"hideCount":false},{"id":"3802","count":1,"hideCount":false}]},{"type":"earlyjungle","recMath":false,"recSteps":false,"minSummonerLevel":-1,"maxSummonerLevel":-1,"showIfSummonerSpell":"SummonerSmite","hideIfSummonerSpell":"","appendAfterSection":"","visibleWithAllOf":[""],"hiddenWithAnyOf":[""],"items":[{"id":"1001","count":1,"hideCount":false},{"id":"3108","count":1,"hideCount":false}]},{"type":"essential","recMath":false,"recSteps":false,"minSummonerLevel":-1,"maxSummonerLevel":-1,"showIfSummonerSpell":"","hideIfSummonerSpell":"SummonerSmite","appendAfterSection":"","visibleWithAllOf":[""],"hiddenWithAnyOf":[""],"items":[{"id":"3020","count":1,"hideCount":false},{"id":"3157","count":1,"hideCount":false},{"id":"3285","count":1,"hideCount":false}]},{"type":"essentialjungle","recMath":false,"recSteps":false,"minSummonerLevel":-1,"maxSummonerLevel":-1,"showIfSummonerSpell":"SummonerSmite","hideIfSummonerSpell":"","appendAfterSection":"","visibleWithAllOf":[""],"hiddenWithAnyOf":[""],"items":[{"id":"4104","count":1,"hideCount":false},{"id":"3020","count":1,"hideCount":false},{"id":"3157","count":1,"hideCount":false}]},{"type":"offensive","recMath":false,"recSteps":false,"minSummonerLevel":-1,"maxSummonerLevel":-1,"showIfSummonerSpell":"","hideIfSummonerSpell":"","appendAfterSection":"","visibleWithAllOf":[""],"hiddenWithAnyOf":[""],"items":[{"id":"3151","count":1,"hideCount":false},{"id":"3089","count":1,"hideCount":false},{"id":"3135","count":1,"hideCount":false}]},{"type":"defensive","recMath":false,"recSteps":false,"minSummonerLevel":-1,"maxSummonerLevel":-1,"showIfSummonerSpell":"","hideIfSummonerSpell":"","appendAfterSection":"","visibleWithAllOf":[""],"hiddenWithAnyOf":[""],"items":[{"id":"3116","count":1,"hideCount":false},{"id":"3102","count":1,"hideCount":false}]},{"type":"consumables","recMath":false,"recSteps":false,"minSummonerLevel":-1,"maxSummonerLevel":-1,"showIfSummonerSpell":"","hideIfSummonerSpell":"","appendAfterSection":"","visibleWithAllOf":[""],"hiddenWithAnyOf":[""],"items":[{"id":"2003","count":1,"hideCount":true},{"id":"2139","count":1,"hideCount":true}]}]},{"champion":"Heimerdinger","title":"HeimerdingerSR","map":"SR","mode":"CLASSIC","type":"riot","customTag":"","sortrank":0,"extensionPage":false,"customPanel":null,"blocks":[{"type":"starting","recMath":false,"recSteps":false,"minSummonerLevel":-1,"maxSummonerLevel":-1,"showIfSummonerSpell":"","hideIfSummonerSpell":"","appendAfterSection":"","visibleWithAllOf":[""],"hiddenWithAnyOf":[""],"items":[{"id":"1056","count":1,"hideCount":false},{"id":"2003","count":2,"hideCount":false},{"id":"3340","count":1,"hideCount":false}]},{"type":"early","recMath":false,"recSteps":false,"minSummonerLevel":-1,"maxSummonerLevel":-1,"showIfSummonerSpell":"","hideIfSummonerSpell":"","appendAfterSection":"","visibleWithAllOf":[""],"hiddenWithAnyOf":[""],"items":[{"id":"1001","count":1,"hideCount":false},{"id":"3108","count":1,"hideCount":false},{"id":"3802","count":1,"hideCount":false}]},{"type":"essential","recMath":false,"recSteps":false,"minSummonerLevel":-1,"maxSummonerLevel":-1,"showIfSummonerSpell":"","hideIfSummonerSpell":"","appendAfterSection":"","visibleWithAllOf":[""],"hiddenWithAnyOf":[""],"items":[{"id":"3020","count":1,"hideCount":false},{"id":"3157","count":1,"hideCount":false},{"id":"3285","count":1,"hideCount":false}]},{"type":"offensive","recMath":false,"recSteps":false,"minSummonerLevel":-1,"maxSummonerLevel":-1,"showIfSummonerSpell":"","hideIfSummonerSpell":"","appendAfterSection":"","visibleWithAllOf":[""],"hiddenWithAnyOf":[""],"items":[{"id":"3165","count":1,"hideCount":false},{"id":"3135","count":1,"hideCount":false},{"id":"3151","count":1,"hideCount":false}]},{"type":"defensive","recMath":false,"recSteps":false,"minSummonerLevel":-1,"maxSummonerLevel":-1,"showIfSummonerSpell":"","hideIfSummonerSpell":"","appendAfterSection":"","visibleWithAllOf":[""],"hiddenWithAnyOf":[""],"items":[{"id":"3116","count":1,"hideCount":false},{"id":"3102","count":1,"hideCount":false},{"id":"3060","count":1,"hideCount":false}]},{"type":"consumables","recMath":false,"recSteps":false,"minSummonerLevel":-1,"maxSummonerLevel":-1,"showIfSummonerSpell":"","hideIfSummonerSpell":"","appendAfterSection":"","visibleWithAllOf":[""],"hiddenWithAnyOf":[""],"items":[{"id":"2003","count":1,"hideCount":true},{"id":"2139","count":1,"hideCount":true}]}]}]}}}