{"type":"champion","format":"standAloneComplex","version":"10.15.1","data":{"Illaoi":{"id":"Illaoi","key":"420","name":"Illaoi","title":"the Kraken Priestess","image":{"full":"Illaoi.png","sprite":"champion1.png","group":"champion","x":432,"y":0,"w":48,"h":48},"skins":[{"id":"420000","num":0,"name":"default","chromas":false},{"id":"420001","num":1,"name":"Void Bringer Illaoi","chromas":false},{"id":"420002","num":2,"name":"Resistance Illaoi","chromas":true}],"lore":"Illaoi's powerful physique is dwarfed only by her indomitable faith. As the prophet of the Great Kraken, she uses a huge, golden idol to rip her foes' spirits from their bodies and shatter their perception of reality. All who challenge the “Truth Bearer of Nagakabouros” soon discover Illaoi never battles alone—the god of the Serpent Isles fights by her side.","blurb":"Illaoi's powerful physique is dwarfed only by her indomitable faith. As the prophet of the Great Kraken, she uses a huge, golden idol to rip her foes' spirits from their bodies and shatter their perception of reality. All who challenge the “Truth Bearer...","allytips":["Tentacles are an immense source of power. Don't fight without them.","Spirits inherit their target's current health. If making a ","Vessel"," is your goal, try whittling your opponent's health down a bit first to make killing the spirit easier.","Leap of Faith is best used to follow-up a strong engage or when being engaged upon. Be careful about being the first one into a fight."],"enemytips":["Killing Tentacles whenever possible will make it much easier to win a fight against Illaoi.","When your spirit gets pulled out, fight back if you can. Dealing damage to Illaoi reduces the spirit's duration.","Avoid grouping up for Leap of Faith to reduce the number of Tentacles available to Illaoi."],"tags":["Fighter","Tank"],"partype":"Mana","info":{"attack":8,"defense":6,"magic":3,"difficulty":4},"stats":{"hp":585.6,"hpperlevel":95,"mp":300,"mpperlevel":40,"movespeed":340,"armor":35,"armorperlevel":3.8,"spellblock":32.1,"spellblockperlevel":1.25,"attackrange":125,"hpregen":9.5,"hpregenperlevel":0.8,"mpregen":7.5,"mpregenperlevel":0.75,"crit":0,"critperlevel":0,"attackdamage":68,"attackdamageperlevel":5,"attackspeedperlevel":2.5,"attackspeed":0.571},"spells":[{"id":"IllaoiQ","name":"Tentacle Smash","description":"Increases the damage dealt by Tentacles. When activated, Illaoi smashes down a Tentacle that deals physical damage.","tooltip":"<scaleAD>Passive:</scaleAD> <span class=\"color85FFAD\">Slam</span> damage is increased by {{ e6 }}% (<scaleAD>{{ f1 }}</scaleAD>).<br /><br /><scaleAD>Active:</scaleAD> Illaoi swings her idol, causing a Tentacle to <span class=\"color85FFAD\">Slam</span> forward.","leveltip":{"label":["Slam Bonus","Cooldown","@AbilityResourceName@ Cost"],"effect":["{{ effect6amount*100.000000 }}% -> {{ effect6amountnl*100.000000 }}%","{{ cooldown }} -> {{ cooldownNL }}","{{ cost }} -> {{ costNL }}"]},"maxrank":5,"cooldown":[10,9,8,7,6],"cooldownBurn":"10/9/8/7/6","cost":[40,45,50,55,60],"costBurn":"40/45/50/55/60","datavalues":{},"effect":[null,[10,10,10,10,10],[200,200,200,200,200],[800,800,800,800,800],[10,8,6,4,2],[5,5,5,5,5],[10,15,20,25,30],[1.2,1.2,1.2,1.2,1.2],[-0.3,-0.35,-0.4,-0.45,-0.5],[1.5,1.5,1.5,1.5,1.5],[0,0,0,0,0]],"effectBurn":[null,"10","200","800","10/8/6/4/2","5","10/15/20/25/30","1.2","-0.3/-0.35/-0.4/-0.45/-0.5","1.5","0"],"vars":[],"costType":" {{ abilityresourcename }}","maxammo":"-1","range":[850,850,850,850,850],"rangeBurn":"850","image":{"full":"IllaoiQ.png","sprite":"spell4.png","group":"spell","x":0,"y":48,"w":48,"h":48},"resource":"{{ cost }} {{ abilityresourcename }}"},{"id":"IllaoiW","name":"Harsh Lesson","description":"Illaoi leaps to her target, dealing physical damage and causing nearby Tentacles to also swing at the target.","tooltip":"Illaoi leaps at her target on her next basic attack, dealing bonus physical damage equal to <scaleAD>{{ f1*100 }}%</scaleAD> of their maximum health [{{ e1 }}% + {{ f2*100 }}% per 100 attack damage].<br /><br />When she strikes, nearby Tentacles will <span class=\"color85FFAD\">Slam</span> at the target.<br /><br /><span class=\"color919191\"><i>Harsh Lesson's bonus damage does a minimum of {{ wmindamage }} damage. Against monsters the damage is capped at {{ e3 }}.</i></span>","leveltip":{"label":["Damage","Minimum Damage"],"effect":["{{ effect1amount*100.000000 }}% -> {{ effect1amountnl*100.000000 }}%","{{ wmindamage }} -> {{ wmindamageNL }}"]},"maxrank":5,"cooldown":[4,4,4,4,4],"cooldownBurn":"4","cost":[30,30,30,30,30],"costBurn":"30","datavalues":{},"effect":[null,[3,3.5,4,4.5,5],[2,2,2,2,2],[300,300,300,300,300],[6,6,6,6,6],[0,0,0,0,0],[0,0,0,0,0],[0,0,0,0,0],[0,0,0,0,0],[0,0,0,0,0],[0,0,0,0,0]],"effectBurn":[null,"3/3.5/4/4.5/5","2","300","6","0","0","0","0","0","0"],"vars":[],"costType":" {{ abilityresourcename }}","maxammo":"-1","range":[400,400,400,400,400],"rangeBurn":"400","image":{"full":"IllaoiW.png","sprite":"spell4.png","group":"spell","x":48,"y":48,"w":48,"h":48},"resource":"{{ cost }} {{ abilityresourcename }}"},{"id":"IllaoiE","name":"Test of Spirit","description":"Illaoi rips the spirit from a foe's body, forcing it to stand before her. Spirits echo a percentage of the damage they take to the original target. If killed, or if the target gets too far from the spirit, the target will become a <font color='#669900'>Vessel</font> and begin spawning Tentacles.","tooltip":"Illaoi pulls the spirit from an enemy champion for {{ e3 }} seconds. The spirit can be attacked, with {{ e1 }}% <scaleAD>(+{{ f5 }}%)</scaleAD> of the damage taken echoing to its owner.<br /><br />If the spirit dies or the target leaves its range, the target becomes a <span class=\"color669900\">Vessel</span> for {{ e2 }} seconds and is slowed by {{ e8 }}% for {{ e5 }} seconds. <span class=\"color669900\">Vessels</span> spawn Tentacles every <scaleLevel>{{ f1 }}</scaleLevel> seconds if no other Tentacles are nearby.<br /><br />Tentacles will automatically <span class=\"color85FFAD\">Slam</span> at spirits and <span class=\"color669900\">Vessels</span> once every {{ timebetweenvesseltentacleslams }} seconds.","leveltip":{"label":["Damage Echo","Cooldown","@AbilityResourceName@ Cost"],"effect":["{{ e1 }}% -> {{ e1NL }}%","{{ cooldown }} -> {{ cooldownNL }}","{{ cost }} -> {{ costNL }}"]},"maxrank":5,"cooldown":[16,15,14,13,12],"cooldownBurn":"16/15/14/13/12","cost":[35,40,45,50,55],"costBurn":"35/40/45/50/55","datavalues":{},"effect":[null,[25,30,35,40,45],[10,10,10,10,10],[7,7,7,7,7],[1500,1500,1500,1500,1500],[1.5,1.5,1.5,1.5,1.5],[3,3,3,3,3],[0,0,0,0,0],[80,80,80,80,80],[8,8,8,8,8],[4,3,0,0,0]],"effectBurn":[null,"25/30/35/40/45","10","7","1500","1.5","3","0","80","8","4/3/0/0/0"],"vars":[],"costType":" {{ abilityresourcename }}","maxammo":"-1","range":[900,900,900,900,900],"rangeBurn":"900","image":{"full":"IllaoiE.png","sprite":"spell4.png","group":"spell","x":96,"y":48,"w":48,"h":48},"resource":"{{ cost }} {{ abilityresourcename }}"},{"id":"IllaoiR","name":"Leap of Faith","description":"Illaoi smashes her idol into the ground, dealing physical damage to nearby enemies. A Tentacle spawns for each enemy champion hit.","tooltip":"Illaoi smashes her idol into the ground, dealing {{ damagecalc }} physical damage to nearby enemies and spawning a Tentacle for each enemy champion hit.<br /><br />For the next {{ duration }} seconds Tentacles are untargetable and will <span class=\"color85FFAD\">Slam</span> 50% faster, and Harsh Lesson has a 2 second cooldown.<br /><br /><span class=\"colorcccccc\"><i>'There are kind and gentle gods. Mine isn't one of those.'</i></span>","leveltip":{"label":["Damage","Cooldown"],"effect":["{{ basedamage }} -> {{ basedamageNL }}","{{ cooldown }} -> {{ cooldownNL }}"]},"maxrank":3,"cooldown":[120,95,70],"cooldownBurn":"120/95/70","cost":[100,100,100],"costBurn":"100","datavalues":{},"effect":[null,[0,0,0],[0,0,0],[0,0,0],[0,0,0],[0,0,0],[0,0,0],[0,0,0],[0,0,0],[0,0,0],[0,0,0]],"effectBurn":[null,"0","0","0","0","0","0","0","0","0","0"],"vars":[],"costType":" {{ abilityresourcename }}","maxammo":"-1","range":[450,450,450],"rangeBurn":"450","image":{"full":"IllaoiR.png","sprite":"spell4.png","group":"spell","x":144,"y":48,"w":48,"h":48},"resource":"{{ cost }} {{ abilityresourcename }}"}],"passive":{"name":"Prophet of an Elder God","description":"Illaoi and the <font color='#669900'>Vessels</font> she creates spawn Tentacles on nearby impassible terrain. Tentacles swing at spirits, <font color='#669900'>Vessels</font>, and victims of Illaoi's Harsh lesson. Tentacles deal physical damage to enemies hit, and will heal Illaoi if they damage a champion.","image":{"full":"Illaoi_P.png","sprite":"passive1.png","group":"passive","x":432,"y":0,"w":48,"h":48}},"recommended":[{"champion":"Illaoi","title":"IllaoiARAM","map":"HA","mode":"ARAM","type":"riot","customTag":"","sortrank":0,"extensionPage":false,"useObviousCheckmark":false,"customPanel":null,"blocks":[{"type":"starting","recMath":false,"recSteps":false,"minSummonerLevel":-1,"maxSummonerLevel":-1,"showIfSummonerSpell":"","hideIfSummonerSpell":"","appendAfterSection":"","visibleWithAllOf":[""],"hiddenWithAnyOf":[""],"items":[{"id":"2051","count":1,"hideCount":false},{"id":"1001","count":1,"hideCount":false},{"id":"2003","count":3,"hideCount":false}]},{"type":"essential","recMath":false,"recSteps":false,"minSummonerLevel":-1,"maxSummonerLevel":-1,"showIfSummonerSpell":"","hideIfSummonerSpell":"","appendAfterSection":"","visibleWithAllOf":[""],"hiddenWithAnyOf":[""],"items":[{"id":"3071","count":1,"hideCount":false},{"id":"3111","count":1,"hideCount":false},{"id":"3053","count":1,"hideCount":false}]},{"type":"offensive","recMath":false,"recSteps":false,"minSummonerLevel":-1,"maxSummonerLevel":-1,"showIfSummonerSpell":"","hideIfSummonerSpell":"","appendAfterSection":"","visibleWithAllOf":[""],"hiddenWithAnyOf":[""],"items":[{"id":"3812","count":1,"hideCount":false},{"id":"3748","count":1,"hideCount":false},{"id":"3156","count":1,"hideCount":false}]},{"type":"defensive","recMath":false,"recSteps":false,"minSummonerLevel":-1,"maxSummonerLevel":-1,"showIfSummonerSpell":"","hideIfSummonerSpell":"","appendAfterSection":"","visibleWithAllOf":[""],"hiddenWithAnyOf":[""],"items":[{"id":"3065","count":1,"hideCount":false},{"id":"3742","count":1,"hideCount":false},{"id":"3161","count":1,"hideCount":false}]},{"type":"consumables","recMath":false,"recSteps":false,"minSummonerLevel":-1,"maxSummonerLevel":-1,"showIfSummonerSpell":"","hideIfSummonerSpell":"","appendAfterSection":"","visibleWithAllOf":[""],"hiddenWithAnyOf":[""],"items":[{"id":"2003","count":1,"hideCount":true},{"id":"2138","count":1,"hideCount":true}]}]},{"champion":"Illaoi","title":"IllaoiFIRSTBLOOD","map":"HA","mode":"FIRSTBLOOD","type":"riot","customTag":"","extensionPage":false,"customPanel":null,"blocks":[{"type":"starting","recMath":false,"recSteps":false,"minSummonerLevel":-1,"maxSummonerLevel":-1,"showIfSummonerSpell":"","hideIfSummonerSpell":"SummonerSmite","items":[{"id":"1055","count":1,"hideCount":false},{"id":"2003","count":1,"hideCount":false},{"id":"3340","count":1,"hideCount":false}]},{"type":"startingjungle","recMath":false,"recSteps":false,"minSummonerLevel":-1,"maxSummonerLevel":-1,"showIfSummonerSpell":"SummonerSmite","hideIfSummonerSpell":"","items":[{"id":"1041","count":1,"hideCount":false},{"id":"2031","count":1,"hideCount":false},{"id":"3340","count":1,"hideCount":false}]},{"type":"essential","recMath":false,"recSteps":false,"minSummonerLevel":-1,"maxSummonerLevel":-1,"showIfSummonerSpell":"","hideIfSummonerSpell":"SummonerSmite","items":[{"id":"3111","count":1,"hideCount":false},{"id":"3071","count":1,"hideCount":false}]},{"type":"essentialjungle","recMath":false,"recSteps":false,"minSummonerLevel":-1,"maxSummonerLevel":-1,"showIfSummonerSpell":"","hideIfSummonerSpell":"","items":[{"id":"1401","count":1,"hideCount":false},{"id":"3111","count":1,"hideCount":false},{"id":"3071","count":1,"hideCount":false}]},{"type":"offensive","recMath":false,"recSteps":false,"minSummonerLevel":-1,"maxSummonerLevel":-1,"showIfSummonerSpell":"","hideIfSummonerSpell":"","items":[{"id":"3053","count":1,"hideCount":false},{"id":"3748","count":1,"hideCount":false},{"id":"3078","count":1,"hideCount":false}]},{"type":"defensive","recMath":false,"recSteps":false,"minSummonerLevel":-1,"maxSummonerLevel":-1,"showIfSummonerSpell":"","hideIfSummonerSpell":"","items":[{"id":"3742","count":1,"hideCount":false},{"id":"3143","count":1,"hideCount":false},{"id":"3065","count":1,"hideCount":false}]},{"type":"consumables","recMath":false,"recSteps":false,"minSummonerLevel":-1,"maxSummonerLevel":-1,"showIfSummonerSpell":"","hideIfSummonerSpell":"","items":[{"id":"2003","count":1,"hideCount":false},{"id":"2043","count":1,"hideCount":false},{"id":"2138","count":1,"hideCount":false}]}]},{"champion":"Illaoi","title":"IllaoiARAM","map":"HA","mode":"KINGPORO","type":"riot","customTag":"","sortrank":0,"extensionPage":false,"useObviousCheckmark":false,"customPanel":null,"blocks":[{"type":"KingPoroSnax","recMath":false,"recSteps":false,"minSummonerLevel":-1,"maxSummonerLevel":-1,"showIfSummonerSpell":"","hideIfSummonerSpell":"","items":[{"id":"3680","count":1,"hideCount":false},{"id":"3681","count":1,"hideCount":false},{"id":"3682","count":1,"hideCount":false},{"id":"3683","count":1,"hideCount":false},{"id":"3684","count":1,"hideCount":false},{"id":"3685","count":1,"hideCount":false}]},{"type":"starting","recMath":false,"recSteps":false,"minSummonerLevel":-1,"maxSummonerLevel":-1,"showIfSummonerSpell":"","hideIfSummonerSpell":"","appendAfterSection":"","visibleWithAllOf":[""],"hiddenWithAnyOf":[""],"items":[{"id":"2051","count":1,"hideCount":false},{"id":"1001","count":1,"hideCount":false},{"id":"2003","count":3,"hideCount":false}]},{"type":"essential","recMath":false,"recSteps":false,"minSummonerLevel":-1,"maxSummonerLevel":-1,"showIfSummonerSpell":"","hideIfSummonerSpell":"","appendAfterSection":"","visibleWithAllOf":[""],"hiddenWithAnyOf":[""],"items":[{"id":"3071","count":1,"hideCount":false},{"id":"3111","count":1,"hideCount":false},{"id":"3053","count":1,"hideCount":false}]},{"type":"offensive","recMath":false,"recSteps":false,"minSummonerLevel":-1,"maxSummonerLevel":-1,"showIfSummonerSpell":"","hideIfSummonerSpell":"","appendAfterSection":"","visibleWithAllOf":[""],"hiddenWithAnyOf":[""],"items":[{"id":"3812","count":1,"hideCount":false},{"id":"3748","count":1,"hideCount":false},{"id":"3156","count":1,"hideCount":false}]},{"type":"defensive","recMath":false,"recSteps":false,"minSummonerLevel":-1,"maxSummonerLevel":-1,"showIfSummonerSpell":"","hideIfSummonerSpell":"","appendAfterSection":"","visibleWithAllOf":[""],"hiddenWithAnyOf":[""],"items":[{"id":"3065","count":1,"hideCount":false},{"id":"3742","count":1,"hideCount":false},{"id":"3161","count":1,"hideCount":false}]},{"type":"consumables","recMath":false,"recSteps":false,"minSummonerLevel":-1,"maxSummonerLevel":-1,"showIfSummonerSpell":"","hideIfSummonerSpell":"","appendAfterSection":"","visibleWithAllOf":[""],"hiddenWithAnyOf":[""],"items":[{"id":"2003","count":1,"hideCount":true},{"id":"2138","count":1,"hideCount":true}]}]},{"champion":"Illaoi","title":"IllaoiSL","map":"NB","mode":"NEXUSBLITZ","type":"riot","customTag":"","sortrank":0,"extensionPage":false,"useObviousCheckmark":false,"customPanel":null,"blocks":[{"type":"starting","recMath":false,"recSteps":false,"minSummonerLevel":-1,"maxSummonerLevel":-1,"showIfSummonerSpell":"","hideIfSummonerSpell":"SummonerSmite","appendAfterSection":"","visibleWithAllOf":[""],"hiddenWithAnyOf":[""],"items":[{"id":"4202","count":1,"hideCount":false},{"id":"2003","count":1,"hideCount":false},{"id":"3340","count":1,"hideCount":false}]},{"type":"startingjungle","recMath":false,"recSteps":false,"minSummonerLevel":-1,"maxSummonerLevel":-1,"showIfSummonerSpell":"SummonerSmite","hideIfSummonerSpell":"","appendAfterSection":"","visibleWithAllOf":[""],"hiddenWithAnyOf":[""],"items":[{"id":"4101","count":1,"hideCount":false},{"id":"2003","count":1,"hideCount":false},{"id":"3340","count":1,"hideCount":false}]},{"type":"essential","recMath":false,"recSteps":false,"minSummonerLevel":-1,"maxSummonerLevel":-1,"showIfSummonerSpell":"","hideIfSummonerSpell":"SummonerSmite","appendAfterSection":"","visibleWithAllOf":[""],"hiddenWithAnyOf":[""],"items":[{"id":"3111","count":1,"hideCount":false},{"id":"3071","count":1,"hideCount":false},{"id":"3053","count":1,"hideCount":false}]},{"type":"essentialjungle","recMath":false,"recSteps":false,"minSummonerLevel":-1,"maxSummonerLevel":-1,"showIfSummonerSpell":"SummonerSmite","hideIfSummonerSpell":"","appendAfterSection":"","visibleWithAllOf":[""],"hiddenWithAnyOf":[""],"items":[{"id":"4102","count":1,"hideCount":false},{"id":"3111","count":1,"hideCount":false},{"id":"3071","count":1,"hideCount":false},{"id":"3053","count":1,"hideCount":false}]},{"type":"offensive","recMath":false,"recSteps":false,"minSummonerLevel":-1,"maxSummonerLevel":-1,"showIfSummonerSpell":"","hideIfSummonerSpell":"","appendAfterSection":"","visibleWithAllOf":[""],"hiddenWithAnyOf":[""],"items":[{"id":"3812","count":1,"hideCount":false},{"id":"3161","count":1,"hideCount":false},{"id":"3026","count":1,"hideCount":false}]},{"type":"defensive","recMath":false,"recSteps":false,"minSummonerLevel":-1,"maxSummonerLevel":-1,"showIfSummonerSpell":"","hideIfSummonerSpell":"","appendAfterSection":"","visibleWithAllOf":[""],"hiddenWithAnyOf":[""],"items":[{"id":"3742","count":1,"hideCount":false},{"id":"3065","count":1,"hideCount":false},{"id":"3005","count":1,"hideCount":false}]},{"type":"consumables","recMath":false,"recSteps":false,"minSummonerLevel":-1,"maxSummonerLevel":-1,"showIfSummonerSpell":"","hideIfSummonerSpell":"","appendAfterSection":"","visibleWithAllOf":[""],"hiddenWithAnyOf":[""],"items":[{"id":"2003","count":1,"hideCount":false},{"id":"2138","count":1,"hideCount":true}]}]},{"champion":"Illaoi","title":"IllaoiSR","map":"SR","mode":"CLASSIC","type":"riot","customTag":"","sortrank":0,"extensionPage":false,"useObviousCheckmark":false,"customPanel":null,"blocks":[{"type":"starting","recMath":false,"recSteps":false,"minSummonerLevel":-1,"maxSummonerLevel":-1,"showIfSummonerSpell":"","hideIfSummonerSpell":"SummonerSmite","appendAfterSection":"","visibleWithAllOf":[""],"hiddenWithAnyOf":[""],"items":[{"id":"1055","count":1,"hideCount":false},{"id":"2003","count":1,"hideCount":false},{"id":"3340","count":1,"hideCount":false}]},{"type":"startingjungle","recMath":false,"recSteps":false,"minSummonerLevel":-1,"maxSummonerLevel":-1,"showIfSummonerSpell":"SummonerSmite","hideIfSummonerSpell":"","appendAfterSection":"","visibleWithAllOf":[""],"hiddenWithAnyOf":[""],"items":[{"id":"1041","count":1,"hideCount":false},{"id":"2031","count":1,"hideCount":false},{"id":"3340","count":1,"hideCount":false}]},{"type":"essential","recMath":false,"recSteps":false,"minSummonerLevel":-1,"maxSummonerLevel":-1,"showIfSummonerSpell":"","hideIfSummonerSpell":"SummonerSmite","appendAfterSection":"","visibleWithAllOf":[""],"hiddenWithAnyOf":[""],"items":[{"id":"3111","count":1,"hideCount":false},{"id":"3071","count":1,"hideCount":false}]},{"type":"essentialjungle","recMath":false,"recSteps":false,"minSummonerLevel":-1,"maxSummonerLevel":-1,"showIfSummonerSpell":"SummonerSmite","hideIfSummonerSpell":"","appendAfterSection":"","visibleWithAllOf":[""],"hiddenWithAnyOf":[""],"items":[{"id":"1401","count":1,"hideCount":false},{"id":"3111","count":1,"hideCount":false},{"id":"3071","count":1,"hideCount":false}]},{"type":"offensive","recMath":false,"recSteps":false,"minSummonerLevel":-1,"maxSummonerLevel":-1,"showIfSummonerSpell":"","hideIfSummonerSpell":"","appendAfterSection":"","visibleWithAllOf":[""],"hiddenWithAnyOf":[""],"items":[{"id":"3053","count":1,"hideCount":false},{"id":"3812","count":1,"hideCount":false},{"id":"3078","count":1,"hideCount":false}]},{"type":"defensive","recMath":false,"recSteps":false,"minSummonerLevel":-1,"maxSummonerLevel":-1,"showIfSummonerSpell":"","hideIfSummonerSpell":"","appendAfterSection":"","visibleWithAllOf":[""],"hiddenWithAnyOf":[""],"items":[{"id":"3742","count":1,"hideCount":false},{"id":"3065","count":1,"hideCount":false},{"id":"3026","count":1,"hideCount":false}]},{"type":"consumables","recMath":false,"recSteps":false,"minSummonerLevel":-1,"maxSummonerLevel":-1,"showIfSummonerSpell":"","hideIfSummonerSpell":"SummonerSmite","appendAfterSection":"","visibleWithAllOf":[""],"hiddenWithAnyOf":[""],"items":[{"id":"2033","count":1,"hideCount":false},{"id":"2138","count":1,"hideCount":true}]}]}]}}}