{"type":"champion","format":"standAloneComplex","version":"10.15.1","data":{"Ivern":{"id":"Ivern","key":"427","name":"Ivern","title":"the Green Father","image":{"full":"Ivern.png","sprite":"champion1.png","group":"champion","x":48,"y":48,"w":48,"h":48},"skins":[{"id":"427000","num":0,"name":"default","chromas":false},{"id":"427001","num":1,"name":"Candy King Ivern","chromas":false},{"id":"427002","num":2,"name":"Dunkmaster Ivern","chromas":true}],"lore":"Ivern Bramblefoot, known to many as the Green Father, is a peculiar half man, half tree who roams Runeterra's forests, cultivating life everywhere he goes. He knows the secrets of the natural world, and holds deep friendships with all things that grow, fly, and scuttle. Ivern wanders the wilderness, imparting strange wisdom to any he meets, enriching the forests, and occasionally entrusting loose-lipped butterflies with his secrets.","blurb":"Ivern Bramblefoot, known to many as the Green Father, is a peculiar half man, half tree who roams Runeterra's forests, cultivating life everywhere he goes. He knows the secrets of the natural world, and holds deep friendships with all things that grow...","allytips":["Try to help allies follow up a good Rootcaller hit with Triggerseed!","Use Brushmaker to set up future ambush spots!","Daisy can block skillshots and slow down enemies. Use her to peel for your teammates!"],"enemytips":["Ivern can be deceptively slippery. Be careful chasing him too far.","Ivern's brush has a long duration. Watch out for ambushes!","Be careful when fighting Ivern alone if he has Daisy ready to help!"],"tags":["Support","Mage"],"partype":"Mana","info":{"attack":3,"defense":5,"magic":7,"difficulty":7},"stats":{"hp":585,"hpperlevel":95,"mp":450,"mpperlevel":60,"movespeed":330,"armor":27,"armorperlevel":3.5,"spellblock":32.1,"spellblockperlevel":1.25,"attackrange":475,"hpregen":7,"hpregenperlevel":0.85,"mpregen":6,"mpregenperlevel":0.75,"crit":0,"critperlevel":0,"attackdamage":50,"attackdamageperlevel":3,"attackspeedperlevel":3.4,"attackspeed":0.644},"spells":[{"id":"IvernQ","name":"Rootcaller","description":"Ivern conjures a vine, dealing damage and rooting enemy targets hit. Ivern's allies can dash to the rooted target.","tooltip":"Ivern conjures a vine dealing {{ e5 }} <scaleAP>(+{{ f1 }})</scaleAP> magic damage and rooting the first enemy hit for {{ e1 }} second(s). Allies can click on rooted enemies to dash into attack range.","leveltip":{"label":["Root Duration","Damage","Cooldown"],"effect":["{{ e1 }} -> {{ e1NL }}","{{ e5 }} -> {{ e5NL }}","{{ cooldown }} -> {{ cooldownNL }}"]},"maxrank":5,"cooldown":[14,13,12,11,10],"cooldownBurn":"14/13/12/11/10","cost":[60,60,60,60,60],"costBurn":"60","datavalues":{},"effect":[null,[1.2,1.4,1.6,1.8,2],[15,20,25,30,35],[26,23,20,17,14],[2,2,2,2,2],[80,125,170,215,260],[40,55,70,85,100],[0,0,0,0,0],[0,0,0,0,0],[0,0,0,0,0],[0,0,0,0,0]],"effectBurn":[null,"1.2/1.4/1.6/1.8/2","15/20/25/30/35","26/23/20/17/14","2","80/125/170/215/260","40/55/70/85/100","0","0","0","0"],"vars":[],"costType":" {{ abilityresourcename }}","maxammo":"-1","range":[1075,1075,1075,1075,1075],"rangeBurn":"1075","image":{"full":"IvernQ.png","sprite":"spell4.png","group":"spell","x":384,"y":48,"w":48,"h":48},"resource":"{{ cost }} {{ abilityresourcename }}"},{"id":"IvernW","name":"Brushmaker","description":"In brush, Ivern's attacks deal bonus magic damage. Ivern can activate this ability to create a patch of brush.","tooltip":"<spellPassive>Passive:</spellPassive> In brush, Ivern's attacks deal {{ e5 }} <scaleAP>(+{{ f2 }})</scaleAP> bonus magic damage.<br /><br /><spellPassive>Active:</spellPassive> Ivern grows a patch of brush for {{ e1 }} seconds. For 3 seconds the area in and around the brush is revealed.","leveltip":{"label":["Bonus Magic Damage","Brush Recharge"],"effect":["{{ e5 }} -> {{ e5NL }}","{{ e4 }} -> {{ e4NL }}"]},"maxrank":5,"cooldown":[0.5,0.5,0.5,0.5,0.5],"cooldownBurn":"0.5","cost":[30,30,30,30,30],"costBurn":"30","datavalues":{},"effect":[null,[30,30,30,30,30],[90,90,90,90,90],[190,190,190,190,190],[40,36,32,28,24],[30,37.5,45,52.5,60],[0,0,0,0,0],[0,0,0,0,0],[0,0,0,0,0],[0,0,0,0,0],[0,0,0,0,0]],"effectBurn":[null,"30","90","190","40/36/32/28/24","30/37.5/45/52.5/60","0","0","0","0","0"],"vars":[],"costType":" {{ abilityresourcename }}","maxammo":"3","range":[1150,1150,1150,1150,1150],"rangeBurn":"1150","image":{"full":"IvernW.png","sprite":"spell4.png","group":"spell","x":432,"y":48,"w":48,"h":48},"resource":"{{ cost }} {{ abilityresourcename }}"},{"id":"IvernE","name":"Triggerseed","description":"Ivern places a shield on an ally which explodes after a short duration slowing and damaging enemies.","tooltip":"Ivern shields an ally, absorbing up to {{ e1 }} <scaleAP>(+{{ f3 }})</scaleAP> damage. After 2 seconds, the shield bursts dealing {{ e2 }} <scaleAP>(+{{ f4 }})</scaleAP> magic damage and slowing enemies by {{ e3 }}% for {{ e4 }} seconds.<br /><br /><rules><scaleArmor>Can also be cast on Daisy.</scaleArmor></rules>","leveltip":{"label":["Shield Amount","Damage","Slow","Cooldown"],"effect":["{{ e1 }} -> {{ e1NL }}","{{ e2 }} -> {{ e2NL }}","{{ e3 }}% -> {{ e3NL }}%","{{ cooldown }} -> {{ cooldownNL }}"]},"maxrank":5,"cooldown":[12,11,10,9,8],"cooldownBurn":"12/11/10/9/8","cost":[70,70,70,70,70],"costBurn":"70","datavalues":{},"effect":[null,[80,115,150,185,220],[70,95,120,145,170],[40,45,50,55,60],[2,2,2,2,2],[1,1,1,1,1],[80,120,160,200,240],[0,0,0,0,0],[0,0,0,0,0],[0,0,0,0,0],[0,0,0,0,0]],"effectBurn":[null,"80/115/150/185/220","70/95/120/145/170","40/45/50/55/60","2","1","80/120/160/200/240","0","0","0","0"],"vars":[],"costType":" {{ abilityresourcename }}","maxammo":"-1","range":[750,750,750,750,750],"rangeBurn":"750","image":{"full":"IvernE.png","sprite":"spell4.png","group":"spell","x":0,"y":96,"w":48,"h":48},"resource":"{{ cost }} {{ abilityresourcename }}"},{"id":"IvernR","name":"Daisy!","description":"Ivern summons his Sentinel friend Daisy to fight with him. Daisy will send out a shockwave if she attacks the same champion three times in a row.","tooltip":"Ivern summons his sentinel friend Daisy for {{ f6 }} seconds. If Daisy attacks the same champion three times in a row, she will create a shockwave knocking enemies up for 1 second (3s cooldown). Daisy has:<ul><li>Health: {{ totaldaisyhp }}</li><li>Armor and Magic Resist: {{ totalbonusresists }}</li><li>Attack Damage: {{ totaldaisyad }}</li></ul><br /><rules><scaleArmor>Recast to manually issue orders to Daisy.</scaleArmor></rules>","leveltip":{"label":["Cooldown","Daisy's Base Health","Daisy's Base Armor And Magic Resist","Daisy Bonus Attack Speed"],"effect":["{{ e6 }} -> {{ e6NL }}","{{ e1 }} -> {{ e1NL }}","{{ e2 }} -> {{ e2NL }}","{{ e3 }}% -> {{ e3NL }}%"]},"maxrank":3,"cooldown":[140,130,120],"cooldownBurn":"140/130/120","cost":[100,100,100],"costBurn":"100","datavalues":{},"effect":[null,[1250,2500,3750],[15,40,90],[30,50,70],[30,60,130],[25,25,25],[140,130,120],[40,40,40],[25,25,25],[5,5,5],[0.05,0.05,0.05]],"effectBurn":[null,"1250/2500/3750","15/40/90","30/50/70","30/60/130","25","140/130/120","40","25","5","0.05"],"vars":[],"costType":" {{ abilityresourcename }}","maxammo":"-1","range":[25000,25000,25000],"rangeBurn":"25000","image":{"full":"IvernR.png","sprite":"spell4.png","group":"spell","x":48,"y":96,"w":48,"h":48},"resource":"{{ cost }} {{ abilityresourcename }}"}],"passive":{"name":"Friend of the Forest","description":"Ivern cannot attack or be attacked by non-epic monsters. Ivern can create magical groves on jungle camps which grow over time. When the grove is fully grown, Ivern may free the monsters to receive gold and experience. After level 5 Ivern can share jungle buffs with allies.","image":{"full":"IvernP.png","sprite":"passive1.png","group":"passive","x":48,"y":48,"w":48,"h":48}},"recommended":[{"champion":"Ivern","title":"Beginner","map":"SR","mode":"INTRO","type":"riot","customTag":"","sortrank":0,"extensionPage":false,"customPanel":null,"blocks":[{"type":"beginner_starter","recMath":false,"recSteps":false,"minSummonerLevel":-1,"maxSummonerLevel":-1,"showIfSummonerSpell":"","hideIfSummonerSpell":"","appendAfterSection":"","items":[{"id":"1056","count":1,"hideCount":false},{"id":"2003","count":2,"hideCount":false},{"id":"3340","count":1,"hideCount":false}]},{"type":"beginner_advanced","recMath":true,"recSteps":false,"minSummonerLevel":-1,"maxSummonerLevel":-1,"showIfSummonerSpell":"","hideIfSummonerSpell":"","appendAfterSection":"","items":[{"id":"1004","count":2,"hideCount":false},{"id":"3114","count":1,"hideCount":false}]},{"type":"beginner_movementspeed","recMath":true,"recSteps":false,"minSummonerLevel":-1,"maxSummonerLevel":-1,"showIfSummonerSpell":"","hideIfSummonerSpell":"","appendAfterSection":"","items":[{"id":"1001","count":1,"hideCount":false},{"id":"3158","count":1,"hideCount":false}]},{"type":"beginner_legendaryitem","recMath":true,"recSteps":false,"minSummonerLevel":-1,"maxSummonerLevel":-1,"showIfSummonerSpell":"","hideIfSummonerSpell":"ItemTeleportCancel","appendAfterSection":"","items":[{"id":"3114","count":1,"hideCount":false},{"id":"3801","count":1,"hideCount":false},{"id":"3107","count":1,"hideCount":false}]},{"type":"beginner_morelegendaryitems","recMath":false,"recSteps":false,"minSummonerLevel":-1,"maxSummonerLevel":-1,"showIfSummonerSpell":"","hideIfSummonerSpell":"","appendAfterSection":"","items":[{"id":"3190","count":1,"hideCount":false},{"id":"3174","count":1,"hideCount":false},{"id":"3504","count":1,"hideCount":false},{"id":"3109","count":1,"hideCount":false}]}]},{"champion":"Ivern","title":"IvernARAM","map":"HA","mode":"ARAM","type":"riot","customTag":"","sortrank":0,"extensionPage":false,"customPanel":null,"blocks":[{"type":"starting","recMath":false,"recSteps":false,"minSummonerLevel":-1,"maxSummonerLevel":-1,"showIfSummonerSpell":"","hideIfSummonerSpell":"","appendAfterSection":"","visibleWithAllOf":[""],"hiddenWithAnyOf":[""],"items":[{"id":"3010","count":1,"hideCount":false},{"id":"1001","count":1,"hideCount":false}]},{"type":"essential","recMath":false,"recSteps":false,"minSummonerLevel":-1,"maxSummonerLevel":-1,"showIfSummonerSpell":"","hideIfSummonerSpell":"","appendAfterSection":"","visibleWithAllOf":[""],"hiddenWithAnyOf":[""],"items":[{"id":"3111","count":1,"hideCount":false},{"id":"3107","count":1,"hideCount":false},{"id":"3029","count":1,"hideCount":false}]},{"type":"defensive","recMath":false,"recSteps":false,"minSummonerLevel":-1,"maxSummonerLevel":-1,"showIfSummonerSpell":"","hideIfSummonerSpell":"","appendAfterSection":"","visibleWithAllOf":[""],"hiddenWithAnyOf":[""],"items":[{"id":"3174","count":1,"hideCount":false},{"id":"3065","count":1,"hideCount":false},{"id":"3109","count":1,"hideCount":false}]},{"type":"situational","recMath":false,"recSteps":false,"minSummonerLevel":-1,"maxSummonerLevel":-1,"showIfSummonerSpell":"","hideIfSummonerSpell":"","appendAfterSection":"","visibleWithAllOf":[""],"hiddenWithAnyOf":[""],"items":[{"id":"3504","count":1,"hideCount":false},{"id":"2065","count":1,"hideCount":false},{"id":"3050","count":1,"hideCount":false}]},{"type":"consumables","recMath":false,"recSteps":false,"minSummonerLevel":-1,"maxSummonerLevel":-1,"showIfSummonerSpell":"","hideIfSummonerSpell":"","appendAfterSection":"","visibleWithAllOf":[""],"hiddenWithAnyOf":[""],"items":[{"id":"2033","count":1,"hideCount":false},{"id":"2138","count":1,"hideCount":true}]}]},{"champion":"Ivern","title":"IvernFIRSTBLOOD","map":"HA","mode":"FIRSTBLOOD","type":"riot","customTag":"","extensionPage":false,"customPanel":null,"blocks":[{"type":"starting","recMath":false,"recSteps":false,"minSummonerLevel":-1,"maxSummonerLevel":-1,"showIfSummonerSpell":"","hideIfSummonerSpell":"SummonerSmite","items":[{"id":"1056","count":1,"hideCount":false},{"id":"2003","count":2,"hideCount":false},{"id":"3340","count":1,"hideCount":false}]},{"type":"early","recMath":false,"recSteps":false,"minSummonerLevel":-1,"maxSummonerLevel":-1,"showIfSummonerSpell":"","hideIfSummonerSpell":"SummonerSmite","items":[{"id":"1001","count":1,"hideCount":false},{"id":"3010","count":1,"hideCount":false},{"id":"3024","count":1,"hideCount":false}]},{"type":"essential","recMath":false,"recSteps":false,"minSummonerLevel":-1,"maxSummonerLevel":-1,"showIfSummonerSpell":"","hideIfSummonerSpell":"SummonerSmite","items":[{"id":"3111","count":1,"hideCount":false},{"id":"3027","count":1,"hideCount":false},{"id":"3110","count":1,"hideCount":false}]},{"type":"defensive","recMath":false,"recSteps":false,"minSummonerLevel":-1,"maxSummonerLevel":-1,"showIfSummonerSpell":"","hideIfSummonerSpell":"SummonerSmite","items":[{"id":"3065","count":1,"hideCount":false},{"id":"3742","count":1,"hideCount":false},{"id":"3143","count":1,"hideCount":false}]},{"type":"situational","recMath":false,"recSteps":false,"minSummonerLevel":-1,"maxSummonerLevel":-1,"showIfSummonerSpell":"","hideIfSummonerSpell":"SummonerSmite","items":[{"id":"3800","count":1,"hideCount":false},{"id":"3001","count":1,"hideCount":false},{"id":"3056","count":1,"hideCount":false}]},{"type":"startingjungle","recMath":false,"recSteps":false,"minSummonerLevel":-1,"maxSummonerLevel":-1,"showIfSummonerSpell":"SummonerSmite","hideIfSummonerSpell":"","items":[{"id":"1039","count":1,"hideCount":false},{"id":"2031","count":1,"hideCount":false},{"id":"3340","count":1,"hideCount":false}]},{"type":"earlyjungle","recMath":false,"recSteps":false,"minSummonerLevel":-1,"maxSummonerLevel":-1,"showIfSummonerSpell":"SummonerSmite","hideIfSummonerSpell":"","items":[{"id":"3711","count":1,"hideCount":false},{"id":"3751","count":1,"hideCount":false},{"id":"1001","count":1,"hideCount":false}]},{"type":"essentialjungle","recMath":false,"recSteps":false,"minSummonerLevel":-1,"maxSummonerLevel":-1,"showIfSummonerSpell":"SummonerSmite","hideIfSummonerSpell":"","items":[{"id":"1409","count":1,"hideCount":false},{"id":"3117","count":1,"hideCount":false},{"id":"3742","count":1,"hideCount":false}]},{"type":"defensive","recMath":false,"recSteps":false,"minSummonerLevel":-1,"maxSummonerLevel":-1,"showIfSummonerSpell":"SummonerSmite","hideIfSummonerSpell":"","items":[{"id":"3065","count":1,"hideCount":false},{"id":"3110","count":1,"hideCount":false},{"id":"3190","count":1,"hideCount":false}]},{"type":"situational","recMath":false,"recSteps":false,"minSummonerLevel":-1,"maxSummonerLevel":-1,"showIfSummonerSpell":"SummonerSmite","hideIfSummonerSpell":"","items":[{"id":"3027","count":1,"hideCount":false},{"id":"3800","count":1,"hideCount":false},{"id":"3001","count":1,"hideCount":false}]},{"type":"consumables","recMath":false,"recSteps":false,"minSummonerLevel":-1,"maxSummonerLevel":-1,"showIfSummonerSpell":"","hideIfSummonerSpell":"","items":[{"id":"2003","count":1,"hideCount":true},{"id":"2043","count":1,"hideCount":true},{"id":"2138","count":1,"hideCount":true}]}]},{"champion":"Ivern","title":"IvernARAM","map":"HA","mode":"KINGPORO","type":"riot","customTag":"","sortrank":0,"extensionPage":false,"customPanel":null,"blocks":[{"type":"KingPoroSnax","recMath":false,"recSteps":false,"minSummonerLevel":-1,"maxSummonerLevel":-1,"showIfSummonerSpell":"","hideIfSummonerSpell":"","items":[{"id":"3680","count":1,"hideCount":false},{"id":"3681","count":1,"hideCount":false},{"id":"3682","count":1,"hideCount":false},{"id":"3683","count":1,"hideCount":false},{"id":"3684","count":1,"hideCount":false},{"id":"3685","count":1,"hideCount":false}]},{"type":"starting","recMath":false,"recSteps":false,"minSummonerLevel":-1,"maxSummonerLevel":-1,"showIfSummonerSpell":"","hideIfSummonerSpell":"","appendAfterSection":"","visibleWithAllOf":[""],"hiddenWithAnyOf":[""],"items":[{"id":"3010","count":1,"hideCount":false},{"id":"1001","count":1,"hideCount":false}]},{"type":"essential","recMath":false,"recSteps":false,"minSummonerLevel":-1,"maxSummonerLevel":-1,"showIfSummonerSpell":"","hideIfSummonerSpell":"","appendAfterSection":"","visibleWithAllOf":[""],"hiddenWithAnyOf":[""],"items":[{"id":"3111","count":1,"hideCount":false},{"id":"3107","count":1,"hideCount":false},{"id":"3029","count":1,"hideCount":false}]},{"type":"defensive","recMath":false,"recSteps":false,"minSummonerLevel":-1,"maxSummonerLevel":-1,"showIfSummonerSpell":"","hideIfSummonerSpell":"","appendAfterSection":"","visibleWithAllOf":[""],"hiddenWithAnyOf":[""],"items":[{"id":"3174","count":1,"hideCount":false},{"id":"3065","count":1,"hideCount":false},{"id":"3109","count":1,"hideCount":false}]},{"type":"situational","recMath":false,"recSteps":false,"minSummonerLevel":-1,"maxSummonerLevel":-1,"showIfSummonerSpell":"","hideIfSummonerSpell":"","appendAfterSection":"","visibleWithAllOf":[""],"hiddenWithAnyOf":[""],"items":[{"id":"3504","count":1,"hideCount":false},{"id":"2065","count":1,"hideCount":false},{"id":"3050","count":1,"hideCount":false}]},{"type":"consumables","recMath":false,"recSteps":false,"minSummonerLevel":-1,"maxSummonerLevel":-1,"showIfSummonerSpell":"","hideIfSummonerSpell":"","appendAfterSection":"","visibleWithAllOf":[""],"hiddenWithAnyOf":[""],"items":[{"id":"2033","count":1,"hideCount":false},{"id":"2138","count":1,"hideCount":true}]}]},{"champion":"Ivern","title":"IvernSL","map":"NB","mode":"NEXUSBLITZ","type":"riot","customTag":"","sortrank":0,"extensionPage":false,"useObviousCheckmark":false,"customPanel":null,"blocks":[{"type":"starting","recMath":false,"recSteps":false,"minSummonerLevel":-1,"maxSummonerLevel":-1,"showIfSummonerSpell":"","hideIfSummonerSpell":"SummonerSmite","appendAfterSection":"","visibleWithAllOf":[""],"hiddenWithAnyOf":[""],"items":[{"id":"4301","count":1,"hideCount":false},{"id":"2003","count":1,"hideCount":false},{"id":"3340","count":1,"hideCount":false}]},{"type":"startingjungle","recMath":false,"recSteps":false,"minSummonerLevel":-1,"maxSummonerLevel":-1,"showIfSummonerSpell":"SummonerSmite","hideIfSummonerSpell":"","appendAfterSection":"","visibleWithAllOf":[""],"hiddenWithAnyOf":[""],"items":[{"id":"4101","count":1,"hideCount":false},{"id":"2003","count":1,"hideCount":false},{"id":"3340","count":1,"hideCount":false}]},{"type":"early","recMath":false,"recSteps":false,"minSummonerLevel":-1,"maxSummonerLevel":-1,"showIfSummonerSpell":"","hideIfSummonerSpell":"SummonerSmite","appendAfterSection":"","visibleWithAllOf":[""],"hiddenWithAnyOf":[""],"items":[{"id":"3114","count":1,"hideCount":false},{"id":"3158","count":1,"hideCount":false}]},{"type":"earlyjungle","recMath":false,"recSteps":false,"minSummonerLevel":-1,"maxSummonerLevel":-1,"showIfSummonerSpell":"SummonerSmite","hideIfSummonerSpell":"","appendAfterSection":"","visibleWithAllOf":[""],"hiddenWithAnyOf":[""],"items":[{"id":"3158","count":1,"hideCount":false},{"id":"3108","count":1,"hideCount":false}]},{"type":"essential","recMath":false,"recSteps":false,"minSummonerLevel":-1,"maxSummonerLevel":-1,"showIfSummonerSpell":"","hideIfSummonerSpell":"SummonerSmite","appendAfterSection":"","visibleWithAllOf":[""],"hiddenWithAnyOf":[""],"items":[{"id":"3107","count":1,"hideCount":false},{"id":"3174","count":1,"hideCount":false}]},{"type":"essentialjungle","recMath":false,"recSteps":false,"minSummonerLevel":-1,"maxSummonerLevel":-1,"showIfSummonerSpell":"SummonerSmite","hideIfSummonerSpell":"","appendAfterSection":"","visibleWithAllOf":[""],"hiddenWithAnyOf":[""],"items":[{"id":"4104","count":1,"hideCount":false},{"id":"3174","count":1,"hideCount":false},{"id":"3107","count":1,"hideCount":false}]},{"type":"aggressive","recMath":false,"recSteps":false,"minSummonerLevel":-1,"maxSummonerLevel":-1,"showIfSummonerSpell":"","hideIfSummonerSpell":"","appendAfterSection":"","visibleWithAllOf":[""],"hiddenWithAnyOf":[""],"items":[{"id":"3905","count":1,"hideCount":false},{"id":"3102","count":1,"hideCount":false}]},{"type":"protective","recMath":false,"recSteps":false,"minSummonerLevel":-1,"maxSummonerLevel":-1,"showIfSummonerSpell":"","hideIfSummonerSpell":"","appendAfterSection":"","visibleWithAllOf":[""],"hiddenWithAnyOf":[""],"items":[{"id":"3190","count":1,"hideCount":false},{"id":"3504","count":1,"hideCount":false},{"id":"3109","count":1,"hideCount":false}]},{"type":"consumables","recMath":false,"recSteps":false,"minSummonerLevel":-1,"maxSummonerLevel":-1,"showIfSummonerSpell":"","hideIfSummonerSpell":"","appendAfterSection":"","visibleWithAllOf":[""],"hiddenWithAnyOf":[""],"items":[{"id":"2031","count":1,"hideCount":false},{"id":"2139","count":1,"hideCount":true}]}]},{"champion":"Ivern","title":"IvernSR","map":"SR","mode":"CLASSIC","type":"riot","customTag":"","sortrank":0,"extensionPage":false,"useObviousCheckmark":false,"customPanel":null,"blocks":[{"type":"starting","recMath":false,"recSteps":false,"minSummonerLevel":-1,"maxSummonerLevel":-1,"showIfSummonerSpell":"","hideIfSummonerSpell":"SummonerSmite","appendAfterSection":"","visibleWithAllOf":[""],"hiddenWithAnyOf":[""],"items":[{"id":"3850","count":1,"hideCount":false},{"id":"2003","count":2,"hideCount":false},{"id":"3340","count":1,"hideCount":false}]},{"type":"startingjungle","recMath":false,"recSteps":false,"minSummonerLevel":-1,"maxSummonerLevel":-1,"showIfSummonerSpell":"SummonerSmite","hideIfSummonerSpell":"","appendAfterSection":"","visibleWithAllOf":[""],"hiddenWithAnyOf":[""],"items":[{"id":"1039","count":1,"hideCount":false},{"id":"2031","count":1,"hideCount":false},{"id":"3340","count":1,"hideCount":false}]},{"type":"early","recMath":false,"recSteps":false,"minSummonerLevel":-1,"maxSummonerLevel":-1,"showIfSummonerSpell":"","hideIfSummonerSpell":"SummonerSmite","appendAfterSection":"","visibleWithAllOf":[""],"hiddenWithAnyOf":[""],"items":[{"id":"3028","count":1,"hideCount":false},{"id":"3117","count":1,"hideCount":false},{"id":"3114","count":1,"hideCount":false}]},{"type":"earlyjungle","recMath":false,"recSteps":false,"minSummonerLevel":-1,"maxSummonerLevel":-1,"showIfSummonerSpell":"SummonerSmite","hideIfSummonerSpell":"","appendAfterSection":"","visibleWithAllOf":[""],"hiddenWithAnyOf":[""],"items":[{"id":"3117","count":1,"hideCount":false},{"id":"3028","count":1,"hideCount":false},{"id":"3114","count":1,"hideCount":false}]},{"type":"essential","recMath":false,"recSteps":false,"minSummonerLevel":-1,"maxSummonerLevel":-1,"showIfSummonerSpell":"","hideIfSummonerSpell":"","appendAfterSection":"","visibleWithAllOf":[""],"hiddenWithAnyOf":[""],"items":[{"id":"3174","count":1,"hideCount":false},{"id":"3504","count":1,"hideCount":false},{"id":"3107","count":1,"hideCount":false}]},{"type":"protective","recMath":false,"recSteps":false,"minSummonerLevel":-1,"maxSummonerLevel":-1,"showIfSummonerSpell":"","hideIfSummonerSpell":"","appendAfterSection":"","visibleWithAllOf":[""],"hiddenWithAnyOf":[""],"items":[{"id":"3050","count":1,"hideCount":false},{"id":"3109","count":1,"hideCount":false},{"id":"3190","count":1,"hideCount":false}]},{"type":"aggressive","recMath":false,"recSteps":false,"minSummonerLevel":-1,"maxSummonerLevel":-1,"showIfSummonerSpell":"","hideIfSummonerSpell":"","appendAfterSection":"","visibleWithAllOf":[""],"hiddenWithAnyOf":[""],"items":[{"id":"3905","count":1,"hideCount":false},{"id":"3157","count":1,"hideCount":false},{"id":"3041","count":1,"hideCount":false}]},{"type":"consumables","recMath":false,"recSteps":false,"minSummonerLevel":-1,"maxSummonerLevel":-1,"showIfSummonerSpell":"","hideIfSummonerSpell":"","appendAfterSection":"","visibleWithAllOf":[""],"hiddenWithAnyOf":[""],"items":[{"id":"2003","count":1,"hideCount":true},{"id":"2139","count":1,"hideCount":true}]}]}]}}}