{"type":"champion","format":"standAloneComplex","version":"10.15.1","data":{"Janna":{"id":"Janna","key":"40","name":"Janna","title":"the Storm's Fury","image":{"full":"Janna.png","sprite":"champion1.png","group":"champion","x":96,"y":48,"w":48,"h":48},"skins":[{"id":"40000","num":0,"name":"default","chromas":false},{"id":"40001","num":1,"name":"Tempest Janna","chromas":false},{"id":"40002","num":2,"name":"Hextech Janna","chromas":false},{"id":"40003","num":3,"name":"Frost Queen Janna","chromas":false},{"id":"40004","num":4,"name":"Victorious Janna","chromas":false},{"id":"40005","num":5,"name":"Forecast Janna","chromas":false},{"id":"40006","num":6,"name":"Fnatic Janna","chromas":false},{"id":"40007","num":7,"name":"Star Guardian Janna","chromas":false},{"id":"40008","num":8,"name":"Sacred Sword Janna","chromas":true},{"id":"40013","num":13,"name":"Bewitching Janna","chromas":true},{"id":"40020","num":20,"name":"Guardian of the Sands Janna","chromas":true}],"lore":"Armed with the power of Runeterra's gales, Janna is a mysterious, elemental wind spirit who protects the dispossessed of Zaun. Some believe she was brought into existence by the pleas of Runeterra's sailors who prayed for fair winds as they navigated treacherous waters and braved rough tempests. Her favor and protection has since been called into the depths of Zaun, where Janna has become a beacon of hope to those in need. No one knows where or when she will appear, but more often than not, she's come to help.","blurb":"Armed with the power of Runeterra's gales, Janna is a mysterious, elemental wind spirit who protects the dispossessed of Zaun. Some believe she was brought into existence by the pleas of Runeterra's sailors who prayed for fair winds as they navigated...","allytips":["Eye of the Storm can be used on allied turrets.","Quickly firing a Howling Gale without the charge up can be used to heavily disable the other team.","Timing Janna's ultimate can push enemies away from a wounded ally or even separate enemies."],"enemytips":["Save an interrupt ability for when Janna uses her ultimate.","Listen for the charge up sound on Howling Gale in case Janna is trying to hit you with it from off screen or from brush.","Janna's at her strongest when buffing another ally. If you can harass her ally, it will weaken her ability to fight you."],"tags":["Support","Mage"],"partype":"Mana","info":{"attack":3,"defense":5,"magic":7,"difficulty":7},"stats":{"hp":500,"hpperlevel":70,"mp":350,"mpperlevel":64,"movespeed":315,"armor":28,"armorperlevel":3.8,"spellblock":30,"spellblockperlevel":0.5,"attackrange":550,"hpregen":5.5,"hpregenperlevel":0.55,"mpregen":11.5,"mpregenperlevel":0.4,"crit":0,"critperlevel":0,"attackdamage":46,"attackdamageperlevel":1.5,"attackspeedperlevel":2.95,"attackspeed":0.625},"spells":[{"id":"HowlingGale","name":"Howling Gale","description":"By creating a localized change in pressure and temperature, Janna is able to create a small storm that grows in size with time. She can activate the spell again to release the storm. On release this storm will fly towards the direction it was cast in, dealing damage and knocking away any enemies in its path.","tooltip":"Summons a whirlwind, which deals {{ e1 }} <scaleAP>(+{{ a1 }})</scaleAP> magic damage to enemies in its path and knocks them into the air for {{ e4 }} seconds.<br /><br />The whirlwind can be charged up to {{ e6 }} seconds. For each second charged, it:<ul><li>Deals {{ e2 }} <scaleAP>(+{{ a2 }})</scaleAP> bonus damage</li><li>Knocks up for an additional {{ e5 }} seconds</li><li>Travels {{ e3 }}% further</li></ul>Howling Gale always reaches its destination in {{ e8 }} seconds.<br /><br /><rules><span class=\"color8c8c8c\">Activate again to release the whirlwind early.</span></rules>","leveltip":{"label":["Damage","Damage Per Second Charged","@AbilityResourceName@ Cost"],"effect":["{{ e1 }} -> {{ e1NL }}","{{ e2 }} -> {{ e2NL }}","{{ cost }} -> {{ costNL }}"]},"maxrank":5,"cooldown":[12,12,12,12,12],"cooldownBurn":"12","cost":[60,80,100,120,140],"costBurn":"60/80/100/120/140","datavalues":{},"effect":[null,[60,85,110,135,160],[15,20,25,30,35],[25,25,25,25,25],[0.5,0.5,0.5,0.5,0.5],[0.25,0.25,0.25,0.25,0.25],[3,3,3,3,3],[0,0,0,0,0],[1.5,1.5,1.5,1.5,1.5],[0,0,0,0,0],[0,0,0,0,0]],"effectBurn":[null,"60/85/110/135/160","15/20/25/30/35","25","0.5","0.25","3","0","1.5","0","0"],"vars":[{"link":"spelldamage","coeff":0.35,"key":"a1"},{"link":"spelldamage","coeff":0.1,"key":"a2"}],"costType":" {{ abilityresourcename }}","maxammo":"-1","range":[1700,1700,1700,1700,1700],"rangeBurn":"1700","image":{"full":"HowlingGale.png","sprite":"spell4.png","group":"spell","x":96,"y":96,"w":48,"h":48},"resource":"{{ cost }} {{ abilityresourcename }}"},{"id":"SowTheWind","name":"Zephyr","description":"Janna summons an air elemental that passively increases her Movement Speed and enables her to pass through units. She may also activate this ability to deal damage and slow an enemy's Movement Speed. The passive is lost while this ability is on cooldown.","tooltip":"<spellPassive>Passive:</spellPassive> While Zephyr is not on cooldown, Janna gains {{ e1 }}% <scaleAP>(+{{ f1 }}%)</scaleAP> Movement Speed and can move through units.<br /><br /><spellPassive>Active: </spellPassive>Deals {{ e2 }} <scaleAP>(+{{ a1 }})</scaleAP> <keywordMajor>(+{{ f3 }})</keywordMajor> magic damage to an enemy and slows their Movement Speed by {{ e3 }}% <scaleAP>(+{{ f2 }}%)</scaleAP> for {{ e4 }} seconds.","leveltip":{"label":["Passive Movement Speed","Damage","Slow","@AbilityResourceName@ Cost","Cooldown"],"effect":["{{ e1 }}% -> {{ e1NL }}%","{{ e2 }} -> {{ e2NL }}","{{ e3 }}% -> {{ e3NL }}%","{{ cost }} -> {{ costNL }}","{{ cooldown }} -> {{ cooldownNL }}"]},"maxrank":5,"cooldown":[8,7.5,7,6.5,6],"cooldownBurn":"8/7.5/7/6.5/6","cost":[50,60,70,80,90],"costBurn":"50/60/70/80/90","datavalues":{},"effect":[null,[6,7,8,9,10],[55,85,115,145,175],[24,28,32,36,40],[2,2,2,2,2],[0.0002,0.0002,0.0002,0.0002,0.0002],[0,0,0,0,0],[0,0,0,0,0],[0,0,0,0,0],[0,0,0,0,0],[0,0,0,0,0]],"effectBurn":[null,"6/7/8/9/10","55/85/115/145/175","24/28/32/36/40","2","0","0","0","0","0","0"],"vars":[{"link":"spelldamage","coeff":0.02,"key":"f1"},{"link":"spelldamage","coeff":0.5,"key":"a1"},{"link":"spelldamage","coeff":0.06,"key":"f2"}],"costType":" {{ abilityresourcename }}","maxammo":"-1","range":[550,550,550,550,550],"rangeBurn":"550","image":{"full":"SowTheWind.png","sprite":"spell4.png","group":"spell","x":144,"y":96,"w":48,"h":48},"resource":"{{ cost }} {{ abilityresourcename }}"},{"id":"EyeOfTheStorm","name":"Eye Of The Storm","description":"Janna conjures a defensive gale that shields an ally champion or turret from incoming damage and increases their Attack Damage.","tooltip":"Grants an allied champion or turret a shield that decays over {{ e3 }} seconds. The shield absorbs up to {{ e1 }} <scaleAP>(+{{ a1 }})</scaleAP> damage and grants {{ e2 }} <scaleAP>(+{{ a2 }})</scaleAP> attack damage until it is fully depleted.<br /><br /><rules>Each Janna ability that slows or knocks an enemy champion airborne will reduce Eye of the Storm's cooldown by {{ ecdrefundforcc*100 }}%.</rules>","leveltip":{"label":["Shield Health","Attack Damage","Cooldown","@AbilityResourceName@ Cost"],"effect":["{{ e1 }} -> {{ e1NL }}","{{ e2 }} -> {{ e2NL }}","{{ cooldown }} -> {{ cooldownNL }}","{{ cost }} -> {{ costNL }}"]},"maxrank":5,"cooldown":[16,15,14,13,12],"cooldownBurn":"16/15/14/13/12","cost":[70,80,90,100,110],"costBurn":"70/80/90/100/110","datavalues":{},"effect":[null,[80,115,150,185,220],[10,17.5,25,32.5,40],[5,5,5,5,5],[0.75,0.75,0.75,0.75,0.75],[0.25,0.25,0.25,0.25,0.25],[0,0,0,0,0],[0,0,0,0,0],[0,0,0,0,0],[0,0,0,0,0],[0,0,0,0,0]],"effectBurn":[null,"80/115/150/185/220","10/17.5/25/32.5/40","5","0.75","0.25","0","0","0","0","0"],"vars":[{"link":"spelldamage","coeff":0.7,"key":"a1"},{"link":"spelldamage","coeff":0.1,"key":"a2"}],"costType":" {{ abilityresourcename }}","maxammo":"-1","range":[800,800,800,800,800],"rangeBurn":"800","image":{"full":"EyeOfTheStorm.png","sprite":"spell4.png","group":"spell","x":192,"y":96,"w":48,"h":48},"resource":"{{ cost }} {{ abilityresourcename }}"},{"id":"ReapTheWhirlwind","name":"Monsoon","description":"Janna surrounds herself in a magical storm, throwing enemies back. After the storm has settled, soothing winds heal nearby allies while the ability is active.","tooltip":"Summons forth the might of the wind to knock surrounding enemies back and restores {{ e1 }} <scaleAP>(+{{ a1 }})</scaleAP> Health to nearby allies each second for {{ e3 }} seconds.","leveltip":{"label":["Heal Per Second","Cooldown"],"effect":["{{ e1 }} -> {{ e1NL }}","{{ cooldown }} -> {{ cooldownNL }}"]},"maxrank":3,"cooldown":[150,135,120],"cooldownBurn":"150/135/120","cost":[100,100,100],"costBurn":"100","datavalues":{},"effect":[null,[100,150,200],[300,450,600],[3,3,3],[700,700,700],[875,875,875],[875,875,875],[1200,1200,1200],[10,10,10],[0.5,0.5,0.5],[0,0,0]],"effectBurn":[null,"100/150/200","300/450/600","3","700","875","875","1200","10","0.5","0"],"vars":[{"link":"spelldamage","coeff":0.5,"key":"a1"}],"costType":" {{ abilityresourcename }}","maxammo":"-1","range":[725,725,725],"rangeBurn":"725","image":{"full":"ReapTheWhirlwind.png","sprite":"spell4.png","group":"spell","x":240,"y":96,"w":48,"h":48},"resource":"{{ cost }} {{ abilityresourcename }}"}],"passive":{"name":"Tailwind","description":"Janna passively gains bonus Movement Speed, and nearby allied champions gain this bonus when moving toward her.<br><br>Additionally, Janna's basic attacks cause additional magic damage based on her bonus Movement Speed.","image":{"full":"Janna_Tailwind.png","sprite":"passive1.png","group":"passive","x":96,"y":48,"w":48,"h":48}},"recommended":[{"champion":"Janna","title":"Beginner","type":"riot","map":"SR","mode":"INTRO","priority":false,"blocks":[{"type":"beginner_Starter","maxSummonerLevel":4,"items":[{"id":"1056","count":1}]},{"type":"beginner_Starter","minSummonerLevel":5,"items":[{"id":"1056","count":1},{"id":"2003","count":1}]},{"type":"beginner_Advanced","recMath":true,"items":[{"id":"1028","count":1},{"id":"1027","count":1},{"id":"3010","count":1}]},{"type":"beginner_MovementSpeed","recMath":true,"items":[{"id":"1001","count":1},{"id":"3020","count":1}]},{"type":"beginner_LegendaryItem","recMath":true,"items":[{"id":"3010","count":1},{"id":"1026","count":1},{"id":"3027","count":1}]},{"type":"beginner_MoreLegendaryItems","items":[{"id":"3174","count":1},{"id":"3116","count":1},{"id":"3089","count":1},{"id":"3151","count":1}]}]},{"champion":"Janna","title":"JannaARAM","map":"HA","mode":"ARAM","type":"riot","customTag":"","sortrank":0,"extensionPage":false,"customPanel":null,"blocks":[{"type":"starting","recMath":false,"recSteps":false,"minSummonerLevel":-1,"maxSummonerLevel":-1,"showIfSummonerSpell":"","hideIfSummonerSpell":"","appendAfterSection":"","visibleWithAllOf":[""],"hiddenWithAnyOf":[""],"items":[{"id":"3073","count":1,"hideCount":false},{"id":"1001","count":1,"hideCount":false},{"id":"2003","count":5,"hideCount":false}]},{"type":"essential","recMath":false,"recSteps":false,"minSummonerLevel":-1,"maxSummonerLevel":-1,"showIfSummonerSpell":"","hideIfSummonerSpell":"","appendAfterSection":"","visibleWithAllOf":[""],"hiddenWithAnyOf":[""],"items":[{"id":"3007","count":1,"hideCount":false},{"id":"3174","count":1,"hideCount":false},{"id":"3158","count":1,"hideCount":false}]},{"type":"offensive","recMath":false,"recSteps":false,"minSummonerLevel":-1,"maxSummonerLevel":-1,"showIfSummonerSpell":"","hideIfSummonerSpell":"","appendAfterSection":"","visibleWithAllOf":[""],"hiddenWithAnyOf":[""],"items":[{"id":"3089","count":1,"hideCount":false},{"id":"3504","count":1,"hideCount":false},{"id":"3102","count":1,"hideCount":false}]},{"type":"defensive","recMath":false,"recSteps":false,"minSummonerLevel":-1,"maxSummonerLevel":-1,"showIfSummonerSpell":"","hideIfSummonerSpell":"","appendAfterSection":"","visibleWithAllOf":[""],"hiddenWithAnyOf":[""],"items":[{"id":"3107","count":1,"hideCount":false},{"id":"3222","count":1,"hideCount":false},{"id":"3157","count":1,"hideCount":false}]},{"type":"offmeta","recMath":false,"recSteps":false,"minSummonerLevel":-1,"maxSummonerLevel":-1,"showIfSummonerSpell":"","hideIfSummonerSpell":"","appendAfterSection":"","visibleWithAllOf":[""],"hiddenWithAnyOf":[""],"items":[{"id":"3124","count":1,"hideCount":false},{"id":"3115","count":1,"hideCount":false},{"id":"3091","count":1,"hideCount":false}]},{"type":"consumables","recMath":false,"recSteps":false,"minSummonerLevel":-1,"maxSummonerLevel":-1,"showIfSummonerSpell":"","hideIfSummonerSpell":"","appendAfterSection":"","visibleWithAllOf":[""],"hiddenWithAnyOf":[""],"items":[{"id":"2003","count":1,"hideCount":false},{"id":"2031","count":1,"hideCount":false},{"id":"2139","count":1,"hideCount":false}]}]},{"champion":"Janna","title":"JannaFIRSTBLOOD","map":"HA","mode":"FIRSTBLOOD","type":"riot","customTag":"","extensionPage":false,"customPanel":null,"blocks":[{"type":"starting","recMath":false,"recSteps":false,"minSummonerLevel":-1,"maxSummonerLevel":-1,"showIfSummonerSpell":"","hideIfSummonerSpell":"","items":[{"id":"3303","count":1,"hideCount":false},{"id":"2003","count":3,"hideCount":false},{"id":"3340","count":1,"hideCount":false}]},{"type":"early","recMath":false,"recSteps":false,"minSummonerLevel":-1,"maxSummonerLevel":-1,"showIfSummonerSpell":"","hideIfSummonerSpell":"","items":[{"id":"2049","count":1,"hideCount":false},{"id":"3098","count":1,"hideCount":false},{"id":"1001","count":1,"hideCount":false}]},{"type":"essential","recMath":false,"recSteps":false,"minSummonerLevel":-1,"maxSummonerLevel":-1,"showIfSummonerSpell":"","hideIfSummonerSpell":"","items":[{"id":"3117","count":1,"hideCount":false},{"id":"3092","count":1,"hideCount":false},{"id":"3190","count":1,"hideCount":false}]},{"type":"aggressive","recMath":false,"recSteps":false,"minSummonerLevel":-1,"maxSummonerLevel":-1,"showIfSummonerSpell":"","hideIfSummonerSpell":"","items":[{"id":"3504","count":1,"hideCount":false},{"id":"3050","count":1,"hideCount":false},{"id":"3041","count":1,"hideCount":false}]},{"type":"protective","recMath":false,"recSteps":false,"minSummonerLevel":-1,"maxSummonerLevel":-1,"showIfSummonerSpell":"","hideIfSummonerSpell":"","items":[{"id":"3222","count":1,"hideCount":false},{"id":"3110","count":1,"hideCount":false}]},{"type":"consumables","recMath":false,"recSteps":false,"minSummonerLevel":-1,"maxSummonerLevel":-1,"showIfSummonerSpell":"","hideIfSummonerSpell":"","items":[{"id":"2003","count":1,"hideCount":true},{"id":"2031","count":1,"hideCount":true},{"id":"2043","count":1,"hideCount":true},{"id":"2139","count":1,"hideCount":true}]}]},{"champion":"Janna","title":"JannaARAM","map":"HA","mode":"KINGPORO","type":"riot","customTag":"","sortrank":0,"extensionPage":false,"customPanel":null,"blocks":[{"type":"KingPoroSnax","recMath":false,"recSteps":false,"minSummonerLevel":-1,"maxSummonerLevel":-1,"showIfSummonerSpell":"","hideIfSummonerSpell":"","items":[{"id":"3680","count":1,"hideCount":false},{"id":"3681","count":1,"hideCount":false},{"id":"3682","count":1,"hideCount":false},{"id":"3683","count":1,"hideCount":false},{"id":"3684","count":1,"hideCount":false},{"id":"3685","count":1,"hideCount":false}]},{"type":"starting","recMath":false,"recSteps":false,"minSummonerLevel":-1,"maxSummonerLevel":-1,"showIfSummonerSpell":"","hideIfSummonerSpell":"","appendAfterSection":"","visibleWithAllOf":[""],"hiddenWithAnyOf":[""],"items":[{"id":"3073","count":1,"hideCount":false},{"id":"1001","count":1,"hideCount":false},{"id":"2003","count":5,"hideCount":false}]},{"type":"essential","recMath":false,"recSteps":false,"minSummonerLevel":-1,"maxSummonerLevel":-1,"showIfSummonerSpell":"","hideIfSummonerSpell":"","appendAfterSection":"","visibleWithAllOf":[""],"hiddenWithAnyOf":[""],"items":[{"id":"3007","count":1,"hideCount":false},{"id":"3174","count":1,"hideCount":false},{"id":"3158","count":1,"hideCount":false}]},{"type":"offensive","recMath":false,"recSteps":false,"minSummonerLevel":-1,"maxSummonerLevel":-1,"showIfSummonerSpell":"","hideIfSummonerSpell":"","appendAfterSection":"","visibleWithAllOf":[""],"hiddenWithAnyOf":[""],"items":[{"id":"3089","count":1,"hideCount":false},{"id":"3504","count":1,"hideCount":false},{"id":"3102","count":1,"hideCount":false}]},{"type":"defensive","recMath":false,"recSteps":false,"minSummonerLevel":-1,"maxSummonerLevel":-1,"showIfSummonerSpell":"","hideIfSummonerSpell":"","appendAfterSection":"","visibleWithAllOf":[""],"hiddenWithAnyOf":[""],"items":[{"id":"3107","count":1,"hideCount":false},{"id":"3222","count":1,"hideCount":false},{"id":"3157","count":1,"hideCount":false}]},{"type":"offmeta","recMath":false,"recSteps":false,"minSummonerLevel":-1,"maxSummonerLevel":-1,"showIfSummonerSpell":"","hideIfSummonerSpell":"","appendAfterSection":"","visibleWithAllOf":[""],"hiddenWithAnyOf":[""],"items":[{"id":"3124","count":1,"hideCount":false},{"id":"3115","count":1,"hideCount":false},{"id":"3091","count":1,"hideCount":false}]},{"type":"consumables","recMath":false,"recSteps":false,"minSummonerLevel":-1,"maxSummonerLevel":-1,"showIfSummonerSpell":"","hideIfSummonerSpell":"","appendAfterSection":"","visibleWithAllOf":[""],"hiddenWithAnyOf":[""],"items":[{"id":"2003","count":1,"hideCount":false},{"id":"2031","count":1,"hideCount":false},{"id":"2139","count":1,"hideCount":false}]}]},{"champion":"Janna","title":"JannaNB","map":"NB","mode":"NEXUSBLITZ","type":"riot","customTag":"","sortrank":0,"extensionPage":false,"useObviousCheckmark":false,"customPanel":null,"blocks":[{"type":"starting","recMath":false,"recSteps":false,"minSummonerLevel":-1,"maxSummonerLevel":-1,"showIfSummonerSpell":"","hideIfSummonerSpell":"SummonerSmite","appendAfterSection":"","visibleWithAllOf":[""],"hiddenWithAnyOf":[""],"items":[{"id":"4204","count":1,"hideCount":false},{"id":"2003","count":2,"hideCount":false},{"id":"3340","count":1,"hideCount":false}]},{"type":"startingjungle","recMath":false,"recSteps":false,"minSummonerLevel":-1,"maxSummonerLevel":-1,"showIfSummonerSpell":"SummonerSmite","hideIfSummonerSpell":"","appendAfterSection":"","visibleWithAllOf":[""],"hiddenWithAnyOf":[""],"items":[{"id":"4101","count":1,"hideCount":false},{"id":"2003","count":1,"hideCount":false},{"id":"3340","count":1,"hideCount":false}]},{"type":"early","recMath":false,"recSteps":false,"minSummonerLevel":-1,"maxSummonerLevel":-1,"showIfSummonerSpell":"","hideIfSummonerSpell":"SummonerSmite","appendAfterSection":"","visibleWithAllOf":[""],"hiddenWithAnyOf":[""],"items":[{"id":"3114","count":1,"hideCount":false},{"id":"1001","count":1,"hideCount":false}]},{"type":"earlyjungle","recMath":false,"recSteps":false,"minSummonerLevel":-1,"maxSummonerLevel":-1,"showIfSummonerSpell":"SummonerSmite","hideIfSummonerSpell":"","appendAfterSection":"","visibleWithAllOf":[""],"hiddenWithAnyOf":[""],"items":[{"id":"3108","count":1,"hideCount":false},{"id":"1001","count":1,"hideCount":false},{"id":"1027","count":1,"hideCount":false}]},{"type":"essential","recMath":false,"recSteps":false,"minSummonerLevel":-1,"maxSummonerLevel":-1,"showIfSummonerSpell":"","hideIfSummonerSpell":"SummonerSmite","appendAfterSection":"","visibleWithAllOf":[""],"hiddenWithAnyOf":[""],"items":[{"id":"3009","count":1,"hideCount":false},{"id":"3107","count":1,"hideCount":false},{"id":"3504","count":1,"hideCount":false}]},{"type":"essentialjungle","recMath":false,"recSteps":false,"minSummonerLevel":-1,"maxSummonerLevel":-1,"showIfSummonerSpell":"SummonerSmite","hideIfSummonerSpell":"","appendAfterSection":"","visibleWithAllOf":[""],"hiddenWithAnyOf":[""],"items":[{"id":"4104","count":1,"hideCount":false},{"id":"3009","count":1,"hideCount":false},{"id":"3504","count":1,"hideCount":false}]},{"type":"aggressive","recMath":false,"recSteps":false,"minSummonerLevel":-1,"maxSummonerLevel":-1,"showIfSummonerSpell":"","hideIfSummonerSpell":"","appendAfterSection":"","visibleWithAllOf":[""],"hiddenWithAnyOf":[""],"items":[{"id":"3174","count":1,"hideCount":false},{"id":"3905","count":1,"hideCount":false},{"id":"3089","count":1,"hideCount":false}]},{"type":"protective","recMath":false,"recSteps":false,"minSummonerLevel":-1,"maxSummonerLevel":-1,"showIfSummonerSpell":"","hideIfSummonerSpell":"","appendAfterSection":"","visibleWithAllOf":[""],"hiddenWithAnyOf":[""],"items":[{"id":"2065","count":1,"hideCount":false},{"id":"3222","count":1,"hideCount":false},{"id":"3102","count":1,"hideCount":false}]},{"type":"consumables","recMath":false,"recSteps":false,"minSummonerLevel":-1,"maxSummonerLevel":-1,"showIfSummonerSpell":"","hideIfSummonerSpell":"","appendAfterSection":"","visibleWithAllOf":[""],"hiddenWithAnyOf":[""],"items":[{"id":"2003","count":1,"hideCount":true},{"id":"2139","count":1,"hideCount":true}]}]},{"champion":"Janna","title":"JannaSR","map":"SR","mode":"CLASSIC","type":"riot","customTag":"","sortrank":0,"extensionPage":false,"useObviousCheckmark":false,"customPanel":null,"blocks":[{"type":"starting","recMath":false,"recSteps":false,"minSummonerLevel":-1,"maxSummonerLevel":-1,"showIfSummonerSpell":"","hideIfSummonerSpell":"","appendAfterSection":"","visibleWithAllOf":[""],"hiddenWithAnyOf":[""],"items":[{"id":"3850","count":1,"hideCount":false},{"id":"2003","count":2,"hideCount":false},{"id":"3340","count":1,"hideCount":false}]},{"type":"early","recMath":false,"recSteps":false,"minSummonerLevel":-1,"maxSummonerLevel":-1,"showIfSummonerSpell":"","hideIfSummonerSpell":"","appendAfterSection":"","visibleWithAllOf":[""],"hiddenWithAnyOf":[""],"items":[{"id":"1001","count":1,"hideCount":false},{"id":"3114","count":1,"hideCount":false},{"id":"3028","count":1,"hideCount":false}]},{"type":"essential","recMath":false,"recSteps":false,"minSummonerLevel":-1,"maxSummonerLevel":-1,"showIfSummonerSpell":"","hideIfSummonerSpell":"","appendAfterSection":"","visibleWithAllOf":[""],"hiddenWithAnyOf":[""],"items":[{"id":"3117","count":1,"hideCount":false},{"id":"3174","count":1,"hideCount":false},{"id":"3504","count":1,"hideCount":false}]},{"type":"aggressive","recMath":false,"recSteps":false,"minSummonerLevel":-1,"maxSummonerLevel":-1,"showIfSummonerSpell":"","hideIfSummonerSpell":"","appendAfterSection":"","visibleWithAllOf":[""],"hiddenWithAnyOf":[""],"items":[{"id":"3107","count":1,"hideCount":false},{"id":"3905","count":1,"hideCount":false},{"id":"2065","count":1,"hideCount":false}]},{"type":"protective","recMath":false,"recSteps":false,"minSummonerLevel":-1,"maxSummonerLevel":-1,"showIfSummonerSpell":"","hideIfSummonerSpell":"","appendAfterSection":"","visibleWithAllOf":[""],"hiddenWithAnyOf":[""],"items":[{"id":"3222","count":1,"hideCount":false},{"id":"3110","count":1,"hideCount":false},{"id":"3102","count":1,"hideCount":false}]},{"type":"consumables","recMath":false,"recSteps":false,"minSummonerLevel":-1,"maxSummonerLevel":-1,"showIfSummonerSpell":"","hideIfSummonerSpell":"","appendAfterSection":"","visibleWithAllOf":[""],"hiddenWithAnyOf":[""],"items":[{"id":"2003","count":1,"hideCount":true},{"id":"2139","count":1,"hideCount":true}]}]}]}}}