{"type":"champion","format":"standAloneComplex","version":"10.15.1","data":{"Jayce":{"id":"Jayce","key":"126","name":"Jayce","title":"the Defender of Tomorrow","image":{"full":"Jayce.png","sprite":"champion1.png","group":"champion","x":240,"y":48,"w":48,"h":48},"skins":[{"id":"126000","num":0,"name":"default","chromas":false},{"id":"126001","num":1,"name":"Full Metal Jayce","chromas":false},{"id":"126002","num":2,"name":"Debonair Jayce","chromas":false},{"id":"126003","num":3,"name":"Forsaken Jayce","chromas":false},{"id":"126004","num":4,"name":"Jayce Brighthammer","chromas":false},{"id":"126005","num":5,"name":"Battle Academia Jayce","chromas":true}],"lore":"Jayce is a brilliant inventor who has pledged his life to the defense of Piltover and its unyielding pursuit of progress. With his transforming hextech hammer in hand, Jayce uses his strength, courage, and considerable intelligence to protect his hometown. While revered throughout the city as a hero, he hasn't taken well to the attention heroism brings. Still, Jayce's heart is in the right place, and even those who envy his natural skills are grateful for his protection in the City of Progress.","blurb":"Jayce is a brilliant inventor who has pledged his life to the defense of Piltover and its unyielding pursuit of progress. With his transforming hextech hammer in hand, Jayce uses his strength, courage, and considerable intelligence to protect his...","allytips":["Be sure to switch stances often. It will enhance your attacks and grant you quick bursts of speed.","If you find yourself taking lots of damage, try using Jayce's Hammer Stance, as it grants you additional defenses.","For increased range and damage, try casting Shock Blast through the Acceleration Gate."],"enemytips":["Jayce can attack in melee or at range. Pay attention to his stance and weapon color to know how he is going to attack.","If you see Jayce drop his Acceleration Gate, be careful, he is probably about to cast Shock Blast.","Jayce is strong in the early game. If he gains the advantage, play defensively."],"tags":["Fighter","Marksman"],"partype":"Mana","info":{"attack":8,"defense":4,"magic":3,"difficulty":7},"stats":{"hp":560,"hpperlevel":90,"mp":375,"mpperlevel":45,"movespeed":335,"armor":27,"armorperlevel":3.5,"spellblock":30,"spellblockperlevel":0.5,"attackrange":125,"hpregen":6,"hpregenperlevel":0.6,"mpregen":6,"mpregenperlevel":0.8,"crit":0,"critperlevel":0,"attackdamage":54,"attackdamageperlevel":4.25,"attackspeedperlevel":3,"attackspeed":0.658},"spells":[{"id":"JayceToTheSkies","name":"To the Skies! / Shock Blast","description":"Hammer Stance: Leaps to an enemy dealing physical damage and slowing enemies.<br><br>Cannon Stance: Fires an orb of electricity that detonates upon hitting an enemy (or reaching the end of its path) dealing physical damage to all enemies hit.","tooltip":"Leaps to an enemy dealing <physicalDamage>{{ damage }} physical damage</physicalDamage> to nearby enemies and slowing them by {{ slow*-100 }}% for {{ slowduration }} seconds.","leveltip":{"label":["Damage","Cooldown","Slow"],"effect":["{{ basedamage }} -> {{ basedamageNL }}","{{ cooldown }} -> {{ cooldownNL }}","{{ slow*-100.000000 }}% -> {{ slownl*-100.000000 }}%"]},"maxrank":6,"cooldown":[16,14,12,10,8,6],"cooldownBurn":"16/14/12/10/8/6","cost":[40,40,40,40,40,40],"costBurn":"40","datavalues":{},"effect":[null,[0,0,0,0,0,0],[0,0,0,0,0,0],[0,0,0,0,0,0],[0,0,0,0,0,0],[0,0,0,0,0,0],[0,0,0,0,0,0],[0,0,0,0,0,0],[0,0,0,0,0,0],[0,0,0,0,0,0],[0,0,0,0,0,0]],"effectBurn":[null,"0","0","0","0","0","0","0","0","0","0"],"vars":[],"costType":" {{ abilityresourcename }}","maxammo":"-1","range":[600,600,600,600,600,600],"rangeBurn":"600","image":{"full":"JayceToTheSkies.png","sprite":"spell4.png","group":"spell","x":192,"y":144,"w":48,"h":48},"resource":"{{ cost }} {{ abilityresourcename }}"},{"id":"JayceStaticField","name":"Lightning Field / Hyper Charge","description":"Hammer Stance: Passive: Restores Mana per strike. Active: Creates a field of lightning damaging nearby enemies for several seconds.<br><br>Cannon Stance: Gains a burst of energy, increasing Attack Speed to maximum for several attacks.","tooltip":"<spellPassive>Passive:</spellPassive> Gains {{ managain }} Mana per strike while in Hammer Stance.<br /><br /><spellPassive>Active:</spellPassive> Creates an electric aura dealing <magicDamage>{{ damage }} magic damage</magicDamage> over {{ duration }} seconds to nearby enemies.","leveltip":{"label":["Damage","Mana Restore"],"effect":["{{ basedamage }} -> {{ basedamageNL }}","{{ managain }} -> {{ managainNL }}"]},"maxrank":6,"cooldown":[10,10,10,10,10,10],"cooldownBurn":"10","cost":[40,40,40,40,40,40],"costBurn":"40","datavalues":{},"effect":[null,[0,0,0,0,0,0],[0,0,0,0,0,0],[0,0,0,0,0,0],[0,0,0,0,0,0],[0,0,0,0,0,0],[0,0,0,0,0,0],[0,0,0,0,0,0],[0,0,0,0,0,0],[0,0,0,0,0,0],[0,0,0,0,0,0]],"effectBurn":[null,"0","0","0","0","0","0","0","0","0","0"],"vars":[],"costType":" {{ abilityresourcename }}","maxammo":"-1","range":[285,285,285,285,285,285],"rangeBurn":"285","image":{"full":"JayceStaticField.png","sprite":"spell4.png","group":"spell","x":240,"y":144,"w":48,"h":48},"resource":"{{ cost }} {{ abilityresourcename }}"},{"id":"JayceThunderingBlow","name":"Thundering Blow / Acceleration Gate","description":"Hammer Stance: Deals magic damage to an enemy and knocks them back a short distance.<br><br>Cannon Stance: Deploys an Acceleration Gate increasing the Movement Speed of all allied champions who pass through it. If Shock Blast is fired through the gate the missile speed, range, and damage will increase.","tooltip":"Deals {{ perchpdamage*100 }}% of the target's maximum health <scaleAD>(+{{ flatdamage }})</scaleAD> as magic damage and knocks them back a short distance. ({{ monstercap }} Maximum Damage against monsters)","leveltip":{"label":["Max Health %","Cooldown","Monster Damage Cap"],"effect":["{{ perchpdamage*100.000000 }}% -> {{ perchpdamagenl*100.000000 }}%","{{ cooldown }} -> {{ cooldownNL }}","{{ monstercap }} -> {{ monstercapNL }}"]},"maxrank":6,"cooldown":[20,18,16,14,12,10],"cooldownBurn":"20/18/16/14/12/10","cost":[55,55,55,55,55,55],"costBurn":"55","datavalues":{},"effect":[null,[0,0,0,0,0,0],[0,0,0,0,0,0],[0,0,0,0,0,0],[0,0,0,0,0,0],[0,0,0,0,0,0],[0,0,0,0,0,0],[0,0,0,0,0,0],[0,0,0,0,0,0],[0,0,0,0,0,0],[0,0,0,0,0,0]],"effectBurn":[null,"0","0","0","0","0","0","0","0","0","0"],"vars":[],"costType":" {{ abilityresourcename }}","maxammo":"-1","range":[240,240,240,240,240,240],"rangeBurn":"240","image":{"full":"JayceThunderingBlow.png","sprite":"spell4.png","group":"spell","x":288,"y":144,"w":48,"h":48},"resource":"{{ cost }} {{ abilityresourcename }}"},{"id":"JayceStanceHtG","name":"Mercury Cannon / Mercury Hammer","description":"Hammer Stance: Transforms the Mercury Hammer into the Mercury Cannon gaining new abilities and increased range. The first attack in this form reduces the target's Armor and Magic Resist.<br><br>Cannon Stance: Transforms the Mercury Cannon into the Mercury Hammer gaining new abilities and increasing Armor and Magic Resist. The first attack in this form deals additional magic damage.","tooltip":"<scaleAD>Active: </scaleAD>Transforms the Mercury Hammer into the Mercury Cannon gaining new abilities and ranged attacks.<br /><br />The next attack in Cannon Stance reduces the target's Armor and Magic Resist by {{ rangedformshred }} for {{ shredduration }} seconds.","maxrank":1,"cooldown":[6],"cooldownBurn":"6","cost":[0],"costBurn":"0","datavalues":{},"effect":[null,[0],[0],[0],[0],[0],[0],[0],[0],[0],[0]],"effectBurn":[null,"0","0","0","0","0","0","0","0","0","0"],"vars":[],"costType":"No Cost","maxammo":"-1","range":[600],"rangeBurn":"600","image":{"full":"JayceStanceHtG.png","sprite":"spell4.png","group":"spell","x":336,"y":144,"w":48,"h":48},"resource":"No Cost"}],"passive":{"name":"Hextech Capacitor","description":"After casting Transform Jayce gains 40 Movement Speed and can move through units for the next 1.25 seconds.","image":{"full":"Jayce_Passive.png","sprite":"passive1.png","group":"passive","x":240,"y":48,"w":48,"h":48}},"recommended":[{"champion":"Jayce","title":"Beginner","map":"SR","mode":"INTRO","type":"riot","customTag":"","extensionPage":false,"customPanel":null,"blocks":[{"type":"beginner_starter","recMath":false,"recSteps":false,"minSummonerLevel":-1,"maxSummonerLevel":4,"showIfSummonerSpell":"","hideIfSummonerSpell":"","items":[{"id":"1055","count":1,"hideCount":false},{"id":"2003","count":1,"hideCount":false},{"id":"3340","count":1,"hideCount":false}]},{"type":"beginner_starter","recMath":false,"recSteps":false,"minSummonerLevel":5,"maxSummonerLevel":-1,"showIfSummonerSpell":"","hideIfSummonerSpell":"","items":[{"id":"1055","count":1,"hideCount":false},{"id":"2003","count":1,"hideCount":false},{"id":"3340","count":1,"hideCount":false}]},{"type":"beginner_advanced","recMath":true,"recSteps":false,"minSummonerLevel":-1,"maxSummonerLevel":-1,"showIfSummonerSpell":"","hideIfSummonerSpell":"","items":[{"id":"1028","count":1,"hideCount":false},{"id":"1036","count":1,"hideCount":false},{"id":"3044","count":1,"hideCount":false}]},{"type":"beginner_movementspeed","recMath":true,"recSteps":false,"minSummonerLevel":-1,"maxSummonerLevel":-1,"showIfSummonerSpell":"","hideIfSummonerSpell":"","items":[{"id":"1001","count":1,"hideCount":false},{"id":"3158","count":1,"hideCount":false}]},{"type":"beginner_legendaryitem","recMath":true,"recSteps":false,"minSummonerLevel":-1,"maxSummonerLevel":-1,"showIfSummonerSpell":"","hideIfSummonerSpell":"","items":[{"id":"3057","count":1,"hideCount":false},{"id":"3086","count":1,"hideCount":false},{"id":"3078","count":1,"hideCount":false}]},{"type":"beginner_morelegendaryitems","recMath":false,"recSteps":false,"minSummonerLevel":-1,"maxSummonerLevel":-1,"showIfSummonerSpell":"","hideIfSummonerSpell":"","items":[{"id":"3072","count":1,"hideCount":false},{"id":"3508","count":1,"hideCount":false},{"id":"3031","count":1,"hideCount":false}]}]},{"champion":"Jayce","title":"JayceARAM","map":"HA","mode":"ARAM","type":"riot","customTag":"","sortrank":0,"extensionPage":false,"customPanel":null,"blocks":[{"type":"starting","recMath":false,"recSteps":false,"minSummonerLevel":-1,"maxSummonerLevel":-1,"showIfSummonerSpell":"","hideIfSummonerSpell":"","appendAfterSection":"","visibleWithAllOf":[""],"hiddenWithAnyOf":[""],"items":[{"id":"3073","count":1,"hideCount":false},{"id":"1001","count":1,"hideCount":false},{"id":"2003","count":5,"hideCount":false}]},{"type":"essential","recMath":false,"recSteps":false,"minSummonerLevel":-1,"maxSummonerLevel":-1,"showIfSummonerSpell":"","hideIfSummonerSpell":"","appendAfterSection":"","visibleWithAllOf":[""],"hiddenWithAnyOf":[""],"items":[{"id":"3008","count":1,"hideCount":false},{"id":"3158","count":1,"hideCount":false},{"id":"3147","count":1,"hideCount":false}]},{"type":"offensive","recMath":false,"recSteps":false,"minSummonerLevel":-1,"maxSummonerLevel":-1,"showIfSummonerSpell":"","hideIfSummonerSpell":"","appendAfterSection":"","visibleWithAllOf":[""],"hiddenWithAnyOf":[""],"items":[{"id":"3812","count":1,"hideCount":false},{"id":"3142","count":1,"hideCount":false},{"id":"3814","count":1,"hideCount":false}]},{"type":"defensive","recMath":false,"recSteps":false,"minSummonerLevel":-1,"maxSummonerLevel":-1,"showIfSummonerSpell":"","hideIfSummonerSpell":"","appendAfterSection":"","visibleWithAllOf":[""],"hiddenWithAnyOf":[""],"items":[{"id":"3071","count":1,"hideCount":false},{"id":"3156","count":1,"hideCount":false},{"id":"3742","count":1,"hideCount":false}]},{"type":"consumables","recMath":false,"recSteps":false,"minSummonerLevel":-1,"maxSummonerLevel":-1,"showIfSummonerSpell":"","hideIfSummonerSpell":"","appendAfterSection":"","visibleWithAllOf":[""],"hiddenWithAnyOf":[""],"items":[{"id":"2003","count":1,"hideCount":true},{"id":"2140","count":1,"hideCount":true}]}]},{"champion":"Jayce","title":"JayceFIRSTBLOOD","map":"HA","mode":"FIRSTBLOOD","type":"riot","customTag":"","extensionPage":false,"customPanel":null,"blocks":[{"type":"starting","recMath":false,"recSteps":false,"minSummonerLevel":-1,"maxSummonerLevel":-1,"showIfSummonerSpell":"","hideIfSummonerSpell":"","items":[{"id":"1055","count":1,"hideCount":false},{"id":"2003","count":1,"hideCount":false},{"id":"3340","count":1,"hideCount":false}]},{"type":"essential","recMath":false,"recSteps":false,"minSummonerLevel":-1,"maxSummonerLevel":-1,"showIfSummonerSpell":"","hideIfSummonerSpell":"","items":[{"id":"3158","count":1,"hideCount":false},{"id":"3004","count":1,"hideCount":false},{"id":"1038","count":1,"hideCount":false}]},{"type":"offensive","recMath":false,"recSteps":false,"minSummonerLevel":-1,"maxSummonerLevel":-1,"showIfSummonerSpell":"","hideIfSummonerSpell":"","items":[{"id":"3035","count":1,"hideCount":false},{"id":"3071","count":1,"hideCount":false},{"id":"3508","count":1,"hideCount":false}]},{"type":"defensive","recMath":false,"recSteps":false,"minSummonerLevel":-1,"maxSummonerLevel":-1,"showIfSummonerSpell":"","hideIfSummonerSpell":"","items":[{"id":"3026","count":1,"hideCount":false},{"id":"3102","count":1,"hideCount":false},{"id":"3155","count":1,"hideCount":false}]},{"type":"consumables","recMath":false,"recSteps":false,"minSummonerLevel":-1,"maxSummonerLevel":-1,"showIfSummonerSpell":"","hideIfSummonerSpell":"","items":[{"id":"2003","count":1,"hideCount":false},{"id":"2043","count":1,"hideCount":false},{"id":"2140","count":1,"hideCount":false}]}]},{"champion":"Jayce","title":"JayceARAM","map":"HA","mode":"KINGPORO","type":"riot","customTag":"","sortrank":0,"extensionPage":false,"customPanel":null,"blocks":[{"type":"KingPoroSnax","recMath":false,"recSteps":false,"minSummonerLevel":-1,"maxSummonerLevel":-1,"showIfSummonerSpell":"","hideIfSummonerSpell":"","items":[{"id":"3680","count":1,"hideCount":false},{"id":"3681","count":1,"hideCount":false},{"id":"3682","count":1,"hideCount":false},{"id":"3683","count":1,"hideCount":false},{"id":"3684","count":1,"hideCount":false},{"id":"3685","count":1,"hideCount":false}]},{"type":"starting","recMath":false,"recSteps":false,"minSummonerLevel":-1,"maxSummonerLevel":-1,"showIfSummonerSpell":"","hideIfSummonerSpell":"","appendAfterSection":"","visibleWithAllOf":[""],"hiddenWithAnyOf":[""],"items":[{"id":"3073","count":1,"hideCount":false},{"id":"1001","count":1,"hideCount":false},{"id":"2003","count":5,"hideCount":false}]},{"type":"essential","recMath":false,"recSteps":false,"minSummonerLevel":-1,"maxSummonerLevel":-1,"showIfSummonerSpell":"","hideIfSummonerSpell":"","appendAfterSection":"","visibleWithAllOf":[""],"hiddenWithAnyOf":[""],"items":[{"id":"3008","count":1,"hideCount":false},{"id":"3158","count":1,"hideCount":false},{"id":"3147","count":1,"hideCount":false}]},{"type":"offensive","recMath":false,"recSteps":false,"minSummonerLevel":-1,"maxSummonerLevel":-1,"showIfSummonerSpell":"","hideIfSummonerSpell":"","appendAfterSection":"","visibleWithAllOf":[""],"hiddenWithAnyOf":[""],"items":[{"id":"3812","count":1,"hideCount":false},{"id":"3142","count":1,"hideCount":false},{"id":"3814","count":1,"hideCount":false}]},{"type":"defensive","recMath":false,"recSteps":false,"minSummonerLevel":-1,"maxSummonerLevel":-1,"showIfSummonerSpell":"","hideIfSummonerSpell":"","appendAfterSection":"","visibleWithAllOf":[""],"hiddenWithAnyOf":[""],"items":[{"id":"3071","count":1,"hideCount":false},{"id":"3156","count":1,"hideCount":false},{"id":"3742","count":1,"hideCount":false}]},{"type":"consumables","recMath":false,"recSteps":false,"minSummonerLevel":-1,"maxSummonerLevel":-1,"showIfSummonerSpell":"","hideIfSummonerSpell":"","appendAfterSection":"","visibleWithAllOf":[""],"hiddenWithAnyOf":[""],"items":[{"id":"2003","count":1,"hideCount":true},{"id":"2140","count":1,"hideCount":true}]}]},{"champion":"Jayce","title":"JayceSL","map":"NB","mode":"NEXUSBLITZ","type":"riot","customTag":"","sortrank":0,"extensionPage":false,"useObviousCheckmark":false,"customPanel":null,"blocks":[{"type":"starting","recMath":false,"recSteps":false,"minSummonerLevel":-1,"maxSummonerLevel":-1,"showIfSummonerSpell":"","hideIfSummonerSpell":"SummonerSmite","appendAfterSection":"","visibleWithAllOf":[""],"hiddenWithAnyOf":[""],"items":[{"id":"4202","count":1,"hideCount":false},{"id":"2003","count":1,"hideCount":false},{"id":"3340","count":1,"hideCount":false}]},{"type":"startingjungle","recMath":false,"recSteps":false,"minSummonerLevel":-1,"maxSummonerLevel":-1,"showIfSummonerSpell":"SummonerSmite","hideIfSummonerSpell":"","appendAfterSection":"","visibleWithAllOf":[""],"hiddenWithAnyOf":[""],"items":[{"id":"4101","count":1,"hideCount":false},{"id":"2003","count":1,"hideCount":false},{"id":"3340","count":1,"hideCount":false}]},{"type":"early","recMath":false,"recSteps":false,"minSummonerLevel":-1,"maxSummonerLevel":-1,"showIfSummonerSpell":"","hideIfSummonerSpell":"SummonerSmite","appendAfterSection":"","visibleWithAllOf":[""],"hiddenWithAnyOf":[""],"items":[{"id":"1001","count":1,"hideCount":false},{"id":"3133","count":1,"hideCount":false},{"id":"3134","count":1,"hideCount":false}]},{"type":"earlyjungle","recMath":false,"recSteps":false,"minSummonerLevel":-1,"maxSummonerLevel":-1,"showIfSummonerSpell":"SummonerSmite","hideIfSummonerSpell":"","appendAfterSection":"","visibleWithAllOf":[""],"hiddenWithAnyOf":[""],"items":[{"id":"3133","count":1,"hideCount":false},{"id":"1001","count":1,"hideCount":false}]},{"type":"essential","recMath":false,"recSteps":false,"minSummonerLevel":-1,"maxSummonerLevel":-1,"showIfSummonerSpell":"","hideIfSummonerSpell":"SummonerSmite","appendAfterSection":"","visibleWithAllOf":[""],"hiddenWithAnyOf":[""],"items":[{"id":"3158","count":1,"hideCount":false},{"id":"3142","count":1,"hideCount":false},{"id":"3071","count":1,"hideCount":false}]},{"type":"essentialjungle","recMath":false,"recSteps":false,"minSummonerLevel":-1,"maxSummonerLevel":-1,"showIfSummonerSpell":"SummonerSmite","hideIfSummonerSpell":"","appendAfterSection":"","visibleWithAllOf":[""],"hiddenWithAnyOf":[""],"items":[{"id":"4102","count":1,"hideCount":false},{"id":"3142","count":1,"hideCount":false},{"id":"3071","count":1,"hideCount":false}]},{"type":"offensive","recMath":false,"recSteps":false,"minSummonerLevel":-1,"maxSummonerLevel":-1,"showIfSummonerSpell":"","hideIfSummonerSpell":"","appendAfterSection":"","visibleWithAllOf":[""],"hiddenWithAnyOf":[""],"items":[{"id":"3072","count":1,"hideCount":false},{"id":"3036","count":1,"hideCount":false},{"id":"3033","count":1,"hideCount":false}]},{"type":"defensive","recMath":false,"recSteps":false,"minSummonerLevel":-1,"maxSummonerLevel":-1,"showIfSummonerSpell":"","hideIfSummonerSpell":"","appendAfterSection":"","visibleWithAllOf":[""],"hiddenWithAnyOf":[""],"items":[{"id":"3156","count":1,"hideCount":false},{"id":"3814","count":1,"hideCount":false}]},{"type":"consumables","recMath":false,"recSteps":false,"minSummonerLevel":-1,"maxSummonerLevel":-1,"showIfSummonerSpell":"","hideIfSummonerSpell":"","appendAfterSection":"","visibleWithAllOf":[""],"hiddenWithAnyOf":[""],"items":[{"id":"2003","count":1,"hideCount":true},{"id":"2140","count":1,"hideCount":true}]}]},{"champion":"Jayce","title":"JayceSR","map":"SR","mode":"CLASSIC","type":"riot","customTag":"","sortrank":0,"extensionPage":false,"useObviousCheckmark":false,"customPanel":null,"blocks":[{"type":"starting","recMath":false,"recSteps":false,"minSummonerLevel":-1,"maxSummonerLevel":-1,"showIfSummonerSpell":"","hideIfSummonerSpell":"","appendAfterSection":"","visibleWithAllOf":[""],"hiddenWithAnyOf":[""],"items":[{"id":"1055","count":1,"hideCount":false},{"id":"2003","count":1,"hideCount":false},{"id":"3340","count":1,"hideCount":false}]},{"type":"early","recMath":false,"recSteps":false,"minSummonerLevel":-1,"maxSummonerLevel":-1,"showIfSummonerSpell":"","hideIfSummonerSpell":"","appendAfterSection":"","visibleWithAllOf":[""],"hiddenWithAnyOf":[""],"items":[{"id":"1001","count":1,"hideCount":false},{"id":"3133","count":1,"hideCount":false},{"id":"3134","count":1,"hideCount":false}]},{"type":"essential","recMath":false,"recSteps":false,"minSummonerLevel":-1,"maxSummonerLevel":-1,"showIfSummonerSpell":"","hideIfSummonerSpell":"","appendAfterSection":"","visibleWithAllOf":[""],"hiddenWithAnyOf":[""],"items":[{"id":"3158","count":1,"hideCount":false},{"id":"3142","count":1,"hideCount":false},{"id":"3071","count":1,"hideCount":false}]},{"type":"offensive","recMath":false,"recSteps":false,"minSummonerLevel":-1,"maxSummonerLevel":-1,"showIfSummonerSpell":"","hideIfSummonerSpell":"","appendAfterSection":"","visibleWithAllOf":[""],"hiddenWithAnyOf":[""],"items":[{"id":"3072","count":1,"hideCount":false},{"id":"3036","count":1,"hideCount":false},{"id":"3033","count":1,"hideCount":false},{"id":"3181","count":1,"hideCount":false}]},{"type":"defensive","recMath":false,"recSteps":false,"minSummonerLevel":-1,"maxSummonerLevel":-1,"showIfSummonerSpell":"","hideIfSummonerSpell":"","appendAfterSection":"","visibleWithAllOf":[""],"hiddenWithAnyOf":[""],"items":[{"id":"3026","count":1,"hideCount":false},{"id":"3156","count":1,"hideCount":false},{"id":"3814","count":1,"hideCount":false},{"id":"3179","count":1,"hideCount":false}]},{"type":"consumables","recMath":false,"recSteps":false,"minSummonerLevel":-1,"maxSummonerLevel":-1,"showIfSummonerSpell":"","hideIfSummonerSpell":"","appendAfterSection":"","visibleWithAllOf":[""],"hiddenWithAnyOf":[""],"items":[{"id":"2003","count":1,"hideCount":true},{"id":"2140","count":1,"hideCount":true}]}]}]}}}