{"type":"champion","format":"standAloneComplex","version":"10.15.1","data":{"Jhin":{"id":"Jhin","key":"202","name":"Jhin","title":"the Virtuoso","image":{"full":"Jhin.png","sprite":"champion1.png","group":"champion","x":288,"y":48,"w":48,"h":48},"skins":[{"id":"202000","num":0,"name":"default","chromas":false},{"id":"202001","num":1,"name":"High Noon Jhin","chromas":true},{"id":"202002","num":2,"name":"Blood Moon Jhin","chromas":false},{"id":"202003","num":3,"name":"SKT T1 Jhin","chromas":false},{"id":"202004","num":4,"name":"PROJECT: Jhin","chromas":false},{"id":"202005","num":5,"name":"Dark Cosmic Jhin","chromas":false}],"lore":"Jhin is a meticulous criminal psychopath who believes murder is art. Once an Ionian prisoner, but freed by shadowy elements within Ionia's ruling council, the serial killer now works as their cabal's assassin. Using his gun as his paintbrush, Jhin creates works of artistic brutality, horrifying victims and onlookers. He gains a cruel pleasure from putting on his gruesome theater, making him the ideal choice to send the most powerful of messages: terror.","blurb":"Jhin is a meticulous criminal psychopath who believes murder is art. Once an Ionian prisoner, but freed by shadowy elements within Ionia's ruling council, the serial killer now works as their cabal's assassin. Using his gun as his paintbrush, Jhin...","allytips":["Deadly Flourish has incredible range. When approaching a fight be sure to look ahead for enemies that could be rooted.","Your ultimate deals significantly less damage to enemies with full health. Look to pick off weakened targets as they run away.","You can still cast your spells while reloading. Use them to fill the down time."],"enemytips":["Deadly Flourish only roots those hit by one of Jhin's basic attacks, traps, or allies within the last 4 seconds.","Jhin places invisible traps around the map. Watch where you step!","Jhin's attacks are quite potent, but he runs out of ammo after the 4th shot. Use this window to jump him and burst him down."],"tags":["Marksman","Mage"],"partype":"Mana","info":{"attack":10,"defense":2,"magic":6,"difficulty":6},"stats":{"hp":585,"hpperlevel":93,"mp":300,"mpperlevel":50,"movespeed":330,"armor":24,"armorperlevel":3.5,"spellblock":30,"spellblockperlevel":0.5,"attackrange":550,"hpregen":3.75,"hpregenperlevel":0.55,"mpregen":6,"mpregenperlevel":0.8,"crit":0,"critperlevel":0,"attackdamage":59,"attackdamageperlevel":4.7,"attackspeedperlevel":0,"attackspeed":0.625},"spells":[{"id":"JhinQ","name":"Dancing Grenade","description":"Jhin launches a magical cartridge at an enemy. It can hit up to four targets and gains damage each time it kills.","tooltip":"Jhin launches a cartridge at the targeted enemy that deals {{ e1 }} <scaleAD>(+{{ f1 }})</scaleAD> <scaleAP>(+{{ a1 }}) </scaleAP>physical damage before bouncing to a nearby target that has not yet been hit.<br /><br />The cartridge can hit a maximum of 4 times. Each kill by the cartridge increases the damage of subsequent hits by {{ e2 }}%.","leveltip":{"label":["Damage","Total AD Ratio","Cooldown","@AbilityResourceName@ Cost"],"effect":["{{ e1 }} -> {{ e1NL }}","{{ e3 }} -> {{ e3NL }}","{{ cooldown }} -> {{ cooldownNL }}","{{ cost }} -> {{ costNL }}"]},"maxrank":5,"cooldown":[7,6.5,6,5.5,5],"cooldownBurn":"7/6.5/6/5.5/5","cost":[40,45,50,55,60],"costBurn":"40/45/50/55/60","datavalues":{},"effect":[null,[45,70,95,120,145],[35,35,35,35,35],[0.45,0.525,0.6,0.675,0.75],[0,0,0,0,0],[0,0,0,0,0],[0,0,0,0,0],[0,0,0,0,0],[0,0,0,0,0],[0,0,0,0,0],[0,0,0,0,0]],"effectBurn":[null,"45/70/95/120/145","35","0.45/0.525/0.6/0.675/0.75","0","0","0","0","0","0","0"],"vars":[{"link":"spelldamage","coeff":0.6,"key":"a1"}],"costType":" {{ abilityresourcename }}","maxammo":"-1","range":[550,550,550,550,550],"rangeBurn":"550","image":{"full":"JhinQ.png","sprite":"spell4.png","group":"spell","x":384,"y":144,"w":48,"h":48},"resource":"{{ cost }} {{ abilityresourcename }}"},{"id":"JhinW","name":"Deadly Flourish","description":"Jhin brandishes his cane, firing a single shot with incredible range. It pierces through minions and monsters, but stops on the first champion hit. If the target was recently struck by Jhin's allies, lotus traps, or damaged by Jhin, they are rooted.","tooltip":"Jhin fires a long range shot that stops on the first champion hit, dealing {{ e1 }} <scaleAD>(+{{ a1 }})</scaleAD> physical damage to it, and {{ e4 }}% of that damage to minions and monsters hit along the way.<br /><br />If Deadly Flourish strikes a champion that has been hit by one of Jhin's Lotus Traps, damaged by Jhin, or damaged by his team within the last 4 seconds, it will root them for {{ e2 }} seconds and grant Jhin movement speed as though he had <span class=\"colorFF5802\">crit</span> them.","leveltip":{"label":["Damage","Root Duration","@AbilityResourceName@ Cost"],"effect":["{{ e1 }} -> {{ e1NL }}","{{ e2 }} -> {{ e2NL }}","{{ cost }} -> {{ costNL }}"]},"maxrank":5,"cooldown":[12,12,12,12,12],"cooldownBurn":"12","cost":[50,60,70,80,90],"costBurn":"50/60/70/80/90","datavalues":{},"effect":[null,[50,85,120,155,190],[1,1.25,1.5,1.75,2],[0,0,0,0,0],[75,75,75,75,75],[0,0,0,0,0],[0,0,0,0,0],[0,0,0,0,0],[0,0,0,0,0],[0,0,0,0,0],[0,0,0,0,0]],"effectBurn":[null,"50/85/120/155/190","1/1.25/1.5/1.75/2","0","75","0","0","0","0","0","0"],"vars":[{"link":"attackdamage","coeff":0.5,"key":"a1"}],"costType":" {{ abilityresourcename }}","maxammo":"-1","range":[3000,3000,3000,3000,3000],"rangeBurn":"3000","image":{"full":"JhinW.png","sprite":"spell4.png","group":"spell","x":432,"y":144,"w":48,"h":48},"resource":"{{ cost }} {{ abilityresourcename }}"},{"id":"JhinE","name":"Captive Audience","description":"Jhin places an invisible lotus trap that blooms when walked over. It slows nearby enemies before dealing damage with an explosion of serrated petals. <br><br><font color='#FFFFFF'>Beauty in Death -</font> When Jhin kills an enemy champion, a lotus trap will bloom near their corpse.","tooltip":"Jhin places an invisible Lotus Trap that lasts {{ e5 }} minutes and activates when stepped on, revealing nearby enemies for 4 seconds.<br /><br />The trap leaves behind a zone that slows enemies inside by {{ e7 }}% and detonates after 2 seconds, dealing {{ e2 }} <scaleAD>(+{{ a1 }})</scaleAD> <scaleAP>(+{{ a2 }})</scaleAP> magic damage ({{ e1 }}% damage on subsequent hits and vs. minions and monsters).<br /><br />Jhin prepares a new trap every <scaleLevel>{{ f1 }}</scaleLevel> seconds and can store 2 at once. <br /><br /><scaleLevel>Beauty in Death -</scaleLevel> When Jhin kills an enemy champion a Lotus Trap will spawn and detonate where they were killed.","leveltip":{"label":["Damage","Recharge Time","@AbilityResourceName@ Cost"],"effect":["{{ e2 }} -> {{ e2NL }}","{{ ammorechargetime }} -> {{ ammorechargetimeNL }}","{{ cost }} -> {{ costNL }}"]},"maxrank":5,"cooldown":[2,2,2,2,2],"cooldownBurn":"2","cost":[30,35,40,45,50],"costBurn":"30/35/40/45/50","datavalues":{},"effect":[null,[65,65,65,65,65],[20,80,140,200,260],[0,0,0,0,0],[0.75,0.75,0.75,0.75,0.75],[3,3,3,3,3],[0,0,0,0,0],[35,35,35,35,35],[0,0,0,0,0],[0,0,0,0,0],[0,0,0,0,0]],"effectBurn":[null,"65","20/80/140/200/260","0","0.75","3","0","35","0","0","0"],"vars":[{"link":"attackdamage","coeff":1.2,"key":"a1"},{"link":"spelldamage","coeff":1,"key":"a2"}],"costType":" {{ abilityresourcename }}","maxammo":"2","range":[750,750,750,750,750],"rangeBurn":"750","image":{"full":"JhinE.png","sprite":"spell5.png","group":"spell","x":0,"y":0,"w":48,"h":48},"resource":"{{ cost }} {{ abilityresourcename }}"},{"id":"JhinR","name":"Curtain Call","description":"Jhin channels, transforming Whisper into a shoulder-mounted mega-cannon. It is able to fire 4 super shots at extreme range that pierce through minions and monsters, but stop on the first champion impacted. Whisper cripples enemies hit, which slows them and deals execute damage. The 4th shot is perfectly crafted, epically powerful, and guaranteed to critically strike.","tooltip":"Jhin sets up and channels, enabling him to fire 4 super shots at extreme range in a cone in front of him. The shots stop on the first champion hit, slowing it by {{ slowpercent*100 }}% for {{ slowduration }} seconds and dealing <physicalDamage>{{ damagecalc }} physical damage</physicalDamage>, increased by {{ percentmissingamp }}% for each 1% health the target is missing (up to <physicalDamage>{{ maxincreasecalc }}</physicalDamage>). The 4th shot <span class=\"colorFF5802\">crits</span> for {{ fourthshotmultiplier*100 }}% damage.","leveltip":{"label":["Damage","Cooldown"],"effect":["{{ damage }} -> {{ damageNL }}","{{ cooldown }} -> {{ cooldownNL }}"]},"maxrank":3,"cooldown":[120,105,90],"cooldownBurn":"120/105/90","cost":[100,100,100],"costBurn":"100","datavalues":{},"effect":[null,[0,0,0],[0,0,0],[0,0,0],[0,0,0],[0,0,0],[0,0,0],[0,0,0],[0,0,0],[0,0,0],[0,0,0]],"effectBurn":[null,"0","0","0","0","0","0","0","0","0","0"],"vars":[],"costType":" {{ abilityresourcename }}","maxammo":"-1","range":[25000,25000,25000],"rangeBurn":"25000","image":{"full":"JhinR.png","sprite":"spell5.png","group":"spell","x":48,"y":0,"w":48,"h":48},"resource":"{{ cost }} {{ abilityresourcename }}"}],"passive":{"name":"Whisper","description":"Jhin's hand cannon, Whisper, is a precise instrument designed to deal superior damage. It fires at a fixed rate and carries only four shots. Jhin imbues the final bullet with dark magics to critically strike and deal bonus execute damage. Whenever Whisper crits, it inspires Jhin with a burst of movement speed.","image":{"full":"Jhin_P.png","sprite":"passive1.png","group":"passive","x":288,"y":48,"w":48,"h":48}},"recommended":[{"champion":"Jhin","title":"Beginner","map":"SR","mode":"INTRO","type":"riot","customTag":"","sortrank":0,"extensionPage":false,"customPanel":null,"blocks":[{"type":"beginner_starter","recMath":false,"recSteps":false,"minSummonerLevel":-1,"maxSummonerLevel":-1,"showIfSummonerSpell":"","hideIfSummonerSpell":"","appendAfterSection":"","items":[{"id":"1055","count":1,"hideCount":false},{"id":"2003","count":1,"hideCount":false}]},{"type":"beginner_advanced","recMath":true,"recSteps":false,"minSummonerLevel":-1,"maxSummonerLevel":-1,"showIfSummonerSpell":"","hideIfSummonerSpell":"","appendAfterSection":"","items":[{"id":"1036","count":1,"hideCount":false},{"id":"1053","count":1,"hideCount":false}]},{"type":"beginner_movementspeed","recMath":true,"recSteps":false,"minSummonerLevel":-1,"maxSummonerLevel":-1,"showIfSummonerSpell":"","hideIfSummonerSpell":"","appendAfterSection":"","items":[{"id":"1001","count":1,"hideCount":false},{"id":"1042","count":1,"hideCount":false},{"id":"3006","count":1,"hideCount":false}]},{"type":"beginner_legendaryitem","recMath":true,"recSteps":false,"minSummonerLevel":-1,"maxSummonerLevel":-1,"showIfSummonerSpell":"","hideIfSummonerSpell":"","appendAfterSection":"","items":[{"id":"1053","count":1,"hideCount":false},{"id":"1038","count":1,"hideCount":false},{"id":"3072","count":1,"hideCount":false}]},{"type":"beginner_morelegendaryitems","recMath":false,"recSteps":false,"minSummonerLevel":-1,"maxSummonerLevel":-1,"showIfSummonerSpell":"","hideIfSummonerSpell":"","appendAfterSection":"","items":[{"id":"3087","count":1,"hideCount":false},{"id":"3031","count":1,"hideCount":false},{"id":"3094","count":1,"hideCount":false},{"id":"3508","count":1,"hideCount":false}]}]},{"champion":"Jhin","title":"JhinARAM","map":"HA","mode":"ARAM","type":"riot","customTag":"","sortrank":0,"extensionPage":false,"useObviousCheckmark":false,"customPanel":null,"blocks":[{"type":"starting","recMath":false,"recSteps":false,"minSummonerLevel":-1,"maxSummonerLevel":-1,"showIfSummonerSpell":"","hideIfSummonerSpell":"","appendAfterSection":"","visibleWithAllOf":[""],"hiddenWithAnyOf":[""],"items":[{"id":"1038","count":1,"hideCount":false},{"id":"2003","count":2,"hideCount":false}]},{"type":"essential","recMath":false,"recSteps":false,"minSummonerLevel":-1,"maxSummonerLevel":-1,"showIfSummonerSpell":"","hideIfSummonerSpell":"","appendAfterSection":"","visibleWithAllOf":[""],"hiddenWithAnyOf":[""],"items":[{"id":"3006","count":1,"hideCount":false},{"id":"3031","count":1,"hideCount":false},{"id":"3094","count":1,"hideCount":false}]},{"type":"offensive","recMath":false,"recSteps":false,"minSummonerLevel":-1,"maxSummonerLevel":-1,"showIfSummonerSpell":"","hideIfSummonerSpell":"","appendAfterSection":"","visibleWithAllOf":[""],"hiddenWithAnyOf":[""],"items":[{"id":"3508","count":1,"hideCount":false},{"id":"3095","count":1,"hideCount":false},{"id":"3087","count":1,"hideCount":false}]},{"type":"situational","recMath":false,"recSteps":false,"minSummonerLevel":-1,"maxSummonerLevel":-1,"showIfSummonerSpell":"","hideIfSummonerSpell":"","appendAfterSection":"","visibleWithAllOf":[""],"hiddenWithAnyOf":[""],"items":[{"id":"3046","count":1,"hideCount":false},{"id":"3036","count":1,"hideCount":false},{"id":"3814","count":1,"hideCount":false},{"id":"3139","count":1,"hideCount":false}]},{"type":"offmeta","recMath":false,"recSteps":false,"minSummonerLevel":-1,"maxSummonerLevel":-1,"showIfSummonerSpell":"","hideIfSummonerSpell":"","appendAfterSection":"","visibleWithAllOf":[""],"hiddenWithAnyOf":[""],"items":[{"id":"3089","count":1,"hideCount":false},{"id":"3285","count":1,"hideCount":false},{"id":"3907","count":1,"hideCount":false}]},{"type":"consumables","recMath":false,"recSteps":false,"minSummonerLevel":-1,"maxSummonerLevel":-1,"showIfSummonerSpell":"","hideIfSummonerSpell":"","appendAfterSection":"","visibleWithAllOf":[""],"hiddenWithAnyOf":[""],"items":[{"id":"2003","count":1,"hideCount":true},{"id":"2140","count":1,"hideCount":true}]}]},{"champion":"Jhin","title":"JhinARAM","map":"HA","mode":"KINGPORO","type":"riot","customTag":"","sortrank":0,"extensionPage":false,"useObviousCheckmark":false,"customPanel":null,"blocks":[{"type":"KingPoroSnax","recMath":false,"recSteps":false,"minSummonerLevel":-1,"maxSummonerLevel":-1,"showIfSummonerSpell":"","hideIfSummonerSpell":"","items":[{"id":"3680","count":1,"hideCount":false},{"id":"3681","count":1,"hideCount":false},{"id":"3682","count":1,"hideCount":false},{"id":"3683","count":1,"hideCount":false},{"id":"3684","count":1,"hideCount":false},{"id":"3685","count":1,"hideCount":false}]},{"type":"starting","recMath":false,"recSteps":false,"minSummonerLevel":-1,"maxSummonerLevel":-1,"showIfSummonerSpell":"","hideIfSummonerSpell":"","appendAfterSection":"","visibleWithAllOf":[""],"hiddenWithAnyOf":[""],"items":[{"id":"1038","count":1,"hideCount":false},{"id":"2003","count":2,"hideCount":false}]},{"type":"essential","recMath":false,"recSteps":false,"minSummonerLevel":-1,"maxSummonerLevel":-1,"showIfSummonerSpell":"","hideIfSummonerSpell":"","appendAfterSection":"","visibleWithAllOf":[""],"hiddenWithAnyOf":[""],"items":[{"id":"3006","count":1,"hideCount":false},{"id":"3031","count":1,"hideCount":false},{"id":"3094","count":1,"hideCount":false}]},{"type":"offensive","recMath":false,"recSteps":false,"minSummonerLevel":-1,"maxSummonerLevel":-1,"showIfSummonerSpell":"","hideIfSummonerSpell":"","appendAfterSection":"","visibleWithAllOf":[""],"hiddenWithAnyOf":[""],"items":[{"id":"3508","count":1,"hideCount":false},{"id":"3095","count":1,"hideCount":false},{"id":"3087","count":1,"hideCount":false}]},{"type":"situational","recMath":false,"recSteps":false,"minSummonerLevel":-1,"maxSummonerLevel":-1,"showIfSummonerSpell":"","hideIfSummonerSpell":"","appendAfterSection":"","visibleWithAllOf":[""],"hiddenWithAnyOf":[""],"items":[{"id":"3046","count":1,"hideCount":false},{"id":"3036","count":1,"hideCount":false},{"id":"3814","count":1,"hideCount":false},{"id":"3139","count":1,"hideCount":false}]},{"type":"offmeta","recMath":false,"recSteps":false,"minSummonerLevel":-1,"maxSummonerLevel":-1,"showIfSummonerSpell":"","hideIfSummonerSpell":"","appendAfterSection":"","visibleWithAllOf":[""],"hiddenWithAnyOf":[""],"items":[{"id":"3089","count":1,"hideCount":false},{"id":"3285","count":1,"hideCount":false},{"id":"3907","count":1,"hideCount":false}]},{"type":"consumables","recMath":false,"recSteps":false,"minSummonerLevel":-1,"maxSummonerLevel":-1,"showIfSummonerSpell":"","hideIfSummonerSpell":"","appendAfterSection":"","visibleWithAllOf":[""],"hiddenWithAnyOf":[""],"items":[{"id":"2003","count":1,"hideCount":true},{"id":"2140","count":1,"hideCount":true}]}]},{"champion":"Jhin","title":"JhinSL","map":"NB","mode":"NEXUSBLITZ","type":"riot","customTag":"","sortrank":0,"extensionPage":false,"useObviousCheckmark":false,"customPanel":null,"blocks":[{"type":"starting","recMath":false,"recSteps":false,"minSummonerLevel":-1,"maxSummonerLevel":-1,"showIfSummonerSpell":"","hideIfSummonerSpell":"SummonerSmite","appendAfterSection":"","visibleWithAllOf":[""],"hiddenWithAnyOf":[""],"items":[{"id":"4202","count":1,"hideCount":false},{"id":"2003","count":1,"hideCount":false},{"id":"3340","count":1,"hideCount":false}]},{"type":"startingjungle","recMath":false,"recSteps":false,"minSummonerLevel":-1,"maxSummonerLevel":-1,"showIfSummonerSpell":"SummonerSmite","hideIfSummonerSpell":"","appendAfterSection":"","visibleWithAllOf":[""],"hiddenWithAnyOf":[""],"items":[{"id":"4101","count":1,"hideCount":false},{"id":"2003","count":1,"hideCount":false},{"id":"3340","count":1,"hideCount":false}]},{"type":"early","recMath":false,"recSteps":false,"minSummonerLevel":-1,"maxSummonerLevel":-1,"showIfSummonerSpell":"","hideIfSummonerSpell":"SummonerSmite","appendAfterSection":"","visibleWithAllOf":[""],"hiddenWithAnyOf":[""],"items":[{"id":"1038","count":1,"hideCount":false},{"id":"3086","count":1,"hideCount":false},{"id":"1001","count":1,"hideCount":false}]},{"type":"earlyjungle","recMath":false,"recSteps":false,"minSummonerLevel":-1,"maxSummonerLevel":-1,"showIfSummonerSpell":"SummonerSmite","hideIfSummonerSpell":"","appendAfterSection":"","visibleWithAllOf":[""],"hiddenWithAnyOf":[""],"items":[{"id":"3133","count":1,"hideCount":false},{"id":"1001","count":1,"hideCount":false},{"id":"3134","count":1,"hideCount":false}]},{"type":"essential","recMath":false,"recSteps":false,"minSummonerLevel":-1,"maxSummonerLevel":-1,"showIfSummonerSpell":"","hideIfSummonerSpell":"SummonerSmite","appendAfterSection":"","visibleWithAllOf":[""],"hiddenWithAnyOf":[""],"items":[{"id":"3095","count":1,"hideCount":false},{"id":"3009","count":1,"hideCount":false},{"id":"3094","count":1,"hideCount":false}]},{"type":"essentialjungle","recMath":false,"recSteps":false,"minSummonerLevel":-1,"maxSummonerLevel":-1,"showIfSummonerSpell":"SummonerSmite","hideIfSummonerSpell":"","appendAfterSection":"","visibleWithAllOf":[""],"hiddenWithAnyOf":[""],"items":[{"id":"4102","count":1,"hideCount":false},{"id":"3009","count":1,"hideCount":false},{"id":"3142","count":1,"hideCount":false}]},{"type":"offensive","recMath":false,"recSteps":false,"minSummonerLevel":-1,"maxSummonerLevel":-1,"showIfSummonerSpell":"","hideIfSummonerSpell":"SummonerSmite","appendAfterSection":"","visibleWithAllOf":[""],"hiddenWithAnyOf":[""],"items":[{"id":"3031","count":1,"hideCount":false},{"id":"3072","count":1,"hideCount":false},{"id":"3036","count":1,"hideCount":false}]},{"type":"offensive","recMath":false,"recSteps":false,"minSummonerLevel":-1,"maxSummonerLevel":-1,"showIfSummonerSpell":"SummonerSmite","hideIfSummonerSpell":"","appendAfterSection":"","visibleWithAllOf":[""],"hiddenWithAnyOf":[""],"items":[{"id":"3147","count":1,"hideCount":false},{"id":"3094","count":1,"hideCount":false},{"id":"3031","count":1,"hideCount":false}]},{"type":"selective","recMath":false,"recSteps":false,"minSummonerLevel":-1,"maxSummonerLevel":-1,"showIfSummonerSpell":"","hideIfSummonerSpell":"SummonerSmite","appendAfterSection":"","visibleWithAllOf":[""],"hiddenWithAnyOf":[""],"items":[{"id":"3142","count":1,"hideCount":false},{"id":"3156","count":1,"hideCount":false},{"id":"3139","count":1,"hideCount":false},{"id":"3161","count":1,"hideCount":false},{"id":"3172","count":1,"hideCount":false},{"id":"3131","count":1,"hideCount":false}]},{"type":"selective","recMath":false,"recSteps":false,"minSummonerLevel":-1,"maxSummonerLevel":-1,"showIfSummonerSpell":"SummonerSmite","hideIfSummonerSpell":"","appendAfterSection":"","visibleWithAllOf":[""],"hiddenWithAnyOf":[""],"items":[{"id":"3161","count":1,"hideCount":false},{"id":"3156","count":1,"hideCount":false},{"id":"3139","count":1,"hideCount":false},{"id":"3036","count":1,"hideCount":false},{"id":"3131","count":1,"hideCount":false},{"id":"3172","count":1,"hideCount":false}]},{"type":"consumables","recMath":false,"recSteps":false,"minSummonerLevel":-1,"maxSummonerLevel":-1,"showIfSummonerSpell":"","hideIfSummonerSpell":"","appendAfterSection":"","visibleWithAllOf":[""],"hiddenWithAnyOf":[""],"items":[{"id":"2003","count":1,"hideCount":true},{"id":"2140","count":1,"hideCount":true}]}]},{"champion":"Jhin","title":"JhinSR","map":"SR","mode":"CLASSIC","type":"riot","customTag":"","sortrank":0,"extensionPage":false,"useObviousCheckmark":false,"customPanel":null,"blocks":[{"type":"starting","recMath":false,"recSteps":false,"minSummonerLevel":-1,"maxSummonerLevel":-1,"showIfSummonerSpell":"","hideIfSummonerSpell":"","appendAfterSection":"","visibleWithAllOf":[""],"hiddenWithAnyOf":[""],"items":[{"id":"1055","count":1,"hideCount":false},{"id":"2003","count":1,"hideCount":false},{"id":"3340","count":1,"hideCount":false}]},{"type":"early","recMath":false,"recSteps":false,"minSummonerLevel":-1,"maxSummonerLevel":-1,"showIfSummonerSpell":"","hideIfSummonerSpell":"","appendAfterSection":"","visibleWithAllOf":[""],"hiddenWithAnyOf":[""],"items":[{"id":"1038","count":1,"hideCount":false},{"id":"2015","count":1,"hideCount":false},{"id":"1001","count":1,"hideCount":false}]},{"type":"essential","recMath":false,"recSteps":false,"minSummonerLevel":-1,"maxSummonerLevel":-1,"showIfSummonerSpell":"","hideIfSummonerSpell":"","appendAfterSection":"","visibleWithAllOf":[""],"hiddenWithAnyOf":[""],"items":[{"id":"3095","count":1,"hideCount":false},{"id":"3031","count":1,"hideCount":false},{"id":"3009","count":1,"hideCount":false}]},{"type":"offensive","recMath":false,"recSteps":false,"minSummonerLevel":-1,"maxSummonerLevel":-1,"showIfSummonerSpell":"","hideIfSummonerSpell":"","appendAfterSection":"","visibleWithAllOf":[""],"hiddenWithAnyOf":[""],"items":[{"id":"3094","count":1,"hideCount":false},{"id":"3508","count":1,"hideCount":false},{"id":"3087","count":1,"hideCount":false}]},{"type":"selective","recMath":false,"recSteps":false,"minSummonerLevel":-1,"maxSummonerLevel":-1,"showIfSummonerSpell":"","hideIfSummonerSpell":"","appendAfterSection":"","visibleWithAllOf":[""],"hiddenWithAnyOf":[""],"items":[{"id":"3036","count":1,"hideCount":false},{"id":"3046","count":1,"hideCount":false},{"id":"3139","count":1,"hideCount":false},{"id":"3026","count":1,"hideCount":false}]},{"type":"consumables","recMath":false,"recSteps":false,"minSummonerLevel":-1,"maxSummonerLevel":-1,"showIfSummonerSpell":"","hideIfSummonerSpell":"","appendAfterSection":"","visibleWithAllOf":[""],"hiddenWithAnyOf":[""],"items":[{"id":"2003","count":1,"hideCount":true},{"id":"2140","count":1,"hideCount":true}]}]}]}}}