{"type":"champion","format":"standAloneComplex","version":"10.15.1","data":{"Kaisa":{"id":"Kaisa","key":"145","name":"Kai'Sa","title":"Daughter of the Void","image":{"full":"Kaisa.png","sprite":"champion1.png","group":"champion","x":384,"y":48,"w":48,"h":48},"skins":[{"id":"145000","num":0,"name":"default","chromas":false},{"id":"145001","num":1,"name":"Bullet Angel Kai'Sa","chromas":true},{"id":"145014","num":14,"name":"K/DA Kai'Sa","chromas":false},{"id":"145015","num":15,"name":"K/DA Kai'Sa Prestige Edition","chromas":false},{"id":"145016","num":16,"name":"iG Kai'Sa","chromas":false},{"id":"145017","num":17,"name":"Arcade Kai'Sa","chromas":false}],"lore":"Claimed by the Void when she was only a child, Kai'Sa managed to survive through sheer tenacity and strength of will. Her experiences have made her a deadly hunter and, to some, the harbinger of a future they would rather not live to see. Having entered into an uneasy symbiosis with a living Void carapace, the time will soon come when she must decide whether to forgive those mortals who would call her a monster, and defeat the coming darkness together… or simply to forget, as the Void consumes the world that left her behind.","blurb":"Claimed by the Void when she was only a child, Kai'Sa managed to survive through sheer tenacity and strength of will. Her experiences have made her a deadly hunter and, to some, the harbinger of a future they would rather not live to see. Having entered...","allytips":["Try to catch enemy carries alone to burst them with Icathian Rain.","Work with your teammates to set up your Ultimate and optimize damage with your passive.","Make sure to buy items that will evolve at least 1 or 2 of your spells."],"enemytips":["Kai'Sa is very good at picking off isolated enemies. Stick together against her.","Kai'Sa is very vulnerable to getting outranged by mages and long range carries.","Make sure to place wards in your blind spots so you can see Kai'Sa coming."],"tags":["Marksman"],"partype":"Mana","info":{"attack":8,"defense":5,"magic":3,"difficulty":6},"stats":{"hp":600,"hpperlevel":88,"mp":344.88,"mpperlevel":38,"movespeed":335,"armor":28,"armorperlevel":3,"spellblock":30,"spellblockperlevel":0.5,"attackrange":525,"hpregen":3.5,"hpregenperlevel":0.55,"mpregen":8.2,"mpregenperlevel":0.45,"crit":0,"critperlevel":0,"attackdamage":59,"attackdamageperlevel":1.7,"attackspeedperlevel":1.8,"attackspeed":0.644},"spells":[{"id":"KaisaQ","name":"Icathian Rain","description":"Kai'Sa shoots a swarm of missiles that seek out nearby targets.<br><br>Living Weapon: Icathian Rain is upgraded to shoot more missiles.","tooltip":"Kai'Sa launches {{ e2 }} missiles that split among nearby enemies, each dealing {{ e1 }} <scaleAD>(+{{ f1 }})</scaleAD> <scaleAP>(+{{ f7 }})</scaleAP> physical damage. Additional hits on a champion or monster deal {{ e3 }}% damage (max: {{ f3 }} <scaleAD>(+{{ f2 }})</scaleAD> <scaleAP>(+{{ f8 }})</scaleAP>).<br /><br /><span class=\"size16 color8C8C8C\"><kaisaLWActive{{ f6 }}>Living Weapon -</kaisaLWActive{{ f6 }}> <scaleAD>{{ e6 }} Bonus Attack Damage</scaleAD> (<kaisaLWActive{{ f6 }}>current:</kaisaLWActive{{ f6 }}> <scaleAD>{{ f5 }}</scaleAD>) - Icathian Rain fires {{ e7 }} missiles.</span><br /><br /><rules>Minions below {{ e5 }}% health take {{ e4 }}% damage.</rules>","leveltip":{"label":["Cooldown","Damage Per Missile","Max Damage"],"effect":["{{ cooldown }} -> {{ cooldownNL }}","{{ e1 }} -> {{ e1NL }}","{{ maxdamage }} -> {{ maxdamageNL }}"]},"maxrank":5,"cooldown":[8,7.5,7,6.5,6],"cooldownBurn":"8/7.5/7/6.5/6","cost":[55,55,55,55,55],"costBurn":"55","datavalues":{},"effect":[null,[45,61.25,77.5,93.75,110],[6,6,6,6,6],[25,25,25,25,25],[200,200,200,200,200],[35,35,35,35,35],[100,100,100,100,100],[12,12,12,12,12],[0,0,0,0,0],[0,0,0,0,0],[0,0,0,0,0]],"effectBurn":[null,"45/61.25/77.5/93.75/110","6","25","200","35","100","12","0","0","0"],"vars":[{"link":"attackdamage","coeff":[0.6,0.75,0.9,1.05,1.2],"key":"f1"}],"costType":" {{ abilityresourcename }}","maxammo":"-1","range":[600,600,600,600,600],"rangeBurn":"600","image":{"full":"KaisaQ.png","sprite":"spell5.png","group":"spell","x":288,"y":0,"w":48,"h":48},"resource":"{{ cost }} {{ abilityresourcename }}"},{"id":"KaisaW","name":"Void Seeker","description":"Kai'Sa shoots a long range missile, marking enemies with her passive.<br><br>Living Weapon: Void Seeker is upgraded to apply more passive marks and reduce cooldown on champion hit.","tooltip":"Kai'Sa fires a Void blast that grants <span class=\"coloree91d7\">True Sight</span> on the first enemy hit, and triggers {{ e4 }} stacks of <span class=\"colorB342F4\">Plasma</span>, dealing magic damage based on the target's stacks.<br /><br />Min Damage: {{ e1 }} (<scaleLevel>+{{ f5 }}</scaleLevel>) <scaleAD>(+{{ f1 }})</scaleAD> <scaleAP>(+{{ f6 }})</scaleAP><br />Max Damage: {{ e1 }} (<scaleLevel>+{{ f7 }}</scaleLevel>) <scaleAD>(+{{ f1 }})</scaleAD> <scaleAP>(+{{ f8 }})</scaleAP><br /><br /><span class=\"size16 color8C8C8C\"><kaisaLWActive{{ f4 }}>Living Weapon -</kaisaLWActive{{ f4 }}></span> <scaleAP>{{ e2 }} Ability Power</scaleAP> (<kaisaLWActive{{ f4 }}>current:</kaisaLWActive{{ f4 }}> <scaleAP>{{ f3 }}</scaleAP>) - Void Seeker triggers {{ e5 }} stacks of <span class=\"colorB342F4\">Plasma</span> and refunds {{ e3 }}% cooldown on champion hit.","leveltip":{"label":["Cooldown","Damage"],"effect":["{{ cooldown }} -> {{ cooldownNL }}","{{ e1 }} -> {{ e1NL }}"]},"maxrank":5,"cooldown":[22,20,18,16,14],"cooldownBurn":"22/20/18/16/14","cost":[55,60,65,70,75],"costBurn":"55/60/65/70/75","datavalues":{},"effect":[null,[30,55,80,105,130],[100,100,100,100,100],[70,70,70,70,70],[2,2,2,2,2],[3,3,3,3,3],[0,0,0,0,0],[0,0,0,0,0],[0,0,0,0,0],[0,0,0,0,0],[0,0,0,0,0]],"effectBurn":[null,"30/55/80/105/130","100","70","2","3","0","0","0","0","0"],"vars":[{"link":"bonusattackdamage","coeff":0.6,"key":"f1"},{"link":"bonusattackdamage","coeff":0.6,"key":"f1"}],"costType":" {{ abilityresourcename }}","maxammo":"-1","range":[3000,3000,3000,3000,3000],"rangeBurn":"3000","image":{"full":"KaisaW.png","sprite":"spell5.png","group":"spell","x":336,"y":0,"w":48,"h":48},"resource":"{{ cost }} {{ abilityresourcename }}"},{"id":"KaisaE","name":"Supercharge","description":"Kai'Sa briefly increases her movement speed, then increases her attack speed.<br><br>Living Weapon: Supercharge is upgraded to briefly grant Invisibility.","tooltip":"Kai'Sa spends <span class=\"colorFF0000\">{{ f1 }}</span> seconds Supercharging her Void Energy. She gains <span class=\"colorFF0000\">{{ f4 }}%</span> Movement Speed during the charge, and {{ e5 }}% Attack Speed for {{ e2 }} seconds when charged.<br /><br /><span class=\"size16 color8C8C8C\"><kaisaLWActive{{ f3 }}>Living Weapon </kaisaLWActive{{ f3 }}></span>- <span class=\"colorFF0000\">{{ e6 }}% Attack Speed</span> (<kaisaLWActive{{ f3 }}>current:</kaisaLWActive{{ f3 }}> <span class=\"colorFF0000\">{{ f2 }}%</span>) - Supercharge grants <span class=\"color91d7ee\">Invisibility</span> for {{ e7 }} seconds.<br /><br /><rules>Basic attacks reduce Supercharge's cooldown by {{ e4 }} seconds. Supercharge's cast time and Movement Speed improve with Attack Speed.</rules>","leveltip":{"label":["Cooldown","Movement Speed","Attack Speed"],"effect":["{{ cooldown }} -> {{ cooldownNL }}","{{ effect1amount*100.000000 }}% -> {{ effect1amountnl*100.000000 }}%","{{ effect5amount*100.000000 }}% -> {{ effect5amountnl*100.000000 }}%"]},"maxrank":5,"cooldown":[16,15,14,13,12],"cooldownBurn":"16/15/14/13/12","cost":[30,30,30,30,30],"costBurn":"30","datavalues":{},"effect":[null,[0.55,0.6,0.65,0.7,0.75],[4,4,4,4,4],[1.2,1.2,1.2,1.2,1.2],[0.5,0.5,0.5,0.5,0.5],[40,45,50,55,60],[100,100,100,100,100],[0.5,0.5,0.5,0.5,0.5],[0.6,0.6,0.6,0.6,0.6],[0,0,0,0,0],[0,0,0,0,0]],"effectBurn":[null,"0.55/0.6/0.65/0.7/0.75","4","1.2","0.5","40/45/50/55/60","100","0.5","0.6","0","0"],"vars":[],"costType":" {{ abilityresourcename }}","maxammo":"-1","range":[1,1,1,1,1],"rangeBurn":"1","image":{"full":"KaisaE.png","sprite":"spell5.png","group":"spell","x":384,"y":0,"w":48,"h":48},"resource":"{{ cost }} {{ abilityresourcename }}"},{"id":"KaisaR","name":"Killer Instinct","description":"Kai'Sa dashes near an enemy champion.","tooltip":"Kai'Sa warps to a location near an enemy champion affected by <span class=\"colorB342F4\">Plasma</span>, gaining a shield that absorbs {{ rcalculatedshieldvalue }} damage for {{ rshieldduration }} seconds.","leveltip":{"label":["Range","Cooldown","Shield Amount","Attack Damage Ratio"],"effect":["{{ rrange }} -> {{ rrangeNL }}","{{ cooldown }} -> {{ cooldownNL }}","{{ rbasevalue }} -> {{ rbasevalueNL }}","{{ rtotaladratio*100.000000 }}% -> {{ rtotaladrationl*100.000000 }}%"]},"maxrank":3,"cooldown":[110,90,70],"cooldownBurn":"110/90/70","cost":[100,100,100],"costBurn":"100","datavalues":{},"effect":[null,[0,0,0],[0,0,0],[0,0,0],[0,0,0],[0,0,0],[0,0,0],[0,0,0],[0,0,0],[0,0,0],[0,0,0]],"effectBurn":[null,"0","0","0","0","0","0","0","0","0","0"],"vars":[],"costType":" {{ abilityresourcename }}","maxammo":"-1","range":[1500,2250,3000],"rangeBurn":"1500/2250/3000","image":{"full":"KaisaR.png","sprite":"spell5.png","group":"spell","x":432,"y":0,"w":48,"h":48},"resource":"{{ cost }} {{ abilityresourcename }}"}],"passive":{"name":"Second Skin","description":"Kai'Sa's basic attacks stack Plasma, dealing increasing bonus magic damage. Allies' immobilizing effects help stack Plasma. Additionally, Kai'Sa's item purchases upgrade her basic spells to have more powerful properties.","image":{"full":"Kaisa_Passive.png","sprite":"passive1.png","group":"passive","x":384,"y":48,"w":48,"h":48}},"recommended":[{"champion":"Kaisa","title":"Beginner","map":"SR","mode":"INTRO","type":"riot","customTag":"","sortrank":0,"extensionPage":false,"useObviousCheckmark":false,"customPanel":null,"blocks":[{"type":"beginner_starter","recMath":false,"recSteps":false,"minSummonerLevel":5,"maxSummonerLevel":-1,"showIfSummonerSpell":"","hideIfSummonerSpell":"","appendAfterSection":"","visibleWithAllOf":[""],"hiddenWithAnyOf":[""],"items":[{"id":"1055","count":1,"hideCount":false},{"id":"2003","count":1,"hideCount":false}]},{"type":"beginner_advanced","recMath":true,"recSteps":false,"minSummonerLevel":-1,"maxSummonerLevel":-1,"showIfSummonerSpell":"","hideIfSummonerSpell":"","appendAfterSection":"","visibleWithAllOf":[""],"hiddenWithAnyOf":[""],"items":[{"id":"1036","count":1,"hideCount":false},{"id":"1053","count":1,"hideCount":false}]},{"type":"beginner_movementspeed","recMath":true,"recSteps":false,"minSummonerLevel":-1,"maxSummonerLevel":-1,"showIfSummonerSpell":"","hideIfSummonerSpell":"","appendAfterSection":"","visibleWithAllOf":[""],"hiddenWithAnyOf":[""],"items":[{"id":"1001","count":1,"hideCount":false},{"id":"1042","count":1,"hideCount":false},{"id":"3006","count":1,"hideCount":false}]},{"type":"beginner_legendaryitem","recMath":true,"recSteps":false,"minSummonerLevel":-1,"maxSummonerLevel":-1,"showIfSummonerSpell":"","hideIfSummonerSpell":"","appendAfterSection":"","visibleWithAllOf":[""],"hiddenWithAnyOf":[""],"items":[{"id":"1043","count":1,"hideCount":false},{"id":"3153","count":1,"hideCount":false}]},{"type":"beginner_morelegendaryitems","recMath":false,"recSteps":false,"minSummonerLevel":-1,"maxSummonerLevel":-1,"showIfSummonerSpell":"","hideIfSummonerSpell":"","appendAfterSection":"","visibleWithAllOf":[""],"hiddenWithAnyOf":[""],"items":[{"id":"3085","count":1,"hideCount":false},{"id":"3031","count":1,"hideCount":false},{"id":"3124","count":1,"hideCount":false}]}]},{"champion":"Kaisa","title":"KaisaARAM","map":"HA","mode":"ARAM","type":"riot","customTag":"","sortrank":0,"extensionPage":false,"useObviousCheckmark":false,"customPanel":null,"blocks":[{"type":"starting","recMath":false,"recSteps":false,"minSummonerLevel":-1,"maxSummonerLevel":-1,"showIfSummonerSpell":"","hideIfSummonerSpell":"","appendAfterSection":"","visibleWithAllOf":[""],"hiddenWithAnyOf":[""],"items":[{"id":"3802","count":1,"hideCount":false},{"id":"2003","count":2,"hideCount":false}]},{"type":"essential","recMath":false,"recSteps":false,"minSummonerLevel":-1,"maxSummonerLevel":-1,"showIfSummonerSpell":"","hideIfSummonerSpell":"","appendAfterSection":"","visibleWithAllOf":[""],"hiddenWithAnyOf":[""],"items":[{"id":"3285","count":1,"hideCount":false},{"id":"3020","count":1,"hideCount":false},{"id":"3089","count":1,"hideCount":false}]},{"type":"offensive","recMath":false,"recSteps":false,"minSummonerLevel":-1,"maxSummonerLevel":-1,"showIfSummonerSpell":"","hideIfSummonerSpell":"","appendAfterSection":"","visibleWithAllOf":[""],"hiddenWithAnyOf":[""],"items":[{"id":"3100","count":1,"hideCount":false},{"id":"3124","count":1,"hideCount":false},{"id":"3135","count":1,"hideCount":false}]},{"type":"defensive","recMath":false,"recSteps":false,"minSummonerLevel":-1,"maxSummonerLevel":-1,"showIfSummonerSpell":"","hideIfSummonerSpell":"","appendAfterSection":"","visibleWithAllOf":[""],"hiddenWithAnyOf":[""],"items":[{"id":"3157","count":1,"hideCount":false},{"id":"3165","count":1,"hideCount":false},{"id":"3151","count":1,"hideCount":false}]},{"type":"offmeta","recMath":false,"recSteps":false,"minSummonerLevel":-1,"maxSummonerLevel":-1,"showIfSummonerSpell":"","hideIfSummonerSpell":"","appendAfterSection":"","visibleWithAllOf":[""],"hiddenWithAnyOf":[""],"items":[{"id":"3095","count":1,"hideCount":false},{"id":"3085","count":1,"hideCount":false},{"id":"3031","count":1,"hideCount":false}]},{"type":"consumables","recMath":false,"recSteps":false,"minSummonerLevel":-1,"maxSummonerLevel":-1,"showIfSummonerSpell":"","hideIfSummonerSpell":"","appendAfterSection":"","visibleWithAllOf":[""],"hiddenWithAnyOf":[""],"items":[{"id":"2033","count":1,"hideCount":false},{"id":"2140","count":1,"hideCount":false}]}]},{"champion":"Kaisa","title":"KaisaFIRSTBLOOD","map":"HA","mode":"FIRSTBLOOD","type":"riot","customTag":"","sortrank":0,"extensionPage":false,"useObviousCheckmark":false,"customPanel":null,"blocks":[{"type":"starting","recMath":false,"recSteps":false,"minSummonerLevel":-1,"maxSummonerLevel":-1,"showIfSummonerSpell":"","hideIfSummonerSpell":"","appendAfterSection":"","visibleWithAllOf":[""],"hiddenWithAnyOf":[""],"items":[{"id":"1055","count":1,"hideCount":false},{"id":"2003","count":1,"hideCount":false},{"id":"3340","count":1,"hideCount":false}]},{"type":"early","recMath":false,"recSteps":false,"minSummonerLevel":-1,"maxSummonerLevel":-1,"showIfSummonerSpell":"","hideIfSummonerSpell":"","appendAfterSection":"","visibleWithAllOf":[""],"hiddenWithAnyOf":[""],"items":[{"id":"1001","count":1,"hideCount":false},{"id":"1038","count":1,"hideCount":false}]},{"type":"essential","recMath":false,"recSteps":false,"minSummonerLevel":-1,"maxSummonerLevel":-1,"showIfSummonerSpell":"","hideIfSummonerSpell":"","appendAfterSection":"","visibleWithAllOf":[""],"hiddenWithAnyOf":[""],"items":[{"id":"3095","count":1,"hideCount":false},{"id":"3006","count":1,"hideCount":false},{"id":"3124","count":1,"hideCount":false}]},{"type":"offensive","recMath":false,"recSteps":false,"minSummonerLevel":-1,"maxSummonerLevel":-1,"showIfSummonerSpell":"","hideIfSummonerSpell":"","appendAfterSection":"","visibleWithAllOf":[""],"hiddenWithAnyOf":[""],"items":[{"id":"3094","count":1,"hideCount":false},{"id":"3031","count":1,"hideCount":false},{"id":"3115","count":1,"hideCount":false},{"id":"3089","count":1,"hideCount":false}]},{"type":"situational","recMath":false,"recSteps":false,"minSummonerLevel":-1,"maxSummonerLevel":-1,"showIfSummonerSpell":"","hideIfSummonerSpell":"","appendAfterSection":"","visibleWithAllOf":[""],"hiddenWithAnyOf":[""],"items":[{"id":"3139","count":1,"hideCount":false},{"id":"3026","count":1,"hideCount":false},{"id":"3102","count":1,"hideCount":false},{"id":"3157","count":1,"hideCount":false}]},{"type":"consumables","recMath":false,"recSteps":false,"minSummonerLevel":-1,"maxSummonerLevel":-1,"showIfSummonerSpell":"","hideIfSummonerSpell":"","appendAfterSection":"","visibleWithAllOf":[""],"hiddenWithAnyOf":[""],"items":[{"id":"2003","count":1,"hideCount":true},{"id":"2140","count":1,"hideCount":true},{"id":"3363","count":1,"hideCount":true}]}]},{"champion":"Kaisa","title":"KaisaARAM","map":"HA","mode":"KINGPORO","type":"riot","customTag":"","sortrank":0,"extensionPage":false,"useObviousCheckmark":false,"customPanel":null,"blocks":[{"type":"KingPoroSnax","recMath":false,"recSteps":false,"minSummonerLevel":-1,"maxSummonerLevel":-1,"showIfSummonerSpell":"","hideIfSummonerSpell":"","items":[{"id":"3680","count":1,"hideCount":false},{"id":"3681","count":1,"hideCount":false},{"id":"3682","count":1,"hideCount":false},{"id":"3683","count":1,"hideCount":false},{"id":"3684","count":1,"hideCount":false},{"id":"3685","count":1,"hideCount":false}]},{"type":"starting","recMath":false,"recSteps":false,"minSummonerLevel":-1,"maxSummonerLevel":-1,"showIfSummonerSpell":"","hideIfSummonerSpell":"","appendAfterSection":"","visibleWithAllOf":[""],"hiddenWithAnyOf":[""],"items":[{"id":"3802","count":1,"hideCount":false},{"id":"2003","count":2,"hideCount":false}]},{"type":"essential","recMath":false,"recSteps":false,"minSummonerLevel":-1,"maxSummonerLevel":-1,"showIfSummonerSpell":"","hideIfSummonerSpell":"","appendAfterSection":"","visibleWithAllOf":[""],"hiddenWithAnyOf":[""],"items":[{"id":"3285","count":1,"hideCount":false},{"id":"3020","count":1,"hideCount":false},{"id":"3089","count":1,"hideCount":false}]},{"type":"offensive","recMath":false,"recSteps":false,"minSummonerLevel":-1,"maxSummonerLevel":-1,"showIfSummonerSpell":"","hideIfSummonerSpell":"","appendAfterSection":"","visibleWithAllOf":[""],"hiddenWithAnyOf":[""],"items":[{"id":"3100","count":1,"hideCount":false},{"id":"3124","count":1,"hideCount":false},{"id":"3135","count":1,"hideCount":false}]},{"type":"defensive","recMath":false,"recSteps":false,"minSummonerLevel":-1,"maxSummonerLevel":-1,"showIfSummonerSpell":"","hideIfSummonerSpell":"","appendAfterSection":"","visibleWithAllOf":[""],"hiddenWithAnyOf":[""],"items":[{"id":"3157","count":1,"hideCount":false},{"id":"3165","count":1,"hideCount":false},{"id":"3151","count":1,"hideCount":false}]},{"type":"offmeta","recMath":false,"recSteps":false,"minSummonerLevel":-1,"maxSummonerLevel":-1,"showIfSummonerSpell":"","hideIfSummonerSpell":"","appendAfterSection":"","visibleWithAllOf":[""],"hiddenWithAnyOf":[""],"items":[{"id":"3095","count":1,"hideCount":false},{"id":"3085","count":1,"hideCount":false},{"id":"3031","count":1,"hideCount":false}]},{"type":"consumables","recMath":false,"recSteps":false,"minSummonerLevel":-1,"maxSummonerLevel":-1,"showIfSummonerSpell":"","hideIfSummonerSpell":"","appendAfterSection":"","visibleWithAllOf":[""],"hiddenWithAnyOf":[""],"items":[{"id":"2033","count":1,"hideCount":false},{"id":"2140","count":1,"hideCount":false}]}]},{"champion":"Kaisa","title":"KaiSaSL","map":"NB","mode":"NEXUSBLITZ","type":"riot","customTag":"","sortrank":0,"extensionPage":false,"useObviousCheckmark":false,"customPanel":null,"blocks":[{"type":"startingjungle","recMath":false,"recSteps":false,"minSummonerLevel":-1,"maxSummonerLevel":-1,"showIfSummonerSpell":"SummonerSmite","hideIfSummonerSpell":"","appendAfterSection":"","visibleWithAllOf":[""],"hiddenWithAnyOf":[""],"items":[{"id":"4101","count":1,"hideCount":false},{"id":"2003","count":1,"hideCount":false},{"id":"3340","count":1,"hideCount":false}]},{"type":"starting","recMath":false,"recSteps":false,"minSummonerLevel":-1,"maxSummonerLevel":-1,"showIfSummonerSpell":"","hideIfSummonerSpell":"SummonerSmite","appendAfterSection":"","visibleWithAllOf":[""],"hiddenWithAnyOf":[""],"items":[{"id":"4202","count":1,"hideCount":false},{"id":"2003","count":1,"hideCount":false},{"id":"3340","count":1,"hideCount":false}]},{"type":"earlyjungle","recMath":false,"recSteps":false,"minSummonerLevel":-1,"maxSummonerLevel":-1,"showIfSummonerSpell":"SummonerSmite","hideIfSummonerSpell":"","appendAfterSection":"","visibleWithAllOf":[""],"hiddenWithAnyOf":[""],"items":[{"id":"3133","count":1,"hideCount":false},{"id":"1001","count":1,"hideCount":false}]},{"type":"early","recMath":false,"recSteps":false,"minSummonerLevel":-1,"maxSummonerLevel":-1,"showIfSummonerSpell":"","hideIfSummonerSpell":"SummonerSmite","appendAfterSection":"","visibleWithAllOf":[""],"hiddenWithAnyOf":[""],"items":[{"id":"1043","count":1,"hideCount":false},{"id":"1037","count":1,"hideCount":false},{"id":"1001","count":1,"hideCount":false}]},{"type":"essentialjungle","recMath":false,"recSteps":false,"minSummonerLevel":-1,"maxSummonerLevel":-1,"showIfSummonerSpell":"SummonerSmite","hideIfSummonerSpell":"","appendAfterSection":"","visibleWithAllOf":[""],"hiddenWithAnyOf":[""],"items":[{"id":"4102","count":1,"hideCount":false},{"id":"3124","count":1,"hideCount":false},{"id":"3006","count":1,"hideCount":false}]},{"type":"essential","recMath":false,"recSteps":false,"minSummonerLevel":-1,"maxSummonerLevel":-1,"showIfSummonerSpell":"","hideIfSummonerSpell":"SummonerSmite","appendAfterSection":"","visibleWithAllOf":[""],"hiddenWithAnyOf":[""],"items":[{"id":"3124","count":1,"hideCount":false},{"id":"3006","count":1,"hideCount":false}]},{"type":"ability_scaling","recMath":false,"recSteps":false,"minSummonerLevel":-1,"maxSummonerLevel":-1,"showIfSummonerSpell":"","hideIfSummonerSpell":"","appendAfterSection":"","visibleWithAllOf":[""],"hiddenWithAnyOf":[""],"items":[{"id":"3115","count":1,"hideCount":false},{"id":"3157","count":1,"hideCount":false},{"id":"3089","count":1,"hideCount":false}]},{"type":"situational","recMath":false,"recSteps":false,"minSummonerLevel":-1,"maxSummonerLevel":-1,"showIfSummonerSpell":"","hideIfSummonerSpell":"","appendAfterSection":"","visibleWithAllOf":[""],"hiddenWithAnyOf":[""],"items":[{"id":"3102","count":1,"hideCount":false},{"id":"3139","count":1,"hideCount":false},{"id":"3153","count":1,"hideCount":false},{"id":"3085","count":1,"hideCount":false},{"id":"3031","count":1,"hideCount":false}]},{"type":"consumables","recMath":false,"recSteps":false,"minSummonerLevel":-1,"maxSummonerLevel":-1,"showIfSummonerSpell":"","hideIfSummonerSpell":"","appendAfterSection":"","visibleWithAllOf":[""],"hiddenWithAnyOf":[""],"items":[{"id":"2003","count":1,"hideCount":true},{"id":"2140","count":1,"hideCount":true}]}]},{"champion":"Kaisa","title":"KaisaSR","map":"SR","mode":"CLASSIC","type":"riot","customTag":"","sortrank":0,"extensionPage":false,"useObviousCheckmark":false,"customPanel":null,"blocks":[{"type":"startingjungle","recMath":false,"recSteps":false,"minSummonerLevel":-1,"maxSummonerLevel":-1,"showIfSummonerSpell":"SummonerSmite","hideIfSummonerSpell":"","appendAfterSection":"","visibleWithAllOf":[""],"hiddenWithAnyOf":[""],"items":[{"id":"1041","count":1,"hideCount":false},{"id":"2031","count":1,"hideCount":false},{"id":"3340","count":1,"hideCount":false}]},{"type":"starting","recMath":false,"recSteps":false,"minSummonerLevel":-1,"maxSummonerLevel":-1,"showIfSummonerSpell":"","hideIfSummonerSpell":"SummonerSmite","appendAfterSection":"","visibleWithAllOf":[""],"hiddenWithAnyOf":[""],"items":[{"id":"1055","count":1,"hideCount":false},{"id":"2003","count":1,"hideCount":false},{"id":"3340","count":1,"hideCount":false}]},{"type":"earlyjungle","recMath":false,"recSteps":false,"minSummonerLevel":-1,"maxSummonerLevel":-1,"showIfSummonerSpell":"SummonerSmite","hideIfSummonerSpell":"","appendAfterSection":"","visibleWithAllOf":[""],"hiddenWithAnyOf":[""],"items":[{"id":"1043","count":1,"hideCount":false},{"id":"1001","count":1,"hideCount":false},{"id":"3715","count":1,"hideCount":false}]},{"type":"early","recMath":false,"recSteps":false,"minSummonerLevel":-1,"maxSummonerLevel":-1,"showIfSummonerSpell":"","hideIfSummonerSpell":"SummonerSmite","appendAfterSection":"","visibleWithAllOf":[""],"hiddenWithAnyOf":[""],"items":[{"id":"3070","count":1,"hideCount":false},{"id":"1001","count":1,"hideCount":false},{"id":"1037","count":1,"hideCount":false}]},{"type":"essentialjungle","recMath":false,"recSteps":false,"minSummonerLevel":-1,"maxSummonerLevel":-1,"showIfSummonerSpell":"SummonerSmite","hideIfSummonerSpell":"","appendAfterSection":"","visibleWithAllOf":[""],"hiddenWithAnyOf":[""],"items":[{"id":"3124","count":1,"hideCount":false},{"id":"3006","count":1,"hideCount":false},{"id":"1419","count":1,"hideCount":false}]},{"type":"essential","recMath":false,"recSteps":false,"minSummonerLevel":-1,"maxSummonerLevel":-1,"showIfSummonerSpell":"","hideIfSummonerSpell":"SummonerSmite","appendAfterSection":"","visibleWithAllOf":[""],"hiddenWithAnyOf":[""],"items":[{"id":"3004","count":1,"hideCount":false},{"id":"3006","count":1,"hideCount":false},{"id":"3124","count":1,"hideCount":false}]},{"type":"offensive","recMath":false,"recSteps":false,"minSummonerLevel":-1,"maxSummonerLevel":-1,"showIfSummonerSpell":"","hideIfSummonerSpell":"SummonerSmite","appendAfterSection":"","visibleWithAllOf":[""],"hiddenWithAnyOf":[""],"items":[{"id":"3115","count":1,"hideCount":false},{"id":"3085","count":1,"hideCount":false},{"id":"3031","count":1,"hideCount":false}]},{"type":"offensive","recMath":false,"recSteps":false,"minSummonerLevel":-1,"maxSummonerLevel":-1,"showIfSummonerSpell":"SummonerSmite","hideIfSummonerSpell":"","appendAfterSection":"","visibleWithAllOf":[""],"hiddenWithAnyOf":[""],"items":[{"id":"3085","count":1,"hideCount":false},{"id":"3031","count":1,"hideCount":false},{"id":"3115","count":1,"hideCount":false}]},{"type":"situational","recMath":false,"recSteps":false,"minSummonerLevel":-1,"maxSummonerLevel":-1,"showIfSummonerSpell":"","hideIfSummonerSpell":"","appendAfterSection":"","visibleWithAllOf":[""],"hiddenWithAnyOf":[""],"items":[{"id":"3139","count":1,"hideCount":false},{"id":"3046","count":1,"hideCount":false},{"id":"3026","count":1,"hideCount":false},{"id":"3102","count":1,"hideCount":false},{"id":"3157","count":1,"hideCount":false}]},{"type":"ability_scaling","recMath":false,"recSteps":false,"minSummonerLevel":-1,"maxSummonerLevel":-1,"showIfSummonerSpell":"","hideIfSummonerSpell":"","appendAfterSection":"","visibleWithAllOf":[""],"hiddenWithAnyOf":[""],"items":[{"id":"3285","count":1,"hideCount":false},{"id":"3100","count":1,"hideCount":false},{"id":"3020","count":1,"hideCount":false}]},{"type":"consumables","recMath":false,"recSteps":false,"minSummonerLevel":-1,"maxSummonerLevel":-1,"showIfSummonerSpell":"","hideIfSummonerSpell":"","appendAfterSection":"","visibleWithAllOf":[""],"hiddenWithAnyOf":[""],"items":[{"id":"2003","count":1,"hideCount":true},{"id":"2140","count":1,"hideCount":true}]}]}]}}}