{"type":"champion","format":"standAloneComplex","version":"10.15.1","data":{"Kalista":{"id":"Kalista","key":"429","name":"Kalista","title":"the Spear of Vengeance","image":{"full":"Kalista.png","sprite":"champion1.png","group":"champion","x":432,"y":48,"w":48,"h":48},"skins":[{"id":"429000","num":0,"name":"default","chromas":false},{"id":"429001","num":1,"name":"Blood Moon Kalista","chromas":false},{"id":"429002","num":2,"name":"Championship Kalista","chromas":true},{"id":"429003","num":3,"name":"SKT T1 Kalista","chromas":false}],"lore":"A specter of wrath and retribution, Kalista is the undying spirit of vengeance, an armored nightmare summoned from the Shadow Isles to hunt deceivers and traitors. The betrayed may cry out in blood to be avenged, but Kalista only answers those willing to pay with their very souls. Those who become the focus of Kalista's wrath should make their final peace, for any pact sealed with this grim hunter can only end with the cold, piercing fire of her soul-spears.","blurb":"A specter of wrath and retribution, Kalista is the undying spirit of vengeance, an armored nightmare summoned from the Shadow Isles to hunt deceivers and traitors. The betrayed may cry out in blood to be avenged, but Kalista only answers those willing...","allytips":["Rend is a valuable last hitting aid, since its cooldown resets if it kills a target. ","Entering a move order once to trigger Martial Poise will not clear Kalista's basic attack target.","Due to her passive, Kalista's Movement Speed is effectively increased by Attack Speed."],"enemytips":["Kalista's mobility is dependent upon attacking. This means it is low when she is outside of her attack range and that Attack Speed slows reduce the amount of distance she can cover in an engagement.","Kalista cannot cancel her basic attack wind up. While she is very mobile, this offers a window to land spells on her if you anticipate when she will begin attacking.","If you can break line of sight from Kalista, including through brush, her basic attacks will miss you, falling harmlessly to the ground."],"tags":["Marksman"],"partype":"Mana","info":{"attack":8,"defense":2,"magic":4,"difficulty":7},"stats":{"hp":534,"hpperlevel":100,"mp":250,"mpperlevel":45,"movespeed":325,"armor":21,"armorperlevel":4,"spellblock":30,"spellblockperlevel":0.5,"attackrange":525,"hpregen":3.75,"hpregenperlevel":0.55,"mpregen":6.3,"mpregenperlevel":0.4,"crit":0,"critperlevel":0,"attackdamage":69,"attackdamageperlevel":3.5,"attackspeedperlevel":4,"attackspeed":0.694},"spells":[{"id":"KalistaMysticShot","name":"Pierce","description":"Throw a fast moving spear that passes through enemies it kills.","tooltip":"Hurl a fast but narrow spear that deals {{ e1 }} <scaleAD>(+{{ a1 }})</scaleAD> physical damage. Triggers <span class=\"colorFFFFFF\"><i>Martial Poise</i> (P)</span>, <span class=\"colorFFFFFF\"><i>Sentinel</i> (W)</span>, and <span class=\"colorFFFFFF\"><i>Rend</i> (E)</span>.<br /><br /><scaleArmor>If it kills a target, </scaleArmor><span class=\"colorFFFFFF\"><i>Pierce</i></span><span class=\"colorFFFF00\"> continues onward, passing all stacks of <span class=\"colorFFFFFF\"><i>Rend</i></span> to the next target.</span>","leveltip":{"label":["@AbilityResourceName@ Cost","Damage"],"effect":["{{ cost }} -> {{ costNL }}","{{ e1 }} -> {{ e1NL }}"]},"maxrank":5,"cooldown":[8,8,8,8,8],"cooldownBurn":"8","cost":[50,55,60,65,70],"costBurn":"50/55/60/65/70","datavalues":{},"effect":[null,[20,85,150,215,280],[0,0,0,0,0],[0,0,0,0,0],[0,0,0,0,0],[0,0,0,0,0],[0,0,0,0,0],[0,0,0,0,0],[0,0,0,0,0],[0,0,0,0,0],[0,0,0,0,0]],"effectBurn":[null,"20/85/150/215/280","0","0","0","0","0","0","0","0","0"],"vars":[{"link":"attackdamage","coeff":1,"key":"a1"}],"costType":" {{ abilityresourcename }}","maxammo":"-1","range":[1150,1150,1150,1150,1150],"rangeBurn":"1150","image":{"full":"KalistaMysticShot.png","sprite":"spell5.png","group":"spell","x":0,"y":48,"w":48,"h":48},"resource":"{{ cost }} {{ abilityresourcename }}"},{"id":"KalistaW","name":"Sentinel","description":"Gain bonus damage when Kalista and her Oathsworn strike the same target. <br><br>Activate to send a soul to scout out the path, revealing the area in front of it.","tooltip":"<spellPassive>Passive: </spellPassive>When Kalista and her <i>Oathsworn</i> both basic attack the same target, she deals {{ e2 }}% of their max health as magic damage. {{ e7 }} second cooldown per target.<br /><br /><spellPassive>Active: </spellPassive>Send a soul Sentinel to patrol an unseen area. Champions spotted are revealed for 4 seconds. Sentinels last 3 laps.<br /><br />Kalista gains a charge of Sentinel every {{ e4 }} seconds.","leveltip":{"label":["Damage","Ammo Recharge"],"effect":["{{ e2 }}% -> {{ e2NL }}%","{{ e4 }} -> {{ e4NL }}"]},"maxrank":5,"cooldown":[30,30,30,30,30],"cooldownBurn":"30","cost":[0,0,0,0,0],"costBurn":"0","datavalues":{},"effect":[null,[80,80,80,80,80],[14,15,16,17,18],[125,150,175,200,225],[90,80,70,60,50],[0,0,0,0,0],[75,100,125,150,175],[10,10,10,10,10],[0,0,0,0,0],[0,0,0,0,0],[0,0,0,0,0]],"effectBurn":[null,"80","14/15/16/17/18","125/150/175/200/225","90/80/70/60/50","0","75/100/125/150/175","10","0","0","0"],"vars":[],"costType":"No Cost","maxammo":"2","range":[5000,5000,5000,5000,5000],"rangeBurn":"5000","image":{"full":"KalistaW.png","sprite":"spell5.png","group":"spell","x":48,"y":48,"w":48,"h":48},"resource":"No Cost"},{"id":"KalistaExpungeWrapper","name":"Rend","description":"Attacks impale their targets with spears. Activate to rip the spears out, slowing and dealing escalating damage.","tooltip":"<spellPassive>Passive: </spellPassive>Kalista's spears pierce their target, lingering for 4 seconds.<br /><br /><spellPassive>Active: </spellPassive>Rip the spears from nearby targets, dealing {{ e1 }} <scaleAD>(+{{ a1 }})</scaleAD> physical damage and slowing their Movement Speed by {{ e2 }}% for {{ e6 }} seconds.<br /><br />Each additional spear deals {{ e9 }} <scaleAD>(+{{ f4 }})</scaleAD> physical damage.<br /><br /><scaleArmor>If </scaleArmor><span class=\"colorFFFFFF\"><i>Rend</i></span><span class=\"colorFFFF00\"> kills at least one target, its cooldown is reset and it refunds <scaleMana>{{ e8 }}</scaleMana> mana.</span><br /><br /><rules>Rend deals {{ epicmonsterdamagemod*100 }}% damage to Epic Monsters.</rules>","leveltip":{"label":["Damage","Slow","Mana Refund","Cooldown"],"effect":["{{ e1 }} -> {{ e1NL }}","{{ e2 }}% -> {{ e2NL }}%","{{ e8 }} -> {{ e8NL }}","{{ e5 }} -> {{ e5NL }}"]},"maxrank":5,"cooldown":[0,0,0,0,0],"cooldownBurn":"0","cost":[30,30,30,30,30],"costBurn":"30","datavalues":{},"effect":[null,[20,30,40,50,60],[10,18,26,34,42],[0,0,0,0,0],[33,39.58,45.83,52.08,58.33],[14,12.5,11,9.5,8],[2,2,2,2,2],[254,254,254,254,254],[10,15,20,25,30],[10,14,19,25,32],[0,0,0,0,0]],"effectBurn":[null,"20/30/40/50/60","10/18/26/34/42","0","33/39.58/45.83/52.08/58.33","14/12.5/11/9.5/8","2","254","10/15/20/25/30","10/14/19/25/32","0"],"vars":[{"link":"attackdamage","coeff":0.6,"key":"a1"}],"costType":" {{ abilityresourcename }}","maxammo":"-1","range":[1000,1000,1000,1000,1000],"rangeBurn":"1000","image":{"full":"KalistaExpungeWrapper.png","sprite":"spell5.png","group":"spell","x":96,"y":48,"w":48,"h":48},"resource":"{{ cost }} {{ abilityresourcename }}"},{"id":"KalistaRx","name":"Fate's Call","description":"Kalista teleports the Oathsworn ally to herself. They gain the ability to dash toward a position, knocking enemy champions back.","tooltip":"Draw Kalista's <i>Oathsworn</i> to her. For up to 4 seconds, the Oathsworn is untargetable and pacified.<br /><br />The Oathsworn may mouse click to fly toward target position, stopping at the first enemy champion hit and knocking all enemies in a small radius back.<br /><br />Kalista's Oathsworn must be within 1100 units for her to cast this ability.","leveltip":{"label":["Cooldown","Knockup Duration"],"effect":["{{ cooldown }} -> {{ cooldownNL }}","{{ e2 }} -> {{ e2NL }}"]},"maxrank":3,"cooldown":[150,120,90],"cooldownBurn":"150/120/90","cost":[100,100,100],"costBurn":"100","datavalues":{},"effect":[null,[0,0,0],[1.5,1.75,2],[40,60,80],[0,0,0],[0,0,0],[0,0,0],[0,0,0],[0,0,0],[0,0,0],[0,0,0]],"effectBurn":[null,"0","1.5/1.75/2","40/60/80","0","0","0","0","0","0","0"],"vars":[],"costType":" {{ abilityresourcename }}","maxammo":"-1","range":[1000,1000,1000],"rangeBurn":"1000","image":{"full":"KalistaRx.png","sprite":"spell5.png","group":"spell","x":144,"y":48,"w":48,"h":48},"resource":"{{ cost }} {{ abilityresourcename }}"}],"passive":{"name":"Martial Poise","description":"Enter a movement command while winding up Kalista's basic attack or Pierce to lunge a short distance when she launches her attack.","image":{"full":"Kalista_Passive.png","sprite":"passive1.png","group":"passive","x":432,"y":48,"w":48,"h":48}},"recommended":[{"champion":"Kalista","title":"Beginner","map":"SR","mode":"INTRO","type":"riot","customTag":"","extensionPage":false,"customPanel":null,"blocks":[{"type":"beginner_starter","recMath":false,"recSteps":false,"minSummonerLevel":-1,"maxSummonerLevel":4,"showIfSummonerSpell":"","hideIfSummonerSpell":"","items":[{"id":"1055","count":1,"hideCount":false}]},{"type":"beginner_starter","recMath":false,"recSteps":false,"minSummonerLevel":5,"maxSummonerLevel":-1,"showIfSummonerSpell":"","hideIfSummonerSpell":"","items":[{"id":"1055","count":1,"hideCount":false},{"id":"2003","count":1,"hideCount":false}]},{"type":"beginner_advanced","recMath":true,"recSteps":false,"minSummonerLevel":-1,"maxSummonerLevel":-1,"showIfSummonerSpell":"","hideIfSummonerSpell":"","items":[{"id":"1036","count":1,"hideCount":false},{"id":"1053","count":1,"hideCount":false}]},{"type":"beginner_movementspeed","recMath":true,"recSteps":false,"minSummonerLevel":-1,"maxSummonerLevel":-1,"showIfSummonerSpell":"","hideIfSummonerSpell":"","items":[{"id":"1001","count":1,"hideCount":false},{"id":"1042","count":1,"hideCount":false},{"id":"3006","count":1,"hideCount":false}]},{"type":"beginner_legendaryitem","recMath":true,"recSteps":false,"minSummonerLevel":-1,"maxSummonerLevel":-1,"showIfSummonerSpell":"","hideIfSummonerSpell":"","items":[{"id":"1053","count":1,"hideCount":false},{"id":"1038","count":1,"hideCount":false},{"id":"3072","count":1,"hideCount":false}]},{"type":"beginner_morelegendaryitems","recMath":false,"recSteps":false,"minSummonerLevel":-1,"maxSummonerLevel":-1,"showIfSummonerSpell":"","hideIfSummonerSpell":"","items":[{"id":"3087","count":1,"hideCount":false},{"id":"3022","count":1,"hideCount":false},{"id":"3031","count":1,"hideCount":false},{"id":"3102","count":1,"hideCount":false}]}]},{"champion":"Kalista","title":"KalistaARAM","map":"HA","mode":"ARAM","type":"riot","customTag":"","sortrank":0,"extensionPage":false,"useObviousCheckmark":false,"customPanel":null,"blocks":[{"type":"starting","recMath":false,"recSteps":false,"minSummonerLevel":-1,"maxSummonerLevel":-1,"showIfSummonerSpell":"","hideIfSummonerSpell":"","appendAfterSection":"","visibleWithAllOf":[""],"hiddenWithAnyOf":[""],"items":[{"id":"1053","count":1,"hideCount":false},{"id":"1001","count":1,"hideCount":false},{"id":"2003","count":4,"hideCount":false}]},{"type":"essential","recMath":false,"recSteps":false,"minSummonerLevel":-1,"maxSummonerLevel":-1,"showIfSummonerSpell":"","hideIfSummonerSpell":"","appendAfterSection":"","visibleWithAllOf":[""],"hiddenWithAnyOf":[""],"items":[{"id":"3153","count":1,"hideCount":false},{"id":"3006","count":1,"hideCount":false},{"id":"3085","count":1,"hideCount":false}]},{"type":"offensive","recMath":false,"recSteps":false,"minSummonerLevel":-1,"maxSummonerLevel":-1,"showIfSummonerSpell":"","hideIfSummonerSpell":"","appendAfterSection":"","visibleWithAllOf":[""],"hiddenWithAnyOf":[""],"items":[{"id":"3072","count":1,"hideCount":false},{"id":"3046","count":1,"hideCount":false},{"id":"3036","count":1,"hideCount":false},{"id":"3124","count":1,"hideCount":false}]},{"type":"defensive","recMath":false,"recSteps":false,"minSummonerLevel":-1,"maxSummonerLevel":-1,"showIfSummonerSpell":"","hideIfSummonerSpell":"","appendAfterSection":"","visibleWithAllOf":[""],"hiddenWithAnyOf":[""],"items":[{"id":"3139","count":1,"hideCount":false},{"id":"3091","count":1,"hideCount":false},{"id":"3812","count":1,"hideCount":false}]},{"type":"consumables","recMath":false,"recSteps":false,"minSummonerLevel":-1,"maxSummonerLevel":-1,"showIfSummonerSpell":"","hideIfSummonerSpell":"","appendAfterSection":"","visibleWithAllOf":[""],"hiddenWithAnyOf":[""],"items":[{"id":"2003","count":1,"hideCount":true},{"id":"2140","count":1,"hideCount":true}]}]},{"champion":"Kalista","title":"KalistaFIRSTBLOOD","map":"HA","mode":"FIRSTBLOOD","type":"riot","customTag":"","extensionPage":false,"customPanel":null,"blocks":[{"type":"starting","recMath":false,"recSteps":false,"minSummonerLevel":-1,"maxSummonerLevel":-1,"showIfSummonerSpell":"","hideIfSummonerSpell":"","items":[{"id":"1055","count":1,"hideCount":false},{"id":"2003","count":1,"hideCount":false},{"id":"3340","count":1,"hideCount":false}]},{"type":"early","recMath":false,"recSteps":false,"minSummonerLevel":-1,"maxSummonerLevel":-1,"showIfSummonerSpell":"","hideIfSummonerSpell":"","items":[{"id":"3144","count":1,"hideCount":false},{"id":"1043","count":1,"hideCount":false},{"id":"1001","count":1,"hideCount":false}]},{"type":"essential","recMath":false,"recSteps":false,"minSummonerLevel":-1,"maxSummonerLevel":-1,"showIfSummonerSpell":"","hideIfSummonerSpell":"","items":[{"id":"3153","count":1,"hideCount":false},{"id":"3006","count":1,"hideCount":false}]},{"type":"offensive","recMath":false,"recSteps":false,"minSummonerLevel":-1,"maxSummonerLevel":-1,"showIfSummonerSpell":"","hideIfSummonerSpell":"","items":[{"id":"3046","count":1,"hideCount":false},{"id":"3085","count":1,"hideCount":false}]},{"type":"situational","recMath":false,"recSteps":false,"minSummonerLevel":-1,"maxSummonerLevel":-1,"showIfSummonerSpell":"","hideIfSummonerSpell":"","items":[{"id":"3036","count":1,"hideCount":false},{"id":"3033","count":1,"hideCount":false},{"id":"3072","count":1,"hideCount":false},{"id":"3139","count":1,"hideCount":false},{"id":"3812","count":1,"hideCount":false},{"id":"3026","count":1,"hideCount":false}]},{"type":"consumables","recMath":false,"recSteps":false,"minSummonerLevel":-1,"maxSummonerLevel":-1,"showIfSummonerSpell":"","hideIfSummonerSpell":"","items":[{"id":"2003","count":1,"hideCount":true},{"id":"2031","count":1,"hideCount":true},{"id":"2043","count":1,"hideCount":true},{"id":"2140","count":1,"hideCount":true},{"id":"3363","count":1,"hideCount":true}]}]},{"champion":"Kalista","title":"KalistaARAM","map":"HA","mode":"KINGPORO","type":"riot","customTag":"","sortrank":0,"extensionPage":false,"useObviousCheckmark":false,"customPanel":null,"blocks":[{"type":"KingPoroSnax","recMath":false,"recSteps":false,"minSummonerLevel":-1,"maxSummonerLevel":-1,"showIfSummonerSpell":"","hideIfSummonerSpell":"","items":[{"id":"3680","count":1,"hideCount":false},{"id":"3681","count":1,"hideCount":false},{"id":"3682","count":1,"hideCount":false},{"id":"3683","count":1,"hideCount":false},{"id":"3684","count":1,"hideCount":false},{"id":"3685","count":1,"hideCount":false}]},{"type":"starting","recMath":false,"recSteps":false,"minSummonerLevel":-1,"maxSummonerLevel":-1,"showIfSummonerSpell":"","hideIfSummonerSpell":"","appendAfterSection":"","visibleWithAllOf":[""],"hiddenWithAnyOf":[""],"items":[{"id":"1053","count":1,"hideCount":false},{"id":"1001","count":1,"hideCount":false},{"id":"2003","count":4,"hideCount":false}]},{"type":"essential","recMath":false,"recSteps":false,"minSummonerLevel":-1,"maxSummonerLevel":-1,"showIfSummonerSpell":"","hideIfSummonerSpell":"","appendAfterSection":"","visibleWithAllOf":[""],"hiddenWithAnyOf":[""],"items":[{"id":"3153","count":1,"hideCount":false},{"id":"3006","count":1,"hideCount":false},{"id":"3085","count":1,"hideCount":false}]},{"type":"offensive","recMath":false,"recSteps":false,"minSummonerLevel":-1,"maxSummonerLevel":-1,"showIfSummonerSpell":"","hideIfSummonerSpell":"","appendAfterSection":"","visibleWithAllOf":[""],"hiddenWithAnyOf":[""],"items":[{"id":"3072","count":1,"hideCount":false},{"id":"3046","count":1,"hideCount":false},{"id":"3036","count":1,"hideCount":false},{"id":"3124","count":1,"hideCount":false}]},{"type":"defensive","recMath":false,"recSteps":false,"minSummonerLevel":-1,"maxSummonerLevel":-1,"showIfSummonerSpell":"","hideIfSummonerSpell":"","appendAfterSection":"","visibleWithAllOf":[""],"hiddenWithAnyOf":[""],"items":[{"id":"3139","count":1,"hideCount":false},{"id":"3091","count":1,"hideCount":false},{"id":"3812","count":1,"hideCount":false}]},{"type":"consumables","recMath":false,"recSteps":false,"minSummonerLevel":-1,"maxSummonerLevel":-1,"showIfSummonerSpell":"","hideIfSummonerSpell":"","appendAfterSection":"","visibleWithAllOf":[""],"hiddenWithAnyOf":[""],"items":[{"id":"2003","count":1,"hideCount":true},{"id":"2140","count":1,"hideCount":true}]}]},{"champion":"Kalista","title":"KalistaSL","map":"NB","mode":"NEXUSBLITZ","type":"riot","customTag":"","sortrank":0,"extensionPage":false,"useObviousCheckmark":false,"customPanel":null,"blocks":[{"type":"starting","recMath":false,"recSteps":false,"minSummonerLevel":-1,"maxSummonerLevel":-1,"showIfSummonerSpell":"","hideIfSummonerSpell":"SummonerSmite","appendAfterSection":"","visibleWithAllOf":[""],"hiddenWithAnyOf":[""],"items":[{"id":"4202","count":1,"hideCount":false},{"id":"2003","count":1,"hideCount":false},{"id":"3340","count":1,"hideCount":false}]},{"type":"startingjungle","recMath":false,"recSteps":false,"minSummonerLevel":-1,"maxSummonerLevel":-1,"showIfSummonerSpell":"SummonerSmite","hideIfSummonerSpell":"","appendAfterSection":"","visibleWithAllOf":[""],"hiddenWithAnyOf":[""],"items":[{"id":"4101","count":1,"hideCount":false},{"id":"2003","count":1,"hideCount":false},{"id":"3340","count":1,"hideCount":false}]},{"type":"early","recMath":false,"recSteps":false,"minSummonerLevel":-1,"maxSummonerLevel":-1,"showIfSummonerSpell":"","hideIfSummonerSpell":"SummonerSmite","appendAfterSection":"","visibleWithAllOf":[""],"hiddenWithAnyOf":[""],"items":[{"id":"3144","count":1,"hideCount":false},{"id":"1043","count":1,"hideCount":false},{"id":"1001","count":1,"hideCount":false}]},{"type":"earlyjungle","recMath":false,"recSteps":false,"minSummonerLevel":-1,"maxSummonerLevel":-1,"showIfSummonerSpell":"SummonerSmite","hideIfSummonerSpell":"","appendAfterSection":"","visibleWithAllOf":[""],"hiddenWithAnyOf":[""],"items":[{"id":"1043","count":1,"hideCount":false},{"id":"1001","count":1,"hideCount":false}]},{"type":"essential","recMath":false,"recSteps":false,"minSummonerLevel":-1,"maxSummonerLevel":-1,"showIfSummonerSpell":"","hideIfSummonerSpell":"SummonerSmite","appendAfterSection":"","visibleWithAllOf":[""],"hiddenWithAnyOf":[""],"items":[{"id":"3153","count":1,"hideCount":false},{"id":"3085","count":1,"hideCount":false},{"id":"3006","count":1,"hideCount":false}]},{"type":"essentialjungle","recMath":false,"recSteps":false,"minSummonerLevel":-1,"maxSummonerLevel":-1,"showIfSummonerSpell":"SummonerSmite","hideIfSummonerSpell":"","appendAfterSection":"","visibleWithAllOf":[""],"hiddenWithAnyOf":[""],"items":[{"id":"4105","count":1,"hideCount":false},{"id":"3085","count":1,"hideCount":false},{"id":"3006","count":1,"hideCount":false}]},{"type":"offensive","recMath":false,"recSteps":false,"minSummonerLevel":-1,"maxSummonerLevel":-1,"showIfSummonerSpell":"","hideIfSummonerSpell":"","appendAfterSection":"","visibleWithAllOf":[""],"hiddenWithAnyOf":[""],"items":[{"id":"3036","count":1,"hideCount":false},{"id":"3072","count":1,"hideCount":false},{"id":"3031","count":1,"hideCount":false},{"id":"3046","count":1,"hideCount":false}]},{"type":"situational","recMath":false,"recSteps":false,"minSummonerLevel":-1,"maxSummonerLevel":-1,"showIfSummonerSpell":"","hideIfSummonerSpell":"","appendAfterSection":"","visibleWithAllOf":[""],"hiddenWithAnyOf":[""],"items":[{"id":"3139","count":1,"hideCount":false},{"id":"3156","count":1,"hideCount":false}]},{"type":"consumables","recMath":false,"recSteps":false,"minSummonerLevel":-1,"maxSummonerLevel":-1,"showIfSummonerSpell":"","hideIfSummonerSpell":"","appendAfterSection":"","visibleWithAllOf":[""],"hiddenWithAnyOf":[""],"items":[{"id":"2003","count":1,"hideCount":true},{"id":"2140","count":1,"hideCount":true}]}]},{"champion":"Kalista","title":"KalistaSR","map":"SR","mode":"CLASSIC","type":"riot","customTag":"","sortrank":0,"extensionPage":false,"useObviousCheckmark":false,"customPanel":null,"blocks":[{"type":"starting","recMath":false,"recSteps":false,"minSummonerLevel":-1,"maxSummonerLevel":-1,"showIfSummonerSpell":"","hideIfSummonerSpell":"","appendAfterSection":"","visibleWithAllOf":[""],"hiddenWithAnyOf":[""],"items":[{"id":"1055","count":1,"hideCount":false},{"id":"2003","count":1,"hideCount":false},{"id":"3340","count":1,"hideCount":false}]},{"type":"early","recMath":false,"recSteps":false,"minSummonerLevel":-1,"maxSummonerLevel":-1,"showIfSummonerSpell":"","hideIfSummonerSpell":"","appendAfterSection":"","visibleWithAllOf":[""],"hiddenWithAnyOf":[""],"items":[{"id":"3144","count":1,"hideCount":false},{"id":"1043","count":1,"hideCount":false},{"id":"1001","count":1,"hideCount":false}]},{"type":"essential","recMath":false,"recSteps":false,"minSummonerLevel":-1,"maxSummonerLevel":-1,"showIfSummonerSpell":"","hideIfSummonerSpell":"","appendAfterSection":"","visibleWithAllOf":[""],"hiddenWithAnyOf":[""],"items":[{"id":"3153","count":1,"hideCount":false},{"id":"3085","count":1,"hideCount":false},{"id":"3006","count":1,"hideCount":false}]},{"type":"offensive","recMath":false,"recSteps":false,"minSummonerLevel":-1,"maxSummonerLevel":-1,"showIfSummonerSpell":"","hideIfSummonerSpell":"","appendAfterSection":"","visibleWithAllOf":[""],"hiddenWithAnyOf":[""],"items":[{"id":"3072","count":1,"hideCount":false},{"id":"3124","count":1,"hideCount":false},{"id":"3091","count":1,"hideCount":false}]},{"type":"situational","recMath":false,"recSteps":false,"minSummonerLevel":-1,"maxSummonerLevel":-1,"showIfSummonerSpell":"","hideIfSummonerSpell":"","appendAfterSection":"","visibleWithAllOf":[""],"hiddenWithAnyOf":[""],"items":[{"id":"3026","count":1,"hideCount":false},{"id":"3139","count":1,"hideCount":false},{"id":"3046","count":1,"hideCount":false}]},{"type":"consumables","recMath":false,"recSteps":false,"minSummonerLevel":-1,"maxSummonerLevel":-1,"showIfSummonerSpell":"","hideIfSummonerSpell":"","appendAfterSection":"","visibleWithAllOf":[""],"hiddenWithAnyOf":[""],"items":[{"id":"2003","count":1,"hideCount":true},{"id":"2140","count":1,"hideCount":true}]}]}]}}}