{"type":"champion","format":"standAloneComplex","version":"10.15.1","data":{"Kassadin":{"id":"Kassadin","key":"38","name":"Kassadin","title":"the Void Walker","image":{"full":"Kassadin.png","sprite":"champion1.png","group":"champion","x":96,"y":96,"w":48,"h":48},"skins":[{"id":"38000","num":0,"name":"default","chromas":false},{"id":"38001","num":1,"name":"Festival Kassadin","chromas":false},{"id":"38002","num":2,"name":"Deep One Kassadin","chromas":false},{"id":"38003","num":3,"name":"Pre-Void Kassadin","chromas":false},{"id":"38004","num":4,"name":"Harbinger Kassadin","chromas":false},{"id":"38005","num":5,"name":"Cosmic Reaver Kassadin","chromas":false},{"id":"38006","num":6,"name":"Count Kassadin","chromas":true}],"lore":"Cutting a burning swath through the darkest places of the world, Kassadin knows his days are numbered. A widely traveled Shuriman guide and adventurer, he had chosen to raise a family among the peaceful southern tribes—until the day his village was consumed by the Void. He vowed vengeance, combining a number of arcane artifacts and forbidden technologies for the struggle ahead. Finally, Kassadin set out for the wastelands of Icathia, ready to face any monstrous Void-construct in his search for their self-proclaimed prophet, Malzahar.","blurb":"Cutting a burning swath through the darkest places of the world, Kassadin knows his days are numbered. A widely traveled Shuriman guide and adventurer, he had chosen to raise a family among the peaceful southern tribes—until the day his village was...","allytips":["Kassadin has multiple item paths; he can go caster via Mana and Ability Power or anti-caster with Cooldown Reduction and Magic Resist.","Kassadin's ultimate has many uses and is on a shorter cooldown than most, use it often.","Try to get the Ancient Golem buff to counteract Riftwalk's increasing Mana cost."],"enemytips":["Kassadin deals mostly magic damage. If he's doing well consider buying magic resist items like Mercury's Treads and Banshee's Veil.","Each time Kassadin consecutively uses Riftwalk, he pays more and more mana. Keep this in mind as you chase him.","It takes 6 spell casts for Kassadin's slow, Force Pulse, to become castable. If he levels up that ability, judiciously use your own skills while laning against him."],"tags":["Assassin","Mage"],"partype":"Mana","info":{"attack":3,"defense":5,"magic":8,"difficulty":8},"stats":{"hp":576,"hpperlevel":90,"mp":397.6,"mpperlevel":67,"movespeed":335,"armor":19,"armorperlevel":2.8,"spellblock":30,"spellblockperlevel":0.5,"attackrange":150,"hpregen":6,"hpregenperlevel":0.5,"mpregen":6,"mpregenperlevel":0.8,"crit":0,"critperlevel":0,"attackdamage":58.852,"attackdamageperlevel":3.9,"attackspeedperlevel":3.7,"attackspeed":0.64},"spells":[{"id":"NullLance","name":"Null Sphere","description":"Kassadin fires an orb of void energy at a target, dealing damage and interrupting channels. The excess energy forms around himself, granting a temporary shield that absorbs magic damage.","tooltip":"Kassadin fires an orb of void energy that deals {{ e1 }} <scaleAP>(+{{ a1 }})</scaleAP> magic damage and interrupts channels.<br /><br />The excess energy forms around himself, granting a shield that absorbs {{ e3 }} <scaleAP>(+{{ a2 }})</scaleAP> magic damage for {{ e4 }} seconds.","leveltip":{"label":["Damage","Shield Amount","@AbilityResourceName@ Cost","Cooldown"],"effect":["{{ e1 }} -> {{ e1NL }}","{{ e3 }} -> {{ e3NL }}","{{ cost }} -> {{ costNL }}","{{ cooldown }} -> {{ cooldownNL }}"]},"maxrank":5,"cooldown":[11,10.5,10,9.5,9],"cooldownBurn":"11/10.5/10/9.5/9","cost":[70,75,80,85,90],"costBurn":"70/75/80/85/90","datavalues":{},"effect":[null,[65,95,125,155,185],[0,0,0,0,0],[60,85,110,135,160],[1.5,1.5,1.5,1.5,1.5],[0,0,0,0,0],[0,0,0,0,0],[0,0,0,0,0],[0,0,0,0,0],[0,0,0,0,0],[0,0,0,0,0]],"effectBurn":[null,"65/95/125/155/185","0","60/85/110/135/160","1.5","0","0","0","0","0","0"],"vars":[{"link":"spelldamage","coeff":0.7,"key":"a1"},{"link":"spelldamage","coeff":0.3,"key":"a2"}],"costType":" {{ abilityresourcename }}","maxammo":"-1","range":[650,650,650,650,650],"rangeBurn":"650","image":{"full":"NullLance.png","sprite":"spell5.png","group":"spell","x":96,"y":96,"w":48,"h":48},"resource":"{{ cost }} {{ abilityresourcename }}"},{"id":"NetherBlade","name":"Nether Blade","description":"Passive: Kassadin's basic attacks deal bonus magic damage. Active: Kassadin's next basic attack deals significant bonus magic damage and restores Mana.","tooltip":"<spellPassive>Passive: </spellPassive>Kassadin's basic attacks draw energy from the void, dealing {{ e2 }} <scaleAP>(+{{ a1 }})</scaleAP> bonus magic damage.<br /><br /><spellPassive>Active: </spellPassive>Kassadin charges his Nether Blade, causing his next basic attack to deal {{ e3 }} <scaleAP>(+{{ a2 }})</scaleAP> bonus magic damage and restore <scaleMana>{{ e1 }}% of his missing Mana</scaleMana> (increases to <scaleMana>{{ e4 }}%</scaleMana> against champions).","leveltip":{"label":["Active Damage","Base Mana Restore","Champion Mana Restore"],"effect":["{{ e3 }} -> {{ e3NL }}","{{ e1 }}% -> {{ e1NL }}%","{{ e4 }}% -> {{ e4NL }}%"]},"maxrank":5,"cooldown":[7,7,7,7,7],"cooldownBurn":"7","cost":[1,1,1,1,1],"costBurn":"1","datavalues":{},"effect":[null,[4,4.5,5,5.5,6],[20,20,20,20,20],[70,95,120,145,170],[20,22.5,25,27.5,30],[0,0,0,0,0],[0,0,0,0,0],[0,0,0,0,0],[0,0,0,0,0],[0,0,0,0,0],[0,0,0,0,0]],"effectBurn":[null,"4/4.5/5/5.5/6","20","70/95/120/145/170","20/22.5/25/27.5/30","0","0","0","0","0","0"],"vars":[{"link":"spelldamage","coeff":0.1,"key":"a1"},{"link":"spelldamage","coeff":0.8,"key":"a2"}],"costType":" {{ abilityresourcename }}","maxammo":"-1","range":[1,1,1,1,1],"rangeBurn":"1","image":{"full":"NetherBlade.png","sprite":"spell5.png","group":"spell","x":144,"y":96,"w":48,"h":48},"resource":"{{ cost }} {{ abilityresourcename }}"},{"id":"ForcePulse","name":"Force Pulse","description":"Kassadin draws energy from spells cast in his vicinity. Upon charging up, Kassadin can use Force Pulse to damage and slow enemies in a cone in front of him.","tooltip":"Kassadin draws energy from spells cast in his vicinity, gaining a charge whenever a spell is cast near him.<br /><br />Upon reaching 6 charges, Kassadin can use Force Pulse to deal {{ e1 }} <scaleAP>(+{{ a1 }})</scaleAP> magic damage and slow enemies by {{ e2 }}% for {{ e3 }} second in a cone in front of him.","leveltip":{"label":["Damage","Slow","@AbilityResourceName@ Cost"],"effect":["{{ e1 }} -> {{ e1NL }}","{{ e2 }}% -> {{ e2NL }}%","{{ cost }} -> {{ costNL }}"]},"maxrank":5,"cooldown":[5,5,5,5,5],"cooldownBurn":"5","cost":[60,65,70,75,80],"costBurn":"60/65/70/75/80","datavalues":{},"effect":[null,[80,105,130,155,180],[50,60,70,80,90],[1,1,1,1,1],[0,0,0,0,0],[0,0,0,0,0],[0,0,0,0,0],[0,0,0,0,0],[0,0,0,0,0],[0,0,0,0,0],[0,0,0,0,0]],"effectBurn":[null,"80/105/130/155/180","50/60/70/80/90","1","0","0","0","0","0","0","0"],"vars":[{"link":"spelldamage","coeff":0.8,"key":"a1"}],"costType":" {{ abilityresourcename }}","maxammo":"-1","range":[400,400,400,400,400],"rangeBurn":"400","image":{"full":"ForcePulse.png","sprite":"spell5.png","group":"spell","x":192,"y":96,"w":48,"h":48},"resource":"{{ cost }} {{ abilityresourcename }}"},{"id":"RiftWalk","name":"Riftwalk","description":"Kassadin teleports to a nearby location dealing damage to nearby enemy units. Multiple Riftwalks in a short period of time cost additional Mana but also deal additional damage.","tooltip":"Kassadin teleports to a nearby location dealing {{ e1 }} <scaleMana>(+{{ f2 }})</scaleMana> <scaleAP>(+{{ a1 }})</scaleAP> magic damage to surrounding enemy units.<br /><br />Each subsequent Riftwalk within the next {{ e2 }} seconds doubles the Mana cost and deals an additional {{ e3 }} <scaleMana>(+{{ f1 }})</scaleMana> <scaleAP>(+{{ f3 }})</scaleAP> magic damage per stack, stacking up to {{ e6 }} times.","leveltip":{"label":["Damage","Damage Per Stack","Cooldown"],"effect":["{{ e1 }} -> {{ e1NL }}","{{ e3 }} -> {{ e3NL }}","{{ cooldown }} -> {{ cooldownNL }}"]},"maxrank":3,"cooldown":[5,3.5,2],"cooldownBurn":"5/3.5/2","cost":[50,50,50],"costBurn":"50","datavalues":{},"effect":[null,[80,100,120],[15,15,15],[40,50,60],[1,1,1],[0,0,0],[4,4,4],[2,2,2],[0,0,0],[0,0,0],[0,0,0]],"effectBurn":[null,"80/100/120","15","40/50/60","1","0","4","2","0","0","0"],"vars":[{"link":"spelldamage","coeff":0.4,"key":"a1"}],"costType":" {{ abilityresourcename }}","maxammo":"-1","range":[500,500,500],"rangeBurn":"500","image":{"full":"RiftWalk.png","sprite":"spell5.png","group":"spell","x":240,"y":96,"w":48,"h":48},"resource":"{{ cost }} {{ abilityresourcename }}"}],"passive":{"name":"Void Stone","description":"Kassadin takes 15% reduced magic damage and ignores unit collision.","image":{"full":"Kassadin_Passive.png","sprite":"passive1.png","group":"passive","x":96,"y":96,"w":48,"h":48}},"recommended":[{"champion":"Kassadin","title":"Beginner","map":"SR","mode":"INTRO","type":"riot","customTag":"","extensionPage":false,"customPanel":null,"blocks":[{"type":"beginner_starter","recMath":false,"recSteps":false,"minSummonerLevel":-1,"maxSummonerLevel":4,"showIfSummonerSpell":"","hideIfSummonerSpell":"","items":[{"id":"1056","count":1,"hideCount":false}]},{"type":"beginner_starter","recMath":false,"recSteps":false,"minSummonerLevel":5,"maxSummonerLevel":-1,"showIfSummonerSpell":"","hideIfSummonerSpell":"","items":[{"id":"1056","count":1,"hideCount":false},{"id":"2003","count":1,"hideCount":false}]},{"type":"beginner_advanced","recMath":true,"recSteps":false,"minSummonerLevel":-1,"maxSummonerLevel":-1,"showIfSummonerSpell":"","hideIfSummonerSpell":"","items":[{"id":"1028","count":1,"hideCount":false},{"id":"1027","count":1,"hideCount":false},{"id":"3010","count":1,"hideCount":false}]},{"type":"beginner_movementspeed","recMath":true,"recSteps":false,"minSummonerLevel":-1,"maxSummonerLevel":-1,"showIfSummonerSpell":"","hideIfSummonerSpell":"","items":[{"id":"1001","count":1,"hideCount":false},{"id":"3020","count":1,"hideCount":false}]},{"type":"beginner_legendaryitem","recMath":true,"recSteps":false,"minSummonerLevel":-1,"maxSummonerLevel":-1,"showIfSummonerSpell":"","hideIfSummonerSpell":"","items":[{"id":"3010","count":1,"hideCount":false},{"id":"1026","count":1,"hideCount":false},{"id":"3027","count":1,"hideCount":false}]},{"type":"beginner_morelegendaryitems","recMath":false,"recSteps":false,"minSummonerLevel":-1,"maxSummonerLevel":-1,"showIfSummonerSpell":"","hideIfSummonerSpell":"","items":[{"id":"3165","count":1,"hideCount":false},{"id":"3100","count":1,"hideCount":false},{"id":"3089","count":1,"hideCount":false}]}]},{"champion":"Kassadin","title":"KassadinARAM","map":"HA","mode":"ARAM","type":"riot","customTag":"","sortrank":0,"extensionPage":false,"customPanel":null,"blocks":[{"type":"starting","recMath":false,"recSteps":false,"minSummonerLevel":-1,"maxSummonerLevel":-1,"showIfSummonerSpell":"","hideIfSummonerSpell":"","appendAfterSection":"","visibleWithAllOf":[""],"hiddenWithAnyOf":[""],"items":[{"id":"3073","count":1,"hideCount":false},{"id":"1001","count":1,"hideCount":false},{"id":"2003","count":5,"hideCount":false}]},{"type":"essential","recMath":false,"recSteps":false,"minSummonerLevel":-1,"maxSummonerLevel":-1,"showIfSummonerSpell":"","hideIfSummonerSpell":"","appendAfterSection":"","visibleWithAllOf":[""],"hiddenWithAnyOf":[""],"items":[{"id":"3029","count":1,"hideCount":false},{"id":"3007","count":1,"hideCount":false},{"id":"3158","count":1,"hideCount":false}]},{"type":"offensive","recMath":false,"recSteps":false,"minSummonerLevel":-1,"maxSummonerLevel":-1,"showIfSummonerSpell":"","hideIfSummonerSpell":"","appendAfterSection":"","visibleWithAllOf":[""],"hiddenWithAnyOf":[""],"items":[{"id":"3100","count":1,"hideCount":false},{"id":"3089","count":1,"hideCount":false},{"id":"3135","count":1,"hideCount":false}]},{"type":"defensive","recMath":false,"recSteps":false,"minSummonerLevel":-1,"maxSummonerLevel":-1,"showIfSummonerSpell":"","hideIfSummonerSpell":"","appendAfterSection":"","visibleWithAllOf":[""],"hiddenWithAnyOf":[""],"items":[{"id":"3157","count":1,"hideCount":false},{"id":"3102","count":1,"hideCount":false},{"id":"3001","count":1,"hideCount":false}]},{"type":"consumables","recMath":false,"recSteps":false,"minSummonerLevel":-1,"maxSummonerLevel":-1,"showIfSummonerSpell":"","hideIfSummonerSpell":"","appendAfterSection":"","visibleWithAllOf":[""],"hiddenWithAnyOf":[""],"items":[{"id":"2003","count":1,"hideCount":true},{"id":"2139","count":1,"hideCount":true}]}]},{"champion":"Kassadin","title":"KassadinFIRSTBLOOD","map":"HA","mode":"FIRSTBLOOD","type":"riot","customTag":"","extensionPage":false,"customPanel":null,"blocks":[{"type":"starting","recMath":false,"recSteps":false,"minSummonerLevel":-1,"maxSummonerLevel":-1,"showIfSummonerSpell":"","hideIfSummonerSpell":"SummonerSmite","items":[{"id":"2033","count":1,"hideCount":false},{"id":"3340","count":1,"hideCount":false}]},{"type":"startingjungle","recMath":false,"recSteps":false,"minSummonerLevel":-1,"maxSummonerLevel":-1,"showIfSummonerSpell":"SummonerSmite","hideIfSummonerSpell":"","items":[{"id":"1041","count":1,"hideCount":false},{"id":"2003","count":3,"hideCount":false}]},{"type":"early","recMath":false,"recSteps":false,"minSummonerLevel":-1,"maxSummonerLevel":-1,"showIfSummonerSpell":"","hideIfSummonerSpell":"SummonerSmite","items":[{"id":"3010","count":1,"hideCount":false},{"id":"1001","count":1,"hideCount":false}]},{"type":"early","recMath":false,"recSteps":false,"minSummonerLevel":-1,"maxSummonerLevel":-1,"showIfSummonerSpell":"SummonerSmite","hideIfSummonerSpell":"","items":[{"id":"3706","count":1,"hideCount":false},{"id":"2032","count":1,"hideCount":false},{"id":"1001","count":1,"hideCount":false}]},{"type":"essential","recMath":false,"recSteps":false,"minSummonerLevel":-1,"maxSummonerLevel":-1,"showIfSummonerSpell":"","hideIfSummonerSpell":"","items":[{"id":"3027","count":1,"hideCount":false},{"id":"3158","count":1,"hideCount":false}]},{"type":"standard","recMath":false,"recSteps":false,"minSummonerLevel":-1,"maxSummonerLevel":-1,"showIfSummonerSpell":"","hideIfSummonerSpell":"","items":[{"id":"3003","count":1,"hideCount":false},{"id":"3157","count":1,"hideCount":false},{"id":"3174","count":1,"hideCount":false}]},{"type":"situational","recMath":false,"recSteps":false,"minSummonerLevel":-1,"maxSummonerLevel":-1,"showIfSummonerSpell":"","hideIfSummonerSpell":"SummonerSmite","items":[{"id":"3100","count":1,"hideCount":false},{"id":"3001","count":1,"hideCount":false},{"id":"3135","count":1,"hideCount":false}]},{"type":"situational","recMath":false,"recSteps":false,"minSummonerLevel":-1,"maxSummonerLevel":-1,"showIfSummonerSpell":"SummonerSmite","hideIfSummonerSpell":"","items":[{"id":"3001","count":1,"hideCount":false},{"id":"3151","count":1,"hideCount":false},{"id":"3135","count":1,"hideCount":false}]},{"type":"consumables","recMath":false,"recSteps":false,"minSummonerLevel":-1,"maxSummonerLevel":-1,"showIfSummonerSpell":"","hideIfSummonerSpell":"SummonerOdinPromote","items":[{"id":"2003","count":1,"hideCount":true},{"id":"2043","count":1,"hideCount":true},{"id":"2139","count":1,"hideCount":true}]}]},{"champion":"Kassadin","title":"KassadinARAM","map":"HA","mode":"KINGPORO","type":"riot","customTag":"","sortrank":0,"extensionPage":false,"customPanel":null,"blocks":[{"type":"KingPoroSnax","recMath":false,"recSteps":false,"minSummonerLevel":-1,"maxSummonerLevel":-1,"showIfSummonerSpell":"","hideIfSummonerSpell":"","items":[{"id":"3680","count":1,"hideCount":false},{"id":"3681","count":1,"hideCount":false},{"id":"3682","count":1,"hideCount":false},{"id":"3683","count":1,"hideCount":false},{"id":"3684","count":1,"hideCount":false},{"id":"3685","count":1,"hideCount":false}]},{"type":"starting","recMath":false,"recSteps":false,"minSummonerLevel":-1,"maxSummonerLevel":-1,"showIfSummonerSpell":"","hideIfSummonerSpell":"","appendAfterSection":"","visibleWithAllOf":[""],"hiddenWithAnyOf":[""],"items":[{"id":"3073","count":1,"hideCount":false},{"id":"1001","count":1,"hideCount":false},{"id":"2003","count":5,"hideCount":false}]},{"type":"essential","recMath":false,"recSteps":false,"minSummonerLevel":-1,"maxSummonerLevel":-1,"showIfSummonerSpell":"","hideIfSummonerSpell":"","appendAfterSection":"","visibleWithAllOf":[""],"hiddenWithAnyOf":[""],"items":[{"id":"3029","count":1,"hideCount":false},{"id":"3007","count":1,"hideCount":false},{"id":"3158","count":1,"hideCount":false}]},{"type":"offensive","recMath":false,"recSteps":false,"minSummonerLevel":-1,"maxSummonerLevel":-1,"showIfSummonerSpell":"","hideIfSummonerSpell":"","appendAfterSection":"","visibleWithAllOf":[""],"hiddenWithAnyOf":[""],"items":[{"id":"3100","count":1,"hideCount":false},{"id":"3089","count":1,"hideCount":false},{"id":"3135","count":1,"hideCount":false}]},{"type":"defensive","recMath":false,"recSteps":false,"minSummonerLevel":-1,"maxSummonerLevel":-1,"showIfSummonerSpell":"","hideIfSummonerSpell":"","appendAfterSection":"","visibleWithAllOf":[""],"hiddenWithAnyOf":[""],"items":[{"id":"3157","count":1,"hideCount":false},{"id":"3102","count":1,"hideCount":false},{"id":"3001","count":1,"hideCount":false}]},{"type":"consumables","recMath":false,"recSteps":false,"minSummonerLevel":-1,"maxSummonerLevel":-1,"showIfSummonerSpell":"","hideIfSummonerSpell":"","appendAfterSection":"","visibleWithAllOf":[""],"hiddenWithAnyOf":[""],"items":[{"id":"2003","count":1,"hideCount":true},{"id":"2139","count":1,"hideCount":true}]}]},{"champion":"Kassadin","title":"KassadinSL","map":"NB","mode":"NEXUSBLITZ","type":"riot","customTag":"","sortrank":0,"extensionPage":false,"useObviousCheckmark":false,"customPanel":null,"blocks":[{"type":"starting","recMath":false,"recSteps":false,"minSummonerLevel":-1,"maxSummonerLevel":-1,"showIfSummonerSpell":"","hideIfSummonerSpell":"SummonerSmite","appendAfterSection":"","visibleWithAllOf":[""],"hiddenWithAnyOf":[""],"items":[{"id":"2033","count":1,"hideCount":false},{"id":"3340","count":1,"hideCount":false}]},{"type":"startingjungle","recMath":false,"recSteps":false,"minSummonerLevel":-1,"maxSummonerLevel":-1,"showIfSummonerSpell":"SummonerSmite","hideIfSummonerSpell":"","appendAfterSection":"","visibleWithAllOf":[""],"hiddenWithAnyOf":[""],"items":[{"id":"4101","count":1,"hideCount":false},{"id":"3340","count":1,"hideCount":false},{"id":"2003","count":1,"hideCount":true}]},{"type":"early","recMath":false,"recSteps":false,"minSummonerLevel":-1,"maxSummonerLevel":-1,"showIfSummonerSpell":"","hideIfSummonerSpell":"SummonerSmite","appendAfterSection":"","visibleWithAllOf":[""],"hiddenWithAnyOf":[""],"items":[{"id":"1001","count":1,"hideCount":false},{"id":"3010","count":1,"hideCount":false},{"id":"1026","count":1,"hideCount":false}]},{"type":"earlyjungle","recMath":false,"recSteps":false,"minSummonerLevel":-1,"maxSummonerLevel":-1,"showIfSummonerSpell":"SummonerSmite","hideIfSummonerSpell":"","appendAfterSection":"","visibleWithAllOf":[""],"hiddenWithAnyOf":[""],"items":[{"id":"1001","count":1,"hideCount":false},{"id":"1027","count":1,"hideCount":false},{"id":"3108","count":1,"hideCount":false}]},{"type":"essential","recMath":false,"recSteps":false,"minSummonerLevel":-1,"maxSummonerLevel":-1,"showIfSummonerSpell":"","hideIfSummonerSpell":"SummonerSmite","appendAfterSection":"","visibleWithAllOf":[""],"hiddenWithAnyOf":[""],"items":[{"id":"3029","count":1,"hideCount":false},{"id":"3100","count":1,"hideCount":false},{"id":"3158","count":1,"hideCount":false}]},{"type":"essentialjungle","recMath":false,"recSteps":false,"minSummonerLevel":-1,"maxSummonerLevel":-1,"showIfSummonerSpell":"SummonerSmite","hideIfSummonerSpell":"","appendAfterSection":"","visibleWithAllOf":[""],"hiddenWithAnyOf":[""],"items":[{"id":"3158","count":1,"hideCount":false},{"id":"4104","count":1,"hideCount":false},{"id":"3100","count":1,"hideCount":false}]},{"type":"standard","recMath":false,"recSteps":false,"minSummonerLevel":-1,"maxSummonerLevel":-1,"showIfSummonerSpell":"","hideIfSummonerSpell":"","appendAfterSection":"","visibleWithAllOf":[""],"hiddenWithAnyOf":[""],"items":[{"id":"3165","count":1,"hideCount":false},{"id":"3089","count":1,"hideCount":false},{"id":"3157","count":1,"hideCount":false},{"id":"3135","count":1,"hideCount":false}]},{"type":"consumables","recMath":false,"recSteps":false,"minSummonerLevel":-1,"maxSummonerLevel":-1,"showIfSummonerSpell":"","hideIfSummonerSpell":"","appendAfterSection":"","visibleWithAllOf":[""],"hiddenWithAnyOf":[""],"items":[{"id":"2139","count":1,"hideCount":true},{"id":"2003","count":1,"hideCount":false}]}]},{"champion":"Kassadin","title":"KassadinSR","map":"SR","mode":"CLASSIC","type":"riot","customTag":"","sortrank":0,"extensionPage":false,"useObviousCheckmark":false,"customPanel":null,"blocks":[{"type":"starting","recMath":false,"recSteps":false,"minSummonerLevel":-1,"maxSummonerLevel":-1,"showIfSummonerSpell":"","hideIfSummonerSpell":"SummonerSmite","appendAfterSection":"","visibleWithAllOf":[""],"hiddenWithAnyOf":[""],"items":[{"id":"2033","count":1,"hideCount":false},{"id":"3340","count":1,"hideCount":false}]},{"type":"early","recMath":false,"recSteps":false,"minSummonerLevel":-1,"maxSummonerLevel":-1,"showIfSummonerSpell":"","hideIfSummonerSpell":"","appendAfterSection":"","visibleWithAllOf":[""],"hiddenWithAnyOf":[""],"items":[{"id":"1001","count":1,"hideCount":false},{"id":"3070","count":1,"hideCount":false},{"id":"3010","count":1,"hideCount":false}]},{"type":"essential","recMath":false,"recSteps":false,"minSummonerLevel":-1,"maxSummonerLevel":-1,"showIfSummonerSpell":"","hideIfSummonerSpell":"","appendAfterSection":"","visibleWithAllOf":[""],"hiddenWithAnyOf":[""],"items":[{"id":"3027","count":1,"hideCount":false},{"id":"3020","count":1,"hideCount":false},{"id":"3003","count":1,"hideCount":false}]},{"type":"offensive","recMath":false,"recSteps":false,"minSummonerLevel":-1,"maxSummonerLevel":-1,"showIfSummonerSpell":"","hideIfSummonerSpell":"","appendAfterSection":"","visibleWithAllOf":[""],"hiddenWithAnyOf":[""],"items":[{"id":"3100","count":1,"hideCount":false},{"id":"3089","count":1,"hideCount":false},{"id":"3135","count":1,"hideCount":false}]},{"type":"defensive","recMath":false,"recSteps":false,"minSummonerLevel":-1,"maxSummonerLevel":-1,"showIfSummonerSpell":"","hideIfSummonerSpell":"","appendAfterSection":"","visibleWithAllOf":[""],"hiddenWithAnyOf":[""],"items":[{"id":"3157","count":1,"hideCount":false},{"id":"3165","count":1,"hideCount":false},{"id":"3102","count":1,"hideCount":false}]},{"type":"consumables","recMath":false,"recSteps":false,"minSummonerLevel":-1,"maxSummonerLevel":-1,"showIfSummonerSpell":"","hideIfSummonerSpell":"","appendAfterSection":"","visibleWithAllOf":[""],"hiddenWithAnyOf":[""],"items":[{"id":"2003","count":1,"hideCount":true},{"id":"2139","count":1,"hideCount":true}]}]}]}}}