{"type":"champion","format":"standAloneComplex","version":"10.15.1","data":{"Katarina":{"id":"Katarina","key":"55","name":"Katarina","title":"the Sinister Blade","image":{"full":"Katarina.png","sprite":"champion1.png","group":"champion","x":144,"y":96,"w":48,"h":48},"skins":[{"id":"55000","num":0,"name":"default","chromas":false},{"id":"55001","num":1,"name":"Mercenary Katarina","chromas":false},{"id":"55002","num":2,"name":"Red Card Katarina","chromas":false},{"id":"55003","num":3,"name":"Bilgewater Katarina","chromas":false},{"id":"55004","num":4,"name":"Kitty Cat Katarina","chromas":false},{"id":"55005","num":5,"name":"High Command Katarina","chromas":false},{"id":"55006","num":6,"name":"Sandstorm Katarina","chromas":false},{"id":"55007","num":7,"name":"Slay Belle Katarina","chromas":false},{"id":"55008","num":8,"name":"Warring Kingdoms Katarina","chromas":true},{"id":"55009","num":9,"name":"PROJECT: Katarina","chromas":false},{"id":"55010","num":10,"name":"Death Sworn Katarina","chromas":false},{"id":"55012","num":12,"name":"Battle Academia Katarina","chromas":true},{"id":"55021","num":21,"name":"Blood Moon Katarina","chromas":true}],"lore":"Decisive in judgment and lethal in combat, Katarina is a Noxian assassin of the highest caliber. Eldest daughter to the legendary General Du Couteau, she made her talents known with swift kills against unsuspecting enemies. Her fiery ambition has driven her to pursue heavily-guarded targets, even at the risk of endangering her allies—but no matter the mission, Katarina will not hesitate to execute her duty amid a whirlwind of serrated daggers.","blurb":"Decisive in judgment and lethal in combat, Katarina is a Noxian assassin of the highest caliber. Eldest daughter to the legendary General Du Couteau, she made her talents known with swift kills against unsuspecting enemies. Her fiery ambition has driven...","allytips":["Picking up Daggers will significantly reduce Shunpo's cooldown.","Try waiting until the other team is distracted with fighting your team, and use Shunpo to teleport into the fray and unleash a devastating Death Lotus.","Using Shunpo on an allied Champion, Dagger, or minion can be a great escape tactic."],"enemytips":["Katarina's abilities deal magic damage, so even if she's building Attack Damage items, get magic resistance to counter her.","Try to save a disable for when Katarina uses her Death Lotus."],"tags":["Assassin","Mage"],"partype":"None","info":{"attack":4,"defense":3,"magic":9,"difficulty":8},"stats":{"hp":602,"hpperlevel":94,"mp":0,"mpperlevel":0,"movespeed":340,"armor":27.88,"armorperlevel":3.5,"spellblock":32.1,"spellblockperlevel":1.25,"attackrange":125,"hpregen":7.5,"hpregenperlevel":0.7,"mpregen":0,"mpregenperlevel":0,"crit":0,"critperlevel":0,"attackdamage":58,"attackdamageperlevel":3.2,"attackspeedperlevel":2.74,"attackspeed":0.658},"spells":[{"id":"KatarinaQ","name":"Bouncing Blade","description":"Katarina throws a <font color='#FFF673'>Dagger</font> at the target that then bounces to nearby enemies before ricocheting onto the ground.","tooltip":"Katarina throws a <keywordMajor>Dagger</keywordMajor>, dealing {{ e1 }} <scaleAP>(+{{ a1 }})</scaleAP> magic damage to the target and {{ e4 }} nearby enemies. The dagger then ricochets onto the ground behind the primary target.<br /><br /><rules>The dagger always lands 350 units on the opposite side from where it struck the first target, getting there in the same amount of time regardless of how many times it bounces.</rules>","leveltip":{"label":["Initial Damage","Cooldown"],"effect":["{{ e1 }} -> {{ e1NL }}","{{ cooldown }} -> {{ cooldownNL }}"]},"maxrank":5,"cooldown":[11,10,9,8,7],"cooldownBurn":"11/10/9/8/7","cost":[0,0,0,0,0],"costBurn":"0","datavalues":{},"effect":[null,[75,105,135,165,195],[350,350,350,350,350],[450,450,450,450,450],[2,2,2,2,2],[0,0,0,0,0],[0,0,0,0,0],[0,0,0,0,0],[0,0,0,0,0],[0,0,0,0,0],[0,0,0,0,0]],"effectBurn":[null,"75/105/135/165/195","350","450","2","0","0","0","0","0","0"],"vars":[{"link":"spelldamage","coeff":0.3,"key":"a1"}],"costType":"No Cost","maxammo":"-1","range":[625,625,625,625,625],"rangeBurn":"625","image":{"full":"KatarinaQ.png","sprite":"spell5.png","group":"spell","x":288,"y":96,"w":48,"h":48},"resource":"No Cost"},{"id":"KatarinaW","name":"Preparation","description":"Katarina gains a burst of movement speed, tossing a <font color='#FFF673'>Dagger</font> into the air directly above herself.","tooltip":"Katarina tosses a <keywordMajor>Dagger</keywordMajor> into the air and gains {{ e4 }}% decaying movement speed over {{ e2 }} seconds.","leveltip":{"label":["Movement Speed","Cooldown"],"effect":["{{ e4 }}% -> {{ e4NL }}%","{{ cooldown }} -> {{ cooldownNL }}"]},"maxrank":5,"cooldown":[15,14,13,12,11],"cooldownBurn":"15/14/13/12/11","cost":[0,0,0,0,0],"costBurn":"0","datavalues":{},"effect":[null,[0,0,0,0,0],[1.25,1.25,1.25,1.25,1.25],[0,0,0,0,0],[50,60,70,80,90],[0,0,0,0,0],[0,0,0,0,0],[0,0,0,0,0],[0,0,0,0,0],[0,0,0,0,0],[0,0,0,0,0]],"effectBurn":[null,"0","1.25","0","50/60/70/80/90","0","0","0","0","0","0"],"vars":[],"costType":"No Cost","maxammo":"-1","range":[25000,25000,25000,25000,25000],"rangeBurn":"25000","image":{"full":"KatarinaW.png","sprite":"spell5.png","group":"spell","x":336,"y":96,"w":48,"h":48},"resource":"No Cost"},{"id":"KatarinaEWrapper","name":"Shunpo","description":"Katarina blinks to the target, striking it if its an enemy, or striking the nearest enemy otherwise.","tooltip":"Katarina dashes in the blink of an eye to the target ally, enemy, or <keywordMajor>Dagger</keywordMajor>. If it is an enemy, Katarina strikes for {{ e1 }} <scaleAD>(+{{ a1 }})</scaleAD> <scaleAP>(+{{ a2 }})</scaleAP> magic damage - otherwise she strikes the nearest enemy in range.<br /><br />Picking up a <keywordMajor>Dagger</keywordMajor> will reduce Shunpo's cooldown by <scaleLevel>{{ f1 }}</scaleLevel> seconds (<scaleLevel>{{ f3*100 }}%</scaleLevel>).<br /><br /><rules>Katarina can blink to any location near the target.</rules>","leveltip":{"label":["Damage","Cooldown"],"effect":["{{ e1 }} -> {{ e1NL }}","{{ cooldown }} -> {{ cooldownNL }}"]},"maxrank":5,"cooldown":[14,12.5,11,9.5,8],"cooldownBurn":"14/12.5/11/9.5/8","cost":[0,0,0,0,0],"costBurn":"0","datavalues":{},"effect":[null,[15,30,45,60,75],[0,0,0,0,0],[14,12.5,11,9.5,8],[0,0,0,0,0],[0,0,0,0,0],[0,0,0,0,0],[0,0,0,0,0],[0,0,0,0,0],[0,0,0,0,0],[0,0,0,0,0]],"effectBurn":[null,"15/30/45/60/75","0","14/12.5/11/9.5/8","0","0","0","0","0","0","0"],"vars":[{"link":"attackdamage","coeff":0.5,"key":"a1"},{"link":"spelldamage","coeff":0.25,"key":"a2"}],"costType":"No Cost","maxammo":"-1","range":[725,725,725,725,725],"rangeBurn":"725","image":{"full":"KatarinaEWrapper.png","sprite":"spell5.png","group":"spell","x":384,"y":96,"w":48,"h":48},"resource":"No Cost"},{"id":"KatarinaR","name":"Death Lotus","description":"Katarina becomes a flurry of blades, dealing massive magic damage while she channels to the 3 nearest enemy champions.","tooltip":"Katarina becomes a flurry of blades, rapidly throwing knives at the three nearest enemy champions, dealing <magicDamage>{{ damagecalc }} magic damage</magicDamage> per knife. Total over {{ duration }} seconds to each enemy: <magicDamage>{{ totaldamagecalc }} magic damage</magicDamage>.<br /><br />Applies Grievous Wounds to all enemies struck, reducing their healing and regeneration by {{ grievousamount*-100 }}% for {{ grievousduration }} seconds.","leveltip":{"label":["Damage Per Knife","Cooldown"],"effect":["{{ damagepertick }} -> {{ damagepertickNL }}","{{ cooldown }} -> {{ cooldownNL }}"]},"maxrank":3,"cooldown":[90,60,45],"cooldownBurn":"90/60/45","cost":[0,0,0],"costBurn":"0","datavalues":{},"effect":[null,[0,0,0],[0,0,0],[0,0,0],[0,0,0],[0,0,0],[0,0,0],[0,0,0],[0,0,0],[0,0,0],[0,0,0]],"effectBurn":[null,"0","0","0","0","0","0","0","0","0","0"],"vars":[],"costType":"No Cost","maxammo":"-1","range":[550,550,550],"rangeBurn":"550","image":{"full":"KatarinaR.png","sprite":"spell5.png","group":"spell","x":432,"y":96,"w":48,"h":48},"resource":"No Cost"}],"passive":{"name":"Voracity","description":"Whenever an enemy champion dies that Katarina has damaged recently, her remaining ability cooldowns are dramatically reduced.<br><br>If Katarina picks up a <font color='#FFF673'>Dagger</font>, she uses it to slash through all nearby enemies, dealing magic damage.","image":{"full":"Katarina_Passive.png","sprite":"passive1.png","group":"passive","x":144,"y":96,"w":48,"h":48}},"recommended":[{"champion":"Katarina","title":"Beginner","map":"SR","mode":"INTRO","type":"riot","customTag":"","extensionPage":false,"customPanel":null,"blocks":[{"type":"beginner_starter","recMath":false,"recSteps":false,"minSummonerLevel":-1,"maxSummonerLevel":4,"showIfSummonerSpell":"","hideIfSummonerSpell":"","items":[{"id":"1054","count":1,"hideCount":false},{"id":"2003","count":1,"hideCount":false},{"id":"3340","count":1,"hideCount":false}]},{"type":"beginner_starter","recMath":false,"recSteps":false,"minSummonerLevel":5,"maxSummonerLevel":-1,"showIfSummonerSpell":"","hideIfSummonerSpell":"","items":[{"id":"1054","count":1,"hideCount":false},{"id":"2003","count":1,"hideCount":false},{"id":"3340","count":1,"hideCount":false}]},{"type":"beginner_advanced","recMath":true,"recSteps":false,"minSummonerLevel":-1,"maxSummonerLevel":-1,"showIfSummonerSpell":"","hideIfSummonerSpell":"","items":[{"id":"1028","count":1,"hideCount":false},{"id":"1052","count":1,"hideCount":false},{"id":"3136","count":1,"hideCount":false}]},{"type":"beginner_movementspeed","recMath":true,"recSteps":false,"minSummonerLevel":-1,"maxSummonerLevel":-1,"showIfSummonerSpell":"","hideIfSummonerSpell":"","items":[{"id":"1001","count":1,"hideCount":false},{"id":"3020","count":1,"hideCount":false}]},{"type":"beginner_legendaryitem","recMath":true,"recSteps":false,"minSummonerLevel":-1,"maxSummonerLevel":-1,"showIfSummonerSpell":"","hideIfSummonerSpell":"","items":[{"id":"3113","count":1,"hideCount":false},{"id":"1058","count":1,"hideCount":false},{"id":"3285","count":1,"hideCount":false}]},{"type":"beginner_morelegendaryitems","recMath":false,"recSteps":false,"minSummonerLevel":-1,"maxSummonerLevel":-1,"showIfSummonerSpell":"","hideIfSummonerSpell":"","items":[{"id":"3116","count":1,"hideCount":false},{"id":"3001","count":1,"hideCount":false},{"id":"3089","count":1,"hideCount":false},{"id":"3135","count":1,"hideCount":false}]}]},{"champion":"Katarina","title":"KatarinaARAM","map":"HA","mode":"ARAM","type":"riot","customTag":"","sortrank":0,"extensionPage":false,"customPanel":null,"blocks":[{"type":"starting","recMath":false,"recSteps":false,"minSummonerLevel":-1,"maxSummonerLevel":-1,"showIfSummonerSpell":"","hideIfSummonerSpell":"","appendAfterSection":"","visibleWithAllOf":[""],"hiddenWithAnyOf":[""],"items":[{"id":"3145","count":1,"hideCount":false},{"id":"1001","count":1,"hideCount":false},{"id":"2003","count":1,"hideCount":false}]},{"type":"essential","recMath":false,"recSteps":false,"minSummonerLevel":-1,"maxSummonerLevel":-1,"showIfSummonerSpell":"","hideIfSummonerSpell":"","appendAfterSection":"","visibleWithAllOf":[""],"hiddenWithAnyOf":[""],"items":[{"id":"3146","count":1,"hideCount":false},{"id":"3116","count":1,"hideCount":false},{"id":"3020","count":1,"hideCount":false}]},{"type":"offensive","recMath":false,"recSteps":false,"minSummonerLevel":-1,"maxSummonerLevel":-1,"showIfSummonerSpell":"","hideIfSummonerSpell":"","appendAfterSection":"","visibleWithAllOf":[""],"hiddenWithAnyOf":[""],"items":[{"id":"3089","count":1,"hideCount":false},{"id":"3135","count":1,"hideCount":false},{"id":"3165","count":1,"hideCount":false}]},{"type":"defensive","recMath":false,"recSteps":false,"minSummonerLevel":-1,"maxSummonerLevel":-1,"showIfSummonerSpell":"","hideIfSummonerSpell":"","appendAfterSection":"","visibleWithAllOf":[""],"hiddenWithAnyOf":[""],"items":[{"id":"3151","count":1,"hideCount":false},{"id":"3065","count":1,"hideCount":false},{"id":"3001","count":1,"hideCount":false}]},{"type":"consumables","recMath":false,"recSteps":false,"minSummonerLevel":-1,"maxSummonerLevel":-1,"showIfSummonerSpell":"","hideIfSummonerSpell":"","appendAfterSection":"","visibleWithAllOf":[""],"hiddenWithAnyOf":[""],"items":[{"id":"2003","count":1,"hideCount":true},{"id":"2139","count":1,"hideCount":true}]}]},{"champion":"Katarina","title":"KatarinaFIRSTBLOOD","map":"HA","mode":"FIRSTBLOOD","type":"riot","customTag":"","extensionPage":false,"customPanel":null,"blocks":[{"type":"starting","recMath":false,"recSteps":false,"minSummonerLevel":-1,"maxSummonerLevel":-1,"showIfSummonerSpell":"","hideIfSummonerSpell":"","items":[{"id":"1001","count":1,"hideCount":false},{"id":"2003","count":4,"hideCount":false},{"id":"3340","count":1,"hideCount":false}]},{"type":"essential","recMath":false,"recSteps":false,"minSummonerLevel":-1,"maxSummonerLevel":-1,"showIfSummonerSpell":"","hideIfSummonerSpell":"","items":[{"id":"3020","count":1,"hideCount":false},{"id":"3285","count":1,"hideCount":false},{"id":"3157","count":1,"hideCount":false}]},{"type":"offensive","recMath":false,"recSteps":false,"minSummonerLevel":-1,"maxSummonerLevel":-1,"showIfSummonerSpell":"","hideIfSummonerSpell":"","items":[{"id":"3089","count":1,"hideCount":false},{"id":"3135","count":1,"hideCount":false},{"id":"3001","count":1,"hideCount":false}]},{"type":"defensive","recMath":false,"recSteps":false,"minSummonerLevel":-1,"maxSummonerLevel":-1,"showIfSummonerSpell":"","hideIfSummonerSpell":"","items":[{"id":"3116","count":1,"hideCount":false},{"id":"3102","count":1,"hideCount":false},{"id":"3026","count":1,"hideCount":false}]},{"type":"consumables","recMath":false,"recSteps":false,"minSummonerLevel":-1,"maxSummonerLevel":-1,"showIfSummonerSpell":"","hideIfSummonerSpell":"","items":[{"id":"2003","count":1,"hideCount":false},{"id":"2043","count":1,"hideCount":false},{"id":"2139","count":1,"hideCount":false}]}]},{"champion":"Katarina","title":"KatarinaARAM","map":"HA","mode":"KINGPORO","type":"riot","customTag":"","sortrank":0,"extensionPage":false,"customPanel":null,"blocks":[{"type":"KingPoroSnax","recMath":false,"recSteps":false,"minSummonerLevel":-1,"maxSummonerLevel":-1,"showIfSummonerSpell":"","hideIfSummonerSpell":"","items":[{"id":"3680","count":1,"hideCount":false},{"id":"3681","count":1,"hideCount":false},{"id":"3682","count":1,"hideCount":false},{"id":"3683","count":1,"hideCount":false},{"id":"3684","count":1,"hideCount":false},{"id":"3685","count":1,"hideCount":false}]},{"type":"starting","recMath":false,"recSteps":false,"minSummonerLevel":-1,"maxSummonerLevel":-1,"showIfSummonerSpell":"","hideIfSummonerSpell":"","appendAfterSection":"","visibleWithAllOf":[""],"hiddenWithAnyOf":[""],"items":[{"id":"3145","count":1,"hideCount":false},{"id":"1001","count":1,"hideCount":false},{"id":"2003","count":1,"hideCount":false}]},{"type":"essential","recMath":false,"recSteps":false,"minSummonerLevel":-1,"maxSummonerLevel":-1,"showIfSummonerSpell":"","hideIfSummonerSpell":"","appendAfterSection":"","visibleWithAllOf":[""],"hiddenWithAnyOf":[""],"items":[{"id":"3146","count":1,"hideCount":false},{"id":"3116","count":1,"hideCount":false},{"id":"3020","count":1,"hideCount":false}]},{"type":"offensive","recMath":false,"recSteps":false,"minSummonerLevel":-1,"maxSummonerLevel":-1,"showIfSummonerSpell":"","hideIfSummonerSpell":"","appendAfterSection":"","visibleWithAllOf":[""],"hiddenWithAnyOf":[""],"items":[{"id":"3089","count":1,"hideCount":false},{"id":"3135","count":1,"hideCount":false},{"id":"3165","count":1,"hideCount":false}]},{"type":"defensive","recMath":false,"recSteps":false,"minSummonerLevel":-1,"maxSummonerLevel":-1,"showIfSummonerSpell":"","hideIfSummonerSpell":"","appendAfterSection":"","visibleWithAllOf":[""],"hiddenWithAnyOf":[""],"items":[{"id":"3151","count":1,"hideCount":false},{"id":"3065","count":1,"hideCount":false},{"id":"3001","count":1,"hideCount":false}]},{"type":"consumables","recMath":false,"recSteps":false,"minSummonerLevel":-1,"maxSummonerLevel":-1,"showIfSummonerSpell":"","hideIfSummonerSpell":"","appendAfterSection":"","visibleWithAllOf":[""],"hiddenWithAnyOf":[""],"items":[{"id":"2003","count":1,"hideCount":true},{"id":"2139","count":1,"hideCount":true}]}]},{"champion":"Katarina","title":"KatarinaSL","map":"NB","mode":"NEXUSBLITZ","type":"riot","customTag":"","sortrank":0,"extensionPage":false,"useObviousCheckmark":false,"customPanel":null,"blocks":[{"type":"starting","recMath":false,"recSteps":false,"minSummonerLevel":-1,"maxSummonerLevel":-1,"showIfSummonerSpell":"","hideIfSummonerSpell":"SummonerSmite","appendAfterSection":"","visibleWithAllOf":[""],"hiddenWithAnyOf":[""],"items":[{"id":"4201","count":1,"hideCount":false},{"id":"2003","count":1,"hideCount":false},{"id":"3340","count":1,"hideCount":false}]},{"type":"startingjungle","recMath":false,"recSteps":false,"minSummonerLevel":-1,"maxSummonerLevel":-1,"showIfSummonerSpell":"SummonerSmite","hideIfSummonerSpell":"","appendAfterSection":"","visibleWithAllOf":[""],"hiddenWithAnyOf":[""],"items":[{"id":"4101","count":1,"hideCount":false},{"id":"2003","count":1,"hideCount":false},{"id":"3340","count":1,"hideCount":false}]},{"type":"early","recMath":false,"recSteps":false,"minSummonerLevel":-1,"maxSummonerLevel":-1,"showIfSummonerSpell":"","hideIfSummonerSpell":"SummonerSmite","appendAfterSection":"","visibleWithAllOf":[""],"hiddenWithAnyOf":[""],"items":[{"id":"3145","count":1,"hideCount":false},{"id":"1001","count":1,"hideCount":false},{"id":"3144","count":1,"hideCount":false}]},{"type":"earlyjungle","recMath":false,"recSteps":false,"minSummonerLevel":-1,"maxSummonerLevel":-1,"showIfSummonerSpell":"SummonerSmite","hideIfSummonerSpell":"","appendAfterSection":"","visibleWithAllOf":[""],"hiddenWithAnyOf":[""],"items":[{"id":"3108","count":1,"hideCount":false},{"id":"1001","count":1,"hideCount":false}]},{"type":"essential","recMath":false,"recSteps":false,"minSummonerLevel":-1,"maxSummonerLevel":-1,"showIfSummonerSpell":"","hideIfSummonerSpell":"SummonerSmite","appendAfterSection":"","visibleWithAllOf":[""],"hiddenWithAnyOf":[""],"items":[{"id":"3020","count":1,"hideCount":false},{"id":"3146","count":1,"hideCount":false},{"id":"3157","count":1,"hideCount":false}]},{"type":"essentialjungle","recMath":false,"recSteps":false,"minSummonerLevel":-1,"maxSummonerLevel":-1,"showIfSummonerSpell":"SummonerSmite","hideIfSummonerSpell":"","appendAfterSection":"","visibleWithAllOf":[""],"hiddenWithAnyOf":[""],"items":[{"id":"4104","count":1,"hideCount":false},{"id":"3020","count":1,"hideCount":false},{"id":"3146","count":1,"hideCount":false}]},{"type":"offensive","recMath":false,"recSteps":false,"minSummonerLevel":-1,"maxSummonerLevel":-1,"showIfSummonerSpell":"","hideIfSummonerSpell":"","appendAfterSection":"","visibleWithAllOf":[""],"hiddenWithAnyOf":[""],"items":[{"id":"3135","count":1,"hideCount":false},{"id":"3089","count":1,"hideCount":false},{"id":"3128","count":1,"hideCount":false}]},{"type":"defensive","recMath":false,"recSteps":false,"minSummonerLevel":-1,"maxSummonerLevel":-1,"showIfSummonerSpell":"","hideIfSummonerSpell":"","appendAfterSection":"","visibleWithAllOf":[""],"hiddenWithAnyOf":[""],"items":[{"id":"3116","count":1,"hideCount":false}]},{"type":"consumables","recMath":false,"recSteps":false,"minSummonerLevel":-1,"maxSummonerLevel":-1,"showIfSummonerSpell":"","hideIfSummonerSpell":"","appendAfterSection":"","visibleWithAllOf":[""],"hiddenWithAnyOf":[""],"items":[{"id":"2003","count":1,"hideCount":true},{"id":"2139","count":1,"hideCount":true}]}]},{"champion":"Katarina","title":"KatarinaSR","map":"SR","mode":"CLASSIC","type":"riot","customTag":"","sortrank":0,"extensionPage":false,"useObviousCheckmark":false,"customPanel":null,"blocks":[{"type":"starting","recMath":false,"recSteps":false,"minSummonerLevel":-1,"maxSummonerLevel":-1,"showIfSummonerSpell":"","hideIfSummonerSpell":"","appendAfterSection":"","visibleWithAllOf":[""],"hiddenWithAnyOf":[""],"items":[{"id":"1054","count":1,"hideCount":false},{"id":"2003","count":1,"hideCount":false},{"id":"3340","count":1,"hideCount":false}]},{"type":"early","recMath":false,"recSteps":false,"minSummonerLevel":-1,"maxSummonerLevel":-1,"showIfSummonerSpell":"","hideIfSummonerSpell":"","appendAfterSection":"","visibleWithAllOf":[""],"hiddenWithAnyOf":[""],"items":[{"id":"3145","count":1,"hideCount":false},{"id":"1001","count":1,"hideCount":false},{"id":"3144","count":1,"hideCount":false}]},{"type":"essential","recMath":false,"recSteps":false,"minSummonerLevel":-1,"maxSummonerLevel":-1,"showIfSummonerSpell":"","hideIfSummonerSpell":"","appendAfterSection":"","visibleWithAllOf":[""],"hiddenWithAnyOf":[""],"items":[{"id":"3020","count":1,"hideCount":false},{"id":"3146","count":1,"hideCount":false},{"id":"3157","count":1,"hideCount":false}]},{"type":"offensive","recMath":false,"recSteps":false,"minSummonerLevel":-1,"maxSummonerLevel":-1,"showIfSummonerSpell":"","hideIfSummonerSpell":"","appendAfterSection":"","visibleWithAllOf":[""],"hiddenWithAnyOf":[""],"items":[{"id":"3165","count":1,"hideCount":false},{"id":"3135","count":1,"hideCount":false},{"id":"3089","count":1,"hideCount":false}]},{"type":"defensive","recMath":false,"recSteps":false,"minSummonerLevel":-1,"maxSummonerLevel":-1,"showIfSummonerSpell":"","hideIfSummonerSpell":"","appendAfterSection":"","visibleWithAllOf":[""],"hiddenWithAnyOf":[""],"items":[{"id":"3151","count":1,"hideCount":false},{"id":"3102","count":1,"hideCount":false},{"id":"3026","count":1,"hideCount":false}]},{"type":"consumables","recMath":false,"recSteps":false,"minSummonerLevel":-1,"maxSummonerLevel":-1,"showIfSummonerSpell":"","hideIfSummonerSpell":"","appendAfterSection":"","visibleWithAllOf":[""],"hiddenWithAnyOf":[""],"items":[{"id":"2003","count":1,"hideCount":true},{"id":"2139","count":1,"hideCount":true}]}]}]}}}