{"type":"champion","format":"standAloneComplex","version":"10.15.1","data":{"Kennen":{"id":"Kennen","key":"85","name":"Kennen","title":"the Heart of the Tempest","image":{"full":"Kennen.png","sprite":"champion1.png","group":"champion","x":288,"y":96,"w":48,"h":48},"skins":[{"id":"85000","num":0,"name":"default","chromas":false},{"id":"85001","num":1,"name":"Deadly Kennen","chromas":false},{"id":"85002","num":2,"name":"Swamp Master Kennen","chromas":false},{"id":"85003","num":3,"name":"Karate Kennen","chromas":false},{"id":"85004","num":4,"name":"Kennen M.D.","chromas":true},{"id":"85005","num":5,"name":"Arctic Ops Kennen","chromas":false},{"id":"85006","num":6,"name":"Blood Moon Kennen","chromas":false},{"id":"85007","num":7,"name":"Super Kennen","chromas":false},{"id":"85008","num":8,"name":"Infernal Kennen","chromas":true}],"lore":"More than just the lightning-quick enforcer of Ionian balance, Kennen is the only yordle member of the Kinkou. Despite his small, furry stature, he is eager to take on any threat with a whirling storm of shuriken and boundless enthusiasm. Alongside his master Shen, Kennen patrols the spirit realm, employing devastating electrical energy to strike down his enemies.","blurb":"More than just the lightning-quick enforcer of Ionian balance, Kennen is the only yordle member of the Kinkou. Despite his small, furry stature, he is eager to take on any threat with a whirling storm of shuriken and boundless enthusiasm. Alongside his...","allytips":["You can stun your opponents by inflicting 3 Marks of the Storm upon them.","Lightning Rush can be used to initiate fights with its Energy return component, allowing him to use other abilities afterward.","You can land an initial Mark of the Storm debuff on an opponent with Thundering Shuriken, and then add to it with Electrical Surge."],"enemytips":["Consider playing a bit more cautiously around Kennen when you have a Mark of the Storm debuff. If he hits you with 3 Marks of the Storm, you will get stunned.","Kennen is flimsy by nature - turn and attack him if he gets careless with Lightning Rush."],"tags":["Mage","Marksman"],"partype":"Energy","info":{"attack":6,"defense":4,"magic":7,"difficulty":4},"stats":{"hp":541,"hpperlevel":84,"mp":200,"mpperlevel":0,"movespeed":335,"armor":29,"armorperlevel":3.75,"spellblock":30,"spellblockperlevel":0.5,"attackrange":550,"hpregen":5.5,"hpregenperlevel":0.65,"mpregen":50,"mpregenperlevel":0,"crit":0,"critperlevel":0,"attackdamage":48,"attackdamageperlevel":3.75,"attackspeedperlevel":3.4,"attackspeed":0.625},"spells":[{"id":"KennenShurikenHurlMissile1","name":"Thundering Shuriken","description":"Kennen throws a fast moving shuriken towards a location, causing damage and adding a Mark of the Storm to any opponent that it hits.","tooltip":"Throws a shuriken that deals {{ e1 }} <scaleAP>(+{{ a1 }})</scaleAP> magic damage to the first enemy it hits.","leveltip":{"label":["Damage","@AbilityResourceName@ Cost","Cooldown"],"effect":["{{ e1 }} -> {{ e1NL }}","{{ cost }} -> {{ costNL }}","{{ cooldown }} -> {{ cooldownNL }}"]},"maxrank":5,"cooldown":[8,7,6,5,4],"cooldownBurn":"8/7/6/5/4","cost":[60,55,50,45,40],"costBurn":"60/55/50/45/40","datavalues":{},"effect":[null,[75,115,155,195,235],[0,0,0,0,0],[0,0,0,0,0],[0,0,0,0,0],[0,0,0,0,0],[0,0,0,0,0],[0,0,0,0,0],[0,0,0,0,0],[0,0,0,0,0],[0,0,0,0,0]],"effectBurn":[null,"75/115/155/195/235","0","0","0","0","0","0","0","0","0"],"vars":[{"link":"spelldamage","coeff":0.75,"key":"a1"}],"costType":" {{ abilityresourcename }}","maxammo":"-1","range":[950,950,950,950,950],"rangeBurn":"950","image":{"full":"KennenShurikenHurlMissile1.png","sprite":"spell5.png","group":"spell","x":384,"y":144,"w":48,"h":48},"resource":"{{ cost }} {{ abilityresourcename }}"},{"id":"KennenBringTheLight","name":"Electrical Surge","description":"Kennen passively deals extra damage and adds a Mark of the Storm to his target every few attacks, and he can activate this ability to damage and add another Mark of the Storm to targets who are already marked.","tooltip":"<spellPassive>Passive:</spellPassive> Every 5 attacks, Kennen deals bonus magic damage equal to {{ e2 }} <scaleAD>(+{{ f1 }})</scaleAD> <scaleAP>(+{{ a2 }})</scaleAP> and adds a Mark of the Storm to his target.<br /><br /><spellPassive>Active:</spellPassive> Sends a surge of electricity through all nearby enemies affected by Mark of the Storm or Slicing Maelstrom, dealing {{ e1 }} <scaleAP>(+{{ a1 }})</scaleAP> magic damage.","leveltip":{"label":["Damage (passive)","Damage (active)","Bonus AD Ratio","Cooldown"],"effect":["{{ e2 }} -> {{ e2NL }}","{{ e1 }} -> {{ e1NL }}","{{ effect3amount*100.000000 }}% -> {{ effect3amountnl*100.000000 }}%","{{ cooldown }} -> {{ cooldownNL }}"]},"maxrank":5,"cooldown":[14,12,10,8,6],"cooldownBurn":"14/12/10/8/6","cost":[40,40,40,40,40],"costBurn":"40","datavalues":{},"effect":[null,[60,85,110,135,160],[10,20,30,40,50],[0.6,0.7,0.8,0.9,1],[0,0,0,0,0],[0,0,0,0,0],[0,0,0,0,0],[0,0,0,0,0],[0,0,0,0,0],[0,0,0,0,0],[0,0,0,0,0]],"effectBurn":[null,"60/85/110/135/160","10/20/30/40/50","0.6/0.7/0.8/0.9/1","0","0","0","0","0","0","0"],"vars":[{"link":"spelldamage","coeff":0.2,"key":"a2"},{"link":"spelldamage","coeff":0.8,"key":"a1"}],"costType":" {{ abilityresourcename }}","maxammo":"-1","range":[725,725,725,725,725],"rangeBurn":"725","image":{"full":"KennenBringTheLight.png","sprite":"spell5.png","group":"spell","x":432,"y":144,"w":48,"h":48},"resource":"{{ cost }} {{ abilityresourcename }}"},{"id":"KennenLightningRush","name":"Lightning Rush","description":"Kennen morphs into a lightning form, enabling him to pass through units and apply a Mark of the Storm. Kennen gains movement speed when entering this form, and attack speed when leaving it.","tooltip":"Kennen turns into a ball of lightning for up to {{ duration - as ball }} seconds, dealing {{ base damage }} <scaleAP>(+{{ a1 }})</scaleAP> magic damage to enemies he passes through.<br /><br />While a ball of lightning, Kennen gains {{ movement speed*100 }}% movement speed. Kennen is refunded {{ energy refund }} energy if he damages at least one enemy in this form.<br /><br />Upon returning to his normal form, Kennen gains {{ attack speed*100 }}% attack speed for {{ duration - after ball }} seconds.<br /><br /><rules>Lightning Rush deals {{ damage to minions*100 }}% damage to minions.<br />Kennen ignores unit collision while he is a ball of lightning.</rules>","leveltip":{"label":["Damage","Cooldown","@AbilityResourceName@ Cost","Attack Speed %"],"effect":["{{ base damage }} -> {{ base damageNL }}","{{ cooldown }} -> {{ cooldownNL }}","{{ cost }} -> {{ costNL }}","{{ attack speed*100.000000 }}% -> {{ attack speednl*100.000000 }}%"]},"maxrank":5,"cooldown":[10,9,8,7,6],"cooldownBurn":"10/9/8/7/6","cost":[100,95,90,85,80],"costBurn":"100/95/90/85/80","datavalues":{},"effect":[null,[85,125,165,205,245],[40,40,40,40,40],[10,20,30,40,50],[1,1,1,1,1],[2,2,2,2,2],[0,0,0,0,0],[4,4,4,4,4],[0,0,0,0,0],[0,0,0,0,0],[0,0,0,0,0]],"effectBurn":[null,"85/125/165/205/245","40","10/20/30/40/50","1","2","0","4","0","0","0"],"vars":[{"link":"spelldamage","coeff":0.8,"key":"a1"}],"costType":" {{ abilityresourcename }}","maxammo":"-1","range":[200,200,200,200,200],"rangeBurn":"200","image":{"full":"KennenLightningRush.png","sprite":"spell6.png","group":"spell","x":0,"y":0,"w":48,"h":48},"resource":"{{ cost }} {{ abilityresourcename }}"},{"id":"KennenShurikenStorm","name":"Slicing Maelstrom","description":"Kennen summons a storm that strikes at nearby enemy champions for magical damage.","tooltip":"Summons a magical storm for {{ kennenrduration }} seconds that grants him {{ kennenrdefenses }} Armor and Magic Resist and deals {{ pertickdamagecalculated }} magic damage to all enemies near Kennen every {{ kennenrtickrate }} seconds. Each maelstrom hit applies Mark of the Storm, up to a maximum of 3.<br /><br />Successive maelstrom hits against the same enemy deal an additional {{ damageamp*100 }}% damage for each hit they've already suffered from this storm.","leveltip":{"label":["Damage","Armor Bonus","Magic Resist Bonus"],"effect":["{{ basedamage }} -> {{ basedamageNL }}","{{ kennenrdefenses }} -> {{ kennenrdefensesNL }}","{{ kennenrdefenses }} -> {{ kennenrdefensesNL }}"]},"maxrank":3,"cooldown":[120,120,120],"cooldownBurn":"120","cost":[0,0,0],"costBurn":"0","datavalues":{},"effect":[null,[0,0,0],[0,0,0],[0,0,0],[0,0,0],[0,0,0],[0,0,0],[0,0,0],[0,0,0],[0,0,0],[0,0,0]],"effectBurn":[null,"0","0","0","0","0","0","0","0","0","0"],"vars":[],"costType":" {{ abilityresourcename }}","maxammo":"-1","range":[550,550,550],"rangeBurn":"550","image":{"full":"KennenShurikenStorm.png","sprite":"spell6.png","group":"spell","x":48,"y":0,"w":48,"h":48},"resource":"{{ cost }} {{ abilityresourcename }}"}],"passive":{"name":"Mark of the Storm","description":"Kennen stuns enemies he hits 3 times with his abilities.","image":{"full":"Kennen_Passive.png","sprite":"passive1.png","group":"passive","x":288,"y":96,"w":48,"h":48}},"recommended":[{"champion":"Kennen","title":"Beginner","map":"SR","mode":"INTRO","type":"riot","customTag":"","extensionPage":false,"customPanel":null,"blocks":[{"type":"beginner_starter","recMath":false,"recSteps":false,"minSummonerLevel":-1,"maxSummonerLevel":4,"showIfSummonerSpell":"","hideIfSummonerSpell":"","items":[{"id":"1054","count":1,"hideCount":false},{"id":"2003","count":1,"hideCount":false}]},{"type":"beginner_starter","recMath":false,"recSteps":false,"minSummonerLevel":5,"maxSummonerLevel":-1,"showIfSummonerSpell":"","hideIfSummonerSpell":"","items":[{"id":"1054","count":1,"hideCount":false},{"id":"2003","count":1,"hideCount":false}]},{"type":"beginner_advanced","recMath":true,"recSteps":false,"minSummonerLevel":-1,"maxSummonerLevel":-1,"showIfSummonerSpell":"","hideIfSummonerSpell":"","items":[{"id":"1011","count":1,"hideCount":false},{"id":"1052","count":1,"hideCount":false},{"id":"1058","count":1,"hideCount":false}]},{"type":"beginner_movementspeed","recMath":true,"recSteps":false,"minSummonerLevel":-1,"maxSummonerLevel":-1,"showIfSummonerSpell":"","hideIfSummonerSpell":"","items":[{"id":"1001","count":1,"hideCount":false},{"id":"3020","count":1,"hideCount":false}]},{"type":"beginner_legendaryitem","recMath":true,"recSteps":false,"minSummonerLevel":-1,"maxSummonerLevel":-1,"showIfSummonerSpell":"","hideIfSummonerSpell":"","items":[{"id":"3116","count":1,"hideCount":false}]},{"type":"beginner_morelegendaryitems","recMath":false,"recSteps":false,"minSummonerLevel":-1,"maxSummonerLevel":-1,"showIfSummonerSpell":"","hideIfSummonerSpell":"","items":[{"id":"3001","count":1,"hideCount":false},{"id":"3089","count":1,"hideCount":false},{"id":"3135","count":1,"hideCount":false}]}]},{"champion":"Kennen","title":"KennenARAM","map":"HA","mode":"ARAM","type":"riot","customTag":"","sortrank":0,"extensionPage":false,"customPanel":null,"blocks":[{"type":"starting","recMath":false,"recSteps":false,"minSummonerLevel":-1,"maxSummonerLevel":-1,"showIfSummonerSpell":"","hideIfSummonerSpell":"","appendAfterSection":"","visibleWithAllOf":[""],"hiddenWithAnyOf":[""],"items":[{"id":"3191","count":1,"hideCount":false},{"id":"1001","count":1,"hideCount":false}]},{"type":"essential","recMath":false,"recSteps":false,"minSummonerLevel":-1,"maxSummonerLevel":-1,"showIfSummonerSpell":"","hideIfSummonerSpell":"","appendAfterSection":"","visibleWithAllOf":[""],"hiddenWithAnyOf":[""],"items":[{"id":"3157","count":1,"hideCount":false},{"id":"3020","count":1,"hideCount":false},{"id":"3116","count":1,"hideCount":false}]},{"type":"offensive","recMath":false,"recSteps":false,"minSummonerLevel":-1,"maxSummonerLevel":-1,"showIfSummonerSpell":"","hideIfSummonerSpell":"","appendAfterSection":"","visibleWithAllOf":[""],"hiddenWithAnyOf":[""],"items":[{"id":"3151","count":1,"hideCount":false},{"id":"3089","count":1,"hideCount":false},{"id":"3152","count":1,"hideCount":false}]},{"type":"situational","recMath":false,"recSteps":false,"minSummonerLevel":-1,"maxSummonerLevel":-1,"showIfSummonerSpell":"","hideIfSummonerSpell":"","appendAfterSection":"","visibleWithAllOf":[""],"hiddenWithAnyOf":[""],"items":[{"id":"3116","count":1,"hideCount":false},{"id":"3102","count":1,"hideCount":false},{"id":"3135","count":1,"hideCount":false}]},{"type":"offmeta","recMath":false,"recSteps":false,"minSummonerLevel":-1,"maxSummonerLevel":-1,"showIfSummonerSpell":"","hideIfSummonerSpell":"","appendAfterSection":"","visibleWithAllOf":[""],"hiddenWithAnyOf":[""],"items":[{"id":"3031","count":1,"hideCount":false},{"id":"3085","count":1,"hideCount":false},{"id":"3091","count":1,"hideCount":false}]},{"type":"consumables","recMath":false,"recSteps":false,"minSummonerLevel":-1,"maxSummonerLevel":-1,"showIfSummonerSpell":"","hideIfSummonerSpell":"","appendAfterSection":"","visibleWithAllOf":[""],"hiddenWithAnyOf":[""],"items":[{"id":"2003","count":1,"hideCount":true},{"id":"2139","count":1,"hideCount":true}]}]},{"champion":"Kennen","title":"KennenFIRSTBLOOD","map":"HA","mode":"FIRSTBLOOD","type":"riot","customTag":"","extensionPage":false,"customPanel":null,"blocks":[{"type":"starting","recMath":false,"recSteps":false,"minSummonerLevel":-1,"maxSummonerLevel":-1,"showIfSummonerSpell":"","hideIfSummonerSpell":"","items":[{"id":"1055","count":1,"hideCount":false},{"id":"2003","count":1,"hideCount":false},{"id":"3340","count":1,"hideCount":false}]},{"type":"early","recMath":false,"recSteps":false,"minSummonerLevel":-1,"maxSummonerLevel":-1,"showIfSummonerSpell":"","hideIfSummonerSpell":"","items":[{"id":"3191","count":1,"hideCount":false},{"id":"1058","count":1,"hideCount":false},{"id":"1001","count":1,"hideCount":false}]},{"type":"essential","recMath":false,"recSteps":false,"minSummonerLevel":-1,"maxSummonerLevel":-1,"showIfSummonerSpell":"","hideIfSummonerSpell":"","items":[{"id":"3157","count":1,"hideCount":false},{"id":"3116","count":1,"hideCount":false},{"id":"3020","count":1,"hideCount":false}]},{"type":"standard","recMath":false,"recSteps":false,"minSummonerLevel":-1,"maxSummonerLevel":-1,"showIfSummonerSpell":"","hideIfSummonerSpell":"","items":[{"id":"3135","count":1,"hideCount":false},{"id":"3089","count":1,"hideCount":false},{"id":"3285","count":1,"hideCount":false}]},{"type":"situational","recMath":false,"recSteps":false,"minSummonerLevel":-1,"maxSummonerLevel":-1,"showIfSummonerSpell":"","hideIfSummonerSpell":"","items":[{"id":"3152","count":1,"hideCount":false},{"id":"3001","count":1,"hideCount":false},{"id":"3026","count":1,"hideCount":false}]},{"type":"consumables","recMath":false,"recSteps":false,"minSummonerLevel":-1,"maxSummonerLevel":-1,"showIfSummonerSpell":"","hideIfSummonerSpell":"","items":[{"id":"2003","count":1,"hideCount":true},{"id":"2043","count":1,"hideCount":true},{"id":"2139","count":1,"hideCount":true}]}]},{"champion":"Kennen","title":"KennenARAM","map":"HA","mode":"KINGPORO","type":"riot","customTag":"","sortrank":0,"extensionPage":false,"customPanel":null,"blocks":[{"type":"KingPoroSnax","recMath":false,"recSteps":false,"minSummonerLevel":-1,"maxSummonerLevel":-1,"showIfSummonerSpell":"","hideIfSummonerSpell":"","items":[{"id":"3680","count":1,"hideCount":false},{"id":"3681","count":1,"hideCount":false},{"id":"3682","count":1,"hideCount":false},{"id":"3683","count":1,"hideCount":false},{"id":"3684","count":1,"hideCount":false},{"id":"3685","count":1,"hideCount":false}]},{"type":"starting","recMath":false,"recSteps":false,"minSummonerLevel":-1,"maxSummonerLevel":-1,"showIfSummonerSpell":"","hideIfSummonerSpell":"","appendAfterSection":"","visibleWithAllOf":[""],"hiddenWithAnyOf":[""],"items":[{"id":"3191","count":1,"hideCount":false},{"id":"1001","count":1,"hideCount":false}]},{"type":"essential","recMath":false,"recSteps":false,"minSummonerLevel":-1,"maxSummonerLevel":-1,"showIfSummonerSpell":"","hideIfSummonerSpell":"","appendAfterSection":"","visibleWithAllOf":[""],"hiddenWithAnyOf":[""],"items":[{"id":"3157","count":1,"hideCount":false},{"id":"3020","count":1,"hideCount":false},{"id":"3116","count":1,"hideCount":false}]},{"type":"offensive","recMath":false,"recSteps":false,"minSummonerLevel":-1,"maxSummonerLevel":-1,"showIfSummonerSpell":"","hideIfSummonerSpell":"","appendAfterSection":"","visibleWithAllOf":[""],"hiddenWithAnyOf":[""],"items":[{"id":"3151","count":1,"hideCount":false},{"id":"3089","count":1,"hideCount":false},{"id":"3152","count":1,"hideCount":false}]},{"type":"situational","recMath":false,"recSteps":false,"minSummonerLevel":-1,"maxSummonerLevel":-1,"showIfSummonerSpell":"","hideIfSummonerSpell":"","appendAfterSection":"","visibleWithAllOf":[""],"hiddenWithAnyOf":[""],"items":[{"id":"3116","count":1,"hideCount":false},{"id":"3102","count":1,"hideCount":false},{"id":"3135","count":1,"hideCount":false}]},{"type":"offmeta","recMath":false,"recSteps":false,"minSummonerLevel":-1,"maxSummonerLevel":-1,"showIfSummonerSpell":"","hideIfSummonerSpell":"","appendAfterSection":"","visibleWithAllOf":[""],"hiddenWithAnyOf":[""],"items":[{"id":"3031","count":1,"hideCount":false},{"id":"3085","count":1,"hideCount":false},{"id":"3091","count":1,"hideCount":false}]},{"type":"consumables","recMath":false,"recSteps":false,"minSummonerLevel":-1,"maxSummonerLevel":-1,"showIfSummonerSpell":"","hideIfSummonerSpell":"","appendAfterSection":"","visibleWithAllOf":[""],"hiddenWithAnyOf":[""],"items":[{"id":"2003","count":1,"hideCount":true},{"id":"2139","count":1,"hideCount":true}]}]},{"champion":"Kennen","title":"KennenSL","map":"NB","mode":"NEXUSBLITZ","type":"riot","customTag":"","sortrank":0,"extensionPage":false,"useObviousCheckmark":false,"customPanel":null,"blocks":[{"type":"starting","recMath":false,"recSteps":false,"minSummonerLevel":-1,"maxSummonerLevel":-1,"showIfSummonerSpell":"","hideIfSummonerSpell":"SummonerSmite","appendAfterSection":"","visibleWithAllOf":[""],"hiddenWithAnyOf":[""],"items":[{"id":"4202","count":1,"hideCount":false},{"id":"2003","count":1,"hideCount":false},{"id":"3340","count":1,"hideCount":false}]},{"type":"startingjungle","recMath":false,"recSteps":false,"minSummonerLevel":-1,"maxSummonerLevel":-1,"showIfSummonerSpell":"SummonerSmite","hideIfSummonerSpell":"","appendAfterSection":"","visibleWithAllOf":[""],"hiddenWithAnyOf":[""],"items":[{"id":"4101","count":1,"hideCount":false},{"id":"2003","count":1,"hideCount":false},{"id":"3340","count":1,"hideCount":false}]},{"type":"early","recMath":false,"recSteps":false,"minSummonerLevel":-1,"maxSummonerLevel":-1,"showIfSummonerSpell":"","hideIfSummonerSpell":"SummonerSmite","appendAfterSection":"","visibleWithAllOf":[""],"hiddenWithAnyOf":[""],"items":[{"id":"3145","count":1,"hideCount":false},{"id":"1001","count":1,"hideCount":false},{"id":"3067","count":1,"hideCount":false}]},{"type":"earlyjungle","recMath":false,"recSteps":false,"minSummonerLevel":-1,"maxSummonerLevel":-1,"showIfSummonerSpell":"SummonerSmite","hideIfSummonerSpell":"","appendAfterSection":"","visibleWithAllOf":[""],"hiddenWithAnyOf":[""],"items":[{"id":"3108","count":1,"hideCount":false},{"id":"1001","count":1,"hideCount":false}]},{"type":"essential","recMath":false,"recSteps":false,"minSummonerLevel":-1,"maxSummonerLevel":-1,"showIfSummonerSpell":"","hideIfSummonerSpell":"SummonerSmite","appendAfterSection":"","visibleWithAllOf":[""],"hiddenWithAnyOf":[""],"items":[{"id":"3152","count":1,"hideCount":false},{"id":"3020","count":1,"hideCount":false},{"id":"3165","count":1,"hideCount":false}]},{"type":"essentialjungle","recMath":false,"recSteps":false,"minSummonerLevel":-1,"maxSummonerLevel":-1,"showIfSummonerSpell":"SummonerSmite","hideIfSummonerSpell":"","appendAfterSection":"","visibleWithAllOf":[""],"hiddenWithAnyOf":[""],"items":[{"id":"4104","count":1,"hideCount":false},{"id":"3020","count":1,"hideCount":false},{"id":"3165","count":1,"hideCount":false}]},{"type":"standard","recMath":false,"recSteps":false,"minSummonerLevel":-1,"maxSummonerLevel":-1,"showIfSummonerSpell":"","hideIfSummonerSpell":"","appendAfterSection":"","visibleWithAllOf":[""],"hiddenWithAnyOf":[""],"items":[{"id":"3157","count":1,"hideCount":false},{"id":"3089","count":1,"hideCount":false},{"id":"3135","count":1,"hideCount":false}]},{"type":"situational","recMath":false,"recSteps":false,"minSummonerLevel":-1,"maxSummonerLevel":-1,"showIfSummonerSpell":"","hideIfSummonerSpell":"","appendAfterSection":"","visibleWithAllOf":[""],"hiddenWithAnyOf":[""],"items":[{"id":"3116","count":1,"hideCount":false},{"id":"3102","count":1,"hideCount":false}]},{"type":"consumables","recMath":false,"recSteps":false,"minSummonerLevel":-1,"maxSummonerLevel":-1,"showIfSummonerSpell":"","hideIfSummonerSpell":"","appendAfterSection":"","visibleWithAllOf":[""],"hiddenWithAnyOf":[""],"items":[{"id":"2003","count":1,"hideCount":true},{"id":"2139","count":1,"hideCount":true}]}]},{"champion":"Kennen","title":"KennenSR","map":"SR","mode":"CLASSIC","type":"riot","customTag":"","sortrank":0,"extensionPage":false,"useObviousCheckmark":false,"customPanel":null,"blocks":[{"type":"starting","recMath":false,"recSteps":false,"minSummonerLevel":-1,"maxSummonerLevel":-1,"showIfSummonerSpell":"","hideIfSummonerSpell":"","appendAfterSection":"","visibleWithAllOf":[""],"hiddenWithAnyOf":[""],"items":[{"id":"1055","count":1,"hideCount":false},{"id":"2003","count":1,"hideCount":false},{"id":"3340","count":1,"hideCount":false}]},{"type":"early","recMath":false,"recSteps":false,"minSummonerLevel":-1,"maxSummonerLevel":-1,"showIfSummonerSpell":"","hideIfSummonerSpell":"","appendAfterSection":"","visibleWithAllOf":[""],"hiddenWithAnyOf":[""],"items":[{"id":"3145","count":1,"hideCount":false},{"id":"1001","count":1,"hideCount":false},{"id":"3067","count":1,"hideCount":false}]},{"type":"essential","recMath":false,"recSteps":false,"minSummonerLevel":-1,"maxSummonerLevel":-1,"showIfSummonerSpell":"","hideIfSummonerSpell":"","appendAfterSection":"","visibleWithAllOf":[""],"hiddenWithAnyOf":[""],"items":[{"id":"3152","count":1,"hideCount":false},{"id":"3157","count":1,"hideCount":false},{"id":"3020","count":1,"hideCount":false}]},{"type":"standard","recMath":false,"recSteps":false,"minSummonerLevel":-1,"maxSummonerLevel":-1,"showIfSummonerSpell":"","hideIfSummonerSpell":"","appendAfterSection":"","visibleWithAllOf":[""],"hiddenWithAnyOf":[""],"items":[{"id":"3165","count":1,"hideCount":false},{"id":"3135","count":1,"hideCount":false},{"id":"3089","count":1,"hideCount":false}]},{"type":"situational","recMath":false,"recSteps":false,"minSummonerLevel":-1,"maxSummonerLevel":-1,"showIfSummonerSpell":"","hideIfSummonerSpell":"","appendAfterSection":"","visibleWithAllOf":[""],"hiddenWithAnyOf":[""],"items":[{"id":"3146","count":1,"hideCount":false},{"id":"3907","count":1,"hideCount":false},{"id":"3102","count":1,"hideCount":false}]},{"type":"consumables","recMath":false,"recSteps":false,"minSummonerLevel":-1,"maxSummonerLevel":-1,"showIfSummonerSpell":"","hideIfSummonerSpell":"","appendAfterSection":"","visibleWithAllOf":[""],"hiddenWithAnyOf":[""],"items":[{"id":"2003","count":1,"hideCount":true},{"id":"2139","count":1,"hideCount":true}]}]}]}}}