{"type":"champion","format":"standAloneComplex","version":"10.15.1","data":{"Khazix":{"id":"Khazix","key":"121","name":"Kha'Zix","title":"the Voidreaver","image":{"full":"Khazix.png","sprite":"champion1.png","group":"champion","x":336,"y":96,"w":48,"h":48},"skins":[{"id":"121000","num":0,"name":"default","chromas":false},{"id":"121001","num":1,"name":"Mecha Kha'Zix","chromas":true},{"id":"121002","num":2,"name":"Guardian of the Sands Kha'Zix","chromas":false},{"id":"121003","num":3,"name":"Death Blossom Kha'Zix","chromas":false},{"id":"121004","num":4,"name":"Dark Star Kha'Zix","chromas":false},{"id":"121011","num":11,"name":"Championship Kha'Zix","chromas":true}],"lore":"The Void grows, and the Void adapts—in none of its myriad spawn are these truths more apparent than Kha'Zix. Evolution drives the core of this mutating horror, born to survive and to slay the strong. Where it struggles to do so, it grows new, more effective ways to counter and kill its prey. Initially a mindless beast, Kha'Zix's intelligence has developed as much as its form. Now, the creature plans out its hunts, and even utilizes the visceral terror it engenders in its victims.","blurb":"The Void grows, and the Void adapts—in none of its myriad spawn are these truths more apparent than Kha'Zix. Evolution drives the core of this mutating horror, born to survive and to slay the strong. Where it struggles to do so, it grows new, more...","allytips":["Enemies are considered isolated if they have no allies within a short distance. The damage of Taste Their Fear is massively increased against these targets.","Unseen Threat activates when Kha'Zix cannot be seen by the enemy team. Reactivate by using brush or Void Assault. Don't forget to apply Unseen Threat by autoattacking enemy champions.","Kha'Zix has a great deal of freedom to choose where and when to fight. Pick your battles carefully to succeed."],"enemytips":["Taste Their Fear deals bonus damage to targets that are isolated. Gain an advantage by fighting near allied minions, champions, or turrets.","Leap and Void Assault have long cooldowns. Kha'Zix is very vulnerable when these are not available."],"tags":["Assassin"],"partype":"Mana","info":{"attack":9,"defense":4,"magic":3,"difficulty":6},"stats":{"hp":572.8,"hpperlevel":85,"mp":327.2,"mpperlevel":40,"movespeed":350,"armor":36,"armorperlevel":3,"spellblock":32.1,"spellblockperlevel":1.25,"attackrange":125,"hpregen":7.5,"hpregenperlevel":0.75,"mpregen":7.59,"mpregenperlevel":0.5,"crit":0,"critperlevel":0,"attackdamage":63,"attackdamageperlevel":3.1,"attackspeedperlevel":2.7,"attackspeed":0.668},"spells":[{"id":"KhazixQ","name":"Taste Their Fear","description":"Deals physical damage to the target. Damage increased on <font color='#FFF673'>Isolated</font> targets. If he chooses to <font color='#00DD33'>Evolve Reaper Claws</font>, this refunds a percent of it's cooldown against <font color='#FFF673'>Isolated</font> targets. Kha'Zix also gains increased range on his basic attacks and Taste Their Fear.","tooltip":"Deals {{ e1 }} <scaleAD>(+{{ a1 }})</scaleAD> physical damage. If the target is <keywordMajor>Isolated</keywordMajor>, the damage is increased by {{ e2 }}% (<scaleAD>{{ f1 }}</scaleAD>).<br /><br /><span class=\"color00DD33\">Evolved Reaper Claws:</span> Increases the range of Taste Their Fear and Kha'Zix's basic attacks by {{ e3 }}. If target is <keywordMajor>Isolated</keywordMajor>, refunds {{ e4 }}% of Taste Their Fear's cooldown.","leveltip":{"label":["Damage"],"effect":["{{ e1 }} -> {{ e1NL }}"]},"maxrank":5,"cooldown":[4,4,4,4,4],"cooldownBurn":"4","cost":[20,20,20,20,20],"costBurn":"20","datavalues":{},"effect":[null,[60,85,110,135,160],[120,120,120,120,120],[50,50,50,50,50],[45,45,45,45,45],[0,0,0,0,0],[0,0,0,0,0],[0,0,0,0,0],[0,0,0,0,0],[0,0,0,0,0],[0,0,0,0,0]],"effectBurn":[null,"60/85/110/135/160","120","50","45","0","0","0","0","0","0"],"vars":[{"link":"bonusattackdamage","coeff":1.3,"key":"a1"}],"costType":" {{ abilityresourcename }}","maxammo":"-1","range":[325,325,325,325,325],"rangeBurn":"325","image":{"full":"KhazixQ.png","sprite":"spell6.png","group":"spell","x":96,"y":0,"w":48,"h":48},"resource":"{{ cost }} {{ abilityresourcename }}"},{"id":"KhazixW","name":"Void Spike","description":"Kha'Zix fires exploding spikes that deal physical damage to enemies hit. Kha'Zix is healed if he is also within the explosion radius. If he chooses to <font color='#00DD33'>Evolve Spike Racks</font>, Void Spike now fires three spikes in a cone, slow enemies hit, and reveals enemy champions hit for 2 seconds. <font color='#FFF673'>Isolated</font> targets are slowed for extra.","tooltip":"Fires exploding spikes, dealing {{ e1 }} <scaleAD>(+{{ a1 }})</scaleAD> physical damage to enemies hit. Heals Kha'Zix for {{ e2 }} <scaleAP>(+{{ a2 }})</scaleAP> if he is within the explosion radius.<br /><br /><span class=\"color00DD33\">Evolved Spike Racks:</span> Void Spike fires three spikes in a cone and slows targets hit by {{ e3 }}% for {{ e4 }} seconds. Reveals enemy champions hit for 2 seconds. <keywordMajor>Isolated</keywordMajor> targets are slowed for {{ e7 }}% instead.","leveltip":{"label":["Damage","Healing","@AbilityResourceName@ Cost"],"effect":["{{ e1 }} -> {{ e1NL }}","{{ e2 }} -> {{ e2NL }}","{{ cost }} -> {{ costNL }}"]},"maxrank":5,"cooldown":[9,9,9,9,9],"cooldownBurn":"9","cost":[55,60,65,70,75],"costBurn":"55/60/65/70/75","datavalues":{},"effect":[null,[85,115,145,175,205],[60,85,110,135,160],[60,60,60,60,60],[2,2,2,2,2],[0,0,0,0,0],[2,2,2,2,2],[90,90,90,90,90],[0,0,0,0,0],[0,0,0,0,0],[0,0,0,0,0]],"effectBurn":[null,"85/115/145/175/205","60/85/110/135/160","60","2","0","2","90","0","0","0"],"vars":[{"link":"bonusattackdamage","coeff":1,"key":"a1"},{"link":"spelldamage","coeff":0.5,"key":"a2"}],"costType":" {{ abilityresourcename }}","maxammo":"-1","range":[1000,1000,1000,1000,1000],"rangeBurn":"1000","image":{"full":"KhazixW.png","sprite":"spell6.png","group":"spell","x":144,"y":0,"w":48,"h":48},"resource":"{{ cost }} {{ abilityresourcename }}"},{"id":"KhazixE","name":"Leap","description":"Kha'Zix leaps to an area, dealing physical damage upon landing. If he chooses to <font color='#00DD33'>Evolve Wings</font>, Leap's range increases by 200 and the cooldown resets on champion kill or assist.","tooltip":"Leaps to target area, dealing {{ e1 }} <scaleAD>(+{{ a1 }})</scaleAD> physical damage.<br /><br /><span class=\"color00DD33\">Evolved Wings:</span> Increases Leap's range by 200, and the cooldown resets on champion kill or assist.","leveltip":{"label":["Damage","Cooldown"],"effect":["{{ e1 }} -> {{ e1NL }}","{{ cooldown }} -> {{ cooldownNL }}"]},"maxrank":5,"cooldown":[20,18,16,14,12],"cooldownBurn":"20/18/16/14/12","cost":[50,50,50,50,50],"costBurn":"50","datavalues":{},"effect":[null,[65,100,135,170,205],[30,35,40,45,50],[10,10,10,10,10],[2.5,2.5,2.5,2.5,2.5],[0,0,0,0,0],[0,0,0,0,0],[0,0,0,0,0],[0,0,0,0,0],[0,0,0,0,0],[0,0,0,0,0]],"effectBurn":[null,"65/100/135/170/205","30/35/40/45/50","10","2.5","0","0","0","0","0","0"],"vars":[{"link":"bonusattackdamage","coeff":0.2,"key":"a1"}],"costType":" {{ abilityresourcename }}","maxammo":"-1","range":[700,700,700,700,700],"rangeBurn":"700","image":{"full":"KhazixE.png","sprite":"spell6.png","group":"spell","x":192,"y":0,"w":48,"h":48},"resource":"{{ cost }} {{ abilityresourcename }}"},{"id":"KhazixR","name":"Void Assault","description":"Each rank allows Kha'Zix to evolve one of his abilities, giving it a unique additional effect. When activated, Kha'Zix becomes <font color='#91d7ee'>Invisible</font>, triggering Unseen Threat and increasing Movement Speed. If he chooses to <font color='#00DD33'>Evolve Adaptive Cloaking</font>, Void Assault gains increased <font color='#91d7ee'>Invisibility</font> duration, and an additional use.","tooltip":"<spellPassive>Passive:</spellPassive> Ranking up Void Assault allows Kha'Zix to evolve one of his abilities.<br /><br /><spellPassive>Active:</spellPassive> Kha'Zix becomes <span class=\"color91d7ee\">Invisible</span> for {{ stealthduration }} seconds and activates Unseen Threat. While <span class=\"color91d7ee\">Invisible</span>, he gains {{ bonusmovementspeedpercent*100 }}% movement speed and ignores unit collision.<br /><br />Void Assault can be used again within {{ recastwindow }} seconds of the initial use, up to {{ numberofcasts }} times total.<br /><br /><span class=\"color00DD33\">Evolved Adaptive Cloaking:</span> Void Assault's uses are increased to {{ evolvednumberofcasts }} within {{ recastwindow }} seconds, and its stealth duration is increased to {{ evolvedstealthduration }} seconds.<br /><br /><u><span class=\"size16 color91d7ee\">Stealth - Invisible</span></u><span class=\"size16 colorb3b3b3\">: Kha'Zix can only be revealed by nearby enemy Turrets or <span class=\"size16 coloree91d7\">True Sight</span>.</span>","leveltip":{"label":["Evolutions Available","Cooldown"],"effect":["{{ evolutionsavailable }} -> {{ evolutionsavailableNL }}","{{ cooldown }} -> {{ cooldownNL }}"]},"maxrank":3,"cooldown":[100,85,70],"cooldownBurn":"100/85/70","cost":[100,100,100],"costBurn":"100","datavalues":{},"effect":[null,[0,0,0],[0,0,0],[0,0,0],[0,0,0],[0,0,0],[0,0,0],[0,0,0],[0,0,0],[0,0,0],[0,0,0]],"effectBurn":[null,"0","0","0","0","0","0","0","0","0","0"],"vars":[],"costType":" {{ abilityresourcename }}","maxammo":"-1","range":[25000,25000,25000],"rangeBurn":"25000","image":{"full":"KhazixR.png","sprite":"spell6.png","group":"spell","x":240,"y":0,"w":48,"h":48},"resource":"{{ cost }} {{ abilityresourcename }}"}],"passive":{"name":"Unseen Threat","description":"Nearby enemies that are <font color='#FFF673'>Isolated</font> from their allies are marked. Kha'Zix's abilities have interactions with <font color='#FFF673'>Isolated</font> targets.<br><br>When Kha'Zix is not visible to the enemy team, he gains Unseen Threat, causing his next basic attack against an enemy champion to deal bonus magic damage and slow them for a few seconds.","image":{"full":"Khazix_P.png","sprite":"passive1.png","group":"passive","x":336,"y":96,"w":48,"h":48}},"recommended":[{"champion":"Khazix","title":"Beginner","map":"SR","mode":"INTRO","type":"riot","customTag":"","extensionPage":false,"customPanel":null,"blocks":[{"type":"beginner_starter","recMath":false,"recSteps":false,"minSummonerLevel":-1,"maxSummonerLevel":4,"showIfSummonerSpell":"","hideIfSummonerSpell":"","items":[{"id":"1055","count":1,"hideCount":false}]},{"type":"beginner_starter","recMath":false,"recSteps":false,"minSummonerLevel":5,"maxSummonerLevel":-1,"showIfSummonerSpell":"","hideIfSummonerSpell":"","items":[{"id":"1055","count":1,"hideCount":false},{"id":"2003","count":1,"hideCount":false}]},{"type":"beginner_advanced","recMath":true,"recSteps":false,"minSummonerLevel":-1,"maxSummonerLevel":-1,"showIfSummonerSpell":"","hideIfSummonerSpell":"","items":[{"id":"1028","count":1,"hideCount":false},{"id":"1036","count":1,"hideCount":false},{"id":"3044","count":1,"hideCount":false}]},{"type":"beginner_movementspeed","recMath":true,"recSteps":false,"minSummonerLevel":-1,"maxSummonerLevel":-1,"showIfSummonerSpell":"","hideIfSummonerSpell":"","items":[{"id":"1001","count":1,"hideCount":false},{"id":"1029","count":1,"hideCount":false},{"id":"3047","count":1,"hideCount":false}]},{"type":"beginner_legendaryitem","recMath":true,"recSteps":false,"minSummonerLevel":-1,"maxSummonerLevel":-1,"showIfSummonerSpell":"","hideIfSummonerSpell":"","items":[{"id":"3044","count":1,"hideCount":false},{"id":"3057","count":1,"hideCount":false},{"id":"3086","count":1,"hideCount":false},{"id":"3078","count":1,"hideCount":false}]},{"type":"beginner_morelegendaryitems","recMath":false,"recSteps":false,"minSummonerLevel":-1,"maxSummonerLevel":-1,"showIfSummonerSpell":"","hideIfSummonerSpell":"","items":[{"id":"3004","count":1,"hideCount":false},{"id":"3071","count":1,"hideCount":false},{"id":"3022","count":1,"hideCount":false},{"id":"3036","count":1,"hideCount":false}]}]},{"champion":"Khazix","title":"KhazixARAM","map":"HA","mode":"ARAM","type":"riot","customTag":"","sortrank":0,"extensionPage":false,"useObviousCheckmark":false,"customPanel":null,"blocks":[{"type":"starting","recMath":false,"recSteps":false,"minSummonerLevel":-1,"maxSummonerLevel":-1,"showIfSummonerSpell":"","hideIfSummonerSpell":"","appendAfterSection":"","visibleWithAllOf":[""],"hiddenWithAnyOf":[""],"items":[{"id":"3134","count":1,"hideCount":false},{"id":"1001","count":1,"hideCount":false}]},{"type":"essential","recMath":false,"recSteps":false,"minSummonerLevel":-1,"maxSummonerLevel":-1,"showIfSummonerSpell":"","hideIfSummonerSpell":"","appendAfterSection":"","visibleWithAllOf":[""],"hiddenWithAnyOf":[""],"items":[{"id":"3147","count":1,"hideCount":false},{"id":"3158","count":1,"hideCount":false},{"id":"3142","count":1,"hideCount":false}]},{"type":"offensive","recMath":false,"recSteps":false,"minSummonerLevel":-1,"maxSummonerLevel":-1,"showIfSummonerSpell":"","hideIfSummonerSpell":"","appendAfterSection":"","visibleWithAllOf":[""],"hiddenWithAnyOf":[""],"items":[{"id":"3078","count":1,"hideCount":false},{"id":"3074","count":1,"hideCount":false},{"id":"3071","count":1,"hideCount":false}]},{"type":"defensive","recMath":false,"recSteps":false,"minSummonerLevel":-1,"maxSummonerLevel":-1,"showIfSummonerSpell":"","hideIfSummonerSpell":"","appendAfterSection":"","visibleWithAllOf":[""],"hiddenWithAnyOf":[""],"items":[{"id":"3156","count":1,"hideCount":false},{"id":"3053","count":1,"hideCount":false}]},{"type":"consumables","recMath":false,"recSteps":false,"minSummonerLevel":-1,"maxSummonerLevel":-1,"showIfSummonerSpell":"","hideIfSummonerSpell":"","appendAfterSection":"","visibleWithAllOf":[""],"hiddenWithAnyOf":[""],"items":[{"id":"2003","count":1,"hideCount":true},{"id":"2140","count":1,"hideCount":true}]}]},{"champion":"Khazix","title":"KhazixFIRSTBLOOD","map":"HA","mode":"FIRSTBLOOD","type":"riot","customTag":"","extensionPage":false,"customPanel":null,"blocks":[{"type":"starting","recMath":false,"recSteps":false,"minSummonerLevel":-1,"maxSummonerLevel":-1,"showIfSummonerSpell":"","hideIfSummonerSpell":"SummonerSmite","items":[{"id":"2033","count":1,"hideCount":false},{"id":"3340","count":1,"hideCount":false}]},{"type":"startingjungle","recMath":false,"recSteps":false,"minSummonerLevel":-1,"maxSummonerLevel":-1,"showIfSummonerSpell":"SummonerSmite","hideIfSummonerSpell":"","items":[{"id":"1039","count":1,"hideCount":false},{"id":"2031","count":1,"hideCount":false},{"id":"3340","count":1,"hideCount":false}]},{"type":"essential","recMath":false,"recSteps":false,"minSummonerLevel":-1,"maxSummonerLevel":-1,"showIfSummonerSpell":"","hideIfSummonerSpell":"SummonerSmite","items":[{"id":"3047","count":1,"hideCount":false},{"id":"3074","count":1,"hideCount":false}]},{"type":"essentialjungle","recMath":false,"recSteps":false,"minSummonerLevel":-1,"maxSummonerLevel":-1,"showIfSummonerSpell":"SummonerSmite","hideIfSummonerSpell":"","items":[{"id":"1400","count":1,"hideCount":false},{"id":"2032","count":1,"hideCount":false},{"id":"3117","count":1,"hideCount":false}]},{"type":"offensive","recMath":false,"recSteps":false,"minSummonerLevel":-1,"maxSummonerLevel":-1,"showIfSummonerSpell":"","hideIfSummonerSpell":"SummonerSmite","items":[{"id":"3071","count":1,"hideCount":false},{"id":"3035","count":1,"hideCount":false},{"id":"3812","count":1,"hideCount":false}]},{"type":"offensive","recMath":false,"recSteps":false,"minSummonerLevel":-1,"maxSummonerLevel":-1,"showIfSummonerSpell":"SummonerSmite","hideIfSummonerSpell":"","items":[{"id":"3074","count":1,"hideCount":false},{"id":"3812","count":1,"hideCount":false},{"id":"3071","count":1,"hideCount":false}]},{"type":"defensive","recMath":false,"recSteps":false,"minSummonerLevel":-1,"maxSummonerLevel":-1,"showIfSummonerSpell":"","hideIfSummonerSpell":"","items":[{"id":"3143","count":1,"hideCount":false},{"id":"3102","count":1,"hideCount":false},{"id":"3026","count":1,"hideCount":false}]},{"type":"consumables","recMath":false,"recSteps":false,"minSummonerLevel":-1,"maxSummonerLevel":-1,"showIfSummonerSpell":"","hideIfSummonerSpell":"","items":[{"id":"2003","count":1,"hideCount":false},{"id":"2043","count":1,"hideCount":false},{"id":"2140","count":1,"hideCount":false}]}]},{"champion":"Khazix","title":"KhazixARAM","map":"HA","mode":"KINGPORO","type":"riot","customTag":"","sortrank":0,"extensionPage":false,"useObviousCheckmark":false,"customPanel":null,"blocks":[{"type":"KingPoroSnax","recMath":false,"recSteps":false,"minSummonerLevel":-1,"maxSummonerLevel":-1,"showIfSummonerSpell":"","hideIfSummonerSpell":"","items":[{"id":"3680","count":1,"hideCount":false},{"id":"3681","count":1,"hideCount":false},{"id":"3682","count":1,"hideCount":false},{"id":"3683","count":1,"hideCount":false},{"id":"3684","count":1,"hideCount":false},{"id":"3685","count":1,"hideCount":false}]},{"type":"starting","recMath":false,"recSteps":false,"minSummonerLevel":-1,"maxSummonerLevel":-1,"showIfSummonerSpell":"","hideIfSummonerSpell":"","appendAfterSection":"","visibleWithAllOf":[""],"hiddenWithAnyOf":[""],"items":[{"id":"3134","count":1,"hideCount":false},{"id":"1001","count":1,"hideCount":false}]},{"type":"essential","recMath":false,"recSteps":false,"minSummonerLevel":-1,"maxSummonerLevel":-1,"showIfSummonerSpell":"","hideIfSummonerSpell":"","appendAfterSection":"","visibleWithAllOf":[""],"hiddenWithAnyOf":[""],"items":[{"id":"3147","count":1,"hideCount":false},{"id":"3158","count":1,"hideCount":false},{"id":"3142","count":1,"hideCount":false}]},{"type":"offensive","recMath":false,"recSteps":false,"minSummonerLevel":-1,"maxSummonerLevel":-1,"showIfSummonerSpell":"","hideIfSummonerSpell":"","appendAfterSection":"","visibleWithAllOf":[""],"hiddenWithAnyOf":[""],"items":[{"id":"3078","count":1,"hideCount":false},{"id":"3074","count":1,"hideCount":false},{"id":"3071","count":1,"hideCount":false}]},{"type":"defensive","recMath":false,"recSteps":false,"minSummonerLevel":-1,"maxSummonerLevel":-1,"showIfSummonerSpell":"","hideIfSummonerSpell":"","appendAfterSection":"","visibleWithAllOf":[""],"hiddenWithAnyOf":[""],"items":[{"id":"3156","count":1,"hideCount":false},{"id":"3053","count":1,"hideCount":false}]},{"type":"consumables","recMath":false,"recSteps":false,"minSummonerLevel":-1,"maxSummonerLevel":-1,"showIfSummonerSpell":"","hideIfSummonerSpell":"","appendAfterSection":"","visibleWithAllOf":[""],"hiddenWithAnyOf":[""],"items":[{"id":"2003","count":1,"hideCount":true},{"id":"2140","count":1,"hideCount":true}]}]},{"champion":"Khazix","title":"KhaZixSL","map":"NB","mode":"NEXUSBLITZ","type":"riot","customTag":"","sortrank":0,"extensionPage":false,"useObviousCheckmark":false,"customPanel":null,"blocks":[{"type":"starting","recMath":false,"recSteps":false,"minSummonerLevel":-1,"maxSummonerLevel":-1,"showIfSummonerSpell":"","hideIfSummonerSpell":"SummonerSmite","appendAfterSection":"","visibleWithAllOf":[""],"hiddenWithAnyOf":[""],"items":[{"id":"2033","count":1,"hideCount":false},{"id":"3340","count":1,"hideCount":false}]},{"type":"startingjungle","recMath":false,"recSteps":false,"minSummonerLevel":-1,"maxSummonerLevel":-1,"showIfSummonerSpell":"SummonerSmite","hideIfSummonerSpell":"","appendAfterSection":"","visibleWithAllOf":[""],"hiddenWithAnyOf":[""],"items":[{"id":"4101","count":1,"hideCount":false},{"id":"2003","count":1,"hideCount":false},{"id":"3340","count":1,"hideCount":false}]},{"type":"early","recMath":false,"recSteps":false,"minSummonerLevel":-1,"maxSummonerLevel":-1,"showIfSummonerSpell":"","hideIfSummonerSpell":"SummonerSmite","appendAfterSection":"","visibleWithAllOf":[""],"hiddenWithAnyOf":[""],"items":[{"id":"3077","count":1,"hideCount":false},{"id":"1001","count":1,"hideCount":false},{"id":"1053","count":1,"hideCount":false}]},{"type":"earlyjungle","recMath":false,"recSteps":false,"minSummonerLevel":-1,"maxSummonerLevel":-1,"showIfSummonerSpell":"SummonerSmite","hideIfSummonerSpell":"","appendAfterSection":"","visibleWithAllOf":[""],"hiddenWithAnyOf":[""],"items":[{"id":"1001","count":1,"hideCount":false},{"id":"3133","count":1,"hideCount":false}]},{"type":"essential","recMath":false,"recSteps":false,"minSummonerLevel":-1,"maxSummonerLevel":-1,"showIfSummonerSpell":"","hideIfSummonerSpell":"SummonerSmite","appendAfterSection":"","visibleWithAllOf":[""],"hiddenWithAnyOf":[""],"items":[{"id":"3074","count":1,"hideCount":false},{"id":"3047","count":1,"hideCount":false},{"id":"3134","count":1,"hideCount":false}]},{"type":"essentialjungle","recMath":false,"recSteps":false,"minSummonerLevel":-1,"maxSummonerLevel":-1,"showIfSummonerSpell":"SummonerSmite","hideIfSummonerSpell":"","appendAfterSection":"","visibleWithAllOf":[""],"hiddenWithAnyOf":[""],"items":[{"id":"4102","count":1,"hideCount":false},{"id":"3047","count":1,"hideCount":false},{"id":"3147","count":1,"hideCount":false}]},{"type":"offensive","recMath":false,"recSteps":false,"minSummonerLevel":-1,"maxSummonerLevel":-1,"showIfSummonerSpell":"","hideIfSummonerSpell":"","appendAfterSection":"","visibleWithAllOf":[""],"hiddenWithAnyOf":[""],"items":[{"id":"3142","count":1,"hideCount":false},{"id":"3071","count":1,"hideCount":false},{"id":"3036","count":1,"hideCount":false}]},{"type":"defensive","recMath":false,"recSteps":false,"minSummonerLevel":-1,"maxSummonerLevel":-1,"showIfSummonerSpell":"","hideIfSummonerSpell":"","appendAfterSection":"","visibleWithAllOf":[""],"hiddenWithAnyOf":[""],"items":[{"id":"3812","count":1,"hideCount":false},{"id":"3161","count":1,"hideCount":false},{"id":"3053","count":1,"hideCount":false}]},{"type":"consumables","recMath":false,"recSteps":false,"minSummonerLevel":-1,"maxSummonerLevel":-1,"showIfSummonerSpell":"","hideIfSummonerSpell":"","appendAfterSection":"","visibleWithAllOf":[""],"hiddenWithAnyOf":[""],"items":[{"id":"2003","count":1,"hideCount":true},{"id":"2140","count":1,"hideCount":true}]}]},{"champion":"Khazix","title":"KhazixSR","map":"SR","mode":"CLASSIC","type":"riot","customTag":"","sortrank":0,"extensionPage":false,"useObviousCheckmark":false,"customPanel":null,"blocks":[{"type":"starting","recMath":false,"recSteps":false,"minSummonerLevel":-1,"maxSummonerLevel":-1,"showIfSummonerSpell":"","hideIfSummonerSpell":"SummonerSmite","appendAfterSection":"","visibleWithAllOf":[""],"hiddenWithAnyOf":[""],"items":[{"id":"2033","count":1,"hideCount":false},{"id":"3340","count":1,"hideCount":false}]},{"type":"startingjungle","recMath":false,"recSteps":false,"minSummonerLevel":-1,"maxSummonerLevel":-1,"showIfSummonerSpell":"SummonerSmite","hideIfSummonerSpell":"","appendAfterSection":"","visibleWithAllOf":[""],"hiddenWithAnyOf":[""],"items":[{"id":"1039","count":1,"hideCount":false},{"id":"2031","count":1,"hideCount":false},{"id":"3340","count":1,"hideCount":false}]},{"type":"early","recMath":false,"recSteps":false,"minSummonerLevel":-1,"maxSummonerLevel":-1,"showIfSummonerSpell":"","hideIfSummonerSpell":"SummonerSmite","appendAfterSection":"","visibleWithAllOf":[""],"hiddenWithAnyOf":[""],"items":[{"id":"3077","count":1,"hideCount":false},{"id":"1001","count":1,"hideCount":false},{"id":"1053","count":1,"hideCount":false}]},{"type":"earlyjungle","recMath":false,"recSteps":false,"minSummonerLevel":-1,"maxSummonerLevel":-1,"showIfSummonerSpell":"SummonerSmite","hideIfSummonerSpell":"","appendAfterSection":"","visibleWithAllOf":[""],"hiddenWithAnyOf":[""],"items":[{"id":"3706","count":1,"hideCount":false},{"id":"1001","count":1,"hideCount":false},{"id":"3133","count":1,"hideCount":false}]},{"type":"essential","recMath":false,"recSteps":false,"minSummonerLevel":-1,"maxSummonerLevel":-1,"showIfSummonerSpell":"","hideIfSummonerSpell":"SummonerSmite","appendAfterSection":"","visibleWithAllOf":[""],"hiddenWithAnyOf":[""],"items":[{"id":"3074","count":1,"hideCount":false},{"id":"3047","count":1,"hideCount":false},{"id":"3147","count":1,"hideCount":false}]},{"type":"essentialjungle","recMath":false,"recSteps":false,"minSummonerLevel":-1,"maxSummonerLevel":-1,"showIfSummonerSpell":"SummonerSmite","hideIfSummonerSpell":"","appendAfterSection":"","visibleWithAllOf":[""],"hiddenWithAnyOf":[""],"items":[{"id":"1400","count":1,"hideCount":false},{"id":"3047","count":1,"hideCount":false},{"id":"3147","count":1,"hideCount":false}]},{"type":"offensive","recMath":false,"recSteps":false,"minSummonerLevel":-1,"maxSummonerLevel":-1,"showIfSummonerSpell":"","hideIfSummonerSpell":"","appendAfterSection":"","visibleWithAllOf":[""],"hiddenWithAnyOf":[""],"items":[{"id":"3142","count":1,"hideCount":false},{"id":"3179","count":1,"hideCount":false},{"id":"3812","count":1,"hideCount":false}]},{"type":"defensive","recMath":false,"recSteps":false,"minSummonerLevel":-1,"maxSummonerLevel":-1,"showIfSummonerSpell":"","hideIfSummonerSpell":"","appendAfterSection":"","visibleWithAllOf":[""],"hiddenWithAnyOf":[""],"items":[{"id":"3814","count":1,"hideCount":false},{"id":"3026","count":1,"hideCount":false},{"id":"3156","count":1,"hideCount":false}]},{"type":"consumables","recMath":false,"recSteps":false,"minSummonerLevel":-1,"maxSummonerLevel":-1,"showIfSummonerSpell":"","hideIfSummonerSpell":"","appendAfterSection":"","visibleWithAllOf":[""],"hiddenWithAnyOf":[""],"items":[{"id":"2003","count":1,"hideCount":true},{"id":"2140","count":1,"hideCount":true}]}]},{"champion":"Khazix","title":"RainbowScytherFIRSTBLOOD","map":"HA","mode":"FIRSTBLOOD","type":"riot","customTag":"","extensionPage":false,"customPanel":null,"blocks":[{"type":"starting","recMath":false,"recSteps":false,"minSummonerLevel":-1,"maxSummonerLevel":-1,"showIfSummonerSpell":"","hideIfSummonerSpell":"","items":[{"id":"1001","count":1,"hideCount":false},{"id":"2003","count":4,"hideCount":false},{"id":"3342","count":1,"hideCount":false}]},{"type":"essential","recMath":false,"recSteps":false,"minSummonerLevel":-1,"maxSummonerLevel":-1,"showIfSummonerSpell":"","hideIfSummonerSpell":"","items":[{"id":"3158","count":1,"hideCount":false},{"id":"3134","count":1,"hideCount":false},{"id":"3004","count":1,"hideCount":false}]},{"type":"offensive","recMath":false,"recSteps":false,"minSummonerLevel":-1,"maxSummonerLevel":-1,"showIfSummonerSpell":"","hideIfSummonerSpell":"","items":[{"id":"3078","count":1,"hideCount":false},{"id":"3071","count":1,"hideCount":false},{"id":"3181","count":1,"hideCount":false},{"id":"3035","count":1,"hideCount":false}]},{"type":"defensive","recMath":false,"recSteps":false,"minSummonerLevel":-1,"maxSummonerLevel":-1,"showIfSummonerSpell":"","hideIfSummonerSpell":"","items":[{"id":"3156","count":1,"hideCount":false},{"id":"3026","count":1,"hideCount":false}]},{"type":"consumables","recMath":false,"recSteps":false,"minSummonerLevel":-1,"maxSummonerLevel":-1,"showIfSummonerSpell":"","hideIfSummonerSpell":"","items":[{"id":"2003","count":1,"hideCount":false},{"id":"2004","count":1,"hideCount":false},{"id":"2044","count":1,"hideCount":false}]}]}]}}}