{"type":"champion","format":"standAloneComplex","version":"10.15.1","data":{"Kindred":{"id":"Kindred","key":"203","name":"Kindred","title":"The Eternal Hunters","image":{"full":"Kindred.png","sprite":"champion1.png","group":"champion","x":384,"y":96,"w":48,"h":48},"skins":[{"id":"203000","num":0,"name":"default","chromas":false},{"id":"203001","num":1,"name":"Shadowfire Kindred","chromas":false},{"id":"203002","num":2,"name":"Super Galaxy Kindred","chromas":false}],"lore":"Separate, but never parted, Kindred represents the twin essences of death. Lamb's bow offers a swift release from the mortal realm for those who accept their fate. Wolf hunts down those who run from their end, delivering violent finality within his crushing jaws. Though interpretations of Kindred's nature vary across Runeterra, every mortal must choose the true face of their death.","blurb":"Separate, but never parted, Kindred represents the twin essences of death. Lamb's bow offers a swift release from the mortal realm for those who accept their fate. Wolf hunts down those who run from their end, delivering violent finality within his...","allytips":["Moving around between attacks while jungling will help you avoid damage and also generate more heals from Wolf's Frenzy.","Pick which Hunts you want to pursue carefully; getting many of them is the key to success as the game goes on.","Don't go in first to a large team fight. Wait for your teammates to initiate."],"enemytips":["Kindred is fragile - turn the pressure up on her, and she will be forced to play cautiously.","Clear the Hunts Wolf activates on jungle camps to slow down Kindred's damage output.","When Kindred uses Lamb's Respite get inside, it stops all champions from dying."],"tags":["Marksman"],"partype":"Mana","info":{"attack":8,"defense":2,"magic":2,"difficulty":4},"stats":{"hp":540,"hpperlevel":85,"mp":300,"mpperlevel":35,"movespeed":325,"armor":29,"armorperlevel":3.5,"spellblock":30,"spellblockperlevel":0.5,"attackrange":500,"hpregen":7,"hpregenperlevel":0.55,"mpregen":7,"mpregenperlevel":0.4,"crit":0,"critperlevel":0,"attackdamage":65,"attackdamageperlevel":2.5,"attackspeedperlevel":3.5,"attackspeed":0.625},"spells":[{"id":"KindredQ","name":"Dance of Arrows","description":"Kindred tumbles and shoots up to three arrows at nearby targets.","tooltip":"Lamb vaults, firing up to 3 arrows at nearby enemies, dealing {{ e1 }}<scaleAD> (+{{ a1 }})</scaleAD> physical damage and gains <scaleLevel>{{ f2 }}%</scaleLevel> bonus attack speed for {{ e8 }} seconds.<br /><br />Casting <scaleLevel>Wolf's Frenzy</scaleLevel> or vaulting inside of its effect reduces the cooldown of this spell to {{ e4 }} seconds.","leveltip":{"label":["Damage","Cooldown in Wolf's Frenzy"],"effect":["{{ e1 }} -> {{ e1NL }}","{{ e4 }} -> {{ e4NL }}"]},"maxrank":5,"cooldown":[9,9,9,9,9],"cooldownBurn":"9","cost":[35,35,35,35,35],"costBurn":"35","datavalues":{},"effect":[null,[60,80,100,120,140],[0,0,0,0,0],[500,500,500,500,500],[4,3.5,3,2.5,2],[100,100,100,100,100],[12,12,12,12,12],[0.25,0.25,0.25,0.25,0.25],[4,4,4,4,4],[0,0,0,0,0],[0,0,0,0,0]],"effectBurn":[null,"60/80/100/120/140","0","500","4/3.5/3/2.5/2","100","12","0.25","4","0","0"],"vars":[{"link":"bonusattackdamage","coeff":0.65,"key":"a1"}],"costType":" {{ abilityresourcename }}","maxammo":"-1","range":[340,340,340,340,340],"rangeBurn":"340","image":{"full":"KindredQ.png","sprite":"spell6.png","group":"spell","x":288,"y":0,"w":48,"h":48},"resource":"{{ cost }} {{ abilityresourcename }}"},{"id":"KindredW","name":"Wolf's Frenzy","description":"Wolf enrages and attacks enemies around him.  Lamb passively gains stacks by moving and attacking. When fully charged, Lamb's next attack restores health.","tooltip":"<spellPassive>Passive:</spellPassive> As Kindred move and attack they build stacks of Hunter's Vigor, up to a maximum of 100. At full stacks Lamb's next basic attack restores up to <scaleLevel>{{ f1 }}</scaleLevel> health based on how much health Kindred is missing.<br /><br /><spellPassive>Active:</spellPassive> Wolf claims a territory, attacking nearby enemies inside it for {{ e4 }} seconds. Lamb can redirect Wolf to new targets by attacking them. If Lamb leaves Wolf's territory he will cease attacking and join her.<br /><br />Wolf's attacks deal magic damage equal to {{ e5 }}<scaleAD> (+{{ a1 }})</scaleAD> plus <scaleLevel>{{ f3 }}%</scaleLevel> of the target's current health.<br /><br /><rules>Wolf attacks faster based on Kindred's attack speed. His attacks maim monsters for {{ e7 }}% increased damage and reduce their Movement Speed by {{ e8 }}% for 2 seconds.</rules>","leveltip":{"label":["Damage","Cooldown"],"effect":["{{ e5 }} -> {{ e5NL }}","{{ cooldown }} -> {{ cooldownNL }}"]},"maxrank":5,"cooldown":[18,17,16,15,14],"cooldownBurn":"18/17/16/15/14","cost":[40,40,40,40,40],"costBurn":"40","datavalues":{},"effect":[null,[40,45,50,55,60],[1,1,1,1,1],[1.5,1.5,1.5,1.5,1.5],[8.5,8.5,8.5,8.5,8.5],[25,30,35,40,45],[800,800,800,800,800],[50,50,50,50,50],[50,50,50,50,50],[0,0,0,0,0],[0,0,0,0,0]],"effectBurn":[null,"40/45/50/55/60","1","1.5","8.5","25/30/35/40/45","800","50","50","0","0"],"vars":[{"link":"bonusattackdamage","coeff":0.2,"key":"a1"}],"costType":" {{ abilityresourcename }}","maxammo":"-1","range":[560,560,560,560,560],"rangeBurn":"560","image":{"full":"KindredW.png","sprite":"spell6.png","group":"spell","x":336,"y":0,"w":48,"h":48},"resource":"{{ cost }} {{ abilityresourcename }}"},{"id":"KindredEWrapper","name":"Mounting Dread","description":"Lamb fires a carefully placed shot, slowing the target. If Lamb attacks the target two more times, her third attack instead directs Wolf to pounce on the enemy, savaging them for massive damage.","tooltip":"Cripple an enemy, slowing their movement speed by {{ e2 }}% for {{ e8 }} second.<br /><br />After Lamb attacks the target twice, her third attack instead directs Wolf to pounce on the enemy, dealing {{ e1 }}<scaleAD> (+{{ a1 }})</scaleAD> plus <scaleLevel>{{ f2 }}%</scaleLevel> of the target's missing health as bonus physical damage.<br /><br />Wolf's attack critically strikes targets for {{ e6 }}% increased damage if they are below {{ e5 }}% <span class=\"colorFF5802\">(+{{ f3 }}%)</span> health (Increased by <span class=\"colorFF5802\">Critical Strike Chance</span>).<br /><br /><rules>[Maximum {{ e0 }} vs. monsters]</rules>","leveltip":{"label":["Damage","Cooldown"],"effect":["{{ e1 }} -> {{ e1NL }}","{{ cooldown }} -> {{ cooldownNL }}"]},"maxrank":5,"cooldown":[16,15,14,13,12],"cooldownBurn":"16/15/14/13/12","cost":[0,0,0,0,0],"costBurn":"0","datavalues":{},"effect":[null,[80,100,120,140,160],[50,50,50,50,50],[0.5,0.5,0.5,0.5,0.5],[8,8,8,8,8],[15,15,15,15,15],[50,50,50,50,50],[4,4,4,4,4],[1,1,1,1,1],[4,4,4,4,4],[300,300,300,300,300]],"effectBurn":[null,"80/100/120/140/160","50","0.5","8","15","50","4","1","4","300"],"vars":[{"link":"bonusattackdamage","coeff":0.8,"key":"a1"}],"costType":" {{ abilityresourcename }}","maxammo":"-1","range":[500,500,500,500,500],"rangeBurn":"500","image":{"full":"KindredEWrapper.png","sprite":"spell6.png","group":"spell","x":384,"y":0,"w":48,"h":48},"resource":"{{ cost }} {{ abilityresourcename }}"},{"id":"KindredR","name":"Lamb's Respite","description":"Lamb grants all living things inside a zone a respite from death. Until the effect ends, nothing can die. At the end, units are healed.","tooltip":"Lamb blesses the ground underneath her for {{ e2 }} seconds, creating an area in which no living things, <scaleAP>ally</scaleAP> or <span class=\"colorFF9999\">enemy</span>, can die. Upon reaching 10% Health, units become immune to further damage or healing.<br /><br />When the blessing ends all living things inside heal for {{ e1 }}.","leveltip":{"label":["Healing","Cooldown"],"effect":["{{ e1 }} -> {{ e1NL }}","{{ cooldown }} -> {{ cooldownNL }}"]},"maxrank":3,"cooldown":[180,150,120],"cooldownBurn":"180/150/120","cost":[0,0,0],"costBurn":"0","datavalues":{},"effect":[null,[250,325,400],[4,4,4],[530,530,530],[400,600,800],[0,0,0],[0,0,0],[0,0,0],[0,0,0],[0,0,0],[0,0,0]],"effectBurn":[null,"250/325/400","4","530","400/600/800","0","0","0","0","0","0"],"vars":[],"costType":" {{ abilityresourcename }}","maxammo":"-1","range":[500,500,500],"rangeBurn":"500","image":{"full":"KindredR.png","sprite":"spell6.png","group":"spell","x":432,"y":0,"w":48,"h":48},"resource":"{{ cost }} {{ abilityresourcename }}"}],"passive":{"name":"Mark of the Kindred","description":"Kindred can mark targets to Hunt. Successfully completing a Hunt permanently empowers Kindred's basic abilities. Every 4 hunts completed also increases Kindred's basic attack range.","image":{"full":"Kindred_Passive.png","sprite":"passive1.png","group":"passive","x":384,"y":96,"w":48,"h":48}},"recommended":[{"champion":"Kindred","title":"KindredARAM","map":"HA","mode":"ARAM","type":"riot","customTag":"","sortrank":0,"extensionPage":false,"useObviousCheckmark":false,"customPanel":null,"blocks":[{"type":"starting","recMath":false,"recSteps":false,"minSummonerLevel":-1,"maxSummonerLevel":-1,"showIfSummonerSpell":"","hideIfSummonerSpell":"","appendAfterSection":"","visibleWithAllOf":[""],"hiddenWithAnyOf":[""],"items":[{"id":"1038","count":1,"hideCount":false},{"id":"2003","count":2,"hideCount":false}]},{"type":"essential","recMath":false,"recSteps":false,"minSummonerLevel":-1,"maxSummonerLevel":-1,"showIfSummonerSpell":"","hideIfSummonerSpell":"","appendAfterSection":"","visibleWithAllOf":[""],"hiddenWithAnyOf":[""],"items":[{"id":"3087","count":1,"hideCount":false},{"id":"3006","count":1,"hideCount":false},{"id":"3031","count":1,"hideCount":false}]},{"type":"offensive","recMath":false,"recSteps":false,"minSummonerLevel":-1,"maxSummonerLevel":-1,"showIfSummonerSpell":"","hideIfSummonerSpell":"","appendAfterSection":"","visibleWithAllOf":[""],"hiddenWithAnyOf":[""],"items":[{"id":"3094","count":1,"hideCount":false},{"id":"3124","count":1,"hideCount":false},{"id":"3072","count":1,"hideCount":false},{"id":"3046","count":1,"hideCount":false}]},{"type":"defensive","recMath":false,"recSteps":false,"minSummonerLevel":-1,"maxSummonerLevel":-1,"showIfSummonerSpell":"","hideIfSummonerSpell":"","appendAfterSection":"","visibleWithAllOf":[""],"hiddenWithAnyOf":[""],"items":[{"id":"3156","count":1,"hideCount":false},{"id":"3022","count":1,"hideCount":false},{"id":"3071","count":1,"hideCount":false}]},{"type":"consumables","recMath":false,"recSteps":false,"minSummonerLevel":-1,"maxSummonerLevel":-1,"showIfSummonerSpell":"","hideIfSummonerSpell":"","appendAfterSection":"","visibleWithAllOf":[""],"hiddenWithAnyOf":[""],"items":[{"id":"2003","count":1,"hideCount":true},{"id":"2140","count":1,"hideCount":true}]}]},{"champion":"Kindred","title":"KindredFIRSTBLOOD","map":"HA","mode":"FIRSTBLOOD","type":"riot","customTag":"","extensionPage":false,"customPanel":null,"blocks":[{"type":"startingjungle","recMath":false,"recSteps":false,"minSummonerLevel":-1,"maxSummonerLevel":-1,"showIfSummonerSpell":"SummonerSmite","hideIfSummonerSpell":"","items":[{"id":"1041","count":1,"hideCount":false},{"id":"2031","count":1,"hideCount":false},{"id":"3340","count":1,"hideCount":false}]},{"type":"starting","recMath":false,"recSteps":false,"minSummonerLevel":-1,"maxSummonerLevel":-1,"showIfSummonerSpell":"","hideIfSummonerSpell":"SummonerSmite","items":[{"id":"1055","count":1,"hideCount":false},{"id":"2003","count":1,"hideCount":false},{"id":"3340","count":1,"hideCount":false}]},{"type":"earlyjungle","recMath":false,"recSteps":false,"minSummonerLevel":-1,"maxSummonerLevel":-1,"showIfSummonerSpell":"SummonerSmite","hideIfSummonerSpell":"","items":[{"id":"2032","count":1,"hideCount":false},{"id":"3706","count":1,"hideCount":false}]},{"type":"early","recMath":false,"recSteps":false,"minSummonerLevel":-1,"maxSummonerLevel":-1,"showIfSummonerSpell":"","hideIfSummonerSpell":"SummonerSmite","items":[{"id":"1001","count":1,"hideCount":false},{"id":"3144","count":1,"hideCount":false}]},{"type":"essentialjungle","recMath":false,"recSteps":false,"minSummonerLevel":-1,"maxSummonerLevel":-1,"showIfSummonerSpell":"SummonerSmite","hideIfSummonerSpell":"","items":[{"id":"3006","count":1,"hideCount":false},{"id":"1400","count":1,"hideCount":false},{"id":"3153","count":1,"hideCount":false}]},{"type":"essential","recMath":false,"recSteps":false,"minSummonerLevel":-1,"maxSummonerLevel":-1,"showIfSummonerSpell":"","hideIfSummonerSpell":"SummonerSmite","items":[{"id":"3006","count":1,"hideCount":false},{"id":"3153","count":1,"hideCount":false}]},{"type":"offensive","recMath":false,"recSteps":false,"minSummonerLevel":-1,"maxSummonerLevel":-1,"showIfSummonerSpell":"","hideIfSummonerSpell":"","items":[{"id":"3078","count":1,"hideCount":false},{"id":"3036","count":1,"hideCount":false},{"id":"3046","count":1,"hideCount":false}]},{"type":"situational","recMath":false,"recSteps":false,"minSummonerLevel":-1,"maxSummonerLevel":-1,"showIfSummonerSpell":"","hideIfSummonerSpell":"","items":[{"id":"3022","count":1,"hideCount":false},{"id":"3139","count":1,"hideCount":false},{"id":"3026","count":1,"hideCount":false}]},{"type":"consumables","recMath":false,"recSteps":false,"minSummonerLevel":-1,"maxSummonerLevel":-1,"showIfSummonerSpell":"","hideIfSummonerSpell":"","items":[{"id":"2003","count":1,"hideCount":true},{"id":"2043","count":1,"hideCount":true},{"id":"2140","count":1,"hideCount":true}]}]},{"champion":"Kindred","title":"KindredARAM","map":"HA","mode":"KINGPORO","type":"riot","customTag":"","sortrank":0,"extensionPage":false,"useObviousCheckmark":false,"customPanel":null,"blocks":[{"type":"KingPoroSnax","recMath":false,"recSteps":false,"minSummonerLevel":-1,"maxSummonerLevel":-1,"showIfSummonerSpell":"","hideIfSummonerSpell":"","items":[{"id":"3680","count":1,"hideCount":false},{"id":"3681","count":1,"hideCount":false},{"id":"3682","count":1,"hideCount":false},{"id":"3683","count":1,"hideCount":false},{"id":"3684","count":1,"hideCount":false},{"id":"3685","count":1,"hideCount":false}]},{"type":"starting","recMath":false,"recSteps":false,"minSummonerLevel":-1,"maxSummonerLevel":-1,"showIfSummonerSpell":"","hideIfSummonerSpell":"","appendAfterSection":"","visibleWithAllOf":[""],"hiddenWithAnyOf":[""],"items":[{"id":"1038","count":1,"hideCount":false},{"id":"2003","count":2,"hideCount":false}]},{"type":"essential","recMath":false,"recSteps":false,"minSummonerLevel":-1,"maxSummonerLevel":-1,"showIfSummonerSpell":"","hideIfSummonerSpell":"","appendAfterSection":"","visibleWithAllOf":[""],"hiddenWithAnyOf":[""],"items":[{"id":"3087","count":1,"hideCount":false},{"id":"3006","count":1,"hideCount":false},{"id":"3031","count":1,"hideCount":false}]},{"type":"offensive","recMath":false,"recSteps":false,"minSummonerLevel":-1,"maxSummonerLevel":-1,"showIfSummonerSpell":"","hideIfSummonerSpell":"","appendAfterSection":"","visibleWithAllOf":[""],"hiddenWithAnyOf":[""],"items":[{"id":"3094","count":1,"hideCount":false},{"id":"3124","count":1,"hideCount":false},{"id":"3072","count":1,"hideCount":false},{"id":"3046","count":1,"hideCount":false}]},{"type":"defensive","recMath":false,"recSteps":false,"minSummonerLevel":-1,"maxSummonerLevel":-1,"showIfSummonerSpell":"","hideIfSummonerSpell":"","appendAfterSection":"","visibleWithAllOf":[""],"hiddenWithAnyOf":[""],"items":[{"id":"3156","count":1,"hideCount":false},{"id":"3022","count":1,"hideCount":false},{"id":"3071","count":1,"hideCount":false}]},{"type":"consumables","recMath":false,"recSteps":false,"minSummonerLevel":-1,"maxSummonerLevel":-1,"showIfSummonerSpell":"","hideIfSummonerSpell":"","appendAfterSection":"","visibleWithAllOf":[""],"hiddenWithAnyOf":[""],"items":[{"id":"2003","count":1,"hideCount":true},{"id":"2140","count":1,"hideCount":true}]}]},{"champion":"Kindred","title":"KindredSL","map":"NB","mode":"NEXUSBLITZ","type":"riot","customTag":"","sortrank":0,"extensionPage":false,"useObviousCheckmark":false,"customPanel":null,"blocks":[{"type":"starting","recMath":false,"recSteps":false,"minSummonerLevel":-1,"maxSummonerLevel":-1,"showIfSummonerSpell":"","hideIfSummonerSpell":"SummonerSmite","appendAfterSection":"","visibleWithAllOf":[""],"hiddenWithAnyOf":[""],"items":[{"id":"4202","count":1,"hideCount":false},{"id":"2003","count":1,"hideCount":false},{"id":"3340","count":1,"hideCount":false}]},{"type":"startingjungle","recMath":false,"recSteps":false,"minSummonerLevel":-1,"maxSummonerLevel":-1,"showIfSummonerSpell":"SummonerSmite","hideIfSummonerSpell":"","appendAfterSection":"","visibleWithAllOf":[""],"hiddenWithAnyOf":[""],"items":[{"id":"4101","count":1,"hideCount":false},{"id":"2003","count":1,"hideCount":false},{"id":"3340","count":1,"hideCount":false}]},{"type":"early","recMath":false,"recSteps":false,"minSummonerLevel":-1,"maxSummonerLevel":-1,"showIfSummonerSpell":"","hideIfSummonerSpell":"SummonerSmite","appendAfterSection":"","visibleWithAllOf":[""],"hiddenWithAnyOf":[""],"items":[{"id":"3144","count":1,"hideCount":false},{"id":"1043","count":1,"hideCount":false},{"id":"1001","count":1,"hideCount":false}]},{"type":"earlyjungle","recMath":false,"recSteps":false,"minSummonerLevel":-1,"maxSummonerLevel":-1,"showIfSummonerSpell":"SummonerSmite","hideIfSummonerSpell":"","appendAfterSection":"","visibleWithAllOf":[""],"hiddenWithAnyOf":[""],"items":[{"id":"3133","count":1,"hideCount":false},{"id":"1001","count":1,"hideCount":false}]},{"type":"essential","recMath":false,"recSteps":false,"minSummonerLevel":-1,"maxSummonerLevel":-1,"showIfSummonerSpell":"","hideIfSummonerSpell":"SummonerSmite","appendAfterSection":"","visibleWithAllOf":[""],"hiddenWithAnyOf":[""],"items":[{"id":"3006","count":1,"hideCount":false},{"id":"3085","count":1,"hideCount":false},{"id":"3071","count":1,"hideCount":false}]},{"type":"essentialjungle","recMath":false,"recSteps":false,"minSummonerLevel":-1,"maxSummonerLevel":-1,"showIfSummonerSpell":"SummonerSmite","hideIfSummonerSpell":"","appendAfterSection":"","visibleWithAllOf":[""],"hiddenWithAnyOf":[""],"items":[{"id":"4102","count":1,"hideCount":false},{"id":"3006","count":1,"hideCount":false},{"id":"3095","count":1,"hideCount":false}]},{"type":"offensive","recMath":false,"recSteps":false,"minSummonerLevel":-1,"maxSummonerLevel":-1,"showIfSummonerSpell":"","hideIfSummonerSpell":"","appendAfterSection":"","visibleWithAllOf":[""],"hiddenWithAnyOf":[""],"items":[{"id":"3094","count":1,"hideCount":false},{"id":"3031","count":1,"hideCount":false},{"id":"3087","count":1,"hideCount":false}]},{"type":"situational","recMath":false,"recSteps":false,"minSummonerLevel":-1,"maxSummonerLevel":-1,"showIfSummonerSpell":"","hideIfSummonerSpell":"","appendAfterSection":"","visibleWithAllOf":[""],"hiddenWithAnyOf":[""],"items":[{"id":"3036","count":1,"hideCount":false},{"id":"3139","count":1,"hideCount":false},{"id":"3153","count":1,"hideCount":false}]},{"type":"consumables","recMath":false,"recSteps":false,"minSummonerLevel":-1,"maxSummonerLevel":-1,"showIfSummonerSpell":"","hideIfSummonerSpell":"","appendAfterSection":"","visibleWithAllOf":[""],"hiddenWithAnyOf":[""],"items":[{"id":"2003","count":1,"hideCount":true},{"id":"2140","count":1,"hideCount":true}]}]},{"champion":"Kindred","title":"KindredSR","map":"SR","mode":"CLASSIC","type":"riot","customTag":"","sortrank":0,"extensionPage":false,"useObviousCheckmark":false,"customPanel":null,"blocks":[{"type":"startingjungle","recMath":false,"recSteps":false,"minSummonerLevel":-1,"maxSummonerLevel":-1,"showIfSummonerSpell":"SummonerSmite","hideIfSummonerSpell":"","appendAfterSection":"","visibleWithAllOf":[""],"hiddenWithAnyOf":[""],"items":[{"id":"1041","count":1,"hideCount":false},{"id":"2031","count":1,"hideCount":false},{"id":"3340","count":1,"hideCount":false}]},{"type":"starting","recMath":false,"recSteps":false,"minSummonerLevel":-1,"maxSummonerLevel":-1,"showIfSummonerSpell":"","hideIfSummonerSpell":"SummonerSmite","appendAfterSection":"","visibleWithAllOf":[""],"hiddenWithAnyOf":[""],"items":[{"id":"1054","count":1,"hideCount":false},{"id":"2003","count":1,"hideCount":false},{"id":"3340","count":1,"hideCount":false}]},{"type":"earlyjungle","recMath":false,"recSteps":false,"minSummonerLevel":-1,"maxSummonerLevel":-1,"showIfSummonerSpell":"SummonerSmite","hideIfSummonerSpell":"","appendAfterSection":"","visibleWithAllOf":[""],"hiddenWithAnyOf":[""],"items":[{"id":"3715","count":1,"hideCount":false},{"id":"3133","count":1,"hideCount":false},{"id":"1001","count":1,"hideCount":false}]},{"type":"early","recMath":false,"recSteps":false,"minSummonerLevel":-1,"maxSummonerLevel":-1,"showIfSummonerSpell":"","hideIfSummonerSpell":"SummonerSmite","appendAfterSection":"","visibleWithAllOf":[""],"hiddenWithAnyOf":[""],"items":[{"id":"3144","count":1,"hideCount":false},{"id":"1043","count":1,"hideCount":false},{"id":"1001","count":1,"hideCount":false}]},{"type":"essentialjungle","recMath":false,"recSteps":false,"minSummonerLevel":-1,"maxSummonerLevel":-1,"showIfSummonerSpell":"SummonerSmite","hideIfSummonerSpell":"","appendAfterSection":"","visibleWithAllOf":[""],"hiddenWithAnyOf":[""],"items":[{"id":"1412","count":1,"hideCount":false},{"id":"3006","count":1,"hideCount":false},{"id":"3153","count":1,"hideCount":false}]},{"type":"essential","recMath":false,"recSteps":false,"minSummonerLevel":-1,"maxSummonerLevel":-1,"showIfSummonerSpell":"","hideIfSummonerSpell":"SummonerSmite","appendAfterSection":"","visibleWithAllOf":[""],"hiddenWithAnyOf":[""],"items":[{"id":"3153","count":1,"hideCount":false},{"id":"3006","count":1,"hideCount":false}]},{"type":"offensive","recMath":false,"recSteps":false,"minSummonerLevel":-1,"maxSummonerLevel":-1,"showIfSummonerSpell":"","hideIfSummonerSpell":"","appendAfterSection":"","visibleWithAllOf":[""],"hiddenWithAnyOf":[""],"items":[{"id":"3085","count":1,"hideCount":false},{"id":"3071","count":1,"hideCount":false},{"id":"3031","count":1,"hideCount":false}]},{"type":"situational","recMath":false,"recSteps":false,"minSummonerLevel":-1,"maxSummonerLevel":-1,"showIfSummonerSpell":"","hideIfSummonerSpell":"","appendAfterSection":"","visibleWithAllOf":[""],"hiddenWithAnyOf":[""],"items":[{"id":"3026","count":1,"hideCount":false},{"id":"3033","count":1,"hideCount":false},{"id":"3156","count":1,"hideCount":false}]},{"type":"consumables","recMath":false,"recSteps":false,"minSummonerLevel":-1,"maxSummonerLevel":-1,"showIfSummonerSpell":"","hideIfSummonerSpell":"","appendAfterSection":"","visibleWithAllOf":[""],"hiddenWithAnyOf":[""],"items":[{"id":"2003","count":1,"hideCount":true},{"id":"2140","count":1,"hideCount":true}]}]}]}}}