{"type":"champion","format":"standAloneComplex","version":"10.15.1","data":{"Kled":{"id":"Kled","key":"240","name":"Kled","title":"the Cantankerous Cavalier","image":{"full":"Kled.png","sprite":"champion1.png","group":"champion","x":432,"y":96,"w":48,"h":48},"skins":[{"id":"240000","num":0,"name":"default","chromas":false},{"id":"240001","num":1,"name":"Sir Kled","chromas":false},{"id":"240002","num":2,"name":"Count Kledula","chromas":true}],"lore":"A warrior as fearless as he is ornery, the yordle Kled embodies the furious bravado of Noxus. He is an icon beloved by the empire's soldiers, distrusted by its officers, and loathed by the nobility. Many claim Kled has fought in every campaign the legions have waged, has “acquired” every military title, and has never once backed down from a fight. Though the truth of the matter is often questionable, one part of his legend is undeniable: Charging into battle on his un-trusty steed, Skaarl, Kled fights to protect what's his… and to take whatever he can get.","blurb":"A warrior as fearless as he is ornery, the yordle Kled embodies the furious bravado of Noxus. He is an icon beloved by the empire's soldiers, distrusted by its officers, and loathed by the nobility. Many claim Kled has fought in every campaign the...","allytips":["Kled generates some courage by killing minions, but gets much more from fighting Champions.","The last hit of Violent Tendencies deals more damage than the first three - make sure you hit it!","Chaaaaaaaarge!!! can be cast at a great range. Try and predict where the enemy team will be by the time you reach them."],"enemytips":["Kled generates courage by damaging enemies with his Pocket Pistol and basic attacks, killing minions, and attacking structures or epic monsters.","Watch Kled's courage bar when he's off his mount - when it reaches 100%, he will remount and regain a significant amount of health.","Kled is much more threatening when he has Violent Tendencies ready."],"tags":["Fighter","Tank"],"partype":"Courage","info":{"attack":8,"defense":2,"magic":2,"difficulty":7},"stats":{"hp":340,"hpperlevel":70,"mp":100,"mpperlevel":0,"movespeed":345,"armor":35,"armorperlevel":4,"spellblock":32.1,"spellblockperlevel":1.25,"attackrange":125,"hpregen":6,"hpregenperlevel":0.75,"mpregen":0,"mpregenperlevel":0,"crit":0,"critperlevel":0,"attackdamage":65,"attackdamageperlevel":3.5,"attackspeedperlevel":3.5,"attackspeed":0.625},"spells":[{"id":"KledQ","name":"Bear Trap on a Rope","description":"Kled throws a bear trap that damages and hooks an enemy champion. If shackled for a short duration, the target takes additional physical damage and is yanked toward Kled.<br><br>When dismounted, this ability is replaced by Pocket Pistol, a ranged gun blast that knocks back Kled and restores courage.","tooltip":"Kled throws a bear trap that deals {{ e1 }} <scaleAD>(+{{ a1 }}) </scaleAD>physical damage and hooks onto the first enemy champion or large monster hit, granting <span class=\"coloree91d7\">True Sight</span>. Deals 150% damage to minions passed through.<br /><br />If Kled stays near a hooked enemy for {{ e3 }} seconds, yanks the enemy toward him, dealing {{ e1 }}<scaleAD> (+{{ charbonusphysical*2 }})</scaleAD> physical damage, slowing them by {{ slowamount*-100 }}% for {{ slowduration }} seconds, and reducing incoming healing on them by {{ grievousamount*-100 }}% for {{ grievousduration }} seconds.<br /><br /><scaleAD>Dismounted:</scaleAD> Becomes Pocket Pistol, a ranged ability that restores <span class=\"coloreae57e\">courage</span>.","leveltip":{"label":["Throw Damage","Rip Damage","Slow","Cooldown"],"effect":["{{ e1 }} -> {{ e1NL }}","{{ effect1amount*2.000000 }} -> {{ effect1amountnl*2.000000 }}","{{ e5 }}% -> {{ e5NL }}%","{{ cooldown }} -> {{ cooldownNL }}"]},"maxrank":5,"cooldown":[11,10,9,8,7],"cooldownBurn":"11/10/9/8/7","cost":[0,0,0,0,0],"costBurn":"0","datavalues":{},"effect":[null,[60,110,160,210,260],[0.6,0.6,0.6,0.6,0.6],[1.75,1.75,1.75,1.75,1.75],[2,2,2,2,2],[40,45,50,55,60],[9,8.5,8,7.5,7],[1.5,1.5,1.5,1.5,1.5],[0,0,0,0,0],[0,0,0,0,0],[0,0,0,0,0]],"effectBurn":[null,"60/110/160/210/260","0.6","1.75","2","40/45/50/55/60","9/8.5/8/7.5/7","1.5","0","0","0"],"vars":[{"link":"bonusattackdamage","coeff":0.6,"key":"a1"}],"costType":"No Cost","maxammo":"-1","range":[800,800,800,800,800],"rangeBurn":"800","image":{"full":"KledQ.png","sprite":"spell6.png","group":"spell","x":0,"y":48,"w":48,"h":48},"resource":"No Cost"},{"id":"KledW","name":"Violent Tendencies","description":"Kled gains massive attack speed for four attacks. The fourth attack deals more damage.","tooltip":"<scaleAD>Passive:</scaleAD> When Kled basic attacks, he frenzies, gaining {{ e2 }}% attack speed for four attacks or {{ e6 }} seconds. Violent Tendencies then goes on cooldown.<br /><br />The fourth hit deals bonus physical damage equal to {{ e4 }} plus {{ e1 }}% <scaleAD>(+{{ f1 }}%)</scaleAD> of the target's maximum health (maximum {{ e7 }} vs monsters).","leveltip":{"label":["Flat Damage","Percentage Damage","Cooldown"],"effect":["{{ e4 }} -> {{ e4NL }}","{{ e1 }}% -> {{ e1NL }}%","{{ cooldown }} -> {{ cooldownNL }}"]},"maxrank":5,"cooldown":[14,12.5,11,9.5,8],"cooldownBurn":"14/12.5/11/9.5/8","cost":[0,0,0,0,0],"costBurn":"0","datavalues":{},"effect":[null,[4.5,5,5.5,6,6.5],[150,150,150,150,150],[20,20,20,20,20],[20,30,40,50,60],[15,30,45,60,75],[4,4,4,4,4],[200,200,200,200,200],[0,0,0,0,0],[0,0,0,0,0],[0,0,0,0,0]],"effectBurn":[null,"4.5/5/5.5/6/6.5","150","20","20/30/40/50/60","15/30/45/60/75","4","200","0","0","0"],"vars":[],"costType":"No Cost","maxammo":"-1","range":[0,0,0,0,0],"rangeBurn":"0","image":{"full":"KledW.png","sprite":"spell6.png","group":"spell","x":48,"y":48,"w":48,"h":48},"resource":"No Cost"},{"id":"KledE","name":"Jousting","description":"Kled dashes, dealing physical damage and gaining a short burst of speed. Kled can cast this ability again to dash back through his initial target, dealing the same damage.","tooltip":"Kled dashes, dealing {{ e1 }} <scaleAD>(+{{ a1 }}) </scaleAD>physical damage to enemies in his path. Cannot cross walls.<br /><br />If Jousting hits an enemy champion or large monster, Kled gains {{ e5 }}% movement speed for {{ e4 }} second and <span class=\"coloree91d7\">True Sight</span> of the target. He can cast this ability again within {{ e6 }} seconds to dash back through the same target, dealing the same damage.","leveltip":{"label":["Damage","Cooldown"],"effect":["{{ e1 }} -> {{ e1NL }}","{{ cooldown }} -> {{ cooldownNL }}"]},"maxrank":5,"cooldown":[14,13,12,11,10],"cooldownBurn":"14/13/12/11/10","cost":[0,0,0,0,0],"costBurn":"0","datavalues":{},"effect":[null,[35,60,85,110,135],[0,0,0,0,0],[350,350,350,350,350],[1,1,1,1,1],[50,50,50,50,50],[3,3,3,3,3],[600,600,600,600,600],[700,700,700,700,700],[0,0,0,0,0],[0,0,0,0,0]],"effectBurn":[null,"35/60/85/110/135","0","350","1","50","3","600","700","0","0"],"vars":[{"link":"bonusattackdamage","coeff":0.6,"key":"a1"}],"costType":"No Cost","maxammo":"-1","range":[550,550,550,550,550],"rangeBurn":"550","image":{"full":"KledE.png","sprite":"spell6.png","group":"spell","x":96,"y":48,"w":48,"h":48},"resource":"No Cost"},{"id":"KledR","name":"Chaaaaaaaarge!!!","description":"Kled and Skaarl charge to a location, leaving a speed-granting trail behind them and gaining a shield. Skaarl locks onto and rams the first enemy champion encountered.","tooltip":"Kled charges toward a location, leaving a trail that grants allies increasing movement speed. While charging, Kled gains a shield that increases over time to a maximum of {{ e4 }} <scaleAD>(+{{ a1 }})</scaleAD> and lasts for 2 seconds after the charge ends.<br /><br />Skaarl rams the first enemy champion encountered, dealing up to {{ f5 }}% <scaleAD>(+{{ f1*3 }}%)</scaleAD> of the target's maximum health as physical damage based on distance traveled.","leveltip":{"label":["Maximum Damage","Maximum Shield Health","Range","Cooldown"],"effect":["{{ effect1amount*3.000000 }}% -> {{ effect1amountnl*3.000000 }}%","{{ e4 }} -> {{ e4NL }}","{{ e0 }} -> {{ e0NL }}","{{ cooldown }} -> {{ cooldownNL }}"]},"maxrank":3,"cooldown":[160,140,120],"cooldownBurn":"160/140/120","cost":[0,0,0],"costBurn":"0","datavalues":{},"effect":[null,[4,5,6],[4,4,4],[0,0,0],[200,300,400],[3,3,3],[100,150,0],[0,0,0],[150,0,0],[3,3,3],[3500,4000,4500]],"effectBurn":[null,"4/5/6","4","0","200/300/400","3","100/150/0","0","150/0/0","3","3500/4000/4500"],"vars":[{"link":"bonusattackdamage","coeff":3,"key":"a1"}],"costType":"No Cost","maxammo":"-1","range":[3500,4000,4500],"rangeBurn":"3500/4000/4500","image":{"full":"KledR.png","sprite":"spell6.png","group":"spell","x":144,"y":48,"w":48,"h":48},"resource":"No Cost"}],"passive":{"name":"Skaarl, the Cowardly Lizard","description":"Kled rides his trusty steed, Skaarl, who takes damage for him. When Skaarl's health depletes, Kled dismounts.<br><br>While dismounted, Kled's abilities change and he deals less damage to champions. Kled can restore Skaarl's courage by fighting enemies. At maximum courage, Kled remounts with a portion of Skaarl's health.","image":{"full":"Kled_P.png","sprite":"passive1.png","group":"passive","x":432,"y":96,"w":48,"h":48}},"recommended":[{"champion":"Kled","title":"Beginner","map":"SR","mode":"INTRO","type":"riot","customTag":"","sortrank":0,"extensionPage":false,"customPanel":null,"blocks":[{"type":"beginner_starter","recMath":false,"recSteps":false,"minSummonerLevel":-1,"maxSummonerLevel":-1,"showIfSummonerSpell":"","hideIfSummonerSpell":"","appendAfterSection":"","items":[{"id":"1054","count":1,"hideCount":false},{"id":"2003","count":1,"hideCount":false}]},{"type":"beginner_advanced","recMath":true,"recSteps":false,"minSummonerLevel":-1,"maxSummonerLevel":-1,"showIfSummonerSpell":"","hideIfSummonerSpell":"","appendAfterSection":"","items":[{"id":"1028","count":1,"hideCount":false},{"id":"1036","count":1,"hideCount":false},{"id":"3044","count":1,"hideCount":false}]},{"type":"beginner_movementspeed","recMath":true,"recSteps":false,"minSummonerLevel":-1,"maxSummonerLevel":-1,"showIfSummonerSpell":"","hideIfSummonerSpell":"","appendAfterSection":"","items":[{"id":"1001","count":1,"hideCount":false},{"id":"3009","count":1,"hideCount":false}]},{"type":"beginner_legendaryitem","recMath":true,"recSteps":false,"minSummonerLevel":-1,"maxSummonerLevel":-1,"showIfSummonerSpell":"","hideIfSummonerSpell":"","appendAfterSection":"","items":[{"id":"3044","count":1,"hideCount":false},{"id":"3101","count":1,"hideCount":false},{"id":"3057","count":1,"hideCount":false},{"id":"3078","count":1,"hideCount":false}]},{"type":"beginner_morelegendaryitems","recMath":false,"recSteps":false,"minSummonerLevel":-1,"maxSummonerLevel":-1,"showIfSummonerSpell":"","hideIfSummonerSpell":"","appendAfterSection":"","items":[{"id":"3748","count":1,"hideCount":false},{"id":"3065","count":1,"hideCount":false},{"id":"3071","count":1,"hideCount":false}]}]},{"champion":"Kled","title":"KledARAM","map":"HA","mode":"ARAM","type":"riot","customTag":"","sortrank":0,"extensionPage":false,"useObviousCheckmark":false,"customPanel":null,"blocks":[{"type":"starting","recMath":false,"recSteps":false,"minSummonerLevel":-1,"maxSummonerLevel":-1,"showIfSummonerSpell":"","hideIfSummonerSpell":"","appendAfterSection":"","visibleWithAllOf":[""],"hiddenWithAnyOf":[""],"items":[{"id":"2051","count":1,"hideCount":false},{"id":"1001","count":1,"hideCount":false},{"id":"2003","count":3,"hideCount":false}]},{"type":"essential","recMath":false,"recSteps":false,"minSummonerLevel":-1,"maxSummonerLevel":-1,"showIfSummonerSpell":"","hideIfSummonerSpell":"","appendAfterSection":"","visibleWithAllOf":[""],"hiddenWithAnyOf":[""],"items":[{"id":"3071","count":1,"hideCount":false},{"id":"3047","count":1,"hideCount":false},{"id":"3748","count":1,"hideCount":false}]},{"type":"offensive","recMath":false,"recSteps":false,"minSummonerLevel":-1,"maxSummonerLevel":-1,"showIfSummonerSpell":"","hideIfSummonerSpell":"","appendAfterSection":"","visibleWithAllOf":[""],"hiddenWithAnyOf":[""],"items":[{"id":"3812","count":1,"hideCount":false},{"id":"3053","count":1,"hideCount":false},{"id":"3005","count":1,"hideCount":false}]},{"type":"defensive","recMath":false,"recSteps":false,"minSummonerLevel":-1,"maxSummonerLevel":-1,"showIfSummonerSpell":"","hideIfSummonerSpell":"","appendAfterSection":"","visibleWithAllOf":[""],"hiddenWithAnyOf":[""],"items":[{"id":"3065","count":1,"hideCount":false},{"id":"3075","count":1,"hideCount":false},{"id":"3156","count":1,"hideCount":false}]},{"type":"consumables","recMath":false,"recSteps":false,"minSummonerLevel":-1,"maxSummonerLevel":-1,"showIfSummonerSpell":"","hideIfSummonerSpell":"","appendAfterSection":"","visibleWithAllOf":[""],"hiddenWithAnyOf":[""],"items":[{"id":"2003","count":1,"hideCount":true},{"id":"2033","count":1,"hideCount":false},{"id":"2140","count":1,"hideCount":true}]}]},{"champion":"Kled","title":"KledFIRSTBLOOD","map":"HA","mode":"FIRSTBLOOD","type":"riot","customTag":"","sortrank":0,"extensionPage":false,"customPanel":null,"blocks":[{"type":"starting","recMath":false,"recSteps":false,"minSummonerLevel":-1,"maxSummonerLevel":-1,"showIfSummonerSpell":"","hideIfSummonerSpell":"","items":[{"id":"2003","count":1,"hideCount":false}]},{"type":"essential","recMath":false,"recSteps":false,"minSummonerLevel":-1,"maxSummonerLevel":-1,"showIfSummonerSpell":"","hideIfSummonerSpell":"","items":[{"id":"3111","count":1,"hideCount":false},{"id":"3071","count":1,"hideCount":false}]},{"type":"offensive","recMath":false,"recSteps":false,"minSummonerLevel":-1,"maxSummonerLevel":-1,"showIfSummonerSpell":"","hideIfSummonerSpell":"","items":[{"id":"3142","count":1,"hideCount":false},{"id":"3812","count":1,"hideCount":false},{"id":"3074","count":1,"hideCount":false}]},{"type":"defensive","recMath":false,"recSteps":false,"minSummonerLevel":-1,"maxSummonerLevel":-1,"showIfSummonerSpell":"","hideIfSummonerSpell":"","items":[{"id":"3748","count":1,"hideCount":false},{"id":"3742","count":1,"hideCount":false},{"id":"3102","count":1,"hideCount":false}]},{"type":"consumables","recMath":false,"recSteps":false,"minSummonerLevel":-1,"maxSummonerLevel":-1,"showIfSummonerSpell":"","hideIfSummonerSpell":"","items":[{"id":"2003","count":1,"hideCount":false}]}]},{"champion":"Kled","title":"KledARAM","map":"HA","mode":"KINGPORO","type":"riot","customTag":"","sortrank":0,"extensionPage":false,"useObviousCheckmark":false,"customPanel":null,"blocks":[{"type":"KingPoroSnax","recMath":false,"recSteps":false,"minSummonerLevel":-1,"maxSummonerLevel":-1,"showIfSummonerSpell":"","hideIfSummonerSpell":"","items":[{"id":"3680","count":1,"hideCount":false},{"id":"3681","count":1,"hideCount":false},{"id":"3682","count":1,"hideCount":false},{"id":"3683","count":1,"hideCount":false},{"id":"3684","count":1,"hideCount":false},{"id":"3685","count":1,"hideCount":false}]},{"type":"starting","recMath":false,"recSteps":false,"minSummonerLevel":-1,"maxSummonerLevel":-1,"showIfSummonerSpell":"","hideIfSummonerSpell":"","appendAfterSection":"","visibleWithAllOf":[""],"hiddenWithAnyOf":[""],"items":[{"id":"2051","count":1,"hideCount":false},{"id":"1001","count":1,"hideCount":false},{"id":"2003","count":3,"hideCount":false}]},{"type":"essential","recMath":false,"recSteps":false,"minSummonerLevel":-1,"maxSummonerLevel":-1,"showIfSummonerSpell":"","hideIfSummonerSpell":"","appendAfterSection":"","visibleWithAllOf":[""],"hiddenWithAnyOf":[""],"items":[{"id":"3071","count":1,"hideCount":false},{"id":"3047","count":1,"hideCount":false},{"id":"3748","count":1,"hideCount":false}]},{"type":"offensive","recMath":false,"recSteps":false,"minSummonerLevel":-1,"maxSummonerLevel":-1,"showIfSummonerSpell":"","hideIfSummonerSpell":"","appendAfterSection":"","visibleWithAllOf":[""],"hiddenWithAnyOf":[""],"items":[{"id":"3812","count":1,"hideCount":false},{"id":"3053","count":1,"hideCount":false},{"id":"3005","count":1,"hideCount":false}]},{"type":"defensive","recMath":false,"recSteps":false,"minSummonerLevel":-1,"maxSummonerLevel":-1,"showIfSummonerSpell":"","hideIfSummonerSpell":"","appendAfterSection":"","visibleWithAllOf":[""],"hiddenWithAnyOf":[""],"items":[{"id":"3065","count":1,"hideCount":false},{"id":"3075","count":1,"hideCount":false},{"id":"3156","count":1,"hideCount":false}]},{"type":"consumables","recMath":false,"recSteps":false,"minSummonerLevel":-1,"maxSummonerLevel":-1,"showIfSummonerSpell":"","hideIfSummonerSpell":"","appendAfterSection":"","visibleWithAllOf":[""],"hiddenWithAnyOf":[""],"items":[{"id":"2003","count":1,"hideCount":true},{"id":"2033","count":1,"hideCount":false},{"id":"2140","count":1,"hideCount":true}]}]},{"champion":"Kled","title":"KledSL","map":"NB","mode":"NEXUSBLITZ","type":"riot","customTag":"","sortrank":0,"extensionPage":false,"useObviousCheckmark":false,"customPanel":null,"blocks":[{"type":"starting","recMath":false,"recSteps":false,"minSummonerLevel":-1,"maxSummonerLevel":-1,"showIfSummonerSpell":"","hideIfSummonerSpell":"SummonerSmite","appendAfterSection":"","visibleWithAllOf":[""],"hiddenWithAnyOf":[""],"items":[{"id":"4202","count":1,"hideCount":false},{"id":"2003","count":1,"hideCount":false},{"id":"3340","count":1,"hideCount":false}]},{"type":"startingjungle","recMath":false,"recSteps":false,"minSummonerLevel":-1,"maxSummonerLevel":-1,"showIfSummonerSpell":"SummonerSmite","hideIfSummonerSpell":"","appendAfterSection":"","visibleWithAllOf":[""],"hiddenWithAnyOf":[""],"items":[{"id":"4101","count":1,"hideCount":false},{"id":"2003","count":1,"hideCount":false}]},{"type":"early","recMath":false,"recSteps":false,"minSummonerLevel":-1,"maxSummonerLevel":-1,"showIfSummonerSpell":"","hideIfSummonerSpell":"SummonerSmite","appendAfterSection":"","visibleWithAllOf":[""],"hiddenWithAnyOf":[""],"items":[{"id":"1001","count":1,"hideCount":false},{"id":"3077","count":1,"hideCount":false},{"id":"3044","count":1,"hideCount":false}]},{"type":"earlyjungle","recMath":false,"recSteps":false,"minSummonerLevel":-1,"maxSummonerLevel":-1,"showIfSummonerSpell":"SummonerSmite","hideIfSummonerSpell":"","appendAfterSection":"","visibleWithAllOf":[""],"hiddenWithAnyOf":[""],"items":[{"id":"1001","count":1,"hideCount":false},{"id":"3077","count":1,"hideCount":false}]},{"type":"essential","recMath":false,"recSteps":false,"minSummonerLevel":-1,"maxSummonerLevel":-1,"showIfSummonerSpell":"","hideIfSummonerSpell":"SummonerSmite","appendAfterSection":"","visibleWithAllOf":[""],"hiddenWithAnyOf":[""],"items":[{"id":"3111","count":1,"hideCount":false},{"id":"3748","count":1,"hideCount":false},{"id":"3071","count":1,"hideCount":false}]},{"type":"essentialjungle","recMath":false,"recSteps":false,"minSummonerLevel":-1,"maxSummonerLevel":-1,"showIfSummonerSpell":"SummonerSmite","hideIfSummonerSpell":"","appendAfterSection":"","visibleWithAllOf":[""],"hiddenWithAnyOf":[""],"items":[{"id":"4102","count":1,"hideCount":false},{"id":"3071","count":1,"hideCount":false},{"id":"3111","count":1,"hideCount":false}]},{"type":"offensive","recMath":false,"recSteps":false,"minSummonerLevel":-1,"maxSummonerLevel":-1,"showIfSummonerSpell":"","hideIfSummonerSpell":"","appendAfterSection":"","visibleWithAllOf":[""],"hiddenWithAnyOf":[""],"items":[{"id":"3142","count":1,"hideCount":false},{"id":"3074","count":1,"hideCount":false},{"id":"3005","count":1,"hideCount":false}]},{"type":"defensive","recMath":false,"recSteps":false,"minSummonerLevel":-1,"maxSummonerLevel":-1,"showIfSummonerSpell":"","hideIfSummonerSpell":"","appendAfterSection":"","visibleWithAllOf":[""],"hiddenWithAnyOf":[""],"items":[{"id":"3053","count":1,"hideCount":false},{"id":"4401","count":1,"hideCount":false},{"id":"3143","count":1,"hideCount":false}]},{"type":"consumables","recMath":false,"recSteps":false,"minSummonerLevel":-1,"maxSummonerLevel":-1,"showIfSummonerSpell":"","hideIfSummonerSpell":"","appendAfterSection":"","visibleWithAllOf":[""],"hiddenWithAnyOf":[""],"items":[{"id":"2003","count":1,"hideCount":true},{"id":"2140","count":1,"hideCount":true}]}]},{"champion":"Kled","title":"KledSR","map":"SR","mode":"CLASSIC","type":"riot","customTag":"","sortrank":0,"extensionPage":false,"useObviousCheckmark":false,"customPanel":null,"blocks":[{"type":"starting","recMath":false,"recSteps":false,"minSummonerLevel":-1,"maxSummonerLevel":-1,"showIfSummonerSpell":"","hideIfSummonerSpell":"SummonerSmite","appendAfterSection":"","visibleWithAllOf":[""],"hiddenWithAnyOf":[""],"items":[{"id":"1055","count":1,"hideCount":false},{"id":"2003","count":1,"hideCount":false},{"id":"3340","count":1,"hideCount":false}]},{"type":"startingjungle","recMath":false,"recSteps":false,"minSummonerLevel":-1,"maxSummonerLevel":-1,"showIfSummonerSpell":"SummonerSmite","hideIfSummonerSpell":"","appendAfterSection":"","visibleWithAllOf":[""],"hiddenWithAnyOf":[""],"items":[{"id":"1041","count":1,"hideCount":false},{"id":"2031","count":1,"hideCount":false}]},{"type":"early","recMath":false,"recSteps":false,"minSummonerLevel":-1,"maxSummonerLevel":-1,"showIfSummonerSpell":"","hideIfSummonerSpell":"SummonerSmite","appendAfterSection":"","visibleWithAllOf":[""],"hiddenWithAnyOf":[""],"items":[{"id":"1001","count":1,"hideCount":false},{"id":"3077","count":1,"hideCount":false}]},{"type":"earlyjungle","recMath":false,"recSteps":false,"minSummonerLevel":-1,"maxSummonerLevel":-1,"showIfSummonerSpell":"SummonerSmite","hideIfSummonerSpell":"","appendAfterSection":"","visibleWithAllOf":[""],"hiddenWithAnyOf":[""],"items":[{"id":"1001","count":1,"hideCount":false},{"id":"3077","count":1,"hideCount":false},{"id":"3715","count":1,"hideCount":false}]},{"type":"essential","recMath":false,"recSteps":false,"minSummonerLevel":-1,"maxSummonerLevel":-1,"showIfSummonerSpell":"","hideIfSummonerSpell":"SummonerSmite","appendAfterSection":"","visibleWithAllOf":[""],"hiddenWithAnyOf":[""],"items":[{"id":"3111","count":1,"hideCount":false},{"id":"3748","count":1,"hideCount":false},{"id":"3071","count":1,"hideCount":false}]},{"type":"essentialjungle","recMath":false,"recSteps":false,"minSummonerLevel":-1,"maxSummonerLevel":-1,"showIfSummonerSpell":"SummonerSmite","hideIfSummonerSpell":"","appendAfterSection":"","visibleWithAllOf":[""],"hiddenWithAnyOf":[""],"items":[{"id":"1412","count":1,"hideCount":false},{"id":"3071","count":1,"hideCount":false},{"id":"3111","count":1,"hideCount":false}]},{"type":"offensive","recMath":false,"recSteps":false,"minSummonerLevel":-1,"maxSummonerLevel":-1,"showIfSummonerSpell":"","hideIfSummonerSpell":"","appendAfterSection":"","visibleWithAllOf":[""],"hiddenWithAnyOf":[""],"items":[{"id":"3053","count":1,"hideCount":false},{"id":"3026","count":1,"hideCount":false},{"id":"3033","count":1,"hideCount":false}]},{"type":"defensive","recMath":false,"recSteps":false,"minSummonerLevel":-1,"maxSummonerLevel":-1,"showIfSummonerSpell":"","hideIfSummonerSpell":"","appendAfterSection":"","visibleWithAllOf":[""],"hiddenWithAnyOf":[""],"items":[{"id":"3075","count":1,"hideCount":false},{"id":"3065","count":1,"hideCount":false},{"id":"3156","count":1,"hideCount":false}]},{"type":"consumables","recMath":false,"recSteps":false,"minSummonerLevel":-1,"maxSummonerLevel":-1,"showIfSummonerSpell":"","hideIfSummonerSpell":"","appendAfterSection":"","visibleWithAllOf":[""],"hiddenWithAnyOf":[""],"items":[{"id":"2003","count":1,"hideCount":true},{"id":"2140","count":1,"hideCount":true}]}]}]}}}