{"type":"champion","format":"standAloneComplex","version":"10.15.1","data":{"KogMaw":{"id":"KogMaw","key":"96","name":"Kog'Maw","title":"the Mouth of the Abyss","image":{"full":"KogMaw.png","sprite":"champion2.png","group":"champion","x":0,"y":0,"w":48,"h":48},"skins":[{"id":"96000","num":0,"name":"default","chromas":false},{"id":"96001","num":1,"name":"Caterpillar Kog'Maw","chromas":false},{"id":"96002","num":2,"name":"Sonoran Kog'Maw","chromas":false},{"id":"96003","num":3,"name":"Monarch Kog'Maw","chromas":false},{"id":"96004","num":4,"name":"Reindeer Kog'Maw","chromas":false},{"id":"96005","num":5,"name":"Lion Dance Kog'Maw","chromas":false},{"id":"96006","num":6,"name":"Deep Sea Kog'Maw","chromas":false},{"id":"96007","num":7,"name":"Jurassic Kog'Maw","chromas":false},{"id":"96008","num":8,"name":"Battlecast Kog'Maw","chromas":false},{"id":"96009","num":9,"name":"Pug'Maw","chromas":true},{"id":"96010","num":10,"name":"Hextech Kog'Maw","chromas":false},{"id":"96019","num":19,"name":"Arcanist Kog'Maw","chromas":true}],"lore":"Belched forth from a rotting Void incursion deep in the wastelands of Icathia, Kog'Maw is an inquisitive yet putrid creature with a caustic, gaping mouth. This particular Void-spawn needs to gnaw and drool on anything within reach to truly understand it. Though not inherently evil, Kog'Maw's beguiling naiveté is dangerous, as it often precedes a feeding frenzy—not for sustenance, but to satisfy its unending curiosity.","blurb":"Belched forth from a rotting Void incursion deep in the wastelands of Icathia, Kog'Maw is an inquisitive yet putrid creature with a caustic, gaping mouth. This particular Void-spawn needs to gnaw and drool on anything within reach to truly understand it...","allytips":["Kog'Maw can outrange most champions with his Bio-Arcane Barrage ability.","Use Void Ooze to set up a perfect Living Artillery.","Make the most out of your Icathian Surprise."],"enemytips":["Kog'Maw doesn't have a good escape ability, so he is especially prone to ganks.","Run away from Kog'Maw after he dies!!!!","The range on Living Artillery increases each rank.","Bio-Arcane Barrage allows Kog'Maw to kill Baron Nashor extremely early. It can be valuable to ward Nashor when Kog'Maw completes his Blade of the Ruined King."],"tags":["Marksman","Mage"],"partype":"Mana","info":{"attack":8,"defense":2,"magic":5,"difficulty":6},"stats":{"hp":565,"hpperlevel":90,"mp":325,"mpperlevel":40,"movespeed":330,"armor":24,"armorperlevel":3.5,"spellblock":30,"spellblockperlevel":0.5,"attackrange":500,"hpregen":3.75,"hpregenperlevel":0.55,"mpregen":8.75,"mpregenperlevel":0.7,"crit":0,"critperlevel":0,"attackdamage":61,"attackdamageperlevel":3.11,"attackspeedperlevel":2.65,"attackspeed":0.665},"spells":[{"id":"KogMawQ","name":"Caustic Spittle","description":"Kog'Maw launches a corrosive projectile which deals magic damage and corrodes the target's armor and magic resist for a short time. Kog'Maw also gains additional attack speed.","tooltip":"<scaleAD>Passive: </scaleAD> Kog'Maw gains {{ e2 }}% bonus attack speed.<br /><br /><span class=\"colorFF8C00\">Active: </span>Launches a corrosive projectile that deals {{ e1 }} <scaleAP>(+{{ a1 }})</scaleAP> Magic Damage to the first enemy hit and shreds its Armor and Magic Resist by {{ e3 }}% for {{ e4 }} seconds.","leveltip":{"label":["Attack Speed","Damage","Armor and Magic Resist Shred"],"effect":["{{ effect2amount*100.000000 }}% -> {{ effect2amountnl*100.000000 }}%","{{ e1 }} -> {{ e1NL }}","{{ e3 }}% -> {{ e3NL }}%"]},"maxrank":5,"cooldown":[8,8,8,8,8],"cooldownBurn":"8","cost":[40,40,40,40,40],"costBurn":"40","datavalues":{},"effect":[null,[90,140,190,240,290],[15,20,25,30,35],[20,22,24,26,28],[4,4,4,4,4],[1,1,1,1,1],[1,1,1,1,1],[100,100,100,100,100],[0,0,0,0,0],[0,0,0,0,0],[0,0,0,0,0]],"effectBurn":[null,"90/140/190/240/290","15/20/25/30/35","20/22/24/26/28","4","1","1","100","0","0","0"],"vars":[{"link":"spelldamage","coeff":0.7,"key":"a1"}],"costType":" {{ abilityresourcename }}","maxammo":"-1","range":[1175,1175,1175,1175,1175],"rangeBurn":"1175","image":{"full":"KogMawQ.png","sprite":"spell6.png","group":"spell","x":192,"y":48,"w":48,"h":48},"resource":"{{ cost }} {{ abilityresourcename }}"},{"id":"KogMawBioArcaneBarrage","name":"Bio-Arcane Barrage","description":"Kog'Maw's attacks gain range and deal a percent of the target's maximum health as magic damage.","tooltip":"For {{ e3 }} seconds, Kog'Maw's basic attacks gain {{ e1 }} range and deal {{ e2 }}% <scaleAP>(+{{ f1 }})%</scaleAP> of the target's maximum health as bonus magic damage.","leveltip":{"label":["Range","Maximum Health Damage"],"effect":["{{ e1 }} -> {{ e1NL }}","{{ e2 }}% -> {{ e2NL }}%"]},"maxrank":5,"cooldown":[17,17,17,17,17],"cooldownBurn":"17","cost":[40,40,40,40,40],"costBurn":"40","datavalues":{},"effect":[null,[130,150,170,190,210],[3,3.75,4.5,5.25,6],[8,8,8,8,8],[100,100,100,100,100],[100,100,100,100,100],[0,0,0,0,0],[100,100,100,100,100],[15,15,15,15,15],[0.15,0.2,0.25,0.3,0.35],[15,20,25,30,35]],"effectBurn":[null,"130/150/170/190/210","3/3.75/4.5/5.25/6","8","100","100","0","100","15","0.15/0.2/0.25/0.3/0.35","15/20/25/30/35"],"vars":[],"costType":" {{ abilityresourcename }}","maxammo":"-1","range":[530,530,530,530,530],"rangeBurn":"530","image":{"full":"KogMawBioArcaneBarrage.png","sprite":"spell6.png","group":"spell","x":240,"y":48,"w":48,"h":48},"resource":"{{ cost }} {{ abilityresourcename }}"},{"id":"KogMawVoidOoze","name":"Void Ooze","description":"Kog'Maw launches a peculiar ooze which damages all enemies it passes through and leaves a trail which slows enemies who stand on it.","tooltip":"Deals {{ e1 }} <scaleAP>(+{{ a1 }})</scaleAP> Magic Damage to enemies hit and leaves a trail on the ground for {{ e3 }} seconds, slowing enemies in it by {{ e2 }}%.","leveltip":{"label":["Damage","Slow","@AbilityResourceName@ Cost"],"effect":["{{ e1 }} -> {{ e1NL }}","{{ e2 }}% -> {{ e2NL }}%","{{ cost }} -> {{ costNL }}"]},"maxrank":5,"cooldown":[12,12,12,12,12],"cooldownBurn":"12","cost":[80,90,100,110,120],"costBurn":"80/90/100/110/120","datavalues":{},"effect":[null,[75,120,165,210,255],[20,28,36,44,52],[4,4,4,4,4],[0.25,0.25,0.25,0.25,0.25],[0,0,0,0,0],[0,0,0,0,0],[0,0,0,0,0],[0,0,0,0,0],[0,0,0,0,0],[0,0,0,0,0]],"effectBurn":[null,"75/120/165/210/255","20/28/36/44/52","4","0.25","0","0","0","0","0","0"],"vars":[{"link":"spelldamage","coeff":0.5,"key":"a1"}],"costType":" {{ abilityresourcename }}","maxammo":"-1","range":[1200,1200,1200,1200,1200],"rangeBurn":"1200","image":{"full":"KogMawVoidOoze.png","sprite":"spell6.png","group":"spell","x":288,"y":48,"w":48,"h":48},"resource":"{{ cost }} {{ abilityresourcename }}"},{"id":"KogMawLivingArtillery","name":"Living Artillery","description":"Kog'Maw fires an artillery shell at a great distance dealing magic damage (increased significantly on low health enemies) and revealing non-stealthed targets. Additionally, multiple Living Artilleries in a short period of time cause them to cost additional Mana.","tooltip":"Fires an artillery shot, damaging enemies above 40% health for <magicDamage>{{ basedamagecalc }} to {{ middamagecalc }} magic damage</magicDamage> based on their missing health.<br /><br />If enemies are below 40% health, they take <magicDamage>{{ maxdamagecalc }} magic damage</magicDamage> instead.<br /><br />Each subsequent shot within {{ manacostduration }} seconds costs {{ basecost }} more Mana (max {{ manacostcap }}).","leveltip":{"label":["Damage","Range","Cooldown"],"effect":["{{ damage }} -> {{ damageNL }}","{{ castrange }} -> {{ castrangeNL }}","{{ cooldown }} -> {{ cooldownNL }}"]},"maxrank":3,"cooldown":[2,1.5,1],"cooldownBurn":"2/1.5/1","cost":[40,40,40],"costBurn":"40","datavalues":{},"effect":[null,[0,0,0],[0,0,0],[0,0,0],[0,0,0],[0,0,0],[0,0,0],[0,0,0],[0,0,0],[0,0,0],[0,0,0]],"effectBurn":[null,"0","0","0","0","0","0","0","0","0","0"],"vars":[],"costType":" {{ abilityresourcename }}","maxammo":"-1","range":[1300,1550,1800],"rangeBurn":"1300/1550/1800","image":{"full":"KogMawLivingArtillery.png","sprite":"spell6.png","group":"spell","x":336,"y":48,"w":48,"h":48},"resource":"{{ cost }} {{ abilityresourcename }}"}],"passive":{"name":"Icathian Surprise","description":"Upon dying, Kog'Maw starts a chain reaction in his body which causes him to move faster and detonate after 4 seconds; dealing 100 + (25 x lvl) true damage to surrounding enemies.","image":{"full":"KogMaw_IcathianSurprise.png","sprite":"passive2.png","group":"passive","x":0,"y":0,"w":48,"h":48}},"recommended":[{"champion":"KogMaw","title":"Beginner","map":"SR","mode":"INTRO","type":"riot","customTag":"","sortrank":0,"extensionPage":false,"customPanel":null,"blocks":[{"type":"beginner_starter","recMath":false,"recSteps":false,"minSummonerLevel":-1,"maxSummonerLevel":4,"showIfSummonerSpell":"","hideIfSummonerSpell":"","items":[{"id":"1055","count":1,"hideCount":false},{"id":"2003","count":1,"hideCount":false},{"id":"3340","count":1,"hideCount":false}]},{"type":"beginner_starter","recMath":false,"recSteps":false,"minSummonerLevel":5,"maxSummonerLevel":-1,"showIfSummonerSpell":"","hideIfSummonerSpell":"","items":[{"id":"1055","count":1,"hideCount":false},{"id":"2003","count":1,"hideCount":false},{"id":"3340","count":1,"hideCount":false}]},{"type":"beginner_advanced","recMath":true,"recSteps":false,"minSummonerLevel":-1,"maxSummonerLevel":-1,"showIfSummonerSpell":"","hideIfSummonerSpell":"","items":[{"id":"1036","count":1,"hideCount":false},{"id":"1053","count":1,"hideCount":false},{"id":"3144","count":1,"hideCount":false}]},{"type":"beginner_movementspeed","recMath":true,"recSteps":false,"minSummonerLevel":-1,"maxSummonerLevel":-1,"showIfSummonerSpell":"","hideIfSummonerSpell":"","items":[{"id":"1001","count":1,"hideCount":false},{"id":"1042","count":1,"hideCount":false},{"id":"3006","count":1,"hideCount":false}]},{"type":"beginner_legendaryitem","recMath":true,"recSteps":false,"minSummonerLevel":-1,"maxSummonerLevel":-1,"showIfSummonerSpell":"","hideIfSummonerSpell":"","items":[{"id":"1043","count":1,"hideCount":false},{"id":"3153","count":1,"hideCount":false},{"id":"3078","count":1,"hideCount":false}]},{"type":"beginner_morelegendaryitems","recMath":false,"recSteps":false,"minSummonerLevel":-1,"maxSummonerLevel":-1,"showIfSummonerSpell":"","hideIfSummonerSpell":"","items":[{"id":"3085","count":1,"hideCount":false},{"id":"3031","count":1,"hideCount":false},{"id":"3036","count":1,"hideCount":false}]}]},{"champion":"KogMaw","title":"KogMawARAM","map":"HA","mode":"ARAM","type":"riot","customTag":"","sortrank":0,"extensionPage":false,"customPanel":null,"blocks":[{"type":"starting","recMath":false,"recSteps":false,"minSummonerLevel":-1,"maxSummonerLevel":-1,"showIfSummonerSpell":"","hideIfSummonerSpell":"SummonerSmite","appendAfterSection":"","visibleWithAllOf":[""],"hiddenWithAnyOf":[""],"items":[{"id":"1043","count":1,"hideCount":false},{"id":"1001","count":1,"hideCount":false},{"id":"2003","count":2,"hideCount":false}]},{"type":"essential","recMath":false,"recSteps":false,"minSummonerLevel":-1,"maxSummonerLevel":-1,"showIfSummonerSpell":"","hideIfSummonerSpell":"","appendAfterSection":"","visibleWithAllOf":[""],"hiddenWithAnyOf":[""],"items":[{"id":"3124","count":1,"hideCount":false},{"id":"3006","count":1,"hideCount":false},{"id":"3085","count":1,"hideCount":false}]},{"type":"offensive","recMath":false,"recSteps":false,"minSummonerLevel":-1,"maxSummonerLevel":-1,"showIfSummonerSpell":"","hideIfSummonerSpell":"","appendAfterSection":"","visibleWithAllOf":[""],"hiddenWithAnyOf":[""],"items":[{"id":"3153","count":1,"hideCount":false},{"id":"3031","count":1,"hideCount":false},{"id":"3046","count":1,"hideCount":false}]},{"type":"defensive","recMath":false,"recSteps":false,"minSummonerLevel":-1,"maxSummonerLevel":-1,"showIfSummonerSpell":"","hideIfSummonerSpell":"","appendAfterSection":"","visibleWithAllOf":[""],"hiddenWithAnyOf":[""],"items":[{"id":"3022","count":1,"hideCount":false},{"id":"3091","count":1,"hideCount":false},{"id":"3139","count":1,"hideCount":false}]},{"type":"offmeta","recMath":false,"recSteps":false,"minSummonerLevel":-1,"maxSummonerLevel":-1,"showIfSummonerSpell":"","hideIfSummonerSpell":"","appendAfterSection":"","visibleWithAllOf":[""],"hiddenWithAnyOf":[""],"items":[{"id":"3007","count":1,"hideCount":false},{"id":"3029","count":1,"hideCount":false},{"id":"3151","count":1,"hideCount":false}]},{"type":"consumables","recMath":false,"recSteps":false,"minSummonerLevel":-1,"maxSummonerLevel":-1,"showIfSummonerSpell":"","hideIfSummonerSpell":"","appendAfterSection":"","visibleWithAllOf":[""],"hiddenWithAnyOf":[""],"items":[{"id":"2003","count":1,"hideCount":true},{"id":"2140","count":1,"hideCount":true}]}]},{"champion":"KogMaw","title":"KogmawFIRSTBLOOD","map":"HA","mode":"FIRSTBLOOD","type":"riot","customTag":"","sortrank":0,"extensionPage":false,"customPanel":null,"blocks":[{"type":"starting","recMath":false,"recSteps":false,"minSummonerLevel":-1,"maxSummonerLevel":-1,"showIfSummonerSpell":"","hideIfSummonerSpell":"","items":[{"id":"1055","count":1,"hideCount":false},{"id":"2003","count":1,"hideCount":false},{"id":"3340","count":1,"hideCount":false}]},{"type":"early","recMath":false,"recSteps":false,"minSummonerLevel":-1,"maxSummonerLevel":-1,"showIfSummonerSpell":"","hideIfSummonerSpell":"","items":[{"id":"3144","count":1,"hideCount":false},{"id":"3086","count":1,"hideCount":false},{"id":"1001","count":1,"hideCount":false}]},{"type":"essential","recMath":false,"recSteps":false,"minSummonerLevel":-1,"maxSummonerLevel":-1,"showIfSummonerSpell":"","hideIfSummonerSpell":"","items":[{"id":"3078","count":1,"hideCount":false},{"id":"3153","count":1,"hideCount":false},{"id":"3006","count":1,"hideCount":false}]},{"type":"offensive","recMath":false,"recSteps":false,"minSummonerLevel":-1,"maxSummonerLevel":-1,"showIfSummonerSpell":"","hideIfSummonerSpell":"","items":[{"id":"3031","count":1,"hideCount":false},{"id":"3085","count":1,"hideCount":false},{"id":"3046","count":1,"hideCount":false}]},{"type":"situational","recMath":false,"recSteps":false,"minSummonerLevel":-1,"maxSummonerLevel":-1,"showIfSummonerSpell":"","hideIfSummonerSpell":"","items":[{"id":"3033","count":1,"hideCount":false},{"id":"3094","count":1,"hideCount":false},{"id":"3139","count":1,"hideCount":false}]},{"type":"consumables","recMath":false,"recSteps":false,"minSummonerLevel":-1,"maxSummonerLevel":-1,"showIfSummonerSpell":"","hideIfSummonerSpell":"","items":[{"id":"2003","count":1,"hideCount":true},{"id":"2031","count":1,"hideCount":true},{"id":"2043","count":1,"hideCount":true},{"id":"2140","count":1,"hideCount":true},{"id":"3363","count":1,"hideCount":true}]}]},{"champion":"KogMaw","title":"KogMawARAM","map":"HA","mode":"KINGPORO","type":"riot","customTag":"","sortrank":0,"extensionPage":false,"customPanel":null,"blocks":[{"type":"KingPoroSnax","recMath":false,"recSteps":false,"minSummonerLevel":-1,"maxSummonerLevel":-1,"showIfSummonerSpell":"","hideIfSummonerSpell":"","items":[{"id":"3680","count":1,"hideCount":false},{"id":"3681","count":1,"hideCount":false},{"id":"3682","count":1,"hideCount":false},{"id":"3683","count":1,"hideCount":false},{"id":"3684","count":1,"hideCount":false},{"id":"3685","count":1,"hideCount":false}]},{"type":"starting","recMath":false,"recSteps":false,"minSummonerLevel":-1,"maxSummonerLevel":-1,"showIfSummonerSpell":"","hideIfSummonerSpell":"SummonerSmite","appendAfterSection":"","visibleWithAllOf":[""],"hiddenWithAnyOf":[""],"items":[{"id":"1043","count":1,"hideCount":false},{"id":"1001","count":1,"hideCount":false},{"id":"2003","count":2,"hideCount":false}]},{"type":"essential","recMath":false,"recSteps":false,"minSummonerLevel":-1,"maxSummonerLevel":-1,"showIfSummonerSpell":"","hideIfSummonerSpell":"","appendAfterSection":"","visibleWithAllOf":[""],"hiddenWithAnyOf":[""],"items":[{"id":"3124","count":1,"hideCount":false},{"id":"3006","count":1,"hideCount":false},{"id":"3085","count":1,"hideCount":false}]},{"type":"offensive","recMath":false,"recSteps":false,"minSummonerLevel":-1,"maxSummonerLevel":-1,"showIfSummonerSpell":"","hideIfSummonerSpell":"","appendAfterSection":"","visibleWithAllOf":[""],"hiddenWithAnyOf":[""],"items":[{"id":"3153","count":1,"hideCount":false},{"id":"3031","count":1,"hideCount":false},{"id":"3046","count":1,"hideCount":false}]},{"type":"defensive","recMath":false,"recSteps":false,"minSummonerLevel":-1,"maxSummonerLevel":-1,"showIfSummonerSpell":"","hideIfSummonerSpell":"","appendAfterSection":"","visibleWithAllOf":[""],"hiddenWithAnyOf":[""],"items":[{"id":"3022","count":1,"hideCount":false},{"id":"3091","count":1,"hideCount":false},{"id":"3139","count":1,"hideCount":false}]},{"type":"offmeta","recMath":false,"recSteps":false,"minSummonerLevel":-1,"maxSummonerLevel":-1,"showIfSummonerSpell":"","hideIfSummonerSpell":"","appendAfterSection":"","visibleWithAllOf":[""],"hiddenWithAnyOf":[""],"items":[{"id":"3007","count":1,"hideCount":false},{"id":"3029","count":1,"hideCount":false},{"id":"3151","count":1,"hideCount":false}]},{"type":"consumables","recMath":false,"recSteps":false,"minSummonerLevel":-1,"maxSummonerLevel":-1,"showIfSummonerSpell":"","hideIfSummonerSpell":"","appendAfterSection":"","visibleWithAllOf":[""],"hiddenWithAnyOf":[""],"items":[{"id":"2003","count":1,"hideCount":true},{"id":"2140","count":1,"hideCount":true}]}]},{"champion":"KogMaw","title":"KogMawSL","map":"NB","mode":"NEXUSBLITZ","type":"riot","customTag":"","sortrank":0,"extensionPage":false,"useObviousCheckmark":false,"customPanel":null,"blocks":[{"type":"starting","recMath":false,"recSteps":false,"minSummonerLevel":-1,"maxSummonerLevel":-1,"showIfSummonerSpell":"","hideIfSummonerSpell":"SummonerSmite","appendAfterSection":"","visibleWithAllOf":[""],"hiddenWithAnyOf":[""],"items":[{"id":"4202","count":1,"hideCount":false},{"id":"2003","count":1,"hideCount":false},{"id":"3340","count":1,"hideCount":false}]},{"type":"startingjungle","recMath":false,"recSteps":false,"minSummonerLevel":-1,"maxSummonerLevel":-1,"showIfSummonerSpell":"SummonerSmite","hideIfSummonerSpell":"","appendAfterSection":"","visibleWithAllOf":[""],"hiddenWithAnyOf":[""],"items":[{"id":"4101","count":1,"hideCount":false},{"id":"2003","count":1,"hideCount":false},{"id":"3340","count":1,"hideCount":false}]},{"type":"early","recMath":false,"recSteps":false,"minSummonerLevel":-1,"maxSummonerLevel":-1,"showIfSummonerSpell":"","hideIfSummonerSpell":"SummonerSmite","appendAfterSection":"","visibleWithAllOf":[""],"hiddenWithAnyOf":[""],"items":[{"id":"1037","count":1,"hideCount":false},{"id":"1043","count":1,"hideCount":false},{"id":"1001","count":1,"hideCount":false}]},{"type":"essentialjungle","recMath":false,"recSteps":false,"minSummonerLevel":-1,"maxSummonerLevel":-1,"showIfSummonerSpell":"SummonerSmite","hideIfSummonerSpell":"","appendAfterSection":"","visibleWithAllOf":[""],"hiddenWithAnyOf":[""],"items":[{"id":"4105","count":1,"hideCount":false},{"id":"3124","count":1,"hideCount":false},{"id":"3006","count":1,"hideCount":false}]},{"type":"essential","recMath":false,"recSteps":false,"minSummonerLevel":-1,"maxSummonerLevel":-1,"showIfSummonerSpell":"","hideIfSummonerSpell":"SummonerSmite","appendAfterSection":"","visibleWithAllOf":[""],"hiddenWithAnyOf":[""],"items":[{"id":"3124","count":1,"hideCount":false},{"id":"3153","count":1,"hideCount":false},{"id":"3006","count":1,"hideCount":false}]},{"type":"offensive","recMath":false,"recSteps":false,"minSummonerLevel":-1,"maxSummonerLevel":-1,"showIfSummonerSpell":"","hideIfSummonerSpell":"","appendAfterSection":"","visibleWithAllOf":[""],"hiddenWithAnyOf":[""],"items":[{"id":"3085","count":1,"hideCount":false},{"id":"3031","count":1,"hideCount":false},{"id":"3091","count":1,"hideCount":false}]},{"type":"situational","recMath":false,"recSteps":false,"minSummonerLevel":-1,"maxSummonerLevel":-1,"showIfSummonerSpell":"","hideIfSummonerSpell":"","appendAfterSection":"","visibleWithAllOf":[""],"hiddenWithAnyOf":[""],"items":[{"id":"3139","count":1,"hideCount":false},{"id":"3156","count":1,"hideCount":false}]},{"type":"consumables","recMath":false,"recSteps":false,"minSummonerLevel":-1,"maxSummonerLevel":-1,"showIfSummonerSpell":"","hideIfSummonerSpell":"","appendAfterSection":"","visibleWithAllOf":[""],"hiddenWithAnyOf":[""],"items":[{"id":"2003","count":1,"hideCount":true},{"id":"2140","count":1,"hideCount":true}]},{"type":"earlyjungle","recMath":false,"recSteps":false,"minSummonerLevel":-1,"maxSummonerLevel":-1,"showIfSummonerSpell":"SummonerSmite","hideIfSummonerSpell":"","appendAfterSection":"","visibleWithAllOf":[""],"hiddenWithAnyOf":[""],"items":[{"id":"1043","count":1,"hideCount":false},{"id":"1001","count":1,"hideCount":false}]}]},{"champion":"KogMaw","title":"KogmawSR","map":"SR","mode":"CLASSIC","type":"riot","customTag":"","sortrank":0,"extensionPage":false,"useObviousCheckmark":false,"customPanel":null,"blocks":[{"type":"starting","recMath":false,"recSteps":false,"minSummonerLevel":-1,"maxSummonerLevel":-1,"showIfSummonerSpell":"","hideIfSummonerSpell":"","appendAfterSection":"","visibleWithAllOf":[""],"hiddenWithAnyOf":[""],"items":[{"id":"1055","count":1,"hideCount":false},{"id":"2003","count":1,"hideCount":false},{"id":"3340","count":1,"hideCount":false}]},{"type":"early","recMath":false,"recSteps":false,"minSummonerLevel":-1,"maxSummonerLevel":-1,"showIfSummonerSpell":"","hideIfSummonerSpell":"","appendAfterSection":"","visibleWithAllOf":[""],"hiddenWithAnyOf":[""],"items":[{"id":"3144","count":1,"hideCount":false},{"id":"1043","count":1,"hideCount":false},{"id":"1001","count":1,"hideCount":false}]},{"type":"essential","recMath":false,"recSteps":false,"minSummonerLevel":-1,"maxSummonerLevel":-1,"showIfSummonerSpell":"","hideIfSummonerSpell":"","appendAfterSection":"","visibleWithAllOf":[""],"hiddenWithAnyOf":[""],"items":[{"id":"3153","count":1,"hideCount":false},{"id":"3006","count":1,"hideCount":false},{"id":"3124","count":1,"hideCount":false}]},{"type":"offensive","recMath":false,"recSteps":false,"minSummonerLevel":-1,"maxSummonerLevel":-1,"showIfSummonerSpell":"","hideIfSummonerSpell":"","appendAfterSection":"","visibleWithAllOf":[""],"hiddenWithAnyOf":[""],"items":[{"id":"3085","count":1,"hideCount":false},{"id":"3091","count":1,"hideCount":false},{"id":"3031","count":1,"hideCount":false}]},{"type":"situational","recMath":false,"recSteps":false,"minSummonerLevel":-1,"maxSummonerLevel":-1,"showIfSummonerSpell":"","hideIfSummonerSpell":"","appendAfterSection":"","visibleWithAllOf":[""],"hiddenWithAnyOf":[""],"items":[{"id":"3139","count":1,"hideCount":false},{"id":"3026","count":1,"hideCount":false},{"id":"3022","count":1,"hideCount":false}]},{"type":"consumables","recMath":false,"recSteps":false,"minSummonerLevel":-1,"maxSummonerLevel":-1,"showIfSummonerSpell":"","hideIfSummonerSpell":"","appendAfterSection":"","visibleWithAllOf":[""],"hiddenWithAnyOf":[""],"items":[{"id":"2003","count":1,"hideCount":true},{"id":"2140","count":1,"hideCount":true}]}]}]}}}