{"type":"champion","format":"standAloneComplex","version":"10.15.1","data":{"LeeSin":{"id":"LeeSin","key":"64","name":"Lee Sin","title":"the Blind Monk","image":{"full":"LeeSin.png","sprite":"champion2.png","group":"champion","x":96,"y":0,"w":48,"h":48},"skins":[{"id":"64000","num":0,"name":"default","chromas":false},{"id":"64001","num":1,"name":"Traditional Lee Sin","chromas":false},{"id":"64002","num":2,"name":"Acolyte Lee Sin","chromas":false},{"id":"64003","num":3,"name":"Dragon Fist Lee Sin","chromas":true},{"id":"64004","num":4,"name":"Muay Thai Lee Sin","chromas":false},{"id":"64005","num":5,"name":"Pool Party Lee Sin","chromas":false},{"id":"64006","num":6,"name":"SKT T1 Lee Sin","chromas":false},{"id":"64010","num":10,"name":"Knockout Lee Sin","chromas":false},{"id":"64011","num":11,"name":"God Fist Lee Sin","chromas":false},{"id":"64012","num":12,"name":"Playmaker Lee Sin","chromas":true},{"id":"64027","num":27,"name":"Nightbringer Lee Sin","chromas":false},{"id":"64028","num":28,"name":"Nightbringer Lee Sin Prestige Edition","chromas":false},{"id":"64029","num":29,"name":"FPX Lee Sin","chromas":false}],"lore":"A master of Ionia's ancient martial arts, Lee Sin is a principled fighter who channels the essence of the dragon spirit to face any challenge. Though he lost his sight many years ago, the warrior-monk has devoted his life to protecting his homeland against any who would dare upset its sacred balance. Enemies who underestimate his meditative demeanor will endure his fabled burning fists and blazing roundhouse kicks.","blurb":"A master of Ionia's ancient martial arts, Lee Sin is a principled fighter who channels the essence of the dragon spirit to face any challenge. Though he lost his sight many years ago, the warrior-monk has devoted his life to protecting his homeland...","allytips":["Use Sonic Wave before Dragon's Rage so you can chase the target with Resonating Strike.","Take advantage of Flurry by weaving in basic attacks between spell casts - this maximizes damage output and minimizes Energy loss.","Self-casting Safeguard and using Iron Will are powerful tools for killing neutral monsters (in the jungle)."],"enemytips":["Stay spread out to minimize the impact of Lee Sin's ultimate, Dragon's Rage.","Lee Sin has powerful tools to combat physical damage in Iron Will and Cripple but he is still vulnerable to magic damage.","Lee Sin relies heavily on following up with his abilities. Use disables to prevent him from chaining together his abilities and attacks."],"tags":["Fighter","Assassin"],"partype":"Energy","info":{"attack":8,"defense":5,"magic":3,"difficulty":6},"stats":{"hp":575,"hpperlevel":85,"mp":200,"mpperlevel":0,"movespeed":345,"armor":33,"armorperlevel":3.7,"spellblock":32.1,"spellblockperlevel":1.25,"attackrange":125,"hpregen":7.5,"hpregenperlevel":0.7,"mpregen":50,"mpregenperlevel":0,"crit":0,"critperlevel":0,"attackdamage":70,"attackdamageperlevel":3.2,"attackspeedperlevel":3,"attackspeed":0.651},"spells":[{"id":"BlindMonkQOne","name":"Sonic Wave / Resonating Strike","description":"Sonic Wave: Lee Sin projects a discordant wave of sound to locate his enemies, dealing physical damage to the first enemy it encounters. If Sonic Wave hits, Lee Sin can cast Resonating Strike for the next 3 seconds.<br>Resonating Strike: Lee Sin dashes to the enemy hit by Sonic Wave, dealing physical damage based on the target's missing Health.","tooltip":"<spellActive>Sonic Wave: </spellActive>Lee Sin projects a discordant wave of sound to locate his enemies, dealing {{ e1 }} <scaleAD>(+{{ a1 }})</scaleAD> physical damage to the first enemy it encounters, granting <keywordMajor>True Sight</keywordMajor> of the target. <specialRules>If Sonic Wave hits, Lee Sin can cast Resonating Strike for the next {{ e7 }} seconds.</specialRules><br /><br /><spellActive>Resonating Strike: </spellActive>Lee Sin dashes to the enemy hit by Sonic Wave, dealing {{ e2 }} <scaleAD>(+{{ a1 }})</scaleAD> to {{ e3 }} <scaleAD>(+{{ a2 }})</scaleAD> physical damage based on the target's missing Health.","leveltip":{"label":["Sonic Wave Damage","Resonating Strike Minimum Base Damage","Resonating Strike Maximum Base Damage","Cooldown"],"effect":["{{ e1 }} -> {{ e1NL }}","{{ e2 }} -> {{ e2NL }}","{{ e3 }} -> {{ e3NL }}","{{ cooldown }} -> {{ cooldownNL }}"]},"maxrank":5,"cooldown":[11,10,9,8,7],"cooldownBurn":"11/10/9/8/7","cost":[50,50,50,50,50],"costBurn":"50","datavalues":{},"effect":[null,[55,80,105,130,155],[55,80,105,130,155],[110,160,210,260,310],[30,30,30,30,30],[1350,1350,1350,1350,1350],[400,400,400,400,400],[3,3,3,3,3],[1,1,1,1,1],[0,0,0,0,0],[0,0,0,0,0]],"effectBurn":[null,"55/80/105/130/155","55/80/105/130/155","110/160/210/260/310","30","1350","400","3","1","0","0"],"vars":[{"link":"bonusattackdamage","coeff":1,"key":"a1"},{"link":"bonusattackdamage","coeff":1,"key":"a1"},{"link":"bonusattackdamage","coeff":2,"key":"a2"}],"costType":" {{ abilityresourcename }}","maxammo":"-1","range":[1100,1100,1100,1100,1100],"rangeBurn":"1100","image":{"full":"BlindMonkQOne.png","sprite":"spell6.png","group":"spell","x":96,"y":96,"w":48,"h":48},"resource":"{{ cost }} {{ abilityresourcename }}"},{"id":"BlindMonkWOne","name":"Safeguard / Iron Will","description":"Safeguard: Lee Sin rushes to target ally, shielding himself from damage. If the ally is a champion, they are also shielded. After using Safeguard, Lee Sin can cast Iron Will for the next 3 seconds.<br>Iron Will: Lee Sin's intense training allows him to thrive in battle. For 4 seconds, Lee Sin gains Life Steal and Spell Vamp.","tooltip":"<spellActive>Safeguard: </spellActive>Lee Sin rushes to target ally. If the ally is a champion, Lee Sin shields the ally and himself for {{ e1 }} <scaleAP>(+{{ a1 }})</scaleAP> damage for {{ e3 }} seconds and Safeguard's cooldown is reduced by {{ e6 }}%. <specialRules>After using Safeguard, Lee Sin can cast Iron Will for the next {{ e9 }} seconds.</specialRules><br /><br /><spellActive>Iron Will: </spellActive>Lee Sin gains {{ e2 }}% Life Steal and Spell Vamp for {{ e8 }} seconds.","leveltip":{"label":["Safeguard Shield Absorption","Iron Will Lifesteal / Spell Vamp %"],"effect":["{{ e1 }} -> {{ e1NL }}","{{ e2 }}% -> {{ e2NL }}%"]},"maxrank":5,"cooldown":[14,14,14,14,14],"cooldownBurn":"14","cost":[50,50,50,50,50],"costBurn":"50","datavalues":{},"effect":[null,[55,110,165,220,275],[10,15,20,25,30],[2,2,2,2,2],[30,30,30,30,30],[5,5,5,5,5],[50,50,50,50,50],[0,0,0,0,0],[4,4,4,4,4],[3,3,3,3,3],[1350,1350,1350,1350,1350]],"effectBurn":[null,"55/110/165/220/275","10/15/20/25/30","2","30","5","50","0","4","3","1350"],"vars":[{"link":"spelldamage","coeff":0.8,"key":"a1"}],"costType":" {{ abilityresourcename }}","maxammo":"-1","range":[700,700,700,700,700],"rangeBurn":"700","image":{"full":"BlindMonkWOne.png","sprite":"spell6.png","group":"spell","x":144,"y":96,"w":48,"h":48},"resource":"{{ cost }} {{ abilityresourcename }}"},{"id":"BlindMonkEOne","name":"Tempest / Cripple","description":"Tempest: Lee Sin smashes the ground, sending out a shockwave that deals magic damage and reveals enemy units hit. If Tempest hits an enemy, Lee Sin can cast cripple for the next 3 seconds.<br>Cripple: Lee Sin cripples nearby enemies damaged by Tempest, reducing their Movement Speed for 4 seconds. Movement Speed recovers gradually over the duration.","tooltip":"<spellActive>Tempest: </spellActive>Lee Sin smashes the ground, sending out a shockwave that deals {{ e1 }} <scaleAD>(+{{ a1 }})</scaleAD> magic damage. <specialRules>If Tempest hits an enemy, Lee Sin can cast Cripple for the next {{ e6 }} seconds.</specialRules><br /><br /><spellActive>Cripple: </spellActive>Lee Sin cripples nearby enemies struck by Tempest for {{ e5 }} seconds, slowing their Movement Speed by {{ e2 }}%. Movement Speed recovers gradually over the duration.","leveltip":{"label":["Tempest Damage","Cripple Slow"],"effect":["{{ e1 }} -> {{ e1NL }}","{{ e2 }}% -> {{ e2NL }}%"]},"maxrank":5,"cooldown":[10,10,10,10,10],"cooldownBurn":"10","cost":[50,50,50,50,50],"costBurn":"50","datavalues":{},"effect":[null,[80,120,160,200,240],[20,30,40,50,60],[60,95,130,165,200],[30,30,30,30,30],[4,4,4,4,4],[3,3,3,3,3],[0,0,0,0,0],[0,0,0,0,0],[0,0,0,0,0],[0,0,0,0,0]],"effectBurn":[null,"80/120/160/200/240","20/30/40/50/60","60/95/130/165/200","30","4","3","0","0","0","0"],"vars":[{"link":"bonusattackdamage","coeff":1,"key":"a1"}],"costType":" {{ abilityresourcename }}","maxammo":"-1","range":[425,425,425,425,425],"rangeBurn":"425","image":{"full":"BlindMonkEOne.png","sprite":"spell6.png","group":"spell","x":192,"y":96,"w":48,"h":48},"resource":"{{ cost }} {{ abilityresourcename }}"},{"id":"BlindMonkRKick","name":"Dragon's Rage","description":"Lee Sin performs a powerful roundhouse kick launching his target back, dealing physical damage to the target and any enemies they collide with. Enemies the target collides with are knocked into the air for a short duration. This technique was taught to him by Jesse Perring, although Lee Sin does not kick players off the map.","tooltip":"Lee Sin performs a powerful roundhouse kick knocking an enemy champion back and dealing <physicalDamage>{{ damage }}</physicalDamage> physical damage.<br /><br />Enemies the target collides with are knocked into the air briefly and take physical damage equal to <physicalDamage>{{ damage }}</physicalDamage> plus {{ percenthpcarrythrough }}% of the initial target's bonus health.","leveltip":{"label":["Damage","Bonus Health Damage","Cooldown"],"effect":["{{ basedamage }} -> {{ basedamageNL }}","{{ percenthpcarrythrough }}% -> {{ percenthpcarrythroughNL }}%","{{ cooldown }} -> {{ cooldownNL }}"]},"maxrank":3,"cooldown":[110,85,60],"cooldownBurn":"110/85/60","cost":[0,0,0],"costBurn":"0","datavalues":{},"effect":[null,[0,0,0],[0,0,0],[0,0,0],[0,0,0],[0,0,0],[0,0,0],[0,0,0],[0,0,0],[0,0,0],[0,0,0]],"effectBurn":[null,"0","0","0","0","0","0","0","0","0","0"],"vars":[],"costType":"","maxammo":"-1","range":[375,375,375],"rangeBurn":"375","image":{"full":"BlindMonkRKick.png","sprite":"spell6.png","group":"spell","x":240,"y":96,"w":48,"h":48}}],"passive":{"name":"Flurry","description":"After Lee Sin uses an ability, his next 2 basic attacks gain Attack Speed and return Energy.","image":{"full":"LeeSinPassive.png","sprite":"passive2.png","group":"passive","x":96,"y":0,"w":48,"h":48}},"recommended":[{"champion":"LeeSin","title":"Beginner","map":"SR","mode":"INTRO","type":"riot","customTag":"","extensionPage":false,"customPanel":null,"blocks":[{"type":"beginner_starter","recMath":false,"recSteps":false,"minSummonerLevel":5,"maxSummonerLevel":-1,"showIfSummonerSpell":"","hideIfSummonerSpell":"","items":[{"id":"1054","count":1,"hideCount":false},{"id":"2003","count":1,"hideCount":false}]},{"type":"beginner_advanced","recMath":true,"recSteps":false,"minSummonerLevel":-1,"maxSummonerLevel":-1,"showIfSummonerSpell":"","hideIfSummonerSpell":"","items":[{"id":"1036","count":1,"hideCount":false},{"id":"1028","count":1,"hideCount":false},{"id":"3044","count":1,"hideCount":false}]},{"type":"beginner_movementspeed","recMath":true,"recSteps":false,"minSummonerLevel":-1,"maxSummonerLevel":-1,"showIfSummonerSpell":"","hideIfSummonerSpell":"","items":[{"id":"1001","count":1,"hideCount":false},{"id":"1029","count":1,"hideCount":false},{"id":"3047","count":1,"hideCount":false}]},{"type":"beginner_legendaryitem","recMath":true,"recSteps":false,"minSummonerLevel":-1,"maxSummonerLevel":-1,"showIfSummonerSpell":"","hideIfSummonerSpell":"","items":[{"id":"3133","count":1,"hideCount":false},{"id":"3071","count":1,"hideCount":false}]},{"type":"beginner_morelegendaryitems","recMath":false,"recSteps":false,"minSummonerLevel":-1,"maxSummonerLevel":-1,"showIfSummonerSpell":"","hideIfSummonerSpell":"","items":[{"id":"3072","count":1,"hideCount":false},{"id":"3742","count":1,"hideCount":false},{"id":"3812","count":1,"hideCount":false}]}]},{"champion":"LeeSin","title":"LeeSinARAM","map":"HA","mode":"ARAM","type":"riot","customTag":"","sortrank":0,"extensionPage":false,"useObviousCheckmark":false,"customPanel":null,"blocks":[{"type":"starting","recMath":false,"recSteps":false,"minSummonerLevel":-1,"maxSummonerLevel":-1,"showIfSummonerSpell":"","hideIfSummonerSpell":"","appendAfterSection":"","visibleWithAllOf":[""],"hiddenWithAnyOf":[""],"items":[{"id":"3044","count":1,"hideCount":false},{"id":"2003","count":4,"hideCount":false}]},{"type":"essential","recMath":false,"recSteps":false,"minSummonerLevel":-1,"maxSummonerLevel":-1,"showIfSummonerSpell":"","hideIfSummonerSpell":"","appendAfterSection":"","visibleWithAllOf":[""],"hiddenWithAnyOf":[""],"items":[{"id":"3071","count":1,"hideCount":false},{"id":"3111","count":1,"hideCount":false},{"id":"3053","count":1,"hideCount":false}]},{"type":"offensive","recMath":false,"recSteps":false,"minSummonerLevel":-1,"maxSummonerLevel":-1,"showIfSummonerSpell":"","hideIfSummonerSpell":"","appendAfterSection":"","visibleWithAllOf":[""],"hiddenWithAnyOf":[""],"items":[{"id":"3074","count":1,"hideCount":false},{"id":"3812","count":1,"hideCount":false}]},{"type":"defensive","recMath":false,"recSteps":false,"minSummonerLevel":-1,"maxSummonerLevel":-1,"showIfSummonerSpell":"","hideIfSummonerSpell":"","appendAfterSection":"","visibleWithAllOf":[""],"hiddenWithAnyOf":[""],"items":[{"id":"3156","count":1,"hideCount":false},{"id":"3143","count":1,"hideCount":false},{"id":"3190","count":1,"hideCount":false}]},{"type":"consumables","recMath":false,"recSteps":false,"minSummonerLevel":-1,"maxSummonerLevel":-1,"showIfSummonerSpell":"","hideIfSummonerSpell":"","appendAfterSection":"","visibleWithAllOf":[""],"hiddenWithAnyOf":[""],"items":[{"id":"2003","count":1,"hideCount":true},{"id":"2140","count":1,"hideCount":true}]}]},{"champion":"LeeSin","title":"LeeSinFIRSTBLOOD","map":"HA","mode":"FIRSTBLOOD","type":"riot","customTag":"","extensionPage":false,"customPanel":null,"blocks":[{"type":"starting","recMath":false,"recSteps":false,"minSummonerLevel":-1,"maxSummonerLevel":-1,"showIfSummonerSpell":"","hideIfSummonerSpell":"SummonerSmite","items":[{"id":"1055","count":1,"hideCount":false},{"id":"2003","count":1,"hideCount":false},{"id":"3340","count":1,"hideCount":false}]},{"type":"startingjungle","recMath":false,"recSteps":false,"minSummonerLevel":-1,"maxSummonerLevel":-1,"showIfSummonerSpell":"SummonerSmite","hideIfSummonerSpell":"","items":[{"id":"1041","count":1,"hideCount":false},{"id":"2003","count":2,"hideCount":false},{"id":"3340","count":1,"hideCount":false}]},{"type":"essential","recMath":false,"recSteps":false,"minSummonerLevel":-1,"maxSummonerLevel":-1,"showIfSummonerSpell":"","hideIfSummonerSpell":"SummonerSmite","items":[{"id":"3074","count":1,"hideCount":false},{"id":"3071","count":1,"hideCount":false},{"id":"3047","count":1,"hideCount":false}]},{"type":"essentialjungle","recMath":false,"recSteps":false,"minSummonerLevel":-1,"maxSummonerLevel":-1,"showIfSummonerSpell":"SummonerSmite","hideIfSummonerSpell":"","items":[{"id":"1412","count":1,"hideCount":false},{"id":"3071","count":1,"hideCount":false},{"id":"3047","count":1,"hideCount":false}]},{"type":"offensive","recMath":false,"recSteps":false,"minSummonerLevel":-1,"maxSummonerLevel":-1,"showIfSummonerSpell":"","hideIfSummonerSpell":"","items":[{"id":"3156","count":1,"hideCount":false},{"id":"3142","count":1,"hideCount":false}]},{"type":"defensive","recMath":false,"recSteps":false,"minSummonerLevel":-1,"maxSummonerLevel":-1,"showIfSummonerSpell":"","hideIfSummonerSpell":"","items":[{"id":"3742","count":1,"hideCount":false},{"id":"3102","count":1,"hideCount":false},{"id":"3026","count":1,"hideCount":false}]},{"type":"consumables","recMath":false,"recSteps":false,"minSummonerLevel":-1,"maxSummonerLevel":-1,"showIfSummonerSpell":"","hideIfSummonerSpell":"","items":[{"id":"2003","count":1,"hideCount":false},{"id":"2043","count":1,"hideCount":false},{"id":"2140","count":1,"hideCount":false}]}]},{"champion":"LeeSin","title":"LeeSinARAM","map":"HA","mode":"KINGPORO","type":"riot","customTag":"","sortrank":0,"extensionPage":false,"useObviousCheckmark":false,"customPanel":null,"blocks":[{"type":"KingPoroSnax","recMath":false,"recSteps":false,"minSummonerLevel":-1,"maxSummonerLevel":-1,"showIfSummonerSpell":"","hideIfSummonerSpell":"","items":[{"id":"3680","count":1,"hideCount":false},{"id":"3681","count":1,"hideCount":false},{"id":"3682","count":1,"hideCount":false},{"id":"3683","count":1,"hideCount":false},{"id":"3684","count":1,"hideCount":false},{"id":"3685","count":1,"hideCount":false}]},{"type":"starting","recMath":false,"recSteps":false,"minSummonerLevel":-1,"maxSummonerLevel":-1,"showIfSummonerSpell":"","hideIfSummonerSpell":"","appendAfterSection":"","visibleWithAllOf":[""],"hiddenWithAnyOf":[""],"items":[{"id":"3044","count":1,"hideCount":false},{"id":"2003","count":4,"hideCount":false}]},{"type":"essential","recMath":false,"recSteps":false,"minSummonerLevel":-1,"maxSummonerLevel":-1,"showIfSummonerSpell":"","hideIfSummonerSpell":"","appendAfterSection":"","visibleWithAllOf":[""],"hiddenWithAnyOf":[""],"items":[{"id":"3071","count":1,"hideCount":false},{"id":"3111","count":1,"hideCount":false},{"id":"3053","count":1,"hideCount":false}]},{"type":"offensive","recMath":false,"recSteps":false,"minSummonerLevel":-1,"maxSummonerLevel":-1,"showIfSummonerSpell":"","hideIfSummonerSpell":"","appendAfterSection":"","visibleWithAllOf":[""],"hiddenWithAnyOf":[""],"items":[{"id":"3074","count":1,"hideCount":false},{"id":"3812","count":1,"hideCount":false}]},{"type":"defensive","recMath":false,"recSteps":false,"minSummonerLevel":-1,"maxSummonerLevel":-1,"showIfSummonerSpell":"","hideIfSummonerSpell":"","appendAfterSection":"","visibleWithAllOf":[""],"hiddenWithAnyOf":[""],"items":[{"id":"3156","count":1,"hideCount":false},{"id":"3143","count":1,"hideCount":false},{"id":"3190","count":1,"hideCount":false}]},{"type":"consumables","recMath":false,"recSteps":false,"minSummonerLevel":-1,"maxSummonerLevel":-1,"showIfSummonerSpell":"","hideIfSummonerSpell":"","appendAfterSection":"","visibleWithAllOf":[""],"hiddenWithAnyOf":[""],"items":[{"id":"2003","count":1,"hideCount":true},{"id":"2140","count":1,"hideCount":true}]}]},{"champion":"LeeSin","title":"LeeSinSL","map":"NB","mode":"NEXUSBLITZ","type":"riot","customTag":"","sortrank":0,"extensionPage":false,"useObviousCheckmark":false,"customPanel":null,"blocks":[{"type":"starting","recMath":false,"recSteps":false,"minSummonerLevel":-1,"maxSummonerLevel":-1,"showIfSummonerSpell":"","hideIfSummonerSpell":"SummonerSmite","appendAfterSection":"","visibleWithAllOf":[""],"hiddenWithAnyOf":[""],"items":[{"id":"4202","count":1,"hideCount":false},{"id":"2003","count":1,"hideCount":false},{"id":"3340","count":1,"hideCount":false}]},{"type":"early","recMath":false,"recSteps":false,"minSummonerLevel":-1,"maxSummonerLevel":-1,"showIfSummonerSpell":"","hideIfSummonerSpell":"SummonerSmite","appendAfterSection":"","visibleWithAllOf":[""],"hiddenWithAnyOf":[""],"items":[{"id":"3133","count":1,"hideCount":false},{"id":"3077","count":1,"hideCount":false},{"id":"1001","count":1,"hideCount":false}]},{"type":"essential","recMath":false,"recSteps":false,"minSummonerLevel":-1,"maxSummonerLevel":-1,"showIfSummonerSpell":"","hideIfSummonerSpell":"SummonerSmite","appendAfterSection":"","visibleWithAllOf":[""],"hiddenWithAnyOf":[""],"items":[{"id":"3111","count":1,"hideCount":false},{"id":"3071","count":1,"hideCount":false}]},{"type":"offensive","recMath":false,"recSteps":false,"minSummonerLevel":-1,"maxSummonerLevel":-1,"showIfSummonerSpell":"OdinTrinketRevive","hideIfSummonerSpell":"SummonerSmite","appendAfterSection":"","visibleWithAllOf":[""],"hiddenWithAnyOf":[""],"items":[{"id":"3074","count":1,"hideCount":false},{"id":"3147","count":1,"hideCount":false},{"id":"3814","count":1,"hideCount":false},{"id":"3142","count":1,"hideCount":false},{"id":"3812","count":1,"hideCount":false}]},{"type":"defensive","recMath":false,"recSteps":false,"minSummonerLevel":-1,"maxSummonerLevel":-1,"showIfSummonerSpell":"","hideIfSummonerSpell":"SummonerSmite","appendAfterSection":"","visibleWithAllOf":[""],"hiddenWithAnyOf":[""],"items":[{"id":"3053","count":1,"hideCount":false},{"id":"3083","count":1,"hideCount":false},{"id":"3742","count":1,"hideCount":false},{"id":"3143","count":1,"hideCount":false},{"id":"3065","count":1,"hideCount":false}]},{"type":"startingjungle","recMath":false,"recSteps":false,"minSummonerLevel":-1,"maxSummonerLevel":-1,"showIfSummonerSpell":"SummonerSmite","hideIfSummonerSpell":"","appendAfterSection":"","visibleWithAllOf":[""],"hiddenWithAnyOf":[""],"items":[{"id":"4101","count":1,"hideCount":false},{"id":"2003","count":1,"hideCount":false},{"id":"3340","count":1,"hideCount":false}]},{"type":"earlyjungle","recMath":false,"recSteps":false,"minSummonerLevel":-1,"maxSummonerLevel":-1,"showIfSummonerSpell":"SummonerSmite","hideIfSummonerSpell":"","appendAfterSection":"","visibleWithAllOf":[""],"hiddenWithAnyOf":[""],"items":[{"id":"3133","count":1,"hideCount":false},{"id":"1001","count":1,"hideCount":false}]},{"type":"essentialjungle","recMath":false,"recSteps":false,"minSummonerLevel":-1,"maxSummonerLevel":-1,"showIfSummonerSpell":"SummonerSmite","hideIfSummonerSpell":"","appendAfterSection":"","visibleWithAllOf":[""],"hiddenWithAnyOf":[""],"items":[{"id":"4102","count":1,"hideCount":false},{"id":"3071","count":1,"hideCount":false}]},{"type":"offensive","recMath":false,"recSteps":false,"minSummonerLevel":-1,"maxSummonerLevel":-1,"showIfSummonerSpell":"","hideIfSummonerSpell":"","appendAfterSection":"","visibleWithAllOf":[""],"hiddenWithAnyOf":[""],"items":[{"id":"3074","count":1,"hideCount":false},{"id":"3161","count":1,"hideCount":false}]},{"type":"defensive","recMath":false,"recSteps":false,"minSummonerLevel":-1,"maxSummonerLevel":-1,"showIfSummonerSpell":"SummonerSmite","hideIfSummonerSpell":"","appendAfterSection":"","visibleWithAllOf":[""],"hiddenWithAnyOf":[""],"items":[{"id":"3053","count":1,"hideCount":false},{"id":"3156","count":1,"hideCount":false},{"id":"3143","count":1,"hideCount":false}]},{"type":"consumables","recMath":false,"recSteps":false,"minSummonerLevel":-1,"maxSummonerLevel":-1,"showIfSummonerSpell":"","hideIfSummonerSpell":"","appendAfterSection":"","visibleWithAllOf":[""],"hiddenWithAnyOf":[""],"items":[{"id":"2003","count":1,"hideCount":true},{"id":"2140","count":1,"hideCount":true}]}]},{"champion":"LeeSin","title":"LeeSinSR","map":"SR","mode":"CLASSIC","type":"riot","customTag":"","sortrank":0,"extensionPage":false,"useObviousCheckmark":false,"customPanel":null,"blocks":[{"type":"starting","recMath":false,"recSteps":false,"minSummonerLevel":-1,"maxSummonerLevel":-1,"showIfSummonerSpell":"","hideIfSummonerSpell":"SummonerSmite","appendAfterSection":"","visibleWithAllOf":[""],"hiddenWithAnyOf":[""],"items":[{"id":"1055","count":1,"hideCount":false},{"id":"2003","count":1,"hideCount":false},{"id":"3340","count":1,"hideCount":false}]},{"type":"early","recMath":false,"recSteps":false,"minSummonerLevel":-1,"maxSummonerLevel":-1,"showIfSummonerSpell":"","hideIfSummonerSpell":"SummonerSmite","appendAfterSection":"","visibleWithAllOf":[""],"hiddenWithAnyOf":[""],"items":[{"id":"3133","count":1,"hideCount":false},{"id":"3077","count":1,"hideCount":false},{"id":"1001","count":1,"hideCount":false}]},{"type":"essential","recMath":false,"recSteps":false,"minSummonerLevel":-1,"maxSummonerLevel":-1,"showIfSummonerSpell":"","hideIfSummonerSpell":"SummonerSmite","appendAfterSection":"","visibleWithAllOf":[""],"hiddenWithAnyOf":[""],"items":[{"id":"3111","count":1,"hideCount":false},{"id":"3071","count":1,"hideCount":false},{"id":"3742","count":1,"hideCount":false}]},{"type":"offensive","recMath":false,"recSteps":false,"minSummonerLevel":-1,"maxSummonerLevel":-1,"showIfSummonerSpell":"","hideIfSummonerSpell":"SummonerSmite","appendAfterSection":"","visibleWithAllOf":[""],"hiddenWithAnyOf":[""],"items":[{"id":"3074","count":1,"hideCount":false},{"id":"3156","count":1,"hideCount":false},{"id":"3814","count":1,"hideCount":false}]},{"type":"defensive","recMath":false,"recSteps":false,"minSummonerLevel":-1,"maxSummonerLevel":-1,"showIfSummonerSpell":"","hideIfSummonerSpell":"SummonerSmite","appendAfterSection":"","visibleWithAllOf":[""],"hiddenWithAnyOf":[""],"items":[{"id":"3083","count":1,"hideCount":false},{"id":"3068","count":1,"hideCount":false},{"id":"3742","count":1,"hideCount":false},{"id":"3143","count":1,"hideCount":false},{"id":"3022","count":1,"hideCount":false}]},{"type":"startingjungle","recMath":false,"recSteps":false,"minSummonerLevel":-1,"maxSummonerLevel":-1,"showIfSummonerSpell":"SummonerSmite","hideIfSummonerSpell":"","appendAfterSection":"","visibleWithAllOf":[""],"hiddenWithAnyOf":[""],"items":[{"id":"1041","count":1,"hideCount":false},{"id":"2031","count":1,"hideCount":false},{"id":"3340","count":1,"hideCount":false}]},{"type":"earlyjungle","recMath":false,"recSteps":false,"minSummonerLevel":-1,"maxSummonerLevel":-1,"showIfSummonerSpell":"SummonerSmite","hideIfSummonerSpell":"","appendAfterSection":"","visibleWithAllOf":[""],"hiddenWithAnyOf":[""],"items":[{"id":"3133","count":1,"hideCount":false},{"id":"1001","count":1,"hideCount":false},{"id":"3706","count":1,"hideCount":false}]},{"type":"essentialjungle","recMath":false,"recSteps":false,"minSummonerLevel":-1,"maxSummonerLevel":-1,"showIfSummonerSpell":"SummonerSmite","hideIfSummonerSpell":"","appendAfterSection":"","visibleWithAllOf":[""],"hiddenWithAnyOf":[""],"items":[{"id":"1400","count":1,"hideCount":false},{"id":"3047","count":1,"hideCount":false},{"id":"3071","count":1,"hideCount":false}]},{"type":"offensive","recMath":false,"recSteps":false,"minSummonerLevel":-1,"maxSummonerLevel":-1,"showIfSummonerSpell":"SummonerSmite","hideIfSummonerSpell":"","appendAfterSection":"","visibleWithAllOf":[""],"hiddenWithAnyOf":[""],"items":[{"id":"3026","count":1,"hideCount":false},{"id":"3053","count":1,"hideCount":false},{"id":"3179","count":1,"hideCount":false}]},{"type":"defensive","recMath":false,"recSteps":false,"minSummonerLevel":-1,"maxSummonerLevel":-1,"showIfSummonerSpell":"SummonerSmite","hideIfSummonerSpell":"","appendAfterSection":"","visibleWithAllOf":[""],"hiddenWithAnyOf":[""],"items":[{"id":"3065","count":1,"hideCount":false},{"id":"3742","count":1,"hideCount":false},{"id":"3156","count":1,"hideCount":false}]},{"type":"consumables","recMath":false,"recSteps":false,"minSummonerLevel":-1,"maxSummonerLevel":-1,"showIfSummonerSpell":"","hideIfSummonerSpell":"","appendAfterSection":"","visibleWithAllOf":[""],"hiddenWithAnyOf":[""],"items":[{"id":"2003","count":1,"hideCount":true},{"id":"2140","count":1,"hideCount":true}]}]}]}}}