{"type":"champion","format":"standAloneComplex","version":"10.15.1","data":{"Lissandra":{"id":"Lissandra","key":"127","name":"Lissandra","title":"the Ice Witch","image":{"full":"Lissandra.png","sprite":"champion2.png","group":"champion","x":240,"y":0,"w":48,"h":48},"skins":[{"id":"127000","num":0,"name":"default","chromas":false},{"id":"127001","num":1,"name":"Bloodstone Lissandra","chromas":false},{"id":"127002","num":2,"name":"Blade Queen Lissandra","chromas":false},{"id":"127003","num":3,"name":"Program Lissandra","chromas":false},{"id":"127004","num":4,"name":"Coven Lissandra","chromas":true}],"lore":"Lissandra's magic twists the pure power of ice into something dark and terrible. With the force of her black ice, she does more than freeze—she impales and crushes those who oppose her. To the terrified denizens of the north, she is known only as ''The Ice Witch.'' The truth is much more sinister: Lissandra is a corruptor of nature who plots to unleash an ice age on the world.","blurb":"Lissandra's magic twists the pure power of ice into something dark and terrible. With the force of her black ice, she does more than freeze—she impales and crushes those who oppose her. To the terrified denizens of the north, she is known only as ''The...","allytips":["You can instantly use your ultimate on yourself by pressing the self cast key and the ultimate key at once (alt+R by default).","Casting Glacial Path and then running in the opposite direction will leave your enemies uncertain which way you will actually go.","Lissandra's abilities are shorter range than those of many mages. As a result, buying items that offer both ability power and defense, like Zhonya's Hourglass and Banshee's Veil, can be a great choice to help her both survive and deal damage."],"enemytips":["The best way to stop Lissandra from moving using her Glacial Path is to immobilize her before she reactivates it.","Lissandra's Ring of Frost has a long cooldown at early ranks; engage her while it's on cooldown.","Lissandra's Ice Shard only slows the first unit it hits. Approach Lissandra from behind your team's minions to avoid being slowed."],"tags":["Mage"],"partype":"Mana","info":{"attack":2,"defense":5,"magic":8,"difficulty":6},"stats":{"hp":550,"hpperlevel":90,"mp":475,"mpperlevel":30,"movespeed":325,"armor":22,"armorperlevel":3.7,"spellblock":30,"spellblockperlevel":0.5,"attackrange":550,"hpregen":7,"hpregenperlevel":0.55,"mpregen":8,"mpregenperlevel":0.4,"crit":0,"critperlevel":0,"attackdamage":53,"attackdamageperlevel":2.7,"attackspeedperlevel":1.36,"attackspeed":0.656},"spells":[{"id":"LissandraQ","name":"Ice Shard","description":"Throws a spear of ice that shatters when it hits an enemy, dealing magic damage and slowing Movement Speed. Shards pass through the target, dealing the same damage to other enemies hit.","tooltip":"Throws a spear of ice that shatters when it hits an enemy, dealing {{ e1 }} <scaleAP>(+{{ a1 }})</scaleAP> magic damage and slowing Movement Speed by {{ e3 }}% for {{ e2 }} seconds. Shards then pass through the target, dealing the same damage to other enemies hit.","leveltip":{"label":["Damage","Slow","Cooldown","@AbilityResourceName@ Cost"],"effect":["{{ e1 }} -> {{ e1NL }}","{{ effect3amount*-100.000000 }}% -> {{ effect3amountnl*-100.000000 }}%","{{ cooldown }} -> {{ cooldownNL }}","{{ cost }} -> {{ costNL }}"]},"maxrank":5,"cooldown":[8,7,6,5,4],"cooldownBurn":"8/7/6/5/4","cost":[60,65,70,75,80],"costBurn":"60/65/70/75/80","datavalues":{},"effect":[null,[70,100,130,160,190],[1.5,1.5,1.5,1.5,1.5],[16,19,22,25,28],[0,0,0,0,0],[0,0,0,0,0],[0,0,0,0,0],[0,0,0,0,0],[0,0,0,0,0],[0,0,0,0,0],[0,0,0,0,0]],"effectBurn":[null,"70/100/130/160/190","1.5","16/19/22/25/28","0","0","0","0","0","0","0"],"vars":[{"link":"spelldamage","coeff":0.8,"key":"a1"}],"costType":" {{ abilityresourcename }}","maxammo":"-1","range":[725,725,725,725,725],"rangeBurn":"725","image":{"full":"LissandraQ.png","sprite":"spell6.png","group":"spell","x":192,"y":144,"w":48,"h":48},"resource":"{{ cost }} {{ abilityresourcename }}"},{"id":"LissandraW","name":"Ring of Frost","description":"Freezes nearby enemies in ice, dealing magic damage and rooting them.","tooltip":"Deals {{ e1 }} <scaleAP>(+{{ a1 }})</scaleAP> magic damage to nearby enemies and roots them for {{ e2 }} seconds.","leveltip":{"label":["Damage","Root Duration","Cooldown"],"effect":["{{ e1 }} -> {{ e1NL }}","{{ e2 }} -> {{ e2NL }}","{{ cooldown }} -> {{ cooldownNL }}"]},"maxrank":5,"cooldown":[14,13,12,11,10],"cooldownBurn":"14/13/12/11/10","cost":[40,40,40,40,40],"costBurn":"40","datavalues":{},"effect":[null,[70,105,140,175,210],[1.1,1.2,1.3,1.4,1.5],[3,3,3,3,3],[8,8,8,8,8],[0,0,0,0,0],[0,0,0,0,0],[0,0,0,0,0],[0,0,0,0,0],[0,0,0,0,0],[0,0,0,0,0]],"effectBurn":[null,"70/105/140/175/210","1.1/1.2/1.3/1.4/1.5","3","8","0","0","0","0","0","0"],"vars":[{"link":"spelldamage","coeff":0.7,"key":"a1"}],"costType":" {{ abilityresourcename }}","maxammo":"-1","range":[450,450,450,450,450],"rangeBurn":"450","image":{"full":"LissandraW.png","sprite":"spell6.png","group":"spell","x":240,"y":144,"w":48,"h":48},"resource":"{{ cost }} {{ abilityresourcename }}"},{"id":"LissandraE","name":"Glacial Path","description":"Lissandra creates an ice claw that deals magic damage. Reactivating this ability transports Lissandra to the claw's current location.","tooltip":"Casts an ice claw that deals {{ e1 }} <scaleAP>(+{{ a1 }})</scaleAP> magic damage to enemies hit.<br /><br />Reactivating this ability transports Lissandra to the claw's current location.","leveltip":{"label":["Damage","Cooldown","@AbilityResourceName@ Cost"],"effect":["{{ e1 }} -> {{ e1NL }}","{{ cooldown }} -> {{ cooldownNL }}","{{ cost }} -> {{ costNL }}"]},"maxrank":5,"cooldown":[24,21,18,15,12],"cooldownBurn":"24/21/18/15/12","cost":[80,85,90,95,100],"costBurn":"80/85/90/95/100","datavalues":{},"effect":[null,[70,105,140,175,210],[14,13,12,11,10],[20,20,20,20,20],[1,1,1,1,1],[0,0,0,0,0],[0,0,0,0,0],[0,0,0,0,0],[0,0,0,0,0],[0,0,0,0,0],[0,0,0,0,0]],"effectBurn":[null,"70/105/140/175/210","14/13/12/11/10","20","1","0","0","0","0","0","0"],"vars":[{"link":"spelldamage","coeff":0.6,"key":"a1"}],"costType":" {{ abilityresourcename }}","maxammo":"-1","range":[1050,1050,1050,1050,1050],"rangeBurn":"1050","image":{"full":"LissandraE.png","sprite":"spell6.png","group":"spell","x":288,"y":144,"w":48,"h":48},"resource":"{{ cost }} {{ abilityresourcename }}"},{"id":"LissandraR","name":"Frozen Tomb","description":"If cast on an enemy champion, the target is frozen solid, stunning it. If cast on Lissandra, she encases herself in dark ice, healing herself while becoming untargetable and invulnerable. Dark ice then emanates from the target dealing magic damage to enemies and slowing Movement Speed.","tooltip":"<span class=\"colorFF9999\">On Enemy Cast: </span>Freezes target champion solid, stunning it for {{ enemycastduration }} seconds.<br /><br /><span class=\"colorCCFF99\">On Self Cast: </span>Lissandra encases herself in dark ice for {{ selfcastduration }} seconds, healing for {{ healamount }}, increased by {{ selfcastmissinghpratio }}% for each {{ selfcastmissinghpperabove }}% Health she is missing. During this time Lissandra is untargetable and invulnerable but is unable to take any actions.<br /><br />Dark ice then emanates from the target dealing {{ calculateddamage }} magic damage to enemies. The ice lasts for {{ slowduration }} seconds and slows enemy Movement Speed by {{ slowamount*-100 }}%.","leveltip":{"label":["Damage","Slow","Healing","Cooldown"],"effect":["{{ basedamage }} -> {{ basedamageNL }}","{{ slowamount*-100.000000 }}% -> {{ slowamountnl*-100.000000 }}%","{{ selfcastflatheal }} -> {{ selfcastflathealNL }}","{{ cooldown }} -> {{ cooldownNL }}"]},"maxrank":3,"cooldown":[120,100,80],"cooldownBurn":"120/100/80","cost":[100,100,100],"costBurn":"100","datavalues":{},"effect":[null,[0,0,0],[0,0,0],[0,0,0],[0,0,0],[0,0,0],[0,0,0],[0,0,0],[0,0,0],[0,0,0],[0,0,0]],"effectBurn":[null,"0","0","0","0","0","0","0","0","0","0"],"vars":[],"costType":" {{ abilityresourcename }}","maxammo":"-1","range":[550,550,550],"rangeBurn":"550","image":{"full":"LissandraR.png","sprite":"spell6.png","group":"spell","x":336,"y":144,"w":48,"h":48},"resource":"{{ cost }} {{ abilityresourcename }}"}],"passive":{"name":"Iceborn Subjugation","description":"When an enemy champion dies near Lissandra they become a Frozen Thrall. Frozen Thralls slow nearby enemies and then, after a delay, shatter from the intense cold, dealing magic damage to nearby targets.","image":{"full":"Lissandra_Passive.png","sprite":"passive2.png","group":"passive","x":240,"y":0,"w":48,"h":48}},"recommended":[{"champion":"Lissandra","title":"Beginner","map":"SR","mode":"INTRO","type":"riot","customTag":"","extensionPage":false,"customPanel":null,"blocks":[{"type":"beginner_starter","recMath":false,"recSteps":false,"minSummonerLevel":-1,"maxSummonerLevel":4,"showIfSummonerSpell":"","hideIfSummonerSpell":"","items":[{"id":"1056","count":1,"hideCount":false},{"id":"2003","count":2,"hideCount":false}]},{"type":"beginner_starter","recMath":false,"recSteps":false,"minSummonerLevel":5,"maxSummonerLevel":-1,"showIfSummonerSpell":"","hideIfSummonerSpell":"","items":[{"id":"1056","count":1,"hideCount":false},{"id":"2003","count":2,"hideCount":false}]},{"type":"beginner_advanced","recMath":true,"recSteps":false,"minSummonerLevel":-1,"maxSummonerLevel":-1,"showIfSummonerSpell":"","hideIfSummonerSpell":"","items":[{"id":"1028","count":1,"hideCount":false},{"id":"1027","count":1,"hideCount":false},{"id":"3010","count":1,"hideCount":false}]},{"type":"beginner_movementspeed","recMath":true,"recSteps":false,"minSummonerLevel":-1,"maxSummonerLevel":-1,"showIfSummonerSpell":"","hideIfSummonerSpell":"","items":[{"id":"1001","count":1,"hideCount":false},{"id":"3020","count":1,"hideCount":false}]},{"type":"beginner_legendaryitem","recMath":true,"recSteps":false,"minSummonerLevel":-1,"maxSummonerLevel":-1,"showIfSummonerSpell":"","hideIfSummonerSpell":"","items":[{"id":"3010","count":1,"hideCount":false},{"id":"1026","count":1,"hideCount":false},{"id":"3027","count":1,"hideCount":false}]},{"type":"beginner_morelegendaryitems","recMath":false,"recSteps":false,"minSummonerLevel":-1,"maxSummonerLevel":-1,"showIfSummonerSpell":"","hideIfSummonerSpell":"","items":[{"id":"3151","count":1,"hideCount":false},{"id":"3165","count":1,"hideCount":false},{"id":"3116","count":1,"hideCount":false},{"id":"3089","count":1,"hideCount":false}]}]},{"champion":"Lissandra","title":"LissandraARAM","map":"HA","mode":"ARAM","type":"riot","customTag":"","sortrank":0,"extensionPage":false,"customPanel":null,"blocks":[{"type":"starting","recMath":false,"recSteps":false,"minSummonerLevel":-1,"maxSummonerLevel":-1,"showIfSummonerSpell":"","hideIfSummonerSpell":"","appendAfterSection":"","visibleWithAllOf":[""],"hiddenWithAnyOf":[""],"items":[{"id":"3802","count":1,"hideCount":false},{"id":"2003","count":2,"hideCount":false}]},{"type":"essential","recMath":false,"recSteps":false,"minSummonerLevel":-1,"maxSummonerLevel":-1,"showIfSummonerSpell":"","hideIfSummonerSpell":"","appendAfterSection":"","visibleWithAllOf":[""],"hiddenWithAnyOf":[""],"items":[{"id":"3029","count":1,"hideCount":false},{"id":"3020","count":1,"hideCount":false},{"id":"3151","count":1,"hideCount":false}]},{"type":"offensive","recMath":false,"recSteps":false,"minSummonerLevel":-1,"maxSummonerLevel":-1,"showIfSummonerSpell":"","hideIfSummonerSpell":"","appendAfterSection":"","visibleWithAllOf":[""],"hiddenWithAnyOf":[""],"items":[{"id":"3089","count":1,"hideCount":false},{"id":"3285","count":1,"hideCount":false},{"id":"3135","count":1,"hideCount":false}]},{"type":"defensive","recMath":false,"recSteps":false,"minSummonerLevel":-1,"maxSummonerLevel":-1,"showIfSummonerSpell":"","hideIfSummonerSpell":"","appendAfterSection":"","visibleWithAllOf":[""],"hiddenWithAnyOf":[""],"items":[{"id":"3165","count":1,"hideCount":false},{"id":"3001","count":1,"hideCount":false},{"id":"3102","count":1,"hideCount":false}]},{"type":"consumables","recMath":false,"recSteps":false,"minSummonerLevel":-1,"maxSummonerLevel":-1,"showIfSummonerSpell":"","hideIfSummonerSpell":"","appendAfterSection":"","visibleWithAllOf":[""],"hiddenWithAnyOf":[""],"items":[{"id":"2033","count":1,"hideCount":false},{"id":"2139","count":1,"hideCount":true}]}]},{"champion":"Lissandra","title":"LissandraFIRSTBLOOD","map":"HA","mode":"FIRSTBLOOD","type":"riot","customTag":"","extensionPage":false,"customPanel":null,"blocks":[{"type":"starting","recMath":false,"recSteps":false,"minSummonerLevel":-1,"maxSummonerLevel":-1,"showIfSummonerSpell":"","hideIfSummonerSpell":"","items":[{"id":"1056","count":1,"hideCount":false},{"id":"2003","count":2,"hideCount":false},{"id":"3340","count":1,"hideCount":false}]},{"type":"essential","recMath":false,"recSteps":false,"minSummonerLevel":-1,"maxSummonerLevel":-1,"showIfSummonerSpell":"","hideIfSummonerSpell":"","items":[{"id":"3027","count":1,"hideCount":false},{"id":"3020","count":1,"hideCount":false},{"id":"3157","count":1,"hideCount":false}]},{"type":"offensive","recMath":false,"recSteps":false,"minSummonerLevel":-1,"maxSummonerLevel":-1,"showIfSummonerSpell":"","hideIfSummonerSpell":"","items":[{"id":"3165","count":1,"hideCount":false},{"id":"3135","count":1,"hideCount":false},{"id":"3089","count":1,"hideCount":false},{"id":"3151","count":1,"hideCount":false}]},{"type":"defensive","recMath":false,"recSteps":false,"minSummonerLevel":-1,"maxSummonerLevel":-1,"showIfSummonerSpell":"","hideIfSummonerSpell":"","items":[{"id":"3174","count":1,"hideCount":false},{"id":"3001","count":1,"hideCount":false}]},{"type":"consumables","recMath":false,"recSteps":false,"minSummonerLevel":-1,"maxSummonerLevel":-1,"showIfSummonerSpell":"","hideIfSummonerSpell":"","items":[{"id":"2003","count":1,"hideCount":false},{"id":"2043","count":1,"hideCount":false},{"id":"2139","count":1,"hideCount":false},{"id":"3361","count":1,"hideCount":false}]}]},{"champion":"Lissandra","title":"LissandraARAM","map":"HA","mode":"KINGPORO","type":"riot","customTag":"","sortrank":0,"extensionPage":false,"customPanel":null,"blocks":[{"type":"KingPoroSnax","recMath":false,"recSteps":false,"minSummonerLevel":-1,"maxSummonerLevel":-1,"showIfSummonerSpell":"","hideIfSummonerSpell":"","items":[{"id":"3680","count":1,"hideCount":false},{"id":"3681","count":1,"hideCount":false},{"id":"3682","count":1,"hideCount":false},{"id":"3683","count":1,"hideCount":false},{"id":"3684","count":1,"hideCount":false},{"id":"3685","count":1,"hideCount":false}]},{"type":"starting","recMath":false,"recSteps":false,"minSummonerLevel":-1,"maxSummonerLevel":-1,"showIfSummonerSpell":"","hideIfSummonerSpell":"","appendAfterSection":"","visibleWithAllOf":[""],"hiddenWithAnyOf":[""],"items":[{"id":"3802","count":1,"hideCount":false},{"id":"2003","count":2,"hideCount":false}]},{"type":"essential","recMath":false,"recSteps":false,"minSummonerLevel":-1,"maxSummonerLevel":-1,"showIfSummonerSpell":"","hideIfSummonerSpell":"","appendAfterSection":"","visibleWithAllOf":[""],"hiddenWithAnyOf":[""],"items":[{"id":"3029","count":1,"hideCount":false},{"id":"3020","count":1,"hideCount":false},{"id":"3151","count":1,"hideCount":false}]},{"type":"offensive","recMath":false,"recSteps":false,"minSummonerLevel":-1,"maxSummonerLevel":-1,"showIfSummonerSpell":"","hideIfSummonerSpell":"","appendAfterSection":"","visibleWithAllOf":[""],"hiddenWithAnyOf":[""],"items":[{"id":"3089","count":1,"hideCount":false},{"id":"3285","count":1,"hideCount":false},{"id":"3135","count":1,"hideCount":false}]},{"type":"defensive","recMath":false,"recSteps":false,"minSummonerLevel":-1,"maxSummonerLevel":-1,"showIfSummonerSpell":"","hideIfSummonerSpell":"","appendAfterSection":"","visibleWithAllOf":[""],"hiddenWithAnyOf":[""],"items":[{"id":"3165","count":1,"hideCount":false},{"id":"3001","count":1,"hideCount":false},{"id":"3102","count":1,"hideCount":false}]},{"type":"consumables","recMath":false,"recSteps":false,"minSummonerLevel":-1,"maxSummonerLevel":-1,"showIfSummonerSpell":"","hideIfSummonerSpell":"","appendAfterSection":"","visibleWithAllOf":[""],"hiddenWithAnyOf":[""],"items":[{"id":"2033","count":1,"hideCount":false},{"id":"2139","count":1,"hideCount":true}]}]},{"champion":"Lissandra","title":"LissandraSL","map":"NB","mode":"NEXUSBLITZ","type":"riot","customTag":"","sortrank":0,"extensionPage":false,"useObviousCheckmark":false,"customPanel":null,"blocks":[{"type":"starting","recMath":false,"recSteps":false,"minSummonerLevel":-1,"maxSummonerLevel":-1,"showIfSummonerSpell":"","hideIfSummonerSpell":"SummonerSmite","appendAfterSection":"","visibleWithAllOf":[""],"hiddenWithAnyOf":[""],"items":[{"id":"4203","count":1,"hideCount":false},{"id":"2003","count":2,"hideCount":false},{"id":"3340","count":1,"hideCount":false}]},{"type":"startingjungle","recMath":false,"recSteps":false,"minSummonerLevel":-1,"maxSummonerLevel":-1,"showIfSummonerSpell":"SummonerSmite","hideIfSummonerSpell":"","appendAfterSection":"","visibleWithAllOf":[""],"hiddenWithAnyOf":[""],"items":[{"id":"4101","count":1,"hideCount":false},{"id":"2003","count":1,"hideCount":false},{"id":"3340","count":1,"hideCount":false}]},{"type":"early","recMath":false,"recSteps":false,"minSummonerLevel":-1,"maxSummonerLevel":-1,"showIfSummonerSpell":"","hideIfSummonerSpell":"SummonerSmite","appendAfterSection":"","visibleWithAllOf":[""],"hiddenWithAnyOf":[""],"items":[{"id":"3010","count":1,"hideCount":false},{"id":"1026","count":1,"hideCount":false}]},{"type":"earlyjungle","recMath":false,"recSteps":false,"minSummonerLevel":-1,"maxSummonerLevel":-1,"showIfSummonerSpell":"SummonerSmite","hideIfSummonerSpell":"","appendAfterSection":"","visibleWithAllOf":[""],"hiddenWithAnyOf":[""],"items":[{"id":"1001","count":1,"hideCount":false},{"id":"1027","count":1,"hideCount":false},{"id":"3108","count":1,"hideCount":false}]},{"type":"essential","recMath":false,"recSteps":false,"minSummonerLevel":-1,"maxSummonerLevel":-1,"showIfSummonerSpell":"","hideIfSummonerSpell":"SummonerSmite","appendAfterSection":"","visibleWithAllOf":[""],"hiddenWithAnyOf":[""],"items":[{"id":"3020","count":1,"hideCount":false},{"id":"3157","count":1,"hideCount":false},{"id":"3029","count":1,"hideCount":false}]},{"type":"essentialjungle","recMath":false,"recSteps":false,"minSummonerLevel":-1,"maxSummonerLevel":-1,"showIfSummonerSpell":"SummonerSmite","hideIfSummonerSpell":"","appendAfterSection":"","visibleWithAllOf":[""],"hiddenWithAnyOf":[""],"items":[{"id":"3020","count":1,"hideCount":false},{"id":"4104","count":1,"hideCount":false},{"id":"3165","count":1,"hideCount":false}]},{"type":"standard","recMath":false,"recSteps":false,"minSummonerLevel":-1,"maxSummonerLevel":-1,"showIfSummonerSpell":"","hideIfSummonerSpell":"","appendAfterSection":"","visibleWithAllOf":[""],"hiddenWithAnyOf":[""],"items":[{"id":"3152","count":1,"hideCount":false},{"id":"3135","count":1,"hideCount":false},{"id":"3907","count":1,"hideCount":false}]},{"type":"situational","recMath":false,"recSteps":false,"minSummonerLevel":-1,"maxSummonerLevel":-1,"showIfSummonerSpell":"","hideIfSummonerSpell":"","appendAfterSection":"","visibleWithAllOf":[""],"hiddenWithAnyOf":[""],"items":[{"id":"3151","count":1,"hideCount":false},{"id":"3102","count":1,"hideCount":false},{"id":"3089","count":1,"hideCount":false}]},{"type":"consumables","recMath":false,"recSteps":false,"minSummonerLevel":-1,"maxSummonerLevel":-1,"showIfSummonerSpell":"","hideIfSummonerSpell":"","appendAfterSection":"","visibleWithAllOf":[""],"hiddenWithAnyOf":[""],"items":[{"id":"2003","count":1,"hideCount":true},{"id":"2139","count":1,"hideCount":true}]}]},{"champion":"Lissandra","title":"LissandraSR","map":"SR","mode":"CLASSIC","type":"riot","customTag":"","sortrank":0,"extensionPage":false,"customPanel":null,"blocks":[{"type":"starting","recMath":false,"recSteps":false,"minSummonerLevel":-1,"maxSummonerLevel":-1,"showIfSummonerSpell":"","hideIfSummonerSpell":"","appendAfterSection":"","visibleWithAllOf":[""],"hiddenWithAnyOf":[""],"items":[{"id":"1056","count":1,"hideCount":false},{"id":"2003","count":2,"hideCount":false},{"id":"3340","count":1,"hideCount":false}]},{"type":"early","recMath":false,"recSteps":false,"minSummonerLevel":-1,"maxSummonerLevel":-1,"showIfSummonerSpell":"","hideIfSummonerSpell":"","appendAfterSection":"","visibleWithAllOf":[""],"hiddenWithAnyOf":[""],"items":[{"id":"1001","count":1,"hideCount":false},{"id":"3802","count":1,"hideCount":false},{"id":"3191","count":1,"hideCount":false}]},{"type":"essential","recMath":false,"recSteps":false,"minSummonerLevel":-1,"maxSummonerLevel":-1,"showIfSummonerSpell":"","hideIfSummonerSpell":"","appendAfterSection":"","visibleWithAllOf":[""],"hiddenWithAnyOf":[""],"items":[{"id":"3020","count":1,"hideCount":false},{"id":"3157","count":1,"hideCount":false},{"id":"3285","count":1,"hideCount":false}]},{"type":"standard","recMath":false,"recSteps":false,"minSummonerLevel":-1,"maxSummonerLevel":-1,"showIfSummonerSpell":"","hideIfSummonerSpell":"","appendAfterSection":"","visibleWithAllOf":[""],"hiddenWithAnyOf":[""],"items":[{"id":"3152","count":1,"hideCount":false},{"id":"3135","count":1,"hideCount":false},{"id":"3907","count":1,"hideCount":false}]},{"type":"situational","recMath":false,"recSteps":false,"minSummonerLevel":-1,"maxSummonerLevel":-1,"showIfSummonerSpell":"","hideIfSummonerSpell":"","appendAfterSection":"","visibleWithAllOf":[""],"hiddenWithAnyOf":[""],"items":[{"id":"3165","count":1,"hideCount":false},{"id":"3151","count":1,"hideCount":false},{"id":"3102","count":1,"hideCount":false}]},{"type":"consumables","recMath":false,"recSteps":false,"minSummonerLevel":-1,"maxSummonerLevel":-1,"showIfSummonerSpell":"","hideIfSummonerSpell":"","appendAfterSection":"","visibleWithAllOf":[""],"hiddenWithAnyOf":[""],"items":[{"id":"2003","count":1,"hideCount":true},{"id":"2139","count":1,"hideCount":true}]}]}]}}}