{"type":"champion","format":"standAloneComplex","version":"10.15.1","data":{"Lucian":{"id":"Lucian","key":"236","name":"Lucian","title":"the Purifier","image":{"full":"Lucian.png","sprite":"champion2.png","group":"champion","x":288,"y":0,"w":48,"h":48},"skins":[{"id":"236000","num":0,"name":"default","chromas":true},{"id":"236001","num":1,"name":"Hired Gun Lucian","chromas":false},{"id":"236002","num":2,"name":"Striker Lucian","chromas":false},{"id":"236006","num":6,"name":"PROJECT: Lucian","chromas":true},{"id":"236007","num":7,"name":"Heartseeker Lucian","chromas":false},{"id":"236008","num":8,"name":"High Noon Lucian","chromas":true},{"id":"236009","num":9,"name":"Demacia Vice Lucian","chromas":true},{"id":"236018","num":18,"name":"Pulsefire Lucian","chromas":false},{"id":"236019","num":19,"name":"Pulsefire Lucian Prestige Edition","chromas":false}],"lore":"Lucian, a Sentinel of Light, is a grim hunter of undying spirits, pursuing them relentlessly and annihilating them with his twin relic pistols. After the wraith Thresh slew his wife, Lucian embarked on the path of vengeance—but even with her return to life, his rage is undiminished. Merciless and single-minded, Lucian will stop at nothing to protect the living from the long-dead horrors of the Black Mist.","blurb":"Lucian, a Sentinel of Light, is a grim hunter of undying spirits, pursuing them relentlessly and annihilating them with his twin relic pistols. After the wraith Thresh slew his wife, Lucian embarked on the path of vengeance—but even with her return to...","allytips":["For optimal burst, try to combine Relentless Pursuit into Piercing Light.","Ardent Blaze actually explodes in a star pattern. Try to line it up so the spokes hit enemy champions.","Once you have chosen an angle for The Culling, you cannot change it. Pick your moment well!","Because of Lightslinger, Lucian benefits more from Attack Damage than he does from Attack Speed."],"enemytips":["Lucian has strong burst, but little sustained damage.","Lucian cannot change the aim of The Culling. Take advantage of this by avoiding the angle of the bullets.","Piercing Light does not give Lucian extra Attack Range. He still needs to find a target in range to line up his shot. Avoid Piercing Light by anticipating the angle Lucian will choose."],"tags":["Marksman"],"partype":"Mana","info":{"attack":8,"defense":5,"magic":3,"difficulty":6},"stats":{"hp":571,"hpperlevel":86,"mp":348.88,"mpperlevel":38,"movespeed":335,"armor":28,"armorperlevel":3,"spellblock":30,"spellblockperlevel":0.5,"attackrange":500,"hpregen":3.75,"hpregenperlevel":0.65,"mpregen":8.176,"mpregenperlevel":0.7,"crit":0,"critperlevel":0,"attackdamage":64,"attackdamageperlevel":2.75,"attackspeedperlevel":3.3,"attackspeed":0.638},"spells":[{"id":"LucianQ","name":"Piercing Light","description":"Lucian shoots a bolt of piercing light through a target.","tooltip":"Shoots a bolt of piercing light through an enemy unit, damaging enemies in a line for {{ e1 }} <scaleAD>(+{{ f1 }})</scaleAD> ({{ e2 }}% of bonus Attack Damage) physical damage.<br /><br /><rules><span class=\"color8c8c8c\">Piercing Light's cast time decreases slightly as Lucian gains levels.</span></rules>","leveltip":{"label":["Damage","Attack Damage","Cooldown","@AbilityResourceName@ Cost"],"effect":["{{ e1 }} -> {{ e1NL }}","{{ e2 }}% -> {{ e2NL }}%","{{ cooldown }} -> {{ cooldownNL }}","{{ cost }} -> {{ costNL }}"]},"maxrank":5,"cooldown":[9,8,7,6,5],"cooldownBurn":"9/8/7/6/5","cost":[50,60,70,80,90],"costBurn":"50/60/70/80/90","datavalues":{},"effect":[null,[85,120,155,190,225],[60,75,90,105,120],[1000,1000,1000,1000,1000],[0.41,0.41,0.41,0.41,0.41],[100,100,100,100,100],[0,0,0,0,0],[0,0,0,0,0],[0,0,0,0,0],[0,0,0,0,0],[0,0,0,0,0]],"effectBurn":[null,"85/120/155/190/225","60/75/90/105/120","1000","0.41","100","0","0","0","0","0"],"vars":[{"link":"attackdamage","coeff":[0.6,0.75,0.9,1.05,1.2],"key":"f1"}],"costType":" {{ abilityresourcename }}","maxammo":"-1","range":[500,500,500,500,500],"rangeBurn":"500","image":{"full":"LucianQ.png","sprite":"spell6.png","group":"spell","x":384,"y":144,"w":48,"h":48},"resource":"{{ cost }} {{ abilityresourcename }}"},{"id":"LucianW","name":"Ardent Blaze","description":"Lucian shoots a missile that explodes in a star shape, marking and briefly revealing enemies. Lucian gains Movement Speed for attacking marked enemies.","tooltip":"Fires a shot that explodes upon enemy contact or reaching the end of its path. The explosion deals {{ e1 }} <span class=\"color88FF88\">(+{{ a1 }})</span> magic damage, marks enemies for 6 seconds, and briefly reveals them.<br /><br />When Lucian or his allies damage a marked target, Lucian gains {{ e2 }} Movement Speed for 1 second.","leveltip":{"label":["Damage","Movement Speed","Cooldown"],"effect":["{{ e1 }} -> {{ e1NL }}","{{ e2 }} -> {{ e2NL }}","{{ cooldown }} -> {{ cooldownNL }}"]},"maxrank":5,"cooldown":[14,13,12,11,10],"cooldownBurn":"14/13/12/11/10","cost":[70,70,70,70,70],"costBurn":"70","datavalues":{},"effect":[null,[75,110,145,180,215],[60,65,70,75,80],[900,900,900,900,900],[0,0,0,0,0],[1,1,1,1,1],[200,200,200,200,200],[1,1,1,1,1],[6,6,6,6,6],[1,1,1,1,1],[700,700,700,700,700]],"effectBurn":[null,"75/110/145/180/215","60/65/70/75/80","900","0","1","200","1","6","1","700"],"vars":[{"link":"spelldamage","coeff":0.9,"key":"a1"}],"costType":" {{ abilityresourcename }}","maxammo":"-1","range":[900,900,900,900,900],"rangeBurn":"900","image":{"full":"LucianW.png","sprite":"spell6.png","group":"spell","x":432,"y":144,"w":48,"h":48},"resource":"{{ cost }} {{ abilityresourcename }}"},{"id":"LucianE","name":"Relentless Pursuit","description":"Lucian quickly dashes a short distance. Lightslinger attacks reduce Relentless Pursuit's cooldown.","tooltip":"Quickly dashes a short distance.<br /><br />Whenever Lightslinger hits an enemy, Relentless Pursuit's cooldown is reduced by {{ e1 }} second (doubles to {{ e2 }} seconds against champions).","leveltip":{"label":["Cooldown","@AbilityResourceName@ Cost"],"effect":["{{ cooldown }} -> {{ cooldownNL }}","{{ cost }} -> {{ costNL }}"]},"maxrank":5,"cooldown":[22,20,18,16,14],"cooldownBurn":"22/20/18/16/14","cost":[40,30,20,10,0],"costBurn":"40/30/20/10/0","datavalues":{},"effect":[null,[1,1,1,1,1],[2,2,2,2,2],[425,425,425,425,425],[200,200,200,200,200],[1350,1350,1350,1350,1350],[0,0,0,0,0],[0,0,0,0,0],[0,0,0,0,0],[0,0,0,0,0],[0,0,0,0,0]],"effectBurn":[null,"1","2","425","200","1350","0","0","0","0","0"],"vars":[],"costType":" {{ abilityresourcename }}","maxammo":"-1","range":[445,445,445,445,445],"rangeBurn":"445","image":{"full":"LucianE.png","sprite":"spell7.png","group":"spell","x":0,"y":0,"w":48,"h":48},"resource":"{{ cost }} {{ abilityresourcename }}"},{"id":"LucianR","name":"The Culling","description":"Lucian unleashes a torrent of shots from his weapons.","tooltip":"Lucian moves freely while firing rapidly in a single direction for {{ duration }} seconds. His shots collide with the first enemy they hit and each do <physicalDamage>{{ damageperbullet }} physical damage.</physicalDamage>  The Culling does {{ percentdamageamptominions }}% damage to minions.<br /><br />Lucian may use Relentless Pursuit during The Culling.<br /><br />Reactivate The Culling to cancel early.","leveltip":{"label":["Damage","Number of Shots","Cooldown"],"effect":["{{ basedamage }} -> {{ basedamageNL }}","{{ numshots }} -> {{ numshotsNL }}","{{ cooldown }} -> {{ cooldownNL }}"]},"maxrank":3,"cooldown":[110,100,90],"cooldownBurn":"110/100/90","cost":[100,100,100],"costBurn":"100","datavalues":{},"effect":[null,[0,0,0],[0,0,0],[0,0,0],[0,0,0],[0,0,0],[0,0,0],[0,0,0],[0,0,0],[0,0,0],[0,0,0]],"effectBurn":[null,"0","0","0","0","0","0","0","0","0","0"],"vars":[],"costType":" {{ abilityresourcename }}","maxammo":"-1","range":[1400,1400,1400],"rangeBurn":"1400","image":{"full":"LucianR.png","sprite":"spell7.png","group":"spell","x":48,"y":0,"w":48,"h":48},"resource":"{{ cost }} {{ abilityresourcename }}"}],"passive":{"name":"Lightslinger","description":"Whenever Lucian uses an ability, his next attack becomes a double-shot.","image":{"full":"Lucian_Passive.png","sprite":"passive2.png","group":"passive","x":288,"y":0,"w":48,"h":48}},"recommended":[{"champion":"Lucian","title":"Beginner","map":"SR","mode":"INTRO","type":"riot","customTag":"","extensionPage":false,"customPanel":null,"blocks":[{"type":"beginner_starter","recMath":false,"recSteps":false,"minSummonerLevel":5,"maxSummonerLevel":-1,"showIfSummonerSpell":"","hideIfSummonerSpell":"","items":[{"id":"1055","count":1,"hideCount":false},{"id":"2003","count":1,"hideCount":false}]},{"type":"beginner_advanced","recMath":true,"recSteps":false,"minSummonerLevel":-1,"maxSummonerLevel":-1,"showIfSummonerSpell":"","hideIfSummonerSpell":"","items":[{"id":"1036","count":1,"hideCount":false},{"id":"1053","count":1,"hideCount":false}]},{"type":"beginner_movementspeed","recMath":true,"recSteps":false,"minSummonerLevel":-1,"maxSummonerLevel":-1,"showIfSummonerSpell":"","hideIfSummonerSpell":"","items":[{"id":"1001","count":1,"hideCount":false},{"id":"1042","count":1,"hideCount":false},{"id":"3006","count":1,"hideCount":false}]},{"type":"beginner_legendaryitem","recMath":true,"recSteps":false,"minSummonerLevel":-1,"maxSummonerLevel":-1,"showIfSummonerSpell":"","hideIfSummonerSpell":"","items":[{"id":"1038","count":1,"hideCount":false},{"id":"3072","count":1,"hideCount":false}]},{"type":"beginner_morelegendaryitems","recMath":false,"recSteps":false,"minSummonerLevel":-1,"maxSummonerLevel":-1,"showIfSummonerSpell":"","hideIfSummonerSpell":"","items":[{"id":"3087","count":1,"hideCount":false},{"id":"3031","count":1,"hideCount":false},{"id":"3508","count":1,"hideCount":false},{"id":"3036","count":1,"hideCount":false}]}]},{"champion":"Lucian","title":"LucianARAM","map":"HA","mode":"ARAM","type":"riot","customTag":"","sortrank":0,"extensionPage":false,"useObviousCheckmark":false,"customPanel":null,"blocks":[{"type":"starting","recMath":false,"recSteps":false,"minSummonerLevel":-1,"maxSummonerLevel":-1,"showIfSummonerSpell":"","hideIfSummonerSpell":"","appendAfterSection":"","visibleWithAllOf":[""],"hiddenWithAnyOf":[""],"items":[{"id":"1038","count":1,"hideCount":false},{"id":"2003","count":2,"hideCount":false}]},{"type":"essential","recMath":false,"recSteps":false,"minSummonerLevel":-1,"maxSummonerLevel":-1,"showIfSummonerSpell":"","hideIfSummonerSpell":"","appendAfterSection":"","visibleWithAllOf":[""],"hiddenWithAnyOf":[""],"items":[{"id":"3046","count":1,"hideCount":false},{"id":"3006","count":1,"hideCount":false},{"id":"3031","count":1,"hideCount":false}]},{"type":"offensive","recMath":false,"recSteps":false,"minSummonerLevel":-1,"maxSummonerLevel":-1,"showIfSummonerSpell":"","hideIfSummonerSpell":"","appendAfterSection":"","visibleWithAllOf":[""],"hiddenWithAnyOf":[""],"items":[{"id":"3508","count":1,"hideCount":false},{"id":"3094","count":1,"hideCount":false},{"id":"3036","count":1,"hideCount":false}]},{"type":"defensive","recMath":false,"recSteps":false,"minSummonerLevel":-1,"maxSummonerLevel":-1,"showIfSummonerSpell":"","hideIfSummonerSpell":"","appendAfterSection":"","visibleWithAllOf":[""],"hiddenWithAnyOf":[""],"items":[{"id":"3078","count":1,"hideCount":false},{"id":"3812","count":1,"hideCount":false},{"id":"3071","count":1,"hideCount":false}]},{"type":"offmeta","recMath":false,"recSteps":false,"minSummonerLevel":-1,"maxSummonerLevel":-1,"showIfSummonerSpell":"","hideIfSummonerSpell":"","appendAfterSection":"","visibleWithAllOf":[""],"hiddenWithAnyOf":[""],"items":[{"id":"3285","count":1,"hideCount":false},{"id":"3089","count":1,"hideCount":false},{"id":"3100","count":1,"hideCount":false}]},{"type":"consumables","recMath":false,"recSteps":false,"minSummonerLevel":-1,"maxSummonerLevel":-1,"showIfSummonerSpell":"","hideIfSummonerSpell":"","appendAfterSection":"","visibleWithAllOf":[""],"hiddenWithAnyOf":[""],"items":[{"id":"2033","count":1,"hideCount":false},{"id":"2140","count":1,"hideCount":true}]}]},{"champion":"Lucian","title":"LucianFIRSTBLOOD","map":"HA","mode":"FIRSTBLOOD","type":"riot","customTag":"","extensionPage":false,"customPanel":null,"blocks":[{"type":"starting","recMath":false,"recSteps":false,"minSummonerLevel":-1,"maxSummonerLevel":-1,"showIfSummonerSpell":"","hideIfSummonerSpell":"","items":[{"id":"1055","count":1,"hideCount":false},{"id":"2003","count":1,"hideCount":false},{"id":"3340","count":1,"hideCount":false}]},{"type":"early","recMath":false,"recSteps":false,"minSummonerLevel":-1,"maxSummonerLevel":-1,"showIfSummonerSpell":"","hideIfSummonerSpell":"","items":[{"id":"1038","count":1,"hideCount":false},{"id":"3086","count":1,"hideCount":false},{"id":"1001","count":1,"hideCount":false}]},{"type":"essential","recMath":false,"recSteps":false,"minSummonerLevel":-1,"maxSummonerLevel":-1,"showIfSummonerSpell":"","hideIfSummonerSpell":"","items":[{"id":"3508","count":1,"hideCount":false},{"id":"3087","count":1,"hideCount":false},{"id":"3006","count":1,"hideCount":false}]},{"type":"offensive","recMath":false,"recSteps":false,"minSummonerLevel":-1,"maxSummonerLevel":-1,"showIfSummonerSpell":"","hideIfSummonerSpell":"","items":[{"id":"3046","count":1,"hideCount":false},{"id":"3094","count":1,"hideCount":false}]},{"type":"situational","recMath":false,"recSteps":false,"minSummonerLevel":-1,"maxSummonerLevel":-1,"showIfSummonerSpell":"","hideIfSummonerSpell":"","items":[{"id":"3036","count":1,"hideCount":false},{"id":"3033","count":1,"hideCount":false},{"id":"3072","count":1,"hideCount":false},{"id":"3139","count":1,"hideCount":false},{"id":"3812","count":1,"hideCount":false},{"id":"3026","count":1,"hideCount":false}]},{"type":"consumables","recMath":false,"recSteps":false,"minSummonerLevel":-1,"maxSummonerLevel":-1,"showIfSummonerSpell":"","hideIfSummonerSpell":"","items":[{"id":"2003","count":1,"hideCount":true},{"id":"2140","count":1,"hideCount":true},{"id":"2043","count":1,"hideCount":true},{"id":"3363","count":1,"hideCount":true}]}]},{"champion":"Lucian","title":"LucianARAM","map":"HA","mode":"KINGPORO","type":"riot","customTag":"","sortrank":0,"extensionPage":false,"useObviousCheckmark":false,"customPanel":null,"blocks":[{"type":"KingPoroSnax","recMath":false,"recSteps":false,"minSummonerLevel":-1,"maxSummonerLevel":-1,"showIfSummonerSpell":"","hideIfSummonerSpell":"","items":[{"id":"3680","count":1,"hideCount":false},{"id":"3681","count":1,"hideCount":false},{"id":"3682","count":1,"hideCount":false},{"id":"3683","count":1,"hideCount":false},{"id":"3684","count":1,"hideCount":false},{"id":"3685","count":1,"hideCount":false}]},{"type":"starting","recMath":false,"recSteps":false,"minSummonerLevel":-1,"maxSummonerLevel":-1,"showIfSummonerSpell":"","hideIfSummonerSpell":"","appendAfterSection":"","visibleWithAllOf":[""],"hiddenWithAnyOf":[""],"items":[{"id":"1038","count":1,"hideCount":false},{"id":"2003","count":2,"hideCount":false}]},{"type":"essential","recMath":false,"recSteps":false,"minSummonerLevel":-1,"maxSummonerLevel":-1,"showIfSummonerSpell":"","hideIfSummonerSpell":"","appendAfterSection":"","visibleWithAllOf":[""],"hiddenWithAnyOf":[""],"items":[{"id":"3046","count":1,"hideCount":false},{"id":"3006","count":1,"hideCount":false},{"id":"3031","count":1,"hideCount":false}]},{"type":"offensive","recMath":false,"recSteps":false,"minSummonerLevel":-1,"maxSummonerLevel":-1,"showIfSummonerSpell":"","hideIfSummonerSpell":"","appendAfterSection":"","visibleWithAllOf":[""],"hiddenWithAnyOf":[""],"items":[{"id":"3508","count":1,"hideCount":false},{"id":"3094","count":1,"hideCount":false},{"id":"3036","count":1,"hideCount":false}]},{"type":"defensive","recMath":false,"recSteps":false,"minSummonerLevel":-1,"maxSummonerLevel":-1,"showIfSummonerSpell":"","hideIfSummonerSpell":"","appendAfterSection":"","visibleWithAllOf":[""],"hiddenWithAnyOf":[""],"items":[{"id":"3078","count":1,"hideCount":false},{"id":"3812","count":1,"hideCount":false},{"id":"3071","count":1,"hideCount":false}]},{"type":"offmeta","recMath":false,"recSteps":false,"minSummonerLevel":-1,"maxSummonerLevel":-1,"showIfSummonerSpell":"","hideIfSummonerSpell":"","appendAfterSection":"","visibleWithAllOf":[""],"hiddenWithAnyOf":[""],"items":[{"id":"3285","count":1,"hideCount":false},{"id":"3089","count":1,"hideCount":false},{"id":"3100","count":1,"hideCount":false}]},{"type":"consumables","recMath":false,"recSteps":false,"minSummonerLevel":-1,"maxSummonerLevel":-1,"showIfSummonerSpell":"","hideIfSummonerSpell":"","appendAfterSection":"","visibleWithAllOf":[""],"hiddenWithAnyOf":[""],"items":[{"id":"2033","count":1,"hideCount":false},{"id":"2140","count":1,"hideCount":true}]}]},{"champion":"Lucian","title":"LucianSL","map":"NB","mode":"NEXUSBLITZ","type":"riot","customTag":"","sortrank":0,"extensionPage":false,"useObviousCheckmark":false,"customPanel":null,"blocks":[{"type":"starting","recMath":false,"recSteps":false,"minSummonerLevel":-1,"maxSummonerLevel":-1,"showIfSummonerSpell":"","hideIfSummonerSpell":"SummonerSmite","appendAfterSection":"","visibleWithAllOf":[""],"hiddenWithAnyOf":[""],"items":[{"id":"4202","count":1,"hideCount":false},{"id":"2003","count":1,"hideCount":false},{"id":"3340","count":1,"hideCount":false}]},{"type":"startingjungle","recMath":false,"recSteps":false,"minSummonerLevel":-1,"maxSummonerLevel":-1,"showIfSummonerSpell":"SummonerSmite","hideIfSummonerSpell":"","appendAfterSection":"","visibleWithAllOf":[""],"hiddenWithAnyOf":[""],"items":[{"id":"4101","count":1,"hideCount":false},{"id":"2003","count":1,"hideCount":false},{"id":"3340","count":1,"hideCount":false}]},{"type":"early","recMath":false,"recSteps":false,"minSummonerLevel":-1,"maxSummonerLevel":-1,"showIfSummonerSpell":"","hideIfSummonerSpell":"SummonerSmite","appendAfterSection":"","visibleWithAllOf":[""],"hiddenWithAnyOf":[""],"items":[{"id":"3144","count":1,"hideCount":false},{"id":"1043","count":1,"hideCount":false},{"id":"1001","count":1,"hideCount":false}]},{"type":"earlyjungle","recMath":false,"recSteps":false,"minSummonerLevel":-1,"maxSummonerLevel":-1,"showIfSummonerSpell":"SummonerSmite","hideIfSummonerSpell":"","appendAfterSection":"","visibleWithAllOf":[""],"hiddenWithAnyOf":[""],"items":[{"id":"1001","count":1,"hideCount":false},{"id":"3133","count":1,"hideCount":false}]},{"type":"essential","recMath":false,"recSteps":false,"minSummonerLevel":-1,"maxSummonerLevel":-1,"showIfSummonerSpell":"","hideIfSummonerSpell":"SummonerSmite","appendAfterSection":"","visibleWithAllOf":[""],"hiddenWithAnyOf":[""],"items":[{"id":"3153","count":1,"hideCount":false},{"id":"3071","count":1,"hideCount":false}]},{"type":"essentialjungle","recMath":false,"recSteps":false,"minSummonerLevel":-1,"maxSummonerLevel":-1,"showIfSummonerSpell":"SummonerSmite","hideIfSummonerSpell":"","appendAfterSection":"","visibleWithAllOf":[""],"hiddenWithAnyOf":[""],"items":[{"id":"3071","count":1,"hideCount":false},{"id":"4102","count":1,"hideCount":false},{"id":"3006","count":1,"hideCount":false}]},{"type":"offensive","recMath":false,"recSteps":false,"minSummonerLevel":-1,"maxSummonerLevel":-1,"showIfSummonerSpell":"","hideIfSummonerSpell":"","appendAfterSection":"","visibleWithAllOf":[""],"hiddenWithAnyOf":[""],"items":[{"id":"3094","count":1,"hideCount":false},{"id":"3508","count":1,"hideCount":false},{"id":"3031","count":1,"hideCount":false}]},{"type":"situational","recMath":false,"recSteps":false,"minSummonerLevel":-1,"maxSummonerLevel":-1,"showIfSummonerSpell":"","hideIfSummonerSpell":"","appendAfterSection":"","visibleWithAllOf":[""],"hiddenWithAnyOf":[""],"items":[{"id":"3139","count":1,"hideCount":false},{"id":"3072","count":1,"hideCount":false}]},{"type":"consumables","recMath":false,"recSteps":false,"minSummonerLevel":-1,"maxSummonerLevel":-1,"showIfSummonerSpell":"","hideIfSummonerSpell":"","appendAfterSection":"","visibleWithAllOf":[""],"hiddenWithAnyOf":[""],"items":[{"id":"2003","count":1,"hideCount":true},{"id":"2140","count":1,"hideCount":true}]}]},{"champion":"Lucian","title":"LucianSR","map":"SR","mode":"CLASSIC","type":"riot","customTag":"","sortrank":0,"extensionPage":false,"useObviousCheckmark":false,"customPanel":null,"blocks":[{"type":"starting","recMath":false,"recSteps":false,"minSummonerLevel":-1,"maxSummonerLevel":-1,"showIfSummonerSpell":"","hideIfSummonerSpell":"","appendAfterSection":"","visibleWithAllOf":[""],"hiddenWithAnyOf":[""],"items":[{"id":"1055","count":1,"hideCount":false},{"id":"2003","count":1,"hideCount":false},{"id":"3340","count":1,"hideCount":false}]},{"type":"early","recMath":false,"recSteps":false,"minSummonerLevel":-1,"maxSummonerLevel":-1,"showIfSummonerSpell":"","hideIfSummonerSpell":"","appendAfterSection":"","visibleWithAllOf":[""],"hiddenWithAnyOf":[""],"items":[{"id":"1038","count":1,"hideCount":false},{"id":"1001","count":1,"hideCount":false},{"id":"3133","count":1,"hideCount":false}]},{"type":"essential","recMath":false,"recSteps":false,"minSummonerLevel":-1,"maxSummonerLevel":-1,"showIfSummonerSpell":"","hideIfSummonerSpell":"","appendAfterSection":"","visibleWithAllOf":[""],"hiddenWithAnyOf":[""],"items":[{"id":"3508","count":1,"hideCount":false},{"id":"3006","count":1,"hideCount":false},{"id":"3031","count":1,"hideCount":false}]},{"type":"offensive","recMath":false,"recSteps":false,"minSummonerLevel":-1,"maxSummonerLevel":-1,"showIfSummonerSpell":"","hideIfSummonerSpell":"","appendAfterSection":"","visibleWithAllOf":[""],"hiddenWithAnyOf":[""],"items":[{"id":"3094","count":1,"hideCount":false},{"id":"3153","count":1,"hideCount":false},{"id":"3033","count":1,"hideCount":false}]},{"type":"defensive","recMath":false,"recSteps":false,"minSummonerLevel":-1,"maxSummonerLevel":-1,"showIfSummonerSpell":"","hideIfSummonerSpell":"","appendAfterSection":"","visibleWithAllOf":[""],"hiddenWithAnyOf":[""],"items":[{"id":"3071","count":1,"hideCount":false},{"id":"3026","count":1,"hideCount":false},{"id":"3139","count":1,"hideCount":false}]},{"type":"consumables","recMath":false,"recSteps":false,"minSummonerLevel":-1,"maxSummonerLevel":-1,"showIfSummonerSpell":"","hideIfSummonerSpell":"","appendAfterSection":"","visibleWithAllOf":[""],"hiddenWithAnyOf":[""],"items":[{"id":"2003","count":1,"hideCount":true},{"id":"2140","count":1,"hideCount":true}]}]}]}}}