{"type":"champion","format":"standAloneComplex","version":"10.15.1","data":{"Malzahar":{"id":"Malzahar","key":"90","name":"Malzahar","title":"the Prophet of the Void","image":{"full":"Malzahar.png","sprite":"champion2.png","group":"champion","x":0,"y":48,"w":48,"h":48},"skins":[{"id":"90000","num":0,"name":"default","chromas":false},{"id":"90001","num":1,"name":"Vizier Malzahar","chromas":false},{"id":"90002","num":2,"name":"Shadow Prince Malzahar","chromas":false},{"id":"90003","num":3,"name":"Djinn Malzahar","chromas":false},{"id":"90004","num":4,"name":"Overlord Malzahar","chromas":false},{"id":"90005","num":5,"name":"Snow Day Malzahar","chromas":true},{"id":"90006","num":6,"name":"Battle Boss Malzahar","chromas":false},{"id":"90007","num":7,"name":"Hextech Malzahar","chromas":false},{"id":"90009","num":9,"name":"Worldbreaker Malzahar","chromas":true}],"lore":"A zealous seer dedicated to the unification of all life, Malzahar truly believes the newly emergent Void to be the path to Runeterra's salvation. In the desert wastes of Shurima, he followed the voices that whispered in his mind, all the way to ancient Icathia. Amidst the ruins of that land, he gazed into the dark heart of the Void itself, and was gifted new power and purpose. Malzahar now sees himself as a shepherd, empowered to bring others into the fold… or to release the voidling creatures that dwell beneath.","blurb":"A zealous seer dedicated to the unification of all life, Malzahar truly believes the newly emergent Void to be the path to Runeterra's salvation. In the desert wastes of Shurima, he followed the voices that whispered in his mind, all the way to ancient...","allytips":["Wait to cast Void Swarm until there are nearby enemies for the Voidling to attack or kill.","Use Call of the Void and Nether Grasp to renew the duration of Malefic Visions on enemies.","Avoiding damage in lane maximizes the uptime on Void Shift, increasing Malzahar's safety dramatically."],"enemytips":["When Malzahar hits a spell on enemies affected by Malefic Visions, the Visions are refreshed.","Avoid minion waves that have been affected by Malefic Visions. You never know when they may die and pass the Visions onto you.","Malzahar is especially dangerous when he has built up his Void Swarm."],"tags":["Mage","Assassin"],"partype":"Mana","info":{"attack":2,"defense":2,"magic":9,"difficulty":6},"stats":{"hp":537,"hpperlevel":87,"mp":375,"mpperlevel":27.5,"movespeed":335,"armor":18,"armorperlevel":3.5,"spellblock":30,"spellblockperlevel":0.5,"attackrange":500,"hpregen":6,"hpregenperlevel":0.6,"mpregen":8,"mpregenperlevel":0.8,"crit":0,"critperlevel":0,"attackdamage":55,"attackdamageperlevel":3,"attackspeedperlevel":1.5,"attackspeed":0.625},"spells":[{"id":"MalzaharQ","name":"Call of the Void","description":"Malzahar opens up two portals to the Void. After a short delay, they fire projectiles that deal Magic Damage and silence enemy champions.","tooltip":"Malzahar opens two portals to the Void that fire projectiles inward, dealing {{ e1 }} <scaleAP>(+{{ a1 }})</scaleAP> magic damage and silencing enemies hit for {{ e2 }} second(s).","leveltip":{"label":["Damage","Silence Duration"],"effect":["{{ e1 }} -> {{ e1NL }}","{{ e2 }} -> {{ e2NL }}"]},"maxrank":5,"cooldown":[6,6,6,6,6],"cooldownBurn":"6","cost":[80,80,80,80,80],"costBurn":"80","datavalues":{},"effect":[null,[70,105,140,175,210],[1,1.25,1.5,1.75,2],[0.4,0.4,0.4,0.4,0.4],[0,0,0,0,0],[0,0,0,0,0],[0,0,0,0,0],[0,0,0,0,0],[0,0,0,0,0],[0,0,0,0,0],[0,0,0,0,0]],"effectBurn":[null,"70/105/140/175/210","1/1.25/1.5/1.75/2","0.4","0","0","0","0","0","0","0"],"vars":[{"link":"spelldamage","coeff":0.65,"key":"a1"}],"costType":" {{ abilityresourcename }}","maxammo":"-1","range":[900,900,900,900,900],"rangeBurn":"900","image":{"full":"MalzaharQ.png","sprite":"spell7.png","group":"spell","x":192,"y":48,"w":48,"h":48},"resource":"{{ cost }} {{ abilityresourcename }}"},{"id":"MalzaharW","name":"Void Swarm","description":"Malzahar summons Voidlings to attack nearby enemies.","tooltip":"<scaleAD>Passive:</scaleAD> Casting Malzahar's other spells gives him a Zz'Rot Swarm, increasing the number of Voidlings summoned by Void Swarm (max {{ e6 }}).<br /><br /><scaleAD>Active:</scaleAD> Summons one or more Voidlings. Voidlings last {{ e1 }} seconds and deal an additional {{ e2 }} <scaleAP>(+{{ a1 }})</scaleAP> <scaleAD>(+{{ a2 }})</scaleAD> magic damage each hit.<br /><br /><span class=\"color919191\"><i>Voidlings deal {{ e3 }}% damage to lane minions affected by Malefic Visions.<br />Voidlings deal {{ e4 }}% damage to epic monsters.</i></span>","leveltip":{"label":["Voidling Bonus Damage","Voidling Duration","@AbilityResourceName@ Cost"],"effect":["{{ e2 }} -> {{ e2NL }}","{{ e1 }} -> {{ e1NL }}","{{ cost }} -> {{ costNL }}"]},"maxrank":5,"cooldown":[8,8,8,8,8],"cooldownBurn":"8","cost":[40,45,50,55,60],"costBurn":"40/45/50/55/60","datavalues":{},"effect":[null,[8,8,9,9,10],[12,14,16,18,20],[300,300,300,300,300],[50,50,50,50,50],[25000,25000,25000,25000,25000],[2,2,2,2,2],[0.5,0.5,0.5,0.5,0.5],[0,0,0,0,0],[0,0,0,0,0],[0,0,0,0,0]],"effectBurn":[null,"8/8/9/9/10","12/14/16/18/20","300","50","25000","2","0.5","0","0","0"],"vars":[{"link":"spelldamage","coeff":0.2,"key":"a1"},{"link":"bonusattackdamage","coeff":0.4,"key":"a2"}],"costType":" {{ abilityresourcename }}","maxammo":"0","range":[150,150,150,150,150],"rangeBurn":"150","image":{"full":"MalzaharW.png","sprite":"spell7.png","group":"spell","x":240,"y":48,"w":48,"h":48},"resource":"{{ cost }} {{ abilityresourcename }}"},{"id":"MalzaharE","name":"Malefic Visions","description":"Malzahar infects his target's mind with cruel visions of their demise, dealing damage over time. Using Malzahar's other spells on the target will refresh the visions.<br><br>If the target dies while afflicted by the visions, they pass on to a nearby enemy unit and Malzahar gains Mana. Malzahar's Voidlings are attracted to affected units.","tooltip":"Deal {{ e1 }} <scaleAP>(+{{ a1 }})</scaleAP> magic damage to an enemy target over {{ e3 }} seconds. Applying Call of the Void or Nether Grasp to the victim during this time refreshes the visions.<br /><br />If the victim is killed, Malzahar gains <scaleMana>{{ f1 }}</scaleMana> Mana ({{ e5 }}% of max mana) and the visions spread to the nearest enemy.","leveltip":{"label":["Damage","Cooldown","@AbilityResourceName@ Cost"],"effect":["{{ e1 }} -> {{ e1NL }}","{{ cooldown }} -> {{ cooldownNL }}","{{ cost }} -> {{ costNL }}"]},"maxrank":5,"cooldown":[15,13,11,9,7],"cooldownBurn":"15/13/11/9/7","cost":[60,70,80,90,100],"costBurn":"60/70/80/90/100","datavalues":{},"effect":[null,[80,115,150,185,220],[8,8,8,8,8],[4,4,4,4,4],[8,8,8,8,8],[2,2,2,2,2],[0,0,0,0,0],[0,0,0,0,0],[0,0,0,0,0],[0,0,0,0,0],[0,0,0,0,0]],"effectBurn":[null,"80/115/150/185/220","8","4","8","2","0","0","0","0","0"],"vars":[{"link":"spelldamage","coeff":0.8,"key":"a1"}],"costType":" {{ abilityresourcename }}","maxammo":"-1","range":[650,650,650,650,650],"rangeBurn":"650","image":{"full":"MalzaharE.png","sprite":"spell7.png","group":"spell","x":288,"y":48,"w":48,"h":48},"resource":"{{ cost }} {{ abilityresourcename }}"},{"id":"MalzaharR","name":"Nether Grasp","description":"Malzahar channels the essence of the Void to suppress an enemy champion over a zone of damaging negative energy.","tooltip":"Malzahar suppresses a target champion for {{ e4 }} seconds, dealing {{ e7 }} <scaleAP>(+{{ a2 }})</scaleAP> magic damage over the duration. A zone of negative energy is created around his target for {{ e3 }} seconds, dealing {{ e1 }}% <scaleAP>(+{{ a1 }}%)</scaleAP> of nearby enemies max health as magic damage per second.","leveltip":{"label":["Nether Grasp Damage","Null Zone Damage","Cooldown"],"effect":["{{ e7 }} -> {{ e7NL }}","{{ e1 }}% -> {{ e1NL }}%","{{ cooldown }} -> {{ cooldownNL }}"]},"maxrank":3,"cooldown":[140,110,80],"cooldownBurn":"140/110/80","cost":[100,100,100],"costBurn":"100","datavalues":{},"effect":[null,[2,3,4],[120,100,80],[5,5,5],[2.5,2.5,2.5],[120,120,120],[10,10,10],[125,200,275],[1250,1250,1250],[0,0,0],[0,0,0]],"effectBurn":[null,"2/3/4","120/100/80","5","2.5","120","10","125/200/275","1250","0","0"],"vars":[{"link":"spelldamage","coeff":0.8,"key":"a2"},{"link":"spelldamage","coeff":0.005,"key":"a1"}],"costType":" {{ abilityresourcename }}","maxammo":"-1","range":[700,700,700],"rangeBurn":"700","image":{"full":"MalzaharR.png","sprite":"spell7.png","group":"spell","x":336,"y":48,"w":48,"h":48},"resource":"{{ cost }} {{ abilityresourcename }}"}],"passive":{"name":"Void Shift","description":"When he hasn't recently taken damage or been crowd controlled, Malzahar gains massive damage reduction and crowd control immunity, lingering for a short period after taking damage.","image":{"full":"Malzahar_Passive.png","sprite":"passive2.png","group":"passive","x":0,"y":48,"w":48,"h":48}},"recommended":[{"champion":"Malzahar","title":"MalzaharARAM","map":"HA","mode":"ARAM","type":"riot","customTag":"","sortrank":0,"extensionPage":false,"customPanel":null,"blocks":[{"type":"starting","recMath":false,"recSteps":false,"minSummonerLevel":-1,"maxSummonerLevel":-1,"showIfSummonerSpell":"","hideIfSummonerSpell":"","appendAfterSection":"","visibleWithAllOf":[""],"hiddenWithAnyOf":[""],"items":[{"id":"3802","count":1,"hideCount":false},{"id":"2003","count":2,"hideCount":false}]},{"type":"essential","recMath":false,"recSteps":false,"minSummonerLevel":-1,"maxSummonerLevel":-1,"showIfSummonerSpell":"","hideIfSummonerSpell":"","appendAfterSection":"","visibleWithAllOf":[""],"hiddenWithAnyOf":[""],"items":[{"id":"3285","count":1,"hideCount":false},{"id":"3020","count":1,"hideCount":false},{"id":"3151","count":1,"hideCount":false}]},{"type":"offensive","recMath":false,"recSteps":false,"minSummonerLevel":-1,"maxSummonerLevel":-1,"showIfSummonerSpell":"","hideIfSummonerSpell":"","appendAfterSection":"","visibleWithAllOf":[""],"hiddenWithAnyOf":[""],"items":[{"id":"3116","count":1,"hideCount":false},{"id":"3165","count":1,"hideCount":false},{"id":"3135","count":1,"hideCount":false}]},{"type":"defensive","recMath":false,"recSteps":false,"minSummonerLevel":-1,"maxSummonerLevel":-1,"showIfSummonerSpell":"","hideIfSummonerSpell":"","appendAfterSection":"","visibleWithAllOf":[""],"hiddenWithAnyOf":[""],"items":[{"id":"3029","count":1,"hideCount":false},{"id":"3157","count":1,"hideCount":false},{"id":"3102","count":1,"hideCount":false}]},{"type":"consumables","recMath":false,"recSteps":false,"minSummonerLevel":-1,"maxSummonerLevel":-1,"showIfSummonerSpell":"","hideIfSummonerSpell":"","appendAfterSection":"","visibleWithAllOf":[""],"hiddenWithAnyOf":[""],"items":[{"id":"2033","count":1,"hideCount":false},{"id":"2139","count":1,"hideCount":true}]}]},{"champion":"Malzahar","title":"MalzaharARAM","map":"HA","mode":"KINGPORO","type":"riot","customTag":"","sortrank":0,"extensionPage":false,"customPanel":null,"blocks":[{"type":"KingPoroSnax","recMath":false,"recSteps":false,"minSummonerLevel":-1,"maxSummonerLevel":-1,"showIfSummonerSpell":"","hideIfSummonerSpell":"","items":[{"id":"3680","count":1,"hideCount":false},{"id":"3681","count":1,"hideCount":false},{"id":"3682","count":1,"hideCount":false},{"id":"3683","count":1,"hideCount":false},{"id":"3684","count":1,"hideCount":false},{"id":"3685","count":1,"hideCount":false}]},{"type":"starting","recMath":false,"recSteps":false,"minSummonerLevel":-1,"maxSummonerLevel":-1,"showIfSummonerSpell":"","hideIfSummonerSpell":"","appendAfterSection":"","visibleWithAllOf":[""],"hiddenWithAnyOf":[""],"items":[{"id":"3802","count":1,"hideCount":false},{"id":"2003","count":2,"hideCount":false}]},{"type":"essential","recMath":false,"recSteps":false,"minSummonerLevel":-1,"maxSummonerLevel":-1,"showIfSummonerSpell":"","hideIfSummonerSpell":"","appendAfterSection":"","visibleWithAllOf":[""],"hiddenWithAnyOf":[""],"items":[{"id":"3285","count":1,"hideCount":false},{"id":"3020","count":1,"hideCount":false},{"id":"3151","count":1,"hideCount":false}]},{"type":"offensive","recMath":false,"recSteps":false,"minSummonerLevel":-1,"maxSummonerLevel":-1,"showIfSummonerSpell":"","hideIfSummonerSpell":"","appendAfterSection":"","visibleWithAllOf":[""],"hiddenWithAnyOf":[""],"items":[{"id":"3116","count":1,"hideCount":false},{"id":"3165","count":1,"hideCount":false},{"id":"3135","count":1,"hideCount":false}]},{"type":"defensive","recMath":false,"recSteps":false,"minSummonerLevel":-1,"maxSummonerLevel":-1,"showIfSummonerSpell":"","hideIfSummonerSpell":"","appendAfterSection":"","visibleWithAllOf":[""],"hiddenWithAnyOf":[""],"items":[{"id":"3029","count":1,"hideCount":false},{"id":"3157","count":1,"hideCount":false},{"id":"3102","count":1,"hideCount":false}]},{"type":"consumables","recMath":false,"recSteps":false,"minSummonerLevel":-1,"maxSummonerLevel":-1,"showIfSummonerSpell":"","hideIfSummonerSpell":"","appendAfterSection":"","visibleWithAllOf":[""],"hiddenWithAnyOf":[""],"items":[{"id":"2033","count":1,"hideCount":false},{"id":"2139","count":1,"hideCount":true}]}]},{"champion":"Malzahar","title":"MalzaharSL","map":"NB","mode":"NEXUSBLITZ","type":"riot","customTag":"","sortrank":0,"extensionPage":false,"useObviousCheckmark":false,"customPanel":null,"blocks":[{"type":"starting","recMath":false,"recSteps":false,"minSummonerLevel":-1,"maxSummonerLevel":-1,"showIfSummonerSpell":"","hideIfSummonerSpell":"SummonerSmite","appendAfterSection":"","visibleWithAllOf":[""],"hiddenWithAnyOf":[""],"items":[{"id":"4203","count":1,"hideCount":false},{"id":"2003","count":2,"hideCount":false},{"id":"3340","count":1,"hideCount":false}]},{"type":"startingjungle","recMath":false,"recSteps":false,"minSummonerLevel":-1,"maxSummonerLevel":-1,"showIfSummonerSpell":"SummonerSmite","hideIfSummonerSpell":"","appendAfterSection":"","visibleWithAllOf":[""],"hiddenWithAnyOf":[""],"items":[{"id":"4101","count":1,"hideCount":false},{"id":"2003","count":1,"hideCount":false},{"id":"3340","count":1,"hideCount":false}]},{"type":"early","recMath":false,"recSteps":false,"minSummonerLevel":-1,"maxSummonerLevel":-1,"showIfSummonerSpell":"","hideIfSummonerSpell":"SummonerSmite","appendAfterSection":"","visibleWithAllOf":[""],"hiddenWithAnyOf":[""],"items":[{"id":"1001","count":1,"hideCount":false},{"id":"3802","count":1,"hideCount":false},{"id":"1026","count":1,"hideCount":false}]},{"type":"earlyjungle","recMath":false,"recSteps":false,"minSummonerLevel":-1,"maxSummonerLevel":-1,"showIfSummonerSpell":"SummonerSmite","hideIfSummonerSpell":"","appendAfterSection":"","visibleWithAllOf":[""],"hiddenWithAnyOf":[""],"items":[{"id":"1001","count":1,"hideCount":false},{"id":"3108","count":1,"hideCount":false}]},{"type":"essential","recMath":false,"recSteps":false,"minSummonerLevel":-1,"maxSummonerLevel":-1,"showIfSummonerSpell":"","hideIfSummonerSpell":"SummonerSmite","appendAfterSection":"","visibleWithAllOf":[""],"hiddenWithAnyOf":[""],"items":[{"id":"3158","count":1,"hideCount":false},{"id":"3285","count":1,"hideCount":false},{"id":"3116","count":1,"hideCount":false}]},{"type":"essentialjungle","recMath":false,"recSteps":false,"minSummonerLevel":-1,"maxSummonerLevel":-1,"showIfSummonerSpell":"SummonerSmite","hideIfSummonerSpell":"","appendAfterSection":"","visibleWithAllOf":[""],"hiddenWithAnyOf":[""],"items":[{"id":"4104","count":1,"hideCount":false},{"id":"3116","count":1,"hideCount":false},{"id":"3158","count":1,"hideCount":false}]},{"type":"standard","recMath":false,"recSteps":false,"minSummonerLevel":-1,"maxSummonerLevel":-1,"showIfSummonerSpell":"","hideIfSummonerSpell":"","appendAfterSection":"","visibleWithAllOf":[""],"hiddenWithAnyOf":[""],"items":[{"id":"3151","count":1,"hideCount":false},{"id":"3135","count":1,"hideCount":false},{"id":"3907","count":1,"hideCount":false}]},{"type":"situational","recMath":false,"recSteps":false,"minSummonerLevel":-1,"maxSummonerLevel":-1,"showIfSummonerSpell":"","hideIfSummonerSpell":"","appendAfterSection":"","visibleWithAllOf":[""],"hiddenWithAnyOf":[""],"items":[{"id":"3157","count":1,"hideCount":false},{"id":"3102","count":1,"hideCount":false},{"id":"3089","count":1,"hideCount":false}]},{"type":"consumables","recMath":false,"recSteps":false,"minSummonerLevel":-1,"maxSummonerLevel":-1,"showIfSummonerSpell":"","hideIfSummonerSpell":"","appendAfterSection":"","visibleWithAllOf":[""],"hiddenWithAnyOf":[""],"items":[{"id":"2003","count":1,"hideCount":true},{"id":"2139","count":1,"hideCount":true}]}]},{"champion":"Malzahar","title":"MalzaharSR","map":"SR","mode":"CLASSIC","type":"riot","customTag":"","sortrank":0,"extensionPage":false,"useObviousCheckmark":false,"customPanel":null,"blocks":[{"type":"starting","recMath":false,"recSteps":false,"minSummonerLevel":-1,"maxSummonerLevel":-1,"showIfSummonerSpell":"","hideIfSummonerSpell":"SummonerSmite","appendAfterSection":"","visibleWithAllOf":[""],"hiddenWithAnyOf":[""],"items":[{"id":"1056","count":1,"hideCount":false},{"id":"2003","count":2,"hideCount":false},{"id":"3340","count":1,"hideCount":false}]},{"type":"startingjungle","recMath":false,"recSteps":false,"minSummonerLevel":-1,"maxSummonerLevel":-1,"showIfSummonerSpell":"SummonerSmite","hideIfSummonerSpell":"","appendAfterSection":"","visibleWithAllOf":[""],"hiddenWithAnyOf":[""],"items":[{"id":"1039","count":1,"hideCount":false},{"id":"2003","count":3,"hideCount":false},{"id":"3340","count":1,"hideCount":false}]},{"type":"early","recMath":false,"recSteps":false,"minSummonerLevel":-1,"maxSummonerLevel":-1,"showIfSummonerSpell":"","hideIfSummonerSpell":"SummonerSmite","appendAfterSection":"","visibleWithAllOf":[""],"hiddenWithAnyOf":[""],"items":[{"id":"1001","count":1,"hideCount":false},{"id":"3802","count":1,"hideCount":false},{"id":"1026","count":1,"hideCount":false}]},{"type":"earlyjungle","recMath":false,"recSteps":false,"minSummonerLevel":-1,"maxSummonerLevel":-1,"showIfSummonerSpell":"SummonerSmite","hideIfSummonerSpell":"","appendAfterSection":"","visibleWithAllOf":[""],"hiddenWithAnyOf":[""],"items":[{"id":"1001","count":1,"hideCount":false},{"id":"3715","count":1,"hideCount":false},{"id":"3108","count":1,"hideCount":false}]},{"type":"essential","recMath":false,"recSteps":false,"minSummonerLevel":-1,"maxSummonerLevel":-1,"showIfSummonerSpell":"","hideIfSummonerSpell":"SummonerSmite","appendAfterSection":"","visibleWithAllOf":[""],"hiddenWithAnyOf":[""],"items":[{"id":"3158","count":1,"hideCount":false},{"id":"3285","count":1,"hideCount":false},{"id":"3116","count":1,"hideCount":false}]},{"type":"essentialjungle","recMath":false,"recSteps":false,"minSummonerLevel":-1,"maxSummonerLevel":-1,"showIfSummonerSpell":"SummonerSmite","hideIfSummonerSpell":"","appendAfterSection":"","visibleWithAllOf":[""],"hiddenWithAnyOf":[""],"items":[{"id":"3158","count":1,"hideCount":false},{"id":"1414","count":1,"hideCount":false},{"id":"3116","count":1,"hideCount":false}]},{"type":"standard","recMath":false,"recSteps":false,"minSummonerLevel":-1,"maxSummonerLevel":-1,"showIfSummonerSpell":"","hideIfSummonerSpell":"","appendAfterSection":"","visibleWithAllOf":[""],"hiddenWithAnyOf":[""],"items":[{"id":"3151","count":1,"hideCount":false},{"id":"3135","count":1,"hideCount":false},{"id":"3907","count":1,"hideCount":false}]},{"type":"situational","recMath":false,"recSteps":false,"minSummonerLevel":-1,"maxSummonerLevel":-1,"showIfSummonerSpell":"","hideIfSummonerSpell":"","appendAfterSection":"","visibleWithAllOf":[""],"hiddenWithAnyOf":[""],"items":[{"id":"3157","count":1,"hideCount":false},{"id":"3102","count":1,"hideCount":false},{"id":"3089","count":1,"hideCount":false}]},{"type":"consumables","recMath":false,"recSteps":false,"minSummonerLevel":-1,"maxSummonerLevel":-1,"showIfSummonerSpell":"","hideIfSummonerSpell":"","appendAfterSection":"","visibleWithAllOf":[""],"hiddenWithAnyOf":[""],"items":[{"id":"2003","count":1,"hideCount":true},{"id":"2139","count":1,"hideCount":true}]}]}]}}}