{"type":"champion","format":"standAloneComplex","version":"10.15.1","data":{"MasterYi":{"id":"MasterYi","key":"11","name":"Master Yi","title":"the Wuju Bladesman","image":{"full":"MasterYi.png","sprite":"champion2.png","group":"champion","x":96,"y":48,"w":48,"h":48},"skins":[{"id":"11000","num":0,"name":"default","chromas":false},{"id":"11001","num":1,"name":"Assassin Master Yi","chromas":false},{"id":"11002","num":2,"name":"Chosen Master Yi","chromas":false},{"id":"11003","num":3,"name":"Ionia Master Yi","chromas":false},{"id":"11004","num":4,"name":"Samurai Yi","chromas":false},{"id":"11005","num":5,"name":"Headhunter Master Yi","chromas":true},{"id":"11009","num":9,"name":"PROJECT: Yi","chromas":false},{"id":"11010","num":10,"name":"Cosmic Blade Master Yi","chromas":false},{"id":"11011","num":11,"name":"Eternal Sword Yi","chromas":true},{"id":"11017","num":17,"name":"Snow Man Yi","chromas":true},{"id":"11024","num":24,"name":"Blood Moon Master Yi","chromas":false}],"lore":"Master Yi has tempered his body and sharpened his mind, so that thought and action have become almost as one. Though he chooses to enter into violence only as a last resort, the grace and speed of his blade ensures resolution is always swift. As one of the last living practitioners of the Ionian art of Wuju, Yi has devoted his life to continuing the legacy of his people—scrutinizing potential new disciples with the Seven Lenses of Insight to identify the most worthy among them.","blurb":"Master Yi has tempered his body and sharpened his mind, so that thought and action have become almost as one. Though he chooses to enter into violence only as a last resort, the grace and speed of his blade ensures resolution is always swift. As one of...","allytips":["If you're in a lane against ranged players, leveling up Meditate can allow you to stay in the lane longer and gain levels faster than they will.","Wuju Style is very strong early for last hitting minions.","Try using Alpha Strike on a minion in front of an enemy champion so you are placed at a safe distance at the end of the spell."],"enemytips":["Meditate is an effective method of healing damage over time, but Master Yi is susceptible to coordinated team ganks early in the game.","If Master Yi tries to farm with Alpha Strike, hit him a few times so he has to use mana with Meditate to heal.","Although Master Yi cannot be slowed while using Highlander, other disables can stop him in his tracks."],"tags":["Assassin","Fighter"],"partype":"Mana","info":{"attack":10,"defense":4,"magic":2,"difficulty":4},"stats":{"hp":598.56,"hpperlevel":92,"mp":250.56,"mpperlevel":42,"movespeed":355,"armor":33,"armorperlevel":3,"spellblock":32.1,"spellblockperlevel":1.25,"attackrange":125,"hpregen":7.5,"hpregenperlevel":0.65,"mpregen":7.256,"mpregenperlevel":0.45,"crit":0,"critperlevel":0,"attackdamage":66,"attackdamageperlevel":3,"attackspeedperlevel":2,"attackspeed":0.679},"spells":[{"id":"AlphaStrike","name":"Alpha Strike","description":"Master Yi teleports across the battlefield with blinding speed, dealing physical damage to multiple units in his path, while simultaneously becoming untargetable. Alpha Strike can critically strike and deals bonus physical damage to monsters. Basic attacks reduce Alpha Strike's cooldown.","tooltip":"Master Yi becomes untargetable and teleports to rapidly strike enemies near his target, dealing {{ e1 }} <span class=\"colorFF8C00\">(+{{ a1 }})</span> physical damage to all enemies hit after {{ e8 }} hits.<br /><br /><rules>Alpha Strike can critically strike for <span class=\"colorFF8C00\">{{ f1 }}</span> additional damage.<br />Monsters take {{ e3 }} bonus damage.<br />Repeat strikes instantly deal {{ falloffmultiplier*100 }}% damage.<br />Basic attacks reduce Alpha Strike's cooldown by {{ e7 }} second.</rules><br />","leveltip":{"label":["Damage","Bonus Monster Damage","Cooldown","@AbilityResourceName@ Cost"],"effect":["{{ e1 }} -> {{ e1NL }}","{{ e3 }} -> {{ e3NL }}","{{ cooldown }} -> {{ cooldownNL }}","{{ cost }} -> {{ costNL }}"]},"maxrank":5,"cooldown":[18,17,16,15,14],"cooldownBurn":"18/17/16/15/14","cost":[50,55,60,65,70],"costBurn":"50/55/60/65/70","datavalues":{},"effect":[null,[25,60,95,130,165],[50,50,50,50,50],[75,100,125,150,175],[1,1,1,1,1],[0.25,0.25,0.25,0.25,0.25],[0.6,0.6,0.6,0.6,0.6],[1,1,1,1,1],[4,4,4,4,4],[0,0,0,0,0],[0,0,0,0,0]],"effectBurn":[null,"25/60/95/130/165","50","75/100/125/150/175","1","0.25","0.6","1","4","0","0"],"vars":[{"link":"attackdamage","coeff":1,"key":"a1"},{"link":"attackdamage","coeff":0.6,"key":"f1"}],"costType":" {{ abilityresourcename }}","maxammo":"-1","range":[600,600,600,600,600],"rangeBurn":"600","image":{"full":"AlphaStrike.png","sprite":"spell7.png","group":"spell","x":96,"y":96,"w":48,"h":48},"resource":"{{ cost }} {{ abilityresourcename }}"},{"id":"Meditate","name":"Meditate","description":"Master Yi rejuvenates his body by focus of mind, restoring Health and taking reduced damage for a short time. In addition, Master Yi will gain stacks of Double Strike and pause the remaining duration on Wuju Style and Highlander for each second he channels.","tooltip":"Master Yi channels, reducing incoming damage by {{ e2 }}% and restoring {{ e1 }} <scaleAP>(+{{ a1 }})</scaleAP> health over {{ f1.-1 }} seconds. This healing is increased by up to {{ e0 }}% based on missing health.<br /><br />In addition, Master Yi will gain stacks of Double Strike and pause the remaining duration on Wuju Style and Highlander for each second he channels.<br /><br /><rules>Meditate's damage reduction is halved against structures.</rules>","leveltip":{"label":["Health Restored","Damage Reduction"],"effect":["{{ e1 }} -> {{ e1NL }}","{{ effect2amount*100.000000 }} -> {{ effect2amountnl*100.000000 }}"]},"maxrank":5,"cooldown":[28,28,28,28,28],"cooldownBurn":"28","cost":[50,50,50,50,50],"costBurn":"50","datavalues":{},"effect":[null,[120,200,280,360,440],[60,62.5,65,67.5,70],[0.5,0.5,0.5,0.5,0.5],[4,4,4,4,4],[0,0,0,0,0],[0.5,0.5,0.5,0.5,0.5],[0,0,0,0,0],[0,0,0,0,0],[0,0,0,0,0],[1,1,1,1,1]],"effectBurn":[null,"120/200/280/360/440","60/62.5/65/67.5/70","0.5","4","0","0.5","0","0","0","1"],"vars":[{"link":"spelldamage","coeff":1,"key":"a1"}],"costType":" {{ abilityresourcename }}","maxammo":"-1","range":[20,20,20,20,20],"rangeBurn":"20","image":{"full":"Meditate.png","sprite":"spell7.png","group":"spell","x":144,"y":96,"w":48,"h":48},"resource":"{{ cost }} {{ abilityresourcename }}"},{"id":"WujuStyle","name":"Wuju Style","description":"Grants bonus true damage on basic attacks.","tooltip":"Basic attacks deal {{ e3 }} <span class=\"colorFF8C00\">(+{{ f2 }})</span> bonus true damage for {{ e5 }} seconds.","leveltip":{"label":["Cooldown","Damage"],"effect":["{{ cooldown }} -> {{ cooldownNL }}","{{ e3 }} -> {{ e3NL }}"]},"maxrank":5,"cooldown":[18,17,16,15,14],"cooldownBurn":"18/17/16/15/14","cost":[0,0,0,0,0],"costBurn":"0","datavalues":{},"effect":[null,[10,10,10,10,10],[35,35,35,35,35],[18,26,34,42,50],[20,30,40,50,60],[5,5,5,5,5],[0,0,0,0,0],[0,0,0,0,0],[0,0,0,0,0],[0,0,0,0,0],[0,0,0,0,0]],"effectBurn":[null,"10","35","18/26/34/42/50","20/30/40/50/60","5","0","0","0","0","0"],"vars":[{"link":"attackdamage","coeff":[0.1,0.125,0.15,0.175,0.2],"key":"f2"}],"costType":" {{ abilityresourcename }}","maxammo":"-1","range":[20,20,20,20,20],"rangeBurn":"20","image":{"full":"WujuStyle.png","sprite":"spell7.png","group":"spell","x":192,"y":96,"w":48,"h":48},"resource":"{{ cost }} {{ abilityresourcename }}"},{"id":"Highlander","name":"Highlander","description":"Master Yi moves with unparalleled agility, temporarily increasing his Movement and Attack Speeds as well as making him immune to all slowing effects. While active, Champion kills or assists extend Highlander's duration. Passively reduces cooldown for his other abilities on a kill or assist.","tooltip":"<span class=\"colorFF9900\">Passive:</span> Champion kills and assists reduce the remaining cooldown of Master Yi's basic abilities by {{ rcooldownrefund*100 }}%.<br /><br /><span class=\"colorFF9900\">Active:</span> Increases Movement Speed by {{ rmsbonus }}%, Attack Speed by {{ rasbonus }}%, and grants immunity to slows for {{ rduration }} seconds. While active, champion kills and assists extend the duration of Highlander by {{ rkillassistextension }} seconds.","leveltip":{"label":["Attack Speed","Movement Speed"],"effect":["{{ rasbonus }}% -> {{ rasbonusNL }}%","{{ rmsbonus }}% -> {{ rmsbonusNL }}%"]},"maxrank":3,"cooldown":[85,85,85],"cooldownBurn":"85","cost":[100,100,100],"costBurn":"100","datavalues":{},"effect":[null,[0,0,0],[0,0,0],[0,0,0],[0,0,0],[0,0,0],[0,0,0],[0,0,0],[0,0,0],[0,0,0],[0,0,0]],"effectBurn":[null,"0","0","0","0","0","0","0","0","0","0"],"vars":[],"costType":" {{ abilityresourcename }}","maxammo":"-1","range":[1,1,1],"rangeBurn":"1","image":{"full":"Highlander.png","sprite":"spell7.png","group":"spell","x":240,"y":96,"w":48,"h":48},"resource":"{{ cost }} {{ abilityresourcename }}"}],"passive":{"name":"Double Strike","description":"Every few consecutive basic attack, Master Yi strikes twice.","image":{"full":"MasterYi_Passive1.png","sprite":"passive2.png","group":"passive","x":96,"y":48,"w":48,"h":48}},"recommended":[{"champion":"MasterYi","title":"Beginner","map":"SR","mode":"INTRO","type":"riot","customTag":"","extensionPage":false,"customPanel":null,"blocks":[{"type":"beginner_starter","recMath":false,"recSteps":false,"minSummonerLevel":-1,"maxSummonerLevel":4,"showIfSummonerSpell":"","hideIfSummonerSpell":"","items":[{"id":"1055","count":1,"hideCount":false},{"id":"2003","count":1,"hideCount":false},{"id":"3340","count":1,"hideCount":false}]},{"type":"beginner_starter","recMath":false,"recSteps":false,"minSummonerLevel":5,"maxSummonerLevel":-1,"showIfSummonerSpell":"","hideIfSummonerSpell":"","items":[{"id":"1055","count":1,"hideCount":false},{"id":"2003","count":1,"hideCount":false},{"id":"3340","count":1,"hideCount":false}]},{"type":"beginner_advanced","recMath":true,"recSteps":false,"minSummonerLevel":-1,"maxSummonerLevel":-1,"showIfSummonerSpell":"","hideIfSummonerSpell":"","items":[{"id":"1036","count":1,"hideCount":false},{"id":"1053","count":1,"hideCount":false}]},{"type":"beginner_movementspeed","recMath":true,"recSteps":false,"minSummonerLevel":-1,"maxSummonerLevel":-1,"showIfSummonerSpell":"","hideIfSummonerSpell":"","items":[{"id":"1001","count":1,"hideCount":false},{"id":"1042","count":1,"hideCount":false},{"id":"3006","count":1,"hideCount":false}]},{"type":"beginner_legendaryitem","recMath":true,"recSteps":false,"minSummonerLevel":-1,"maxSummonerLevel":-1,"showIfSummonerSpell":"","hideIfSummonerSpell":"","items":[{"id":"1038","count":1,"hideCount":false},{"id":"3072","count":1,"hideCount":false}]},{"type":"beginner_morelegendaryitems","recMath":false,"recSteps":false,"minSummonerLevel":-1,"maxSummonerLevel":-1,"showIfSummonerSpell":"","hideIfSummonerSpell":"","items":[{"id":"3087","count":1,"hideCount":false},{"id":"3031","count":1,"hideCount":false},{"id":"3036","count":1,"hideCount":false},{"id":"3812","count":1,"hideCount":false}]}]},{"champion":"MasterYi","title":"MasterYiARAM","map":"HA","mode":"ARAM","type":"riot","customTag":"","sortrank":0,"extensionPage":false,"useObviousCheckmark":false,"customPanel":null,"blocks":[{"type":"starting","recMath":false,"recSteps":false,"minSummonerLevel":-1,"maxSummonerLevel":-1,"showIfSummonerSpell":"","hideIfSummonerSpell":"","appendAfterSection":"","visibleWithAllOf":[""],"hiddenWithAnyOf":[""],"items":[{"id":"1053","count":1,"hideCount":false},{"id":"1036","count":1,"hideCount":false},{"id":"2003","count":3,"hideCount":false}]},{"type":"essential","recMath":false,"recSteps":false,"minSummonerLevel":-1,"maxSummonerLevel":-1,"showIfSummonerSpell":"","hideIfSummonerSpell":"","appendAfterSection":"","visibleWithAllOf":[""],"hiddenWithAnyOf":[""],"items":[{"id":"3153","count":1,"hideCount":false},{"id":"3006","count":1,"hideCount":false},{"id":"3124","count":1,"hideCount":false}]},{"type":"offensive","recMath":false,"recSteps":false,"minSummonerLevel":-1,"maxSummonerLevel":-1,"showIfSummonerSpell":"","hideIfSummonerSpell":"","appendAfterSection":"","visibleWithAllOf":[""],"hiddenWithAnyOf":[""],"items":[{"id":"3046","count":1,"hideCount":false},{"id":"3031","count":1,"hideCount":false},{"id":"3087","count":1,"hideCount":false}]},{"type":"defensive","recMath":false,"recSteps":false,"minSummonerLevel":-1,"maxSummonerLevel":-1,"showIfSummonerSpell":"","hideIfSummonerSpell":"","appendAfterSection":"","visibleWithAllOf":[""],"hiddenWithAnyOf":[""],"items":[{"id":"3053","count":1,"hideCount":false},{"id":"3091","count":1,"hideCount":false}]},{"type":"consumables","recMath":false,"recSteps":false,"minSummonerLevel":-1,"maxSummonerLevel":-1,"showIfSummonerSpell":"","hideIfSummonerSpell":"","appendAfterSection":"","visibleWithAllOf":[""],"hiddenWithAnyOf":[""],"items":[{"id":"2033","count":1,"hideCount":false},{"id":"2140","count":1,"hideCount":true}]}]},{"champion":"MasterYi","title":"MasterYiFIRSTBLOOD","map":"HA","mode":"FIRSTBLOOD","type":"riot","customTag":"","extensionPage":false,"customPanel":null,"blocks":[{"type":"starting","recMath":false,"recSteps":false,"minSummonerLevel":-1,"maxSummonerLevel":-1,"showIfSummonerSpell":"","hideIfSummonerSpell":"SummonerSmite","items":[{"id":"1055","count":1,"hideCount":false},{"id":"2003","count":1,"hideCount":false},{"id":"3340","count":1,"hideCount":false}]},{"type":"startingjungle","recMath":false,"recSteps":false,"minSummonerLevel":-1,"maxSummonerLevel":-1,"showIfSummonerSpell":"SummonerSmite","hideIfSummonerSpell":"","items":[{"id":"1041","count":1,"hideCount":false},{"id":"2031","count":1,"hideCount":false},{"id":"3340","count":1,"hideCount":false}]},{"type":"essential","recMath":false,"recSteps":false,"minSummonerLevel":-1,"maxSummonerLevel":-1,"showIfSummonerSpell":"","hideIfSummonerSpell":"SummonerSmite","items":[{"id":"3006","count":1,"hideCount":false},{"id":"3153","count":1,"hideCount":false}]},{"type":"essentialjungle","recMath":false,"recSteps":false,"minSummonerLevel":-1,"maxSummonerLevel":-1,"showIfSummonerSpell":"SummonerSmite","hideIfSummonerSpell":"","items":[{"id":"1419","count":1,"hideCount":false},{"id":"3153","count":1,"hideCount":false},{"id":"3006","count":1,"hideCount":false}]},{"type":"offensive","recMath":false,"recSteps":false,"minSummonerLevel":-1,"maxSummonerLevel":-1,"showIfSummonerSpell":"","hideIfSummonerSpell":"","items":[{"id":"3142","count":1,"hideCount":false},{"id":"3087","count":1,"hideCount":false},{"id":"3156","count":1,"hideCount":false}]},{"type":"defensive","recMath":false,"recSteps":false,"minSummonerLevel":-1,"maxSummonerLevel":-1,"showIfSummonerSpell":"","hideIfSummonerSpell":"","items":[{"id":"3742","count":1,"hideCount":false},{"id":"3026","count":1,"hideCount":false},{"id":"3812","count":1,"hideCount":false}]},{"type":"consumables","recMath":false,"recSteps":false,"minSummonerLevel":-1,"maxSummonerLevel":-1,"showIfSummonerSpell":"","hideIfSummonerSpell":"","items":[{"id":"2003","count":1,"hideCount":false},{"id":"2032","count":1,"hideCount":false},{"id":"2043","count":1,"hideCount":false},{"id":"2140","count":1,"hideCount":false}]}]},{"champion":"MasterYi","title":"MasterYiARAM","map":"HA","mode":"KINGPORO","type":"riot","customTag":"","sortrank":0,"extensionPage":false,"useObviousCheckmark":false,"customPanel":null,"blocks":[{"type":"KingPoroSnax","recMath":false,"recSteps":false,"minSummonerLevel":-1,"maxSummonerLevel":-1,"showIfSummonerSpell":"","hideIfSummonerSpell":"","items":[{"id":"3680","count":1,"hideCount":false},{"id":"3681","count":1,"hideCount":false},{"id":"3682","count":1,"hideCount":false},{"id":"3683","count":1,"hideCount":false},{"id":"3684","count":1,"hideCount":false},{"id":"3685","count":1,"hideCount":false}]},{"type":"starting","recMath":false,"recSteps":false,"minSummonerLevel":-1,"maxSummonerLevel":-1,"showIfSummonerSpell":"","hideIfSummonerSpell":"","appendAfterSection":"","visibleWithAllOf":[""],"hiddenWithAnyOf":[""],"items":[{"id":"3086","count":1,"hideCount":false},{"id":"2003","count":4,"hideCount":false}]},{"type":"essential","recMath":false,"recSteps":false,"minSummonerLevel":-1,"maxSummonerLevel":-1,"showIfSummonerSpell":"","hideIfSummonerSpell":"","appendAfterSection":"","visibleWithAllOf":[""],"hiddenWithAnyOf":[""],"items":[{"id":"3087","count":1,"hideCount":false},{"id":"3006","count":1,"hideCount":false},{"id":"3031","count":1,"hideCount":false}]},{"type":"offensive","recMath":false,"recSteps":false,"minSummonerLevel":-1,"maxSummonerLevel":-1,"showIfSummonerSpell":"","hideIfSummonerSpell":"","appendAfterSection":"","visibleWithAllOf":[""],"hiddenWithAnyOf":[""],"items":[{"id":"3508","count":1,"hideCount":false},{"id":"3046","count":1,"hideCount":false},{"id":"3074","count":1,"hideCount":false}]},{"type":"defensive","recMath":false,"recSteps":false,"minSummonerLevel":-1,"maxSummonerLevel":-1,"showIfSummonerSpell":"","hideIfSummonerSpell":"","appendAfterSection":"","visibleWithAllOf":[""],"hiddenWithAnyOf":[""],"items":[{"id":"3053","count":1,"hideCount":false},{"id":"3091","count":1,"hideCount":false},{"id":"3161","count":1,"hideCount":false}]},{"type":"consumables","recMath":false,"recSteps":false,"minSummonerLevel":-1,"maxSummonerLevel":-1,"showIfSummonerSpell":"","hideIfSummonerSpell":"","appendAfterSection":"","visibleWithAllOf":[""],"hiddenWithAnyOf":[""],"items":[{"id":"2033","count":1,"hideCount":false},{"id":"2140","count":1,"hideCount":true}]}]},{"champion":"MasterYi","title":"MasterYiSL","map":"NB","mode":"NEXUSBLITZ","type":"riot","customTag":"","sortrank":0,"extensionPage":false,"useObviousCheckmark":false,"customPanel":null,"blocks":[{"type":"starting","recMath":false,"recSteps":false,"minSummonerLevel":-1,"maxSummonerLevel":-1,"showIfSummonerSpell":"","hideIfSummonerSpell":"SummonerSmite","appendAfterSection":"","visibleWithAllOf":[""],"hiddenWithAnyOf":[""],"items":[{"id":"4202","count":1,"hideCount":false},{"id":"2003","count":1,"hideCount":false},{"id":"3340","count":1,"hideCount":false}]},{"type":"startingjungle","recMath":false,"recSteps":false,"minSummonerLevel":-1,"maxSummonerLevel":-1,"showIfSummonerSpell":"SummonerSmite","hideIfSummonerSpell":"","appendAfterSection":"","visibleWithAllOf":[""],"hiddenWithAnyOf":[""],"items":[{"id":"4101","count":1,"hideCount":false},{"id":"2003","count":1,"hideCount":false},{"id":"3340","count":1,"hideCount":false}]},{"type":"early","recMath":false,"recSteps":false,"minSummonerLevel":-1,"maxSummonerLevel":-1,"showIfSummonerSpell":"","hideIfSummonerSpell":"SummonerSmite","appendAfterSection":"","visibleWithAllOf":[""],"hiddenWithAnyOf":[""],"items":[{"id":"3144","count":1,"hideCount":false},{"id":"1001","count":1,"hideCount":false},{"id":"1043","count":1,"hideCount":false}]},{"type":"earlyjungle","recMath":false,"recSteps":false,"minSummonerLevel":-1,"maxSummonerLevel":-1,"showIfSummonerSpell":"SummonerSmite","hideIfSummonerSpell":"","appendAfterSection":"","visibleWithAllOf":[""],"hiddenWithAnyOf":[""],"items":[{"id":"1001","count":1,"hideCount":false},{"id":"1043","count":1,"hideCount":false}]},{"type":"essential","recMath":false,"recSteps":false,"minSummonerLevel":-1,"maxSummonerLevel":-1,"showIfSummonerSpell":"","hideIfSummonerSpell":"SummonerSmite","appendAfterSection":"","visibleWithAllOf":[""],"hiddenWithAnyOf":[""],"items":[{"id":"3006","count":1,"hideCount":false},{"id":"3153","count":1,"hideCount":false}]},{"type":"essentialjungle","recMath":false,"recSteps":false,"minSummonerLevel":-1,"maxSummonerLevel":-1,"showIfSummonerSpell":"SummonerSmite","hideIfSummonerSpell":"","appendAfterSection":"","visibleWithAllOf":[""],"hiddenWithAnyOf":[""],"items":[{"id":"3006","count":1,"hideCount":false},{"id":"3153","count":1,"hideCount":false},{"id":"4105","count":1,"hideCount":false}]},{"type":"offensive","recMath":false,"recSteps":false,"minSummonerLevel":-1,"maxSummonerLevel":-1,"showIfSummonerSpell":"","hideIfSummonerSpell":"","appendAfterSection":"","visibleWithAllOf":[""],"hiddenWithAnyOf":[""],"items":[{"id":"3142","count":1,"hideCount":false},{"id":"3156","count":1,"hideCount":false},{"id":"3161","count":1,"hideCount":false}]},{"type":"defensive","recMath":false,"recSteps":false,"minSummonerLevel":-1,"maxSummonerLevel":-1,"showIfSummonerSpell":"","hideIfSummonerSpell":"","appendAfterSection":"","visibleWithAllOf":[""],"hiddenWithAnyOf":[""],"items":[{"id":"3022","count":1,"hideCount":false},{"id":"3812","count":1,"hideCount":false},{"id":"3053","count":1,"hideCount":false}]},{"type":"consumables","recMath":false,"recSteps":false,"minSummonerLevel":-1,"maxSummonerLevel":-1,"showIfSummonerSpell":"","hideIfSummonerSpell":"","appendAfterSection":"","visibleWithAllOf":[""],"hiddenWithAnyOf":[""],"items":[{"id":"2140","count":1,"hideCount":true}]},{"type":"","recMath":false,"recSteps":false,"minSummonerLevel":-1,"maxSummonerLevel":-1,"showIfSummonerSpell":"","hideIfSummonerSpell":"","appendAfterSection":"","visibleWithAllOf":[""],"hiddenWithAnyOf":[""],"items":[]}]},{"champion":"MissFortune","title":"MasterYiNPE","map":"SR","mode":"TUTORIAL_MODULE_2","type":"riot","customTag":"","sortrank":0,"extensionPage":false,"customPanel":null,"blocks":[{"type":"npe1","recMath":true,"recSteps":false,"minSummonerLevel":-1,"maxSummonerLevel":-1,"showIfSummonerSpell":"","hideIfSummonerSpell":"","appendAfterSection":"","visibleWithAllOf":[""],"hiddenWithAnyOf":[""],"items":[{"id":"1036","count":2,"hideCount":false},{"id":"1006","count":1,"hideCount":false},{"id":"3077","count":1,"hideCount":false}]},{"type":"npe2","recMath":true,"recSteps":false,"minSummonerLevel":-1,"maxSummonerLevel":-1,"showIfSummonerSpell":"","hideIfSummonerSpell":"","appendAfterSection":"","visibleWithAllOf":[""],"hiddenWithAnyOf":[""],"items":[{"id":"3077","count":1,"hideCount":false},{"id":"1053","count":1,"hideCount":false},{"id":"1037","count":1,"hideCount":false},{"id":"3074","count":1,"hideCount":false}]},{"type":"npe3","recMath":true,"recSteps":false,"minSummonerLevel":-1,"maxSummonerLevel":-1,"showIfSummonerSpell":"","hideIfSummonerSpell":"","appendAfterSection":"","visibleWithAllOf":[""],"hiddenWithAnyOf":[""],"items":[{"id":"1001","count":1,"hideCount":false},{"id":"1042","count":1,"hideCount":false},{"id":"3006","count":1,"hideCount":false}]},{"type":"npe4","recMath":false,"recSteps":false,"minSummonerLevel":-1,"maxSummonerLevel":-1,"showIfSummonerSpell":"","hideIfSummonerSpell":"","appendAfterSection":"","visibleWithAllOf":[""],"hiddenWithAnyOf":[""],"items":[{"id":"3087","count":1,"hideCount":false},{"id":"3031","count":1,"hideCount":false},{"id":"3508","count":1,"hideCount":false},{"id":"3036","count":1,"hideCount":false},{"id":"3026","count":1,"hideCount":false}]}]},{"champion":"MissFortune","title":"MasterYiNPE","map":"SR","mode":"TUTORIAL_MODULE_3","type":"riot","customTag":"","sortrank":0,"extensionPage":false,"customPanel":null,"blocks":[{"type":"npe1","recMath":true,"recSteps":false,"minSummonerLevel":-1,"maxSummonerLevel":-1,"showIfSummonerSpell":"","hideIfSummonerSpell":"","appendAfterSection":"","visibleWithAllOf":[""],"hiddenWithAnyOf":[""],"items":[{"id":"1036","count":2,"hideCount":false},{"id":"1006","count":1,"hideCount":false},{"id":"3077","count":1,"hideCount":false}]},{"type":"npe2","recMath":true,"recSteps":false,"minSummonerLevel":-1,"maxSummonerLevel":-1,"showIfSummonerSpell":"","hideIfSummonerSpell":"","appendAfterSection":"","visibleWithAllOf":[""],"hiddenWithAnyOf":[""],"items":[{"id":"3077","count":1,"hideCount":false},{"id":"1053","count":1,"hideCount":false},{"id":"1037","count":1,"hideCount":false},{"id":"3074","count":1,"hideCount":false}]},{"type":"npe3","recMath":true,"recSteps":false,"minSummonerLevel":-1,"maxSummonerLevel":-1,"showIfSummonerSpell":"","hideIfSummonerSpell":"","appendAfterSection":"","visibleWithAllOf":[""],"hiddenWithAnyOf":[""],"items":[{"id":"1001","count":1,"hideCount":false},{"id":"1042","count":1,"hideCount":false},{"id":"3006","count":1,"hideCount":false}]},{"type":"npe4","recMath":false,"recSteps":false,"minSummonerLevel":-1,"maxSummonerLevel":-1,"showIfSummonerSpell":"","hideIfSummonerSpell":"","appendAfterSection":"","visibleWithAllOf":[""],"hiddenWithAnyOf":[""],"items":[{"id":"3087","count":1,"hideCount":false},{"id":"3031","count":1,"hideCount":false},{"id":"3508","count":1,"hideCount":false},{"id":"3036","count":1,"hideCount":false},{"id":"3026","count":1,"hideCount":false}]}]},{"champion":"MasterYi","title":"MasterYiSR","map":"SR","mode":"CLASSIC","type":"riot","customTag":"","sortrank":0,"extensionPage":false,"useObviousCheckmark":false,"customPanel":null,"blocks":[{"type":"starting","recMath":false,"recSteps":false,"minSummonerLevel":-1,"maxSummonerLevel":-1,"showIfSummonerSpell":"","hideIfSummonerSpell":"SummonerSmite","appendAfterSection":"","visibleWithAllOf":[""],"hiddenWithAnyOf":[""],"items":[{"id":"1055","count":1,"hideCount":false},{"id":"2003","count":1,"hideCount":false},{"id":"3340","count":1,"hideCount":false}]},{"type":"startingjungle","recMath":false,"recSteps":false,"minSummonerLevel":-1,"maxSummonerLevel":-1,"showIfSummonerSpell":"SummonerSmite","hideIfSummonerSpell":"","appendAfterSection":"","visibleWithAllOf":[""],"hiddenWithAnyOf":[""],"items":[{"id":"1041","count":1,"hideCount":false},{"id":"2031","count":1,"hideCount":false},{"id":"3340","count":1,"hideCount":false}]},{"type":"early","recMath":false,"recSteps":false,"minSummonerLevel":-1,"maxSummonerLevel":-1,"showIfSummonerSpell":"","hideIfSummonerSpell":"SummonerSmite","appendAfterSection":"","visibleWithAllOf":[""],"hiddenWithAnyOf":[""],"items":[{"id":"3144","count":1,"hideCount":false},{"id":"1001","count":1,"hideCount":false},{"id":"1043","count":1,"hideCount":false}]},{"type":"earlyjungle","recMath":false,"recSteps":false,"minSummonerLevel":-1,"maxSummonerLevel":-1,"showIfSummonerSpell":"SummonerSmite","hideIfSummonerSpell":"","appendAfterSection":"","visibleWithAllOf":[""],"hiddenWithAnyOf":[""],"items":[{"id":"3715","count":1,"hideCount":false},{"id":"1001","count":1,"hideCount":false},{"id":"1043","count":1,"hideCount":false}]},{"type":"essential","recMath":false,"recSteps":false,"minSummonerLevel":-1,"maxSummonerLevel":-1,"showIfSummonerSpell":"","hideIfSummonerSpell":"SummonerSmite","appendAfterSection":"","visibleWithAllOf":[""],"hiddenWithAnyOf":[""],"items":[{"id":"3006","count":1,"hideCount":false},{"id":"3153","count":1,"hideCount":false}]},{"type":"essentialjungle","recMath":false,"recSteps":false,"minSummonerLevel":-1,"maxSummonerLevel":-1,"showIfSummonerSpell":"SummonerSmite","hideIfSummonerSpell":"","appendAfterSection":"","visibleWithAllOf":[""],"hiddenWithAnyOf":[""],"items":[{"id":"1419","count":1,"hideCount":false},{"id":"3006","count":1,"hideCount":false},{"id":"3153","count":1,"hideCount":false}]},{"type":"offensive","recMath":false,"recSteps":false,"minSummonerLevel":-1,"maxSummonerLevel":-1,"showIfSummonerSpell":"","hideIfSummonerSpell":"","appendAfterSection":"","visibleWithAllOf":[""],"hiddenWithAnyOf":[""],"items":[{"id":"3124","count":1,"hideCount":false},{"id":"3091","count":1,"hideCount":false},{"id":"3812","count":1,"hideCount":false}]},{"type":"defensive","recMath":false,"recSteps":false,"minSummonerLevel":-1,"maxSummonerLevel":-1,"showIfSummonerSpell":"","hideIfSummonerSpell":"","appendAfterSection":"","visibleWithAllOf":[""],"hiddenWithAnyOf":[""],"items":[{"id":"3053","count":1,"hideCount":false},{"id":"3139","count":1,"hideCount":false},{"id":"3026","count":1,"hideCount":false}]},{"type":"consumables","recMath":false,"recSteps":false,"minSummonerLevel":-1,"maxSummonerLevel":-1,"showIfSummonerSpell":"","hideIfSummonerSpell":"","appendAfterSection":"","visibleWithAllOf":[""],"hiddenWithAnyOf":[""],"items":[{"id":"2140","count":1,"hideCount":true}]}]}]}}}