{"type":"map","version":"10.15.1","data":{"11":{"MapName":"Summoner's Rift","MapId":"11","image":{"full":"map11.png","sprite":"map0.png","group":"map","x":0,"y":0,"w":48,"h":48}},"12":{"MapName":"Howling Abyss","MapId":"12","image":{"full":"map12.png","sprite":"map0.png","group":"map","x":48,"y":0,"w":48,"h":48}},"21":{"MapName":"Nexus Blitz","MapId":"21","image":{"full":"map21.png","sprite":"map0.png","group":"map","x":96,"y":0,"w":48,"h":48}},"22":{"MapName":"Teamfight Tactics","MapId":"22","image":{"full":"map22.png","sprite":"map0.png","group":"map","x":144,"y":0,"w":48,"h":48}}}}