{"type":"mission","version":"10.15.1","data":{"10Year_SurpriseBundle_Thumbnail":{"id":10,"image":{"full":"10Year_SurpriseBundle_Thumbnail.png","sprite":"mission0.png","group":"mission","x":0,"y":0,"w":48,"h":48}},"a-spooky-intermission":{"id":0,"image":{"full":"a-spooky-intermission.png","sprite":"mission0.png","group":"mission","x":48,"y":0,"w":48,"h":48}},"aprilfools2019_cat-icon":{"id":0,"image":{"full":"aprilfools2019_cat-icon.png","sprite":"mission0.png","group":"mission","x":96,"y":0,"w":48,"h":48}},"aprilfools2019_corki-icon":{"id":0,"image":{"full":"aprilfools2019_corki-icon.png","sprite":"mission0.png","group":"mission","x":144,"y":0,"w":48,"h":48}},"aprilfools2019_dog-icon":{"id":0,"image":{"full":"aprilfools2019_dog-icon.png","sprite":"mission0.png","group":"mission","x":192,"y":0,"w":48,"h":48}},"aprilfools2019_dog-licking-cat":{"id":0,"image":{"full":"aprilfools2019_dog-licking-cat.png","sprite":"mission0.png","group":"mission","x":240,"y":0,"w":48,"h":48}},"CelebrationBg_Arcade_2019":{"id":0,"image":{"full":"CelebrationBg_Arcade_2019.png","sprite":"mission0.png","group":"mission","x":288,"y":0,"w":48,"h":48}},"clash-hextech":{"id":0,"image":{"full":"clash-hextech.png","sprite":"mission0.png","group":"mission","x":336,"y":0,"w":48,"h":48}},"costume-party":{"id":0,"image":{"full":"costume-party.png","sprite":"mission0.png","group":"mission","x":384,"y":0,"w":48,"h":48}},"definitely-not-summoners-rift":{"id":0,"image":{"full":"definitely-not-summoners-rift.png","sprite":"mission0.png","group":"mission","x":432,"y":0,"w":48,"h":48}},"eog/rewards/leveling/features/Feature_FWoTD":{"id":0,"image":{"full":"eog/rewards/leveling/features/Feature_FWoTD.png","sprite":"mission0.png","group":"mission","x":0,"y":48,"w":48,"h":48}},"eos_8_rewards_background":{"id":0,"image":{"full":"eos_8_rewards_background.png","sprite":"mission0.png","group":"mission","x":48,"y":48,"w":48,"h":48}},"EsportsMission2019_Thumbnail_2":{"id":0,"image":{"full":"EsportsMission2019_Thumbnail_2.png","sprite":"mission0.png","group":"mission","x":96,"y":48,"w":48,"h":48}},"FanPass2019_Thumbnail_2":{"id":0,"image":{"full":"FanPass2019_Thumbnail_2.png","sprite":"mission0.png","group":"mission","x":144,"y":48,"w":48,"h":48}},"Feature_FWoTD":{"id":0,"image":{"full":"Feature_FWoTD.png","sprite":"mission0.png","group":"mission","x":192,"y":48,"w":48,"h":48}},"LCS2019_Thumbnail":{"id":0,"image":{"full":"LCS2019_Thumbnail.png","sprite":"mission0.png","group":"mission","x":240,"y":48,"w":48,"h":48}},"LEC2019_Thumbnail":{"id":0,"image":{"full":"LEC2019_Thumbnail.png","sprite":"mission0.png","group":"mission","x":288,"y":48,"w":48,"h":48}},"lifecylemarketing_thumbnail":{"id":0,"image":{"full":"lifecylemarketing_thumbnail.png","sprite":"mission0.png","group":"mission","x":336,"y":48,"w":48,"h":48}},"lunar_revel2019_background":{"id":0,"image":{"full":"lunar_revel2019_background.png","sprite":"mission0.png","group":"mission","x":384,"y":48,"w":48,"h":48}},"lunar_revel2019_induction":{"id":0,"image":{"full":"lunar_revel2019_induction.png","sprite":"mission0.png","group":"mission","x":432,"y":48,"w":48,"h":48}},"lunar_revel2019_luck":{"id":0,"image":{"full":"lunar_revel2019_luck.png","sprite":"mission0.png","group":"mission","x":0,"y":96,"w":48,"h":48}},"lunar_revel2019_master_daily":{"id":0,"image":{"full":"lunar_revel2019_master_daily.png","sprite":"mission0.png","group":"mission","x":48,"y":96,"w":48,"h":48}},"lunar_revel2019_noodles":{"id":0,"image":{"full":"lunar_revel2019_noodles.png","sprite":"mission0.png","group":"mission","x":96,"y":96,"w":48,"h":48}},"lunar_revel2019_pig":{"id":0,"image":{"full":"lunar_revel2019_pig.png","sprite":"mission0.png","group":"mission","x":144,"y":96,"w":48,"h":48}},"MissionInductionCardBg_sm_Arcade_2019":{"id":0,"image":{"full":"MissionInductionCardBg_sm_Arcade_2019.png","sprite":"mission0.png","group":"mission","x":192,"y":96,"w":48,"h":48}},"MissionInductionCard_worlds2018-sm":{"id":0,"image":{"full":"MissionInductionCard_worlds2018-sm.png","sprite":"mission0.png","group":"mission","x":240,"y":96,"w":48,"h":48}},"Missions_2018":{"id":0,"image":{"full":"Missions_2018.png","sprite":"mission0.png","group":"mission","x":288,"y":96,"w":48,"h":48}},"no-tricks-just-treats":{"id":0,"image":{"full":"no-tricks-just-treats.png","sprite":"mission0.png","group":"mission","x":336,"y":96,"w":48,"h":48}},"overall-world":{"id":0,"image":{"full":"overall-world.png","sprite":"mission0.png","group":"mission","x":384,"y":96,"w":48,"h":48}},"pickems":{"id":0,"image":{"full":"pickems.png","sprite":"mission0.png","group":"mission","x":432,"y":96,"w":48,"h":48}},"play-ems":{"id":0,"image":{"full":"play-ems.png","sprite":"mission0.png","group":"mission","x":0,"y":144,"w":48,"h":48}},"preseason2018-thumbnail":{"id":0,"image":{"full":"preseason2018-thumbnail.png","sprite":"mission0.png","group":"mission","x":48,"y":144,"w":48,"h":48}},"SBToast":{"id":0,"image":{"full":"SBToast.png","sprite":"mission0.png","group":"mission","x":96,"y":144,"w":48,"h":48}},"season-start-2019":{"id":0,"image":{"full":"season-start-2019.png","sprite":"mission0.png","group":"mission","x":144,"y":144,"w":48,"h":48}},"snowdown2018-all-stars":{"id":0,"image":{"full":"snowdown2018-all-stars.png","sprite":"mission0.png","group":"mission","x":192,"y":144,"w":48,"h":48}},"snowdown2018-bardle-royale":{"id":0,"image":{"full":"snowdown2018-bardle-royale.png","sprite":"mission0.png","group":"mission","x":240,"y":144,"w":48,"h":48}},"snowdown2018-blitz":{"id":0,"image":{"full":"snowdown2018-blitz.png","sprite":"mission0.png","group":"mission","x":288,"y":144,"w":48,"h":48}},"snowdown2018-champion-cannon":{"id":0,"image":{"full":"snowdown2018-champion-cannon.png","sprite":"mission0.png","group":"mission","x":336,"y":144,"w":48,"h":48}},"snowdown2018-daily-01":{"id":0,"image":{"full":"snowdown2018-daily-01.png","sprite":"mission0.png","group":"mission","x":384,"y":144,"w":48,"h":48}},"snowdown2018-daily-02":{"id":0,"image":{"full":"snowdown2018-daily-02.png","sprite":"mission0.png","group":"mission","x":432,"y":144,"w":48,"h":48}},"snowdown2018-daily-03":{"id":0,"image":{"full":"snowdown2018-daily-03.png","sprite":"mission0.png","group":"mission","x":0,"y":192,"w":48,"h":48}},"snowdown2018-daily-04":{"id":0,"image":{"full":"snowdown2018-daily-04.png","sprite":"mission0.png","group":"mission","x":48,"y":192,"w":48,"h":48}},"snowdown2018-daily-05":{"id":0,"image":{"full":"snowdown2018-daily-05.png","sprite":"mission0.png","group":"mission","x":96,"y":192,"w":48,"h":48}},"snowdown2018-induction":{"id":0,"image":{"full":"snowdown2018-induction.png","sprite":"mission0.png","group":"mission","x":144,"y":192,"w":48,"h":48}},"snowdown2018-loot":{"id":0,"image":{"full":"snowdown2018-loot.png","sprite":"mission0.png","group":"mission","x":192,"y":192,"w":48,"h":48}},"snowdown2018-nexus-blitz-01":{"id":0,"image":{"full":"snowdown2018-nexus-blitz-01.png","sprite":"mission0.png","group":"mission","x":240,"y":192,"w":48,"h":48}},"snowdown2018-nexus-blitz-02":{"id":0,"image":{"full":"snowdown2018-nexus-blitz-02.png","sprite":"mission0.png","group":"mission","x":288,"y":192,"w":48,"h":48}},"snowdown2018-pass":{"id":0,"image":{"full":"snowdown2018-pass.png","sprite":"mission0.png","group":"mission","x":336,"y":192,"w":48,"h":48}},"snowdown2018-poro-king":{"id":0,"image":{"full":"snowdown2018-poro-king.png","sprite":"mission0.png","group":"mission","x":384,"y":192,"w":48,"h":48}},"snowdown2018-prize-fight":{"id":0,"image":{"full":"snowdown2018-prize-fight.png","sprite":"mission0.png","group":"mission","x":432,"y":192,"w":48,"h":48}},"snowdown2018-scuttle":{"id":0,"image":{"full":"snowdown2018-scuttle.png","sprite":"mission0.png","group":"mission","x":0,"y":240,"w":48,"h":48}},"snowdown2018-sled":{"id":0,"image":{"full":"snowdown2018-sled.png","sprite":"mission0.png","group":"mission","x":48,"y":240,"w":48,"h":48}},"snowdown2018-URF":{"id":0,"image":{"full":"snowdown2018-URF.png","sprite":"mission0.png","group":"mission","x":96,"y":240,"w":48,"h":48}},"SpringSplit2020_MissionThumbnail":{"id":0,"image":{"full":"SpringSplit2020_MissionThumbnail.png","sprite":"mission0.png","group":"mission","x":144,"y":240,"w":48,"h":48}},"SS2020_MissionThumbnail":{"id":0,"image":{"full":"SS2020_MissionThumbnail.png","sprite":"mission0.png","group":"mission","x":192,"y":240,"w":48,"h":48}},"StarGuardian19_Celebration_BG":{"id":0,"image":{"full":"StarGuardian19_Celebration_BG.png","sprite":"mission0.png","group":"mission","x":240,"y":240,"w":48,"h":48}},"StarGuardian19_Thumbnail":{"id":0,"image":{"full":"StarGuardian19_Thumbnail.png","sprite":"mission0.png","group":"mission","x":288,"y":240,"w":48,"h":48}},"SummerSplit2020MissionThumbnail":{"id":0,"image":{"full":"SummerSplit2020MissionThumbnail.png","sprite":"mission0.png","group":"mission","x":336,"y":240,"w":48,"h":48}},"TFT/BattlePass/Galaxies/Astromole_T1_512":{"id":0,"image":{"full":"TFT/BattlePass/Galaxies/Astromole_T1_512.png","sprite":"mission0.png","group":"mission","x":384,"y":240,"w":48,"h":48}},"TFT/BattlePass/Galaxies/Astromole_T2_512_transparent":{"id":0,"image":{"full":"TFT/BattlePass/Galaxies/Astromole_T2_512_transparent.png","sprite":"mission0.png","group":"mission","x":432,"y":240,"w":48,"h":48}},"TFT/BattlePass/Galaxies/Boom_Burn_bright_Starlight_1":{"id":0,"image":{"full":"TFT/BattlePass/Galaxies/Boom_Burn_bright_Starlight_1.png","sprite":"mission0.png","group":"mission","x":0,"y":288,"w":48,"h":48}},"TFT/BattlePass/Galaxies/Boom_Burn_bright_Starlight_1_Large":{"id":0,"image":{"full":"TFT/BattlePass/Galaxies/Boom_Burn_bright_Starlight_1_Large.png","sprite":"mission0.png","group":"mission","x":48,"y":288,"w":48,"h":48}},"TFT/BattlePass/Galaxies/Boom_Burn_bright_Starlight_2":{"id":0,"image":{"full":"TFT/BattlePass/Galaxies/Boom_Burn_bright_Starlight_2.png","sprite":"mission0.png","group":"mission","x":96,"y":288,"w":48,"h":48}},"TFT/BattlePass/Galaxies/Boom_Burn_bright_Starlight_2_Large":{"id":0,"image":{"full":"TFT/BattlePass/Galaxies/Boom_Burn_bright_Starlight_2_Large.png","sprite":"mission0.png","group":"mission","x":144,"y":288,"w":48,"h":48}},"TFT/BattlePass/Galaxies/Boom_Burn_bright_Starlight_3":{"id":0,"image":{"full":"TFT/BattlePass/Galaxies/Boom_Burn_bright_Starlight_3.png","sprite":"mission0.png","group":"mission","x":192,"y":288,"w":48,"h":48}},"TFT/BattlePass/Galaxies/Boom_Burn_bright_Starlight_3_Large":{"id":0,"image":{"full":"TFT/BattlePass/Galaxies/Boom_Burn_bright_Starlight_3_Large.png","sprite":"mission0.png","group":"mission","x":240,"y":288,"w":48,"h":48}},"TFT/BattlePass/Galaxies/Boom_Cosmic_Tracer_1":{"id":0,"image":{"full":"TFT/BattlePass/Galaxies/Boom_Cosmic_Tracer_1.png","sprite":"mission0.png","group":"mission","x":288,"y":288,"w":48,"h":48}},"TFT/BattlePass/Galaxies/Boom_Cosmic_Tracer_1_Large":{"id":0,"image":{"full":"TFT/BattlePass/Galaxies/Boom_Cosmic_Tracer_1_Large.png","sprite":"mission0.png","group":"mission","x":336,"y":288,"w":48,"h":48}},"TFT/BattlePass/Galaxies/Boom_Cosmic_Tracer_2":{"id":0,"image":{"full":"TFT/BattlePass/Galaxies/Boom_Cosmic_Tracer_2.png","sprite":"mission0.png","group":"mission","x":384,"y":288,"w":48,"h":48}},"TFT/BattlePass/Galaxies/Boom_Cosmic_Tracer_2_Large":{"id":0,"image":{"full":"TFT/BattlePass/Galaxies/Boom_Cosmic_Tracer_2_Large.png","sprite":"mission0.png","group":"mission","x":432,"y":288,"w":48,"h":48}},"TFT/BattlePass/Galaxies/Boom_Cosmic_Tracer_3":{"id":0,"image":{"full":"TFT/BattlePass/Galaxies/Boom_Cosmic_Tracer_3.png","sprite":"mission0.png","group":"mission","x":0,"y":336,"w":48,"h":48}},"TFT/BattlePass/Galaxies/Boom_Cosmic_Tracer_3_Large":{"id":0,"image":{"full":"TFT/BattlePass/Galaxies/Boom_Cosmic_Tracer_3_Large.png","sprite":"mission0.png","group":"mission","x":48,"y":336,"w":48,"h":48}},"TFT/BattlePass/Galaxies/Boom_Hydroblast_1":{"id":0,"image":{"full":"TFT/BattlePass/Galaxies/Boom_Hydroblast_1.png","sprite":"mission0.png","group":"mission","x":96,"y":336,"w":48,"h":48}},"TFT/BattlePass/Galaxies/Boom_Hydroblast_1_Large":{"id":0,"image":{"full":"TFT/BattlePass/Galaxies/Boom_Hydroblast_1_Large.png","sprite":"mission0.png","group":"mission","x":144,"y":336,"w":48,"h":48}},"TFT/BattlePass/Galaxies/Boom_Hydroblast_2":{"id":0,"image":{"full":"TFT/BattlePass/Galaxies/Boom_Hydroblast_2.png","sprite":"mission0.png","group":"mission","x":192,"y":336,"w":48,"h":48}},"TFT/BattlePass/Galaxies/Boom_Hydroblast_2_Large":{"id":0,"image":{"full":"TFT/BattlePass/Galaxies/Boom_Hydroblast_2_Large.png","sprite":"mission0.png","group":"mission","x":240,"y":336,"w":48,"h":48}},"TFT/BattlePass/Galaxies/Boom_Hydroblast_3":{"id":0,"image":{"full":"TFT/BattlePass/Galaxies/Boom_Hydroblast_3.png","sprite":"mission0.png","group":"mission","x":288,"y":336,"w":48,"h":48}},"TFT/BattlePass/Galaxies/Boom_Hydroblast_3_Large":{"id":0,"image":{"full":"TFT/BattlePass/Galaxies/Boom_Hydroblast_3_Large.png","sprite":"mission0.png","group":"mission","x":336,"y":336,"w":48,"h":48}},"TFT/BattlePass/Galaxies/Boom_Nova_Bomb_1":{"id":0,"image":{"full":"TFT/BattlePass/Galaxies/Boom_Nova_Bomb_1.png","sprite":"mission0.png","group":"mission","x":384,"y":336,"w":48,"h":48}},"TFT/BattlePass/Galaxies/Boom_Nova_Bomb_1_Large":{"id":0,"image":{"full":"TFT/BattlePass/Galaxies/Boom_Nova_Bomb_1_Large.png","sprite":"mission0.png","group":"mission","x":432,"y":336,"w":48,"h":48}},"TFT/BattlePass/Galaxies/Boom_Nova_Bomb_2":{"id":0,"image":{"full":"TFT/BattlePass/Galaxies/Boom_Nova_Bomb_2.png","sprite":"mission0.png","group":"mission","x":0,"y":384,"w":48,"h":48}},"TFT/BattlePass/Galaxies/Boom_Nova_Bomb_2_Large":{"id":0,"image":{"full":"TFT/BattlePass/Galaxies/Boom_Nova_Bomb_2_Large.png","sprite":"mission0.png","group":"mission","x":48,"y":384,"w":48,"h":48}},"TFT/BattlePass/Galaxies/Boom_Nova_Bomb_3":{"id":0,"image":{"full":"TFT/BattlePass/Galaxies/Boom_Nova_Bomb_3.png","sprite":"mission0.png","group":"mission","x":96,"y":384,"w":48,"h":48}},"TFT/BattlePass/Galaxies/Boom_Nova_Bomb_3_Large":{"id":0,"image":{"full":"TFT/BattlePass/Galaxies/Boom_Nova_Bomb_3_Large.png","sprite":"mission0.png","group":"mission","x":144,"y":384,"w":48,"h":48}},"TFT/BattlePass/Galaxies/Boom_Starpiercer_1":{"id":0,"image":{"full":"TFT/BattlePass/Galaxies/Boom_Starpiercer_1.png","sprite":"mission0.png","group":"mission","x":192,"y":384,"w":48,"h":48}},"TFT/BattlePass/Galaxies/Boom_Starpiercer_1_Large":{"id":0,"image":{"full":"TFT/BattlePass/Galaxies/Boom_Starpiercer_1_Large.png","sprite":"mission0.png","group":"mission","x":240,"y":384,"w":48,"h":48}},"TFT/BattlePass/Galaxies/Boom_Starpiercer_2":{"id":0,"image":{"full":"TFT/BattlePass/Galaxies/Boom_Starpiercer_2.png","sprite":"mission0.png","group":"mission","x":288,"y":384,"w":48,"h":48}},"TFT/BattlePass/Galaxies/Boom_Starpiercer_2_Large":{"id":0,"image":{"full":"TFT/BattlePass/Galaxies/Boom_Starpiercer_2_Large.png","sprite":"mission0.png","group":"mission","x":336,"y":384,"w":48,"h":48}},"TFT/BattlePass/Galaxies/Boom_Starpiercer_3":{"id":0,"image":{"full":"TFT/BattlePass/Galaxies/Boom_Starpiercer_3.png","sprite":"mission0.png","group":"mission","x":384,"y":384,"w":48,"h":48}},"TFT/BattlePass/Galaxies/Boom_Starpiercer_3_Large":{"id":0,"image":{"full":"TFT/BattlePass/Galaxies/Boom_Starpiercer_3_Large.png","sprite":"mission0.png","group":"mission","x":432,"y":384,"w":48,"h":48}},"TFT/BattlePass/Galaxies/Boom_Super_Mega_Death_Rocket_1":{"id":0,"image":{"full":"TFT/BattlePass/Galaxies/Boom_Super_Mega_Death_Rocket_1.png","sprite":"mission0.png","group":"mission","x":0,"y":432,"w":48,"h":48}},"TFT/BattlePass/Galaxies/Boom_Super_Mega_Death_Rocket_1_Large":{"id":0,"image":{"full":"TFT/BattlePass/Galaxies/Boom_Super_Mega_Death_Rocket_1_Large.png","sprite":"mission0.png","group":"mission","x":48,"y":432,"w":48,"h":48}},"TFT/BattlePass/Galaxies/Boom_Super_Mega_Death_Rocket_2":{"id":0,"image":{"full":"TFT/BattlePass/Galaxies/Boom_Super_Mega_Death_Rocket_2.png","sprite":"mission0.png","group":"mission","x":96,"y":432,"w":48,"h":48}},"TFT/BattlePass/Galaxies/Boom_Super_Mega_Death_Rocket_2_Large":{"id":0,"image":{"full":"TFT/BattlePass/Galaxies/Boom_Super_Mega_Death_Rocket_2_Large.png","sprite":"mission0.png","group":"mission","x":144,"y":432,"w":48,"h":48}},"TFT/BattlePass/Galaxies/Boom_Super_Mega_Death_Rocket_3":{"id":0,"image":{"full":"TFT/BattlePass/Galaxies/Boom_Super_Mega_Death_Rocket_3.png","sprite":"mission0.png","group":"mission","x":192,"y":432,"w":48,"h":48}},"TFT/BattlePass/Galaxies/Boom_Super_Mega_Death_Rocket_3_Large":{"id":0,"image":{"full":"TFT/BattlePass/Galaxies/Boom_Super_Mega_Death_Rocket_3_Large.png","sprite":"mission0.png","group":"mission","x":240,"y":432,"w":48,"h":48}},"TFT/BattlePass/Galaxies/Boom_Voidspikes_1":{"id":0,"image":{"full":"TFT/BattlePass/Galaxies/Boom_Voidspikes_1.png","sprite":"mission0.png","group":"mission","x":288,"y":432,"w":48,"h":48}},"TFT/BattlePass/Galaxies/Boom_Voidspikes_1_Large":{"id":0,"image":{"full":"TFT/BattlePass/Galaxies/Boom_Voidspikes_1_Large.png","sprite":"mission0.png","group":"mission","x":336,"y":432,"w":48,"h":48}},"TFT/BattlePass/Galaxies/Boom_Voidspikes_2":{"id":0,"image":{"full":"TFT/BattlePass/Galaxies/Boom_Voidspikes_2.png","sprite":"mission0.png","group":"mission","x":384,"y":432,"w":48,"h":48}},"TFT/BattlePass/Galaxies/Boom_Voidspikes_2_Large":{"id":0,"image":{"full":"TFT/BattlePass/Galaxies/Boom_Voidspikes_2_Large.png","sprite":"mission0.png","group":"mission","x":432,"y":432,"w":48,"h":48}},"TFT/BattlePass/Galaxies/Boom_Voidspikes_3":{"id":0,"image":{"full":"TFT/BattlePass/Galaxies/Boom_Voidspikes_3.png","sprite":"mission0.png","group":"mission","x":0,"y":480,"w":48,"h":48}},"TFT/BattlePass/Galaxies/Boom_Voidspikes_3_Large":{"id":0,"image":{"full":"TFT/BattlePass/Galaxies/Boom_Voidspikes_3_Large.png","sprite":"mission0.png","group":"mission","x":48,"y":480,"w":48,"h":48}},"TFT/BattlePass/Galaxies/Boom_Zap_Bolt_1":{"id":0,"image":{"full":"TFT/BattlePass/Galaxies/Boom_Zap_Bolt_1.png","sprite":"mission0.png","group":"mission","x":96,"y":480,"w":48,"h":48}},"TFT/BattlePass/Galaxies/Boom_Zap_Bolt_1_Large":{"id":0,"image":{"full":"TFT/BattlePass/Galaxies/Boom_Zap_Bolt_1_Large.png","sprite":"mission0.png","group":"mission","x":144,"y":480,"w":48,"h":48}},"TFT/BattlePass/Galaxies/Boom_Zap_Bolt_2":{"id":0,"image":{"full":"TFT/BattlePass/Galaxies/Boom_Zap_Bolt_2.png","sprite":"mission0.png","group":"mission","x":192,"y":480,"w":48,"h":48}},"TFT/BattlePass/Galaxies/Boom_Zap_Bolt_2_Large":{"id":0,"image":{"full":"TFT/BattlePass/Galaxies/Boom_Zap_Bolt_2_Large.png","sprite":"mission0.png","group":"mission","x":240,"y":480,"w":48,"h":48}},"TFT/BattlePass/Galaxies/Boom_Zap_Bolt_3":{"id":0,"image":{"full":"TFT/BattlePass/Galaxies/Boom_Zap_Bolt_3.png","sprite":"mission0.png","group":"mission","x":288,"y":480,"w":48,"h":48}},"TFT/BattlePass/Galaxies/Boom_Zap_Bolt_3_Large":{"id":0,"image":{"full":"TFT/BattlePass/Galaxies/Boom_Zap_Bolt_3_Large.png","sprite":"mission0.png","group":"mission","x":336,"y":480,"w":48,"h":48}},"TFT/BattlePass/Galaxies/Egg_Darkstar_Alpha":{"id":0,"image":{"full":"TFT/BattlePass/Galaxies/Egg_Darkstar_Alpha.png","sprite":"mission0.png","group":"mission","x":384,"y":480,"w":48,"h":48}},"TFT/BattlePass/Galaxies/Egg_DarkStar_Thumb":{"id":0,"image":{"full":"TFT/BattlePass/Galaxies/Egg_DarkStar_Thumb.png","sprite":"mission0.png","group":"mission","x":432,"y":480,"w":48,"h":48}},"TFT/BattlePass/Galaxies/Egg_EC":{"id":0,"image":{"full":"TFT/BattlePass/Galaxies/Egg_EC.png","sprite":"mission0.png","group":"mission","x":0,"y":528,"w":48,"h":48}},"TFT/BattlePass/Galaxies/Egg_EC_Large":{"id":0,"image":{"full":"TFT/BattlePass/Galaxies/Egg_EC_Large.png","sprite":"mission0.png","group":"mission","x":48,"y":528,"w":48,"h":48}},"TFT/BattlePass/Galaxies/Egg_EC_Legendary":{"id":0,"image":{"full":"TFT/BattlePass/Galaxies/Egg_EC_Legendary.png","sprite":"mission0.png","group":"mission","x":96,"y":528,"w":48,"h":48}},"TFT/BattlePass/Galaxies/Egg_EC_Legendary_Large":{"id":0,"image":{"full":"TFT/BattlePass/Galaxies/Egg_EC_Legendary_Large.png","sprite":"mission0.png","group":"mission","x":144,"y":528,"w":48,"h":48}},"TFT/BattlePass/Galaxies/Egg_Random_Alpha":{"id":0,"image":{"full":"TFT/BattlePass/Galaxies/Egg_Random_Alpha.png","sprite":"mission0.png","group":"mission","x":192,"y":528,"w":48,"h":48}},"TFT/BattlePass/Galaxies/Egg_Random_Thumb":{"id":0,"image":{"full":"TFT/BattlePass/Galaxies/Egg_Random_Thumb.png","sprite":"mission0.png","group":"mission","x":240,"y":528,"w":48,"h":48}},"TFT/BattlePass/Galaxies/Emote_Token_Alpha":{"id":0,"image":{"full":"TFT/BattlePass/Galaxies/Emote_Token_Alpha.png","sprite":"mission0.png","group":"mission","x":288,"y":528,"w":48,"h":48}},"TFT/BattlePass/Galaxies/Emote_Token_Thumb":{"id":0,"image":{"full":"TFT/BattlePass/Galaxies/Emote_Token_Thumb.png","sprite":"mission0.png","group":"mission","x":336,"y":528,"w":48,"h":48}},"TFT/BattlePass/Galaxies/EM_DARKSTAR_FENCER_Alpha":{"id":0,"image":{"full":"TFT/BattlePass/Galaxies/EM_DARKSTAR_FENCER_Alpha.png","sprite":"mission0.png","group":"mission","x":384,"y":528,"w":48,"h":48}},"TFT/BattlePass/Galaxies/EM_DARKSTAR_FENCER_thumb":{"id":0,"image":{"full":"TFT/BattlePass/Galaxies/EM_DARKSTAR_FENCER_thumb.png","sprite":"mission0.png","group":"mission","x":432,"y":528,"w":48,"h":48}},"TFT/BattlePass/Galaxies/EM_DARKSTAR_WHALE_Alpha":{"id":0,"image":{"full":"TFT/BattlePass/Galaxies/EM_DARKSTAR_WHALE_Alpha.png","sprite":"mission0.png","group":"mission","x":0,"y":576,"w":48,"h":48}},"TFT/BattlePass/Galaxies/EM_DARKSTAR_WHALE_thumb":{"id":0,"image":{"full":"TFT/BattlePass/Galaxies/EM_DARKSTAR_WHALE_thumb.png","sprite":"mission0.png","group":"mission","x":48,"y":576,"w":48,"h":48}},"TFT/BattlePass/Galaxies/LL_Legendary_Egg_Large":{"id":0,"image":{"full":"TFT/BattlePass/Galaxies/LL_Legendary_Egg_Large.png","sprite":"mission0.png","group":"mission","x":96,"y":576,"w":48,"h":48}},"TFT/BattlePass/Galaxies/LL_Legendary_Egg_thumb":{"id":0,"image":{"full":"TFT/BattlePass/Galaxies/LL_Legendary_Egg_thumb.png","sprite":"mission0.png","group":"mission","x":144,"y":576,"w":48,"h":48}},"TFT/BattlePass/Galaxies/Molediver_Alpha":{"id":0,"image":{"full":"TFT/BattlePass/Galaxies/Molediver_Alpha.png","sprite":"mission0.png","group":"mission","x":192,"y":576,"w":48,"h":48}},"TFT/BattlePass/Galaxies/Molediver_Large":{"id":0,"image":{"full":"TFT/BattlePass/Galaxies/Molediver_Large.png","sprite":"mission0.png","group":"mission","x":240,"y":576,"w":48,"h":48}},"TFT/BattlePass/Galaxies/Molediver_Thumb":{"id":0,"image":{"full":"TFT/BattlePass/Galaxies/Molediver_Thumb.png","sprite":"mission0.png","group":"mission","x":288,"y":576,"w":48,"h":48}},"TFT/BattlePass/Galaxies/Molediver_Thumbnail":{"id":0,"image":{"full":"TFT/BattlePass/Galaxies/Molediver_Thumbnail.png","sprite":"mission0.png","group":"mission","x":336,"y":576,"w":48,"h":48}},"TFT/BattlePass/Galaxies/Square_Battlefield_Lg_Galaxy_CrashSite":{"id":0,"image":{"full":"TFT/BattlePass/Galaxies/Square_Battlefield_Lg_Galaxy_CrashSite.png","sprite":"mission0.png","group":"mission","x":384,"y":576,"w":48,"h":48}},"TFT/BattlePass/Galaxies/Square_Battlefield_Lg_Galaxy_Dreadnova":{"id":0,"image":{"full":"TFT/BattlePass/Galaxies/Square_Battlefield_Lg_Galaxy_Dreadnova.png","sprite":"mission0.png","group":"mission","x":432,"y":576,"w":48,"h":48}},"TFT/BattlePass/Galaxies/Square_Battlefield_Lg_Galaxy_LandingSite":{"id":0,"image":{"full":"TFT/BattlePass/Galaxies/Square_Battlefield_Lg_Galaxy_LandingSite.png","sprite":"mission0.png","group":"mission","x":0,"y":624,"w":48,"h":48}},"TFT/BattlePass/Galaxies/Square_Battlefield_Lg_Galaxy_Spaceship":{"id":0,"image":{"full":"TFT/BattlePass/Galaxies/Square_Battlefield_Lg_Galaxy_Spaceship.png","sprite":"mission0.png","group":"mission","x":48,"y":624,"w":48,"h":48}},"TFT/BattlePass/Galaxies/Square_Battlefield_Lg_Galaxy_SpaceTrees":{"id":0,"image":{"full":"TFT/BattlePass/Galaxies/Square_Battlefield_Lg_Galaxy_SpaceTrees.png","sprite":"mission0.png","group":"mission","x":96,"y":624,"w":48,"h":48}},"TFT/BattlePass/Galaxies/Square_Battlefield_Sm_Galaxy_CrashSite":{"id":0,"image":{"full":"TFT/BattlePass/Galaxies/Square_Battlefield_Sm_Galaxy_CrashSite.png","sprite":"mission0.png","group":"mission","x":144,"y":624,"w":48,"h":48}},"TFT/BattlePass/Galaxies/Square_Battlefield_Sm_Galaxy_Dreadnova":{"id":0,"image":{"full":"TFT/BattlePass/Galaxies/Square_Battlefield_Sm_Galaxy_Dreadnova.png","sprite":"mission0.png","group":"mission","x":192,"y":624,"w":48,"h":48}},"TFT/BattlePass/Galaxies/Square_Battlefield_Sm_Galaxy_LandingSite":{"id":0,"image":{"full":"TFT/BattlePass/Galaxies/Square_Battlefield_Sm_Galaxy_LandingSite.png","sprite":"mission0.png","group":"mission","x":240,"y":624,"w":48,"h":48}},"TFT/BattlePass/Galaxies/Square_Battlefield_Sm_Galaxy_Spaceship":{"id":0,"image":{"full":"TFT/BattlePass/Galaxies/Square_Battlefield_Sm_Galaxy_Spaceship.png","sprite":"mission0.png","group":"mission","x":288,"y":624,"w":48,"h":48}},"TFT/BattlePass/Galaxies/Square_Battlefield_Sm_Galaxy_SpaceTees":{"id":0,"image":{"full":"TFT/BattlePass/Galaxies/Square_Battlefield_Sm_Galaxy_SpaceTees.png","sprite":"mission0.png","group":"mission","x":336,"y":624,"w":48,"h":48}},"TFT/BattlePass/Galaxies/Squid_Alpha":{"id":0,"image":{"full":"TFT/BattlePass/Galaxies/Squid_Alpha.png","sprite":"mission0.png","group":"mission","x":384,"y":624,"w":48,"h":48}},"TFT/BattlePass/Galaxies/Squid_Thumb":{"id":0,"image":{"full":"TFT/BattlePass/Galaxies/Squid_Thumb.png","sprite":"mission0.png","group":"mission","x":432,"y":624,"w":48,"h":48}},"TFT/BattlePass/Galaxies/StarGuardian_Silverwing_256":{"id":0,"image":{"full":"TFT/BattlePass/Galaxies/StarGuardian_Silverwing_256.png","sprite":"mission0.png","group":"mission","x":0,"y":672,"w":48,"h":48}},"TFT/BattlePass/Galaxies/StarGuardian_Silverwing_T1_512":{"id":0,"image":{"full":"TFT/BattlePass/Galaxies/StarGuardian_Silverwing_T1_512.png","sprite":"mission0.png","group":"mission","x":48,"y":672,"w":48,"h":48}},"TFT/BattlePass/Galaxies/StarGuardian_Silverwing_T2_256":{"id":0,"image":{"full":"TFT/BattlePass/Galaxies/StarGuardian_Silverwing_T2_256.png","sprite":"mission0.png","group":"mission","x":96,"y":672,"w":48,"h":48}},"TFT/BattlePass/Galaxies/StarGuardian_Silverwing_T2_512":{"id":0,"image":{"full":"TFT/BattlePass/Galaxies/StarGuardian_Silverwing_T2_512.png","sprite":"mission0.png","group":"mission","x":144,"y":672,"w":48,"h":48}},"TFT/BattlePass/Galaxies/StarGuardian_Sprite_256":{"id":0,"image":{"full":"TFT/BattlePass/Galaxies/StarGuardian_Sprite_256.png","sprite":"mission0.png","group":"mission","x":192,"y":672,"w":48,"h":48}},"TFT/BattlePass/Galaxies/StarGuardian_Sprite_512":{"id":0,"image":{"full":"TFT/BattlePass/Galaxies/StarGuardian_Sprite_512.png","sprite":"mission0.png","group":"mission","x":240,"y":672,"w":48,"h":48}},"TFT/BattlePass/Galaxies/UFO_Alpha":{"id":0,"image":{"full":"TFT/BattlePass/Galaxies/UFO_Alpha.png","sprite":"mission0.png","group":"mission","x":288,"y":672,"w":48,"h":48}},"TFT/BattlePass/Galaxies/UFO_Large":{"id":0,"image":{"full":"TFT/BattlePass/Galaxies/UFO_Large.png","sprite":"mission0.png","group":"mission","x":336,"y":672,"w":48,"h":48}},"TFT/BattlePass/Galaxies/UFO_Thumb":{"id":0,"image":{"full":"TFT/BattlePass/Galaxies/UFO_Thumb.png","sprite":"mission0.png","group":"mission","x":384,"y":672,"w":48,"h":48}},"TFT/BattlePass/Galaxies/UFO_Thumbnail":{"id":0,"image":{"full":"TFT/BattlePass/Galaxies/UFO_Thumbnail.png","sprite":"mission0.png","group":"mission","x":432,"y":672,"w":48,"h":48}},"TFT/BP_LL_Egg_1_Icon":{"id":0,"image":{"full":"TFT/BP_LL_Egg_1_Icon.png","sprite":"mission0.png","group":"mission","x":0,"y":720,"w":48,"h":48}},"TFT/BP_Map_Chromas_DragCloud":{"id":0,"image":{"full":"TFT/BP_Map_Chromas_DragCloud.png","sprite":"mission0.png","group":"mission","x":48,"y":720,"w":48,"h":48}},"TFT/BP_Map_Chromas_DragInfernal":{"id":0,"image":{"full":"TFT/BP_Map_Chromas_DragInfernal.png","sprite":"mission0.png","group":"mission","x":96,"y":720,"w":48,"h":48}},"TFT/BP_Map_Chromas_DragMountain":{"id":0,"image":{"full":"TFT/BP_Map_Chromas_DragMountain.png","sprite":"mission0.png","group":"mission","x":144,"y":720,"w":48,"h":48}},"TFT/BP_Map_Chromas_DragOcean":{"id":0,"image":{"full":"TFT/BP_Map_Chromas_DragOcean.png","sprite":"mission0.png","group":"mission","x":192,"y":720,"w":48,"h":48}},"TFT/BP_Map_Chromas_Green":{"id":0,"image":{"full":"TFT/BP_Map_Chromas_Green.png","sprite":"mission0.png","group":"mission","x":240,"y":720,"w":48,"h":48}},"TFT/BP_Map_Chromas_Owl":{"id":0,"image":{"full":"TFT/BP_Map_Chromas_Owl.png","sprite":"mission0.png","group":"mission","x":288,"y":720,"w":48,"h":48}},"TFT/BP_Map_Chromas_Shenduu":{"id":0,"image":{"full":"TFT/BP_Map_Chromas_Shenduu.png","sprite":"mission0.png","group":"mission","x":336,"y":720,"w":48,"h":48}},"TFT/BP_Map_Chromas_Storm_Rift":{"id":0,"image":{"full":"TFT/BP_Map_Chromas_Storm_Rift.png","sprite":"mission0.png","group":"mission","x":384,"y":720,"w":48,"h":48}},"TFT/Celebration/BP_Map_Arrowhead":{"id":0,"image":{"full":"TFT/Celebration/BP_Map_Arrowhead.png","sprite":"mission0.png","group":"mission","x":432,"y":720,"w":48,"h":48}},"TFT/Celebration/BP_Map_Chromas_DragCloud":{"id":0,"image":{"full":"TFT/Celebration/BP_Map_Chromas_DragCloud.png","sprite":"mission0.png","group":"mission","x":0,"y":768,"w":48,"h":48}},"TFT/Celebration/BP_Map_Chromas_DragInfernal":{"id":0,"image":{"full":"TFT/Celebration/BP_Map_Chromas_DragInfernal.png","sprite":"mission0.png","group":"mission","x":48,"y":768,"w":48,"h":48}},"TFT/Celebration/BP_Map_Chromas_DragMountain":{"id":0,"image":{"full":"TFT/Celebration/BP_Map_Chromas_DragMountain.png","sprite":"mission0.png","group":"mission","x":96,"y":768,"w":48,"h":48}},"TFT/Celebration/BP_Map_Chromas_DragOcean":{"id":0,"image":{"full":"TFT/Celebration/BP_Map_Chromas_DragOcean.png","sprite":"mission0.png","group":"mission","x":144,"y":768,"w":48,"h":48}},"TFT/Celebration/BP_Map_Rift":{"id":0,"image":{"full":"TFT/Celebration/BP_Map_Rift.png","sprite":"mission0.png","group":"mission","x":192,"y":768,"w":48,"h":48}},"TFT/Celebration/BP_Map_Runic":{"id":0,"image":{"full":"TFT/Celebration/BP_Map_Runic.png","sprite":"mission0.png","group":"mission","x":240,"y":768,"w":48,"h":48}},"TFT/Celebration/BP_Map_Storm_Rift":{"id":0,"image":{"full":"TFT/Celebration/BP_Map_Storm_Rift.png","sprite":"mission0.png","group":"mission","x":288,"y":768,"w":48,"h":48}},"TFT/Celebration/EggSelection_Griffin":{"id":0,"image":{"full":"TFT/Celebration/EggSelection_Griffin.png","sprite":"mission0.png","group":"mission","x":336,"y":768,"w":48,"h":48}},"TFT/Celebration/EggSelection_Mole":{"id":0,"image":{"full":"TFT/Celebration/EggSelection_Mole.png","sprite":"mission0.png","group":"mission","x":384,"y":768,"w":48,"h":48}},"TFT/Celebration/EggSelection_Spirit":{"id":0,"image":{"full":"TFT/Celebration/EggSelection_Spirit.png","sprite":"mission0.png","group":"mission","x":432,"y":768,"w":48,"h":48}},"TFT/Celebration/TFT_Capsule_Large":{"id":0,"image":{"full":"TFT/Celebration/TFT_Capsule_Large.png","sprite":"mission0.png","group":"mission","x":0,"y":816,"w":48,"h":48}},"TFT/CHEST_187":{"id":0,"image":{"full":"TFT/CHEST_187.png","sprite":"mission0.png","group":"mission","x":48,"y":816,"w":48,"h":48}},"TFT/Galaxies_XP_Blue":{"id":0,"image":{"full":"TFT/Galaxies_XP_Blue.png","sprite":"mission0.png","group":"mission","x":96,"y":816,"w":48,"h":48}},"TFT/Galaxies_XP_Blue_Small":{"id":0,"image":{"full":"TFT/Galaxies_XP_Blue_Small.png","sprite":"mission0.png","group":"mission","x":144,"y":816,"w":48,"h":48}},"TFT/Galaxies_XP_Purple":{"id":0,"image":{"full":"TFT/Galaxies_XP_Purple.png","sprite":"mission0.png","group":"mission","x":192,"y":816,"w":48,"h":48}},"TFT/Galaxies_XP_Purple_Small":{"id":0,"image":{"full":"TFT/Galaxies_XP_Purple_Small.png","sprite":"mission0.png","group":"mission","x":240,"y":816,"w":48,"h":48}},"TFT/Galaxies_XP_Red":{"id":0,"image":{"full":"TFT/Galaxies_XP_Red.png","sprite":"mission0.png","group":"mission","x":288,"y":816,"w":48,"h":48}},"TFT/Galaxies_XP_Red_Small":{"id":0,"image":{"full":"TFT/Galaxies_XP_Red_Small.png","sprite":"mission0.png","group":"mission","x":336,"y":816,"w":48,"h":48}},"thats-the-spirit":{"id":0,"image":{"full":"thats-the-spirit.png","sprite":"mission0.png","group":"mission","x":384,"y":816,"w":48,"h":48}},"the-artist":{"id":0,"image":{"full":"the-artist.png","sprite":"mission0.png","group":"mission","x":432,"y":816,"w":48,"h":48}},"the-dancer":{"id":0,"image":{"full":"the-dancer.png","sprite":"mission0.png","group":"mission","x":0,"y":864,"w":48,"h":48}},"the-diva":{"id":0,"image":{"full":"the-diva.png","sprite":"mission0.png","group":"mission","x":48,"y":864,"w":48,"h":48}},"the-leader":{"id":0,"image":{"full":"the-leader.png","sprite":"mission0.png","group":"mission","x":96,"y":864,"w":48,"h":48}},"trials2019_council_finisher":{"id":0,"image":{"full":"trials2019_council_finisher.png","sprite":"mission0.png","group":"mission","x":144,"y":864,"w":48,"h":48}},"trials2019_council_spawnin":{"id":0,"image":{"full":"trials2019_council_spawnin.png","sprite":"mission0.png","group":"mission","x":192,"y":864,"w":48,"h":48}},"trials2019_faceless_finisher":{"id":0,"image":{"full":"trials2019_faceless_finisher.png","sprite":"mission0.png","group":"mission","x":240,"y":864,"w":48,"h":48}},"trials2019_faceless_spawnin":{"id":0,"image":{"full":"trials2019_faceless_spawnin.png","sprite":"mission0.png","group":"mission","x":288,"y":864,"w":48,"h":48}},"trials2019_generic_celebration":{"id":0,"image":{"full":"trials2019_generic_celebration.png","sprite":"mission0.png","group":"mission","x":336,"y":864,"w":48,"h":48}},"trials2019_united_finisher":{"id":0,"image":{"full":"trials2019_united_finisher.png","sprite":"mission0.png","group":"mission","x":384,"y":864,"w":48,"h":48}},"trials2019_united_spawnin":{"id":0,"image":{"full":"trials2019_united_spawnin.png","sprite":"mission0.png","group":"mission","x":432,"y":864,"w":48,"h":48}},"trials2019_warband_finisher":{"id":0,"image":{"full":"trials2019_warband_finisher.png","sprite":"mission0.png","group":"mission","x":0,"y":912,"w":48,"h":48}},"trials2019_warband_spawnin":{"id":0,"image":{"full":"trials2019_warband_spawnin.png","sprite":"mission0.png","group":"mission","x":48,"y":912,"w":48,"h":48}},"VoliMission1":{"id":0,"image":{"full":"VoliMission1.png","sprite":"mission0.png","group":"mission","x":96,"y":912,"w":48,"h":48}},"watch-em":{"id":0,"image":{"full":"watch-em.png","sprite":"mission0.png","group":"mission","x":144,"y":912,"w":48,"h":48}},"were-popstars":{"id":0,"image":{"full":"were-popstars.png","sprite":"mission0.png","group":"mission","x":192,"y":912,"w":48,"h":48}},"worlds-pass-icon":{"id":0,"image":{"full":"worlds-pass-icon.png","sprite":"mission0.png","group":"mission","x":240,"y":912,"w":48,"h":48}},"worlds-section-mega-event":{"id":0,"image":{"full":"worlds-section-mega-event.png","sprite":"mission0.png","group":"mission","x":288,"y":912,"w":48,"h":48}},"Worlds19_Esport_Mission_Thumbnail":{"id":0,"image":{"full":"Worlds19_Esport_Mission_Thumbnail.png","sprite":"mission0.png","group":"mission","x":336,"y":912,"w":48,"h":48}},"XP_Boost":{"id":0,"image":{"full":"XP_Boost.png","sprite":"mission0.png","group":"mission","x":384,"y":912,"w":48,"h":48}}}}