{"type":"champion","format":"standAloneComplex","version":"10.15.1","data":{"MissFortune":{"id":"MissFortune","key":"21","name":"Miss Fortune","title":"the Bounty Hunter","image":{"full":"MissFortune.png","sprite":"champion2.png","group":"champion","x":144,"y":48,"w":48,"h":48},"skins":[{"id":"21000","num":0,"name":"default","chromas":false},{"id":"21001","num":1,"name":"Cowgirl Miss Fortune","chromas":false},{"id":"21002","num":2,"name":"Waterloo Miss Fortune","chromas":false},{"id":"21003","num":3,"name":"Secret Agent Miss Fortune","chromas":false},{"id":"21004","num":4,"name":"Candy Cane Miss Fortune","chromas":false},{"id":"21005","num":5,"name":"Road Warrior Miss Fortune","chromas":false},{"id":"21006","num":6,"name":"Crime City Miss Fortune","chromas":false},{"id":"21007","num":7,"name":"Arcade Miss Fortune","chromas":true},{"id":"21008","num":8,"name":"Captain Fortune","chromas":false},{"id":"21009","num":9,"name":"Pool Party Miss Fortune","chromas":false},{"id":"21015","num":15,"name":"Star Guardian Miss Fortune","chromas":false},{"id":"21016","num":16,"name":"Gun Goddess Miss Fortune","chromas":false},{"id":"21017","num":17,"name":"Pajama Guardian Miss Fortune","chromas":false},{"id":"21018","num":18,"name":"Bewitching Miss Fortune ","chromas":false},{"id":"21020","num":20,"name":"Bewitching Miss Fortune Prestige Edition","chromas":false}],"lore":"A Bilgewater captain famed for her looks but feared for her ruthlessness, Sarah Fortune paints a stark figure among the hardened criminals of the port city. As a child, she witnessed the reaver king Gangplank murder her family—an act she brutally avenged years later, blowing up his flagship while he was still aboard. Those who underestimate her will face a beguiling and unpredictable opponent… and, likely, a bullet or two in their guts.","blurb":"A Bilgewater captain famed for her looks but feared for her ruthlessness, Sarah Fortune paints a stark figure among the hardened criminals of the port city. As a child, she witnessed the reaver king Gangplank murder her family—an act she brutally...","allytips":["Miss Fortune ramps up speed if she hasn't recently taken damage. Avoid getting hit to move very fast.","Use Double Up on the furthest enemy minion if enemy champions are hiding in back; it will bounce to them for lots of damage.","Make sure to utilize Love Tap while Strut is on cooldown to maximize the active's availability."],"enemytips":["Miss Fortune's speed boost is removed if she is damaged by an enemy.","Miss Fortune is easy to kill if you can reach her; target her first in team fights."],"tags":["Marksman"],"partype":"Mana","info":{"attack":8,"defense":2,"magic":5,"difficulty":1},"stats":{"hp":570,"hpperlevel":93,"mp":325.84,"mpperlevel":35,"movespeed":325,"armor":28,"armorperlevel":3,"spellblock":30,"spellblockperlevel":0.5,"attackrange":550,"hpregen":3.75,"hpregenperlevel":0.65,"mpregen":8.042,"mpregenperlevel":0.65,"crit":0,"critperlevel":0,"attackdamage":50,"attackdamageperlevel":2.7,"attackspeedperlevel":2.25,"attackspeed":0.656},"spells":[{"id":"MissFortuneRicochetShot","name":"Double Up","description":"Miss Fortune fires a bullet at an enemy, damaging them and a target behind them. Both strikes can also apply Love Tap.","tooltip":"Miss Fortune fires a bouncing shot through an enemy, dealing {{ e2 }} <scaleAD>(+{{ a2 }})</scaleAD> <scaleAP>(+{{ a1 }})</scaleAP> physical damage to each target hit. Both apply on-hit effects.<br /><br />The second shot can critically strike for {{ f1 }}% damage, and it always critically strikes if the first shot kills its target.","leveltip":{"label":["@AbilityResourceName@ Cost","Cooldown","Damage"],"effect":["{{ cost }} -> {{ costNL }}","{{ cooldown }} -> {{ cooldownNL }}","{{ e2 }} -> {{ e2NL }}"]},"maxrank":5,"cooldown":[7,6,5,4,3],"cooldownBurn":"7/6/5/4/3","cost":[43,46,49,52,55],"costBurn":"43/46/49/52/55","datavalues":{},"effect":[null,[1,1,1,1,1],[20,40,60,80,100],[1,1,1,1,1],[40,70,100,130,160],[40,40,40,40,40],[20,20,20,20,20],[40,40,40,40,40],[110,110,110,110,110],[160,160,160,160,160],[0,0,0,0,0]],"effectBurn":[null,"1","20/40/60/80/100","1","40/70/100/130/160","40","20","40","110","160","0"],"vars":[{"link":"attackdamage","coeff":1,"key":"a2"},{"link":"spelldamage","coeff":0.35,"key":"a1"}],"costType":" {{ abilityresourcename }}","maxammo":"-1","range":[650,650,650,650,650],"rangeBurn":"650","image":{"full":"MissFortuneRicochetShot.png","sprite":"spell7.png","group":"spell","x":288,"y":96,"w":48,"h":48},"resource":"{{ cost }} {{ abilityresourcename }}"},{"id":"MissFortuneViciousStrikes","name":"Strut","description":"Miss Fortune passively gains Movement Speed when not attacked. This ability can be activated to grant bonus Attack Speed for a short duration. While it's on cooldown, Love Taps reduce the remaining cooldown of Strut.","tooltip":"<span class=\"colorFF9900\">Passive:</span> After 5 seconds of not taking direct damage, Miss Fortune gains {{ e5 }} Movement Speed. After another 5 seconds, this bonus increases to {{ e2 }}.<br /><br /><span class=\"colorFF9900\">Active:</span> Fully activates Strut's Movement Speed and grants {{ e1 }}% Attack Speed for {{ e3 }} seconds.<br /><br />Love Taps reduce the cooldown of Strut by {{ f2 }} seconds.","leveltip":{"label":["Movement Speed","Attack Speed"],"effect":["{{ e2 }} -> {{ e2NL }}","{{ e1 }} -> {{ e1NL }}"]},"maxrank":5,"cooldown":[12,12,12,12,12],"cooldownBurn":"12","cost":[30,30,30,30,30],"costBurn":"30","datavalues":{},"effect":[null,[40,55,70,85,100],[50,60,70,80,90],[4,4,4,4,4],[2,2,2,2,2],[25,25,25,25,25],[1,1,1,1,1],[0,0,0,0,0],[0,0,0,0,0],[0,0,0,0,0],[0,0,0,0,0]],"effectBurn":[null,"40/55/70/85/100","50/60/70/80/90","4","2","25","1","0","0","0","0"],"vars":[],"costType":" {{ abilityresourcename }}","maxammo":"-1","range":[600,600,600,600,600],"rangeBurn":"600","image":{"full":"MissFortuneViciousStrikes.png","sprite":"spell7.png","group":"spell","x":336,"y":96,"w":48,"h":48},"resource":"{{ cost }} {{ abilityresourcename }}"},{"id":"MissFortuneScattershot","name":"Make It Rain","description":"Miss Fortune reveals an area with a flurry of bullets, dealing waves of damage to opponents and slowing them.","tooltip":"Miss Fortune reveals an area, raining down bullets that deal {{ e1 }} <span class=\"color99FF99\">(+{{ a1 }})</span> magic damage over 2 seconds and slow enemies hit by {{ e2 }}%.","leveltip":{"label":["Damage","Movement Slow","Cooldown"],"effect":["{{ e1 }} -> {{ e1NL }}","{{ e2 }} -> {{ e2NL }}","{{ cooldown }} -> {{ cooldownNL }}"]},"maxrank":5,"cooldown":[18,16,14,12,10],"cooldownBurn":"18/16/14/12/10","cost":[80,80,80,80,80],"costBurn":"80","datavalues":{},"effect":[null,[80,115,150,185,220],[40,45,50,55,60],[0,0,0,0,0],[0,0,0,0,0],[0,0,0,0,0],[0,0,0,0,0],[0,0,0,0,0],[0,0,0,0,0],[0,0,0,0,0],[0,0,0,0,0]],"effectBurn":[null,"80/115/150/185/220","40/45/50/55/60","0","0","0","0","0","0","0","0"],"vars":[{"link":"spelldamage","coeff":0.8,"key":"a1"}],"costType":" {{ abilityresourcename }}","maxammo":"-1","range":[1000,1000,1000,1000,1000],"rangeBurn":"1000","image":{"full":"MissFortuneScattershot.png","sprite":"spell7.png","group":"spell","x":384,"y":96,"w":48,"h":48},"resource":"{{ cost }} {{ abilityresourcename }}"},{"id":"MissFortuneBulletTime","name":"Bullet Time","description":"Miss Fortune channels a barrage of bullets into a cone in front of her, dealing large amounts of damage to enemies. Each wave of Bullet Time can critically strike","tooltip":"Miss Fortune channels a barrage of bullets for {{ channelduration }} seconds, dealing <physicalDamage>{{ damageperwave }}</physicalDamage> physical damage per wave ({{ waves }} waves total).<br /><br />Each wave of Bullet Time can critically strike for {{ critmultiplier }} damage.<br /><br /><span class=\"colorF50F00\">Total Damage: {{ totaldamage }}</span>","leveltip":{"label":["Bullet Barrages","Cooldown"],"effect":["{{ waves }} -> {{ wavesNL }}","{{ cooldown }} -> {{ cooldownNL }}"]},"maxrank":3,"cooldown":[120,110,100],"cooldownBurn":"120/110/100","cost":[100,100,100],"costBurn":"100","datavalues":{},"effect":[null,[0,0,0],[0,0,0],[0,0,0],[0,0,0],[0,0,0],[0,0,0],[0,0,0],[0,0,0],[0,0,0],[0,0,0]],"effectBurn":[null,"0","0","0","0","0","0","0","0","0","0"],"vars":[],"costType":" {{ abilityresourcename }}","maxammo":"-1","range":[400,400,400],"rangeBurn":"400","image":{"full":"MissFortuneBulletTime.png","sprite":"spell7.png","group":"spell","x":432,"y":96,"w":48,"h":48},"resource":"{{ cost }} {{ abilityresourcename }}"}],"passive":{"name":"Love Tap","description":"Miss Fortune deals bonus physical damage whenever she basic attacks a new target.","image":{"full":"MissFortune_W.png","sprite":"passive2.png","group":"passive","x":144,"y":48,"w":48,"h":48}},"recommended":[{"champion":"MissFortune","title":"Beginner","map":"SR","mode":"INTRO","type":"riot","customTag":"","extensionPage":false,"customPanel":null,"blocks":[{"type":"beginner_starter","recMath":false,"recSteps":false,"minSummonerLevel":-1,"maxSummonerLevel":4,"showIfSummonerSpell":"","hideIfSummonerSpell":"","items":[{"id":"1055","count":1,"hideCount":false}]},{"type":"beginner_starter","recMath":false,"recSteps":false,"minSummonerLevel":5,"maxSummonerLevel":-1,"showIfSummonerSpell":"","hideIfSummonerSpell":"","items":[{"id":"1055","count":1,"hideCount":false},{"id":"2003","count":1,"hideCount":false}]},{"type":"beginner_advanced","recMath":true,"recSteps":false,"minSummonerLevel":-1,"maxSummonerLevel":-1,"showIfSummonerSpell":"","hideIfSummonerSpell":"","items":[{"id":"1036","count":1,"hideCount":false},{"id":"1053","count":1,"hideCount":false}]},{"type":"beginner_movementspeed","recMath":true,"recSteps":false,"minSummonerLevel":-1,"maxSummonerLevel":-1,"showIfSummonerSpell":"","hideIfSummonerSpell":"","items":[{"id":"1001","count":1,"hideCount":false},{"id":"1042","count":1,"hideCount":false},{"id":"3006","count":1,"hideCount":false}]},{"type":"beginner_legendaryitem","recMath":true,"recSteps":false,"minSummonerLevel":-1,"maxSummonerLevel":-1,"showIfSummonerSpell":"","hideIfSummonerSpell":"","items":[{"id":"1053","count":1,"hideCount":false},{"id":"1038","count":1,"hideCount":false},{"id":"3072","count":1,"hideCount":false}]},{"type":"beginner_morelegendaryitems","recMath":false,"recSteps":false,"minSummonerLevel":-1,"maxSummonerLevel":-1,"showIfSummonerSpell":"","hideIfSummonerSpell":"","items":[{"id":"3087","count":1,"hideCount":false},{"id":"3031","count":1,"hideCount":false},{"id":"3071","count":1,"hideCount":false}]}]},{"champion":"MissFortune","title":"MissFortuneARAM","map":"HA","mode":"ARAM","type":"riot","customTag":"","sortrank":0,"extensionPage":false,"useObviousCheckmark":false,"customPanel":null,"blocks":[{"type":"starting","recMath":false,"recSteps":false,"minSummonerLevel":-1,"maxSummonerLevel":-1,"showIfSummonerSpell":"","hideIfSummonerSpell":"","appendAfterSection":"","visibleWithAllOf":[""],"hiddenWithAnyOf":[""],"items":[{"id":"1038","count":1,"hideCount":false},{"id":"2003","count":2,"hideCount":false}]},{"type":"essential","recMath":false,"recSteps":false,"minSummonerLevel":-1,"maxSummonerLevel":-1,"showIfSummonerSpell":"","hideIfSummonerSpell":"","appendAfterSection":"","visibleWithAllOf":[""],"hiddenWithAnyOf":[""],"items":[{"id":"3006","count":1,"hideCount":false},{"id":"3031","count":1,"hideCount":false},{"id":"3046","count":1,"hideCount":false}]},{"type":"offensive","recMath":false,"recSteps":false,"minSummonerLevel":-1,"maxSummonerLevel":-1,"showIfSummonerSpell":"","hideIfSummonerSpell":"","appendAfterSection":"","visibleWithAllOf":[""],"hiddenWithAnyOf":[""],"items":[{"id":"3087","count":1,"hideCount":false},{"id":"3812","count":1,"hideCount":false},{"id":"3036","count":1,"hideCount":false}]},{"type":"defensive","recMath":false,"recSteps":false,"minSummonerLevel":-1,"maxSummonerLevel":-1,"showIfSummonerSpell":"","hideIfSummonerSpell":"","appendAfterSection":"","visibleWithAllOf":[""],"hiddenWithAnyOf":[""],"items":[{"id":"3814","count":1,"hideCount":false},{"id":"3071","count":1,"hideCount":false},{"id":"3072","count":1,"hideCount":false}]},{"type":"offmeta","recMath":false,"recSteps":false,"minSummonerLevel":-1,"maxSummonerLevel":-1,"showIfSummonerSpell":"","hideIfSummonerSpell":"","appendAfterSection":"","visibleWithAllOf":[""],"hiddenWithAnyOf":[""],"items":[{"id":"3285","count":1,"hideCount":false},{"id":"3151","count":1,"hideCount":false},{"id":"3165","count":1,"hideCount":false}]},{"type":"consumables","recMath":false,"recSteps":false,"minSummonerLevel":-1,"maxSummonerLevel":-1,"showIfSummonerSpell":"","hideIfSummonerSpell":"","appendAfterSection":"","visibleWithAllOf":[""],"hiddenWithAnyOf":[""],"items":[{"id":"2033","count":1,"hideCount":false},{"id":"2140","count":1,"hideCount":true}]}]},{"champion":"MissFortune","title":"MissFortuneFIRSTBLOOD","map":"HA","mode":"FIRSTBLOOD","type":"riot","customTag":"","extensionPage":false,"customPanel":null,"blocks":[{"type":"starting","recMath":false,"recSteps":false,"minSummonerLevel":-1,"maxSummonerLevel":-1,"showIfSummonerSpell":"","hideIfSummonerSpell":"","items":[{"id":"1055","count":1,"hideCount":false},{"id":"2003","count":1,"hideCount":false},{"id":"3340","count":1,"hideCount":false}]},{"type":"early","recMath":false,"recSteps":false,"minSummonerLevel":-1,"maxSummonerLevel":-1,"showIfSummonerSpell":"","hideIfSummonerSpell":"","items":[{"id":"1038","count":1,"hideCount":false},{"id":"3133","count":1,"hideCount":false},{"id":"1001","count":1,"hideCount":false}]},{"type":"essential","recMath":false,"recSteps":false,"minSummonerLevel":-1,"maxSummonerLevel":-1,"showIfSummonerSpell":"","hideIfSummonerSpell":"","items":[{"id":"3508","count":1,"hideCount":false},{"id":"3006","count":1,"hideCount":false}]},{"type":"offensive","recMath":false,"recSteps":false,"minSummonerLevel":-1,"maxSummonerLevel":-1,"showIfSummonerSpell":"","hideIfSummonerSpell":"","items":[{"id":"3031","count":1,"hideCount":false},{"id":"3812","count":1,"hideCount":false},{"id":"3087","count":1,"hideCount":false}]},{"type":"situational","recMath":false,"recSteps":false,"minSummonerLevel":-1,"maxSummonerLevel":-1,"showIfSummonerSpell":"","hideIfSummonerSpell":"","items":[{"id":"3036","count":1,"hideCount":false},{"id":"3102","count":1,"hideCount":false},{"id":"3071","count":1,"hideCount":false}]},{"type":"consumables","recMath":false,"recSteps":false,"minSummonerLevel":-1,"maxSummonerLevel":-1,"showIfSummonerSpell":"","hideIfSummonerSpell":"","items":[{"id":"2003","count":1,"hideCount":true},{"id":"2031","count":1,"hideCount":true},{"id":"2043","count":1,"hideCount":true},{"id":"2140","count":1,"hideCount":true},{"id":"3363","count":1,"hideCount":true}]}]},{"champion":"MissFortune","title":"MissFortuneARAM","map":"HA","mode":"KINGPORO","type":"riot","customTag":"","sortrank":0,"extensionPage":false,"useObviousCheckmark":false,"customPanel":null,"blocks":[{"type":"KingPoroSnax","recMath":false,"recSteps":false,"minSummonerLevel":-1,"maxSummonerLevel":-1,"showIfSummonerSpell":"","hideIfSummonerSpell":"","items":[{"id":"3680","count":1,"hideCount":false},{"id":"3681","count":1,"hideCount":false},{"id":"3682","count":1,"hideCount":false},{"id":"3683","count":1,"hideCount":false},{"id":"3684","count":1,"hideCount":false},{"id":"3685","count":1,"hideCount":false}]},{"type":"starting","recMath":false,"recSteps":false,"minSummonerLevel":-1,"maxSummonerLevel":-1,"showIfSummonerSpell":"","hideIfSummonerSpell":"","appendAfterSection":"","visibleWithAllOf":[""],"hiddenWithAnyOf":[""],"items":[{"id":"1038","count":1,"hideCount":false},{"id":"2003","count":2,"hideCount":false}]},{"type":"essential","recMath":false,"recSteps":false,"minSummonerLevel":-1,"maxSummonerLevel":-1,"showIfSummonerSpell":"","hideIfSummonerSpell":"","appendAfterSection":"","visibleWithAllOf":[""],"hiddenWithAnyOf":[""],"items":[{"id":"3006","count":1,"hideCount":false},{"id":"3031","count":1,"hideCount":false},{"id":"3046","count":1,"hideCount":false}]},{"type":"offensive","recMath":false,"recSteps":false,"minSummonerLevel":-1,"maxSummonerLevel":-1,"showIfSummonerSpell":"","hideIfSummonerSpell":"","appendAfterSection":"","visibleWithAllOf":[""],"hiddenWithAnyOf":[""],"items":[{"id":"3087","count":1,"hideCount":false},{"id":"3812","count":1,"hideCount":false},{"id":"3036","count":1,"hideCount":false}]},{"type":"defensive","recMath":false,"recSteps":false,"minSummonerLevel":-1,"maxSummonerLevel":-1,"showIfSummonerSpell":"","hideIfSummonerSpell":"","appendAfterSection":"","visibleWithAllOf":[""],"hiddenWithAnyOf":[""],"items":[{"id":"3814","count":1,"hideCount":false},{"id":"3071","count":1,"hideCount":false},{"id":"3072","count":1,"hideCount":false}]},{"type":"offmeta","recMath":false,"recSteps":false,"minSummonerLevel":-1,"maxSummonerLevel":-1,"showIfSummonerSpell":"","hideIfSummonerSpell":"","appendAfterSection":"","visibleWithAllOf":[""],"hiddenWithAnyOf":[""],"items":[{"id":"3285","count":1,"hideCount":false},{"id":"3151","count":1,"hideCount":false},{"id":"3165","count":1,"hideCount":false}]},{"type":"consumables","recMath":false,"recSteps":false,"minSummonerLevel":-1,"maxSummonerLevel":-1,"showIfSummonerSpell":"","hideIfSummonerSpell":"","appendAfterSection":"","visibleWithAllOf":[""],"hiddenWithAnyOf":[""],"items":[{"id":"2033","count":1,"hideCount":false},{"id":"2140","count":1,"hideCount":true}]}]},{"champion":"MissFortune","title":"MissFortuneSL","map":"NB","mode":"NEXUSBLITZ","type":"riot","customTag":"","sortrank":0,"extensionPage":false,"useObviousCheckmark":false,"customPanel":null,"blocks":[{"type":"starting","recMath":false,"recSteps":false,"minSummonerLevel":-1,"maxSummonerLevel":-1,"showIfSummonerSpell":"","hideIfSummonerSpell":"SummonerSmite","appendAfterSection":"","visibleWithAllOf":[""],"hiddenWithAnyOf":[""],"items":[{"id":"4202","count":1,"hideCount":false},{"id":"2003","count":1,"hideCount":false},{"id":"3340","count":1,"hideCount":false}]},{"type":"startingjungle","recMath":false,"recSteps":false,"minSummonerLevel":-1,"maxSummonerLevel":-1,"showIfSummonerSpell":"SummonerSmite","hideIfSummonerSpell":"","appendAfterSection":"","visibleWithAllOf":[""],"hiddenWithAnyOf":[""],"items":[{"id":"4101","count":1,"hideCount":false},{"id":"2003","count":1,"hideCount":false},{"id":"3340","count":1,"hideCount":false}]},{"type":"early","recMath":false,"recSteps":false,"minSummonerLevel":-1,"maxSummonerLevel":-1,"showIfSummonerSpell":"","hideIfSummonerSpell":"SummonerSmite","appendAfterSection":"","visibleWithAllOf":[""],"hiddenWithAnyOf":[""],"items":[{"id":"3134","count":1,"hideCount":false},{"id":"3133","count":1,"hideCount":false},{"id":"1001","count":1,"hideCount":false}]},{"type":"earlyjungle","recMath":false,"recSteps":false,"minSummonerLevel":-1,"maxSummonerLevel":-1,"showIfSummonerSpell":"SummonerSmite","hideIfSummonerSpell":"","appendAfterSection":"","visibleWithAllOf":[""],"hiddenWithAnyOf":[""],"items":[{"id":"3133","count":1,"hideCount":false},{"id":"1001","count":1,"hideCount":false}]},{"type":"essential","recMath":false,"recSteps":false,"minSummonerLevel":-1,"maxSummonerLevel":-1,"showIfSummonerSpell":"","hideIfSummonerSpell":"SummonerSmite","appendAfterSection":"","visibleWithAllOf":[""],"hiddenWithAnyOf":[""],"items":[{"id":"3142","count":1,"hideCount":false},{"id":"3006","count":1,"hideCount":false},{"id":"3071","count":1,"hideCount":false}]},{"type":"essentialjungle","recMath":false,"recSteps":false,"minSummonerLevel":-1,"maxSummonerLevel":-1,"showIfSummonerSpell":"SummonerSmite","hideIfSummonerSpell":"","appendAfterSection":"","visibleWithAllOf":[""],"hiddenWithAnyOf":[""],"items":[{"id":"4102","count":1,"hideCount":false},{"id":"3142","count":1,"hideCount":false},{"id":"3006","count":1,"hideCount":false}]},{"type":"offensive","recMath":false,"recSteps":false,"minSummonerLevel":-1,"maxSummonerLevel":-1,"showIfSummonerSpell":"","hideIfSummonerSpell":"","appendAfterSection":"","visibleWithAllOf":[""],"hiddenWithAnyOf":[""],"items":[{"id":"3147","count":1,"hideCount":false},{"id":"3036","count":1,"hideCount":false},{"id":"3072","count":1,"hideCount":false}]},{"type":"situational","recMath":false,"recSteps":false,"minSummonerLevel":-1,"maxSummonerLevel":-1,"showIfSummonerSpell":"","hideIfSummonerSpell":"","appendAfterSection":"","visibleWithAllOf":[""],"hiddenWithAnyOf":[""],"items":[{"id":"3094","count":1,"hideCount":false},{"id":"3031","count":1,"hideCount":false}]},{"type":"consumables","recMath":false,"recSteps":false,"minSummonerLevel":-1,"maxSummonerLevel":-1,"showIfSummonerSpell":"","hideIfSummonerSpell":"","appendAfterSection":"","visibleWithAllOf":[""],"hiddenWithAnyOf":[""],"items":[{"id":"2003","count":1,"hideCount":true},{"id":"2140","count":1,"hideCount":true}]}]},{"champion":"MissFortune","title":"MissFortuneNPE","map":"SR","mode":"TUTORIAL_MODULE_2","type":"riot","customTag":"","sortrank":0,"extensionPage":false,"useObviousCheckmark":true,"customPanel":null,"blocks":[{"type":"npe1","recMath":true,"recSteps":false,"minSummonerLevel":-1,"maxSummonerLevel":-1,"showIfSummonerSpell":"","hideIfSummonerSpell":"","appendAfterSection":"","visibleWithAllOf":[""],"hiddenWithAnyOf":[""],"items":[{"id":"1042","count":1,"hideCount":false},{"id":"1051","count":1,"hideCount":false},{"id":"3086","count":1,"hideCount":false}]},{"type":"npe2","recMath":true,"recSteps":false,"minSummonerLevel":-1,"maxSummonerLevel":-1,"showIfSummonerSpell":"","hideIfSummonerSpell":"","appendAfterSection":"","visibleWithAllOf":[""],"hiddenWithAnyOf":[""],"items":[{"id":"3086","count":1,"hideCount":false},{"id":"1042","count":2,"hideCount":false},{"id":"3085","count":1,"hideCount":false}]},{"type":"npe3","recMath":true,"recSteps":false,"minSummonerLevel":-1,"maxSummonerLevel":-1,"showIfSummonerSpell":"","hideIfSummonerSpell":"","appendAfterSection":"","visibleWithAllOf":[""],"hiddenWithAnyOf":[""],"items":[{"id":"1001","count":1,"hideCount":false},{"id":"1042","count":1,"hideCount":false},{"id":"3006","count":1,"hideCount":false}]},{"type":"npe4","recMath":false,"recSteps":false,"minSummonerLevel":-1,"maxSummonerLevel":-1,"showIfSummonerSpell":"","hideIfSummonerSpell":"","appendAfterSection":"","visibleWithAllOf":[""],"hiddenWithAnyOf":[""],"items":[{"id":"3072","count":1,"hideCount":false},{"id":"3031","count":1,"hideCount":false},{"id":"3508","count":1,"hideCount":false},{"id":"3036","count":1,"hideCount":false},{"id":"3071","count":1,"hideCount":false}]}]},{"champion":"MissFortune","title":"MissFortuneNPE","map":"SR","mode":"TUTORIAL_MODULE_3","type":"riot","customTag":"","sortrank":0,"extensionPage":false,"useObviousCheckmark":true,"customPanel":null,"blocks":[{"type":"npe1","recMath":true,"recSteps":false,"minSummonerLevel":-1,"maxSummonerLevel":-1,"showIfSummonerSpell":"","hideIfSummonerSpell":"","appendAfterSection":"","visibleWithAllOf":[""],"hiddenWithAnyOf":[""],"items":[{"id":"1042","count":1,"hideCount":false},{"id":"1051","count":1,"hideCount":false},{"id":"3086","count":1,"hideCount":false}]},{"type":"npe2","recMath":true,"recSteps":false,"minSummonerLevel":-1,"maxSummonerLevel":-1,"showIfSummonerSpell":"","hideIfSummonerSpell":"","appendAfterSection":"","visibleWithAllOf":[""],"hiddenWithAnyOf":[""],"items":[{"id":"3086","count":1,"hideCount":false},{"id":"1042","count":2,"hideCount":false},{"id":"3085","count":1,"hideCount":false}]},{"type":"npe3","recMath":true,"recSteps":false,"minSummonerLevel":-1,"maxSummonerLevel":-1,"showIfSummonerSpell":"","hideIfSummonerSpell":"","appendAfterSection":"","visibleWithAllOf":[""],"hiddenWithAnyOf":[""],"items":[{"id":"1001","count":1,"hideCount":false},{"id":"1042","count":1,"hideCount":false},{"id":"3006","count":1,"hideCount":false}]},{"type":"npe4","recMath":false,"recSteps":false,"minSummonerLevel":-1,"maxSummonerLevel":-1,"showIfSummonerSpell":"","hideIfSummonerSpell":"","appendAfterSection":"","visibleWithAllOf":[""],"hiddenWithAnyOf":[""],"items":[{"id":"3072","count":1,"hideCount":false},{"id":"3031","count":1,"hideCount":false},{"id":"3508","count":1,"hideCount":false},{"id":"3036","count":1,"hideCount":false},{"id":"3071","count":1,"hideCount":false}]}]},{"champion":"MissFortune","title":"MissFortuneSR","map":"SR","mode":"CLASSIC","type":"riot","customTag":"","sortrank":0,"extensionPage":false,"useObviousCheckmark":false,"customPanel":null,"blocks":[{"type":"starting","recMath":false,"recSteps":false,"minSummonerLevel":-1,"maxSummonerLevel":-1,"showIfSummonerSpell":"","hideIfSummonerSpell":"","appendAfterSection":"","visibleWithAllOf":[""],"hiddenWithAnyOf":[""],"items":[{"id":"1055","count":1,"hideCount":false},{"id":"2003","count":1,"hideCount":false},{"id":"3340","count":1,"hideCount":false}]},{"type":"early","recMath":false,"recSteps":false,"minSummonerLevel":-1,"maxSummonerLevel":-1,"showIfSummonerSpell":"","hideIfSummonerSpell":"","appendAfterSection":"","visibleWithAllOf":[""],"hiddenWithAnyOf":[""],"items":[{"id":"1038","count":1,"hideCount":false},{"id":"1001","count":1,"hideCount":false},{"id":"3133","count":1,"hideCount":false}]},{"type":"essential","recMath":false,"recSteps":false,"minSummonerLevel":-1,"maxSummonerLevel":-1,"showIfSummonerSpell":"","hideIfSummonerSpell":"","appendAfterSection":"","visibleWithAllOf":[""],"hiddenWithAnyOf":[""],"items":[{"id":"3508","count":1,"hideCount":false},{"id":"3006","count":1,"hideCount":false},{"id":"3031","count":1,"hideCount":false}]},{"type":"offensive","recMath":false,"recSteps":false,"minSummonerLevel":-1,"maxSummonerLevel":-1,"showIfSummonerSpell":"","hideIfSummonerSpell":"","appendAfterSection":"","visibleWithAllOf":[""],"hiddenWithAnyOf":[""],"items":[{"id":"3094","count":1,"hideCount":false},{"id":"3033","count":1,"hideCount":false},{"id":"3072","count":1,"hideCount":false}]},{"type":"defensive","recMath":false,"recSteps":false,"minSummonerLevel":-1,"maxSummonerLevel":-1,"showIfSummonerSpell":"","hideIfSummonerSpell":"","appendAfterSection":"","visibleWithAllOf":[""],"hiddenWithAnyOf":[""],"items":[{"id":"3814","count":1,"hideCount":false},{"id":"3026","count":1,"hideCount":false},{"id":"3139","count":1,"hideCount":false}]},{"type":"consumables","recMath":false,"recSteps":false,"minSummonerLevel":-1,"maxSummonerLevel":-1,"showIfSummonerSpell":"","hideIfSummonerSpell":"","appendAfterSection":"","visibleWithAllOf":[""],"hiddenWithAnyOf":[""],"items":[{"id":"2003","count":1,"hideCount":true},{"id":"2140","count":1,"hideCount":true},{"id":"2055","count":1,"hideCount":true}]}]}]}}}