{"type":"champion","format":"standAloneComplex","version":"10.15.1","data":{"Nami":{"id":"Nami","key":"267","name":"Nami","title":"the Tidecaller","image":{"full":"Nami.png","sprite":"champion2.png","group":"champion","x":336,"y":48,"w":48,"h":48},"skins":[{"id":"267000","num":0,"name":"default","chromas":false},{"id":"267001","num":1,"name":"Koi Nami","chromas":true},{"id":"267002","num":2,"name":"River Spirit Nami","chromas":false},{"id":"267003","num":3,"name":"Urf the Nami-tee","chromas":false},{"id":"267007","num":7,"name":"Deep Sea Nami","chromas":false},{"id":"267008","num":8,"name":"SKT T1 Nami","chromas":false},{"id":"267009","num":9,"name":"Program Nami","chromas":true},{"id":"267015","num":15,"name":"Splendid Staff Nami","chromas":true}],"lore":"A headstrong young vastaya of the seas, Nami was the first of the Marai tribe to leave the waves and venture onto dry land, when their ancient accord with the Targonians was broken. With no other option, she took it upon herself to complete the sacred ritual that would ensure the safety of her people. Amidst the chaos of this new age, Nami faces an uncertain future with grit and determination, using her Tidecaller staff to summon the strength of the oceans themselves.","blurb":"A headstrong young vastaya of the seas, Nami was the first of the Marai tribe to leave the waves and venture onto dry land, when their ancient accord with the Targonians was broken. With no other option, she took it upon herself to complete the sacred...","allytips":["Aqua Prison has a long cooldown, make sure to use it at the right moment.","Using Ebb and Flow during an engagement with enemy champions will help sway the battle in your favor.","Nami's ultimate can come in very handy for initiating on enemies who are far away."],"enemytips":["Aqua Prison is a very powerful ability with a long cooldown, take advantage of the situation if Nami misses this ability.","Tidal Wave has a very long range but travels slowly, be aware of when it is coming your way as you can move out of its path.","Try to avoid fighting an opponent affected by Tidecaller's Blessing, it lasts a short duration so waiting it out can help you greatly."],"tags":["Support","Mage"],"partype":"Mana","info":{"attack":4,"defense":3,"magic":7,"difficulty":5},"stats":{"hp":475,"hpperlevel":74,"mp":365,"mpperlevel":43,"movespeed":335,"armor":29,"armorperlevel":4,"spellblock":30,"spellblockperlevel":0.5,"attackrange":550,"hpregen":5.5,"hpregenperlevel":0.55,"mpregen":11.5,"mpregenperlevel":0.4,"crit":0,"critperlevel":0,"attackdamage":51.208,"attackdamageperlevel":3.1,"attackspeedperlevel":2.61,"attackspeed":0.644},"spells":[{"id":"NamiQ","name":"Aqua Prison","description":"Sends a bubble to a target area, dealing damage and stunning all enemies on impact.","tooltip":"Sends a bubble to target area, dealing {{ e1 }} <scaleAP>(+{{ a1 }})</scaleAP> magic damage to enemies, and stunning them for {{ e2 }} seconds.","leveltip":{"label":["Damage","Cooldown"],"effect":["{{ e1 }} -> {{ e1NL }}","{{ cooldown }} -> {{ cooldownNL }}"]},"maxrank":5,"cooldown":[12,11,10,9,8],"cooldownBurn":"12/11/10/9/8","cost":[60,60,60,60,60],"costBurn":"60","datavalues":{},"effect":[null,[75,130,185,240,295],[1.5,1.5,1.5,1.5,1.5],[0,0,0,0,0],[0,0,0,0,0],[0,0,0,0,0],[0,0,0,0,0],[0,0,0,0,0],[0,0,0,0,0],[0,0,0,0,0],[0,0,0,0,0]],"effectBurn":[null,"75/130/185/240/295","1.5","0","0","0","0","0","0","0","0"],"vars":[{"link":"spelldamage","coeff":0.5,"key":"a1"}],"costType":" {{ abilityresourcename }}","maxammo":"-1","range":[875,875,875,875,875],"rangeBurn":"875","image":{"full":"NamiQ.png","sprite":"spell8.png","group":"spell","x":96,"y":0,"w":48,"h":48},"resource":"{{ cost }} {{ abilityresourcename }}"},{"id":"NamiW","name":"Ebb and Flow","description":"Unleashes a stream of water that bounces back and forth between allied and enemy champions, healing allies and damaging enemies.","tooltip":"Unleashes a stream of water that bounces back and forth between allied and visible enemy champions.<br /><br /><span class=\"colorCCFF99\">On Ally Hit: </span>Heals {{ e3 }} <scaleAP>(+{{ a2 }})</scaleAP> Health and will bounce to a nearby visible enemy champion.<br /><br /><span class=\"colorFF9999\">On Enemy Hit: </span>Deals {{ e1 }} <scaleAP>(+{{ a1 }})</scaleAP> magic damage and bounces to a nearby allied champion.<br /><br />Bounces to each target only once, and hits up to {{ e2 }} targets. The damage and healing value is modified by <scaleAP>({{ f1 }}%)</scaleAP> each bounce. ","leveltip":{"label":["Healing","Damage","@AbilityResourceName@ Cost"],"effect":["{{ e3 }} -> {{ e3NL }}","{{ e1 }} -> {{ e1NL }}","{{ cost }} -> {{ costNL }}"]},"maxrank":5,"cooldown":[10,10,10,10,10],"cooldownBurn":"10","cost":[70,85,100,115,130],"costBurn":"70/85/100/115/130","datavalues":{},"effect":[null,[70,110,150,190,230],[3,3,3,3,3],[60,85,110,135,160],[15,15,15,15,15],[0.075,0.075,0.075,0.075,0.075],[0,0,0,0,0],[0,0,0,0,0],[0,0,0,0,0],[0,0,0,0,0],[0,0,0,0,0]],"effectBurn":[null,"70/110/150/190/230","3","60/85/110/135/160","15","0.08","0","0","0","0","0"],"vars":[{"link":"spelldamage","coeff":0.3,"key":"a2"},{"link":"spelldamage","coeff":0.5,"key":"a1"}],"costType":" {{ abilityresourcename }}","maxammo":"-1","range":[725,725,725,725,725],"rangeBurn":"725","image":{"full":"NamiW.png","sprite":"spell8.png","group":"spell","x":144,"y":0,"w":48,"h":48},"resource":"{{ cost }} {{ abilityresourcename }}"},{"id":"NamiE","name":"Tidecaller's Blessing","description":"Empowers an allied champion for a short duration. The ally's basic attacks and spells deal bonus magic damage and slow the target.","tooltip":"Empowers an allied champion's next {{ e4 }} basic attacks and spells, causing them to slow the target by {{ e2 }}% <scaleAP>(+{{ a2 }}%)</scaleAP> for {{ e3 }} second and deal {{ e1 }} <scaleAP>(+{{ a1 }})</scaleAP> bonus magic damage. Lasts for {{ e5 }} seconds.<br /><br /><rules><br />Deal {{ aoemod }} damage to non-champions when empowering Area of Effect spells.<br /></rules>","leveltip":{"label":["Damage","Slow","@AbilityResourceName@ Cost"],"effect":["{{ e1 }} -> {{ e1NL }}","{{ e2 }}% -> {{ e2NL }}%","{{ cost }} -> {{ costNL }}"]},"maxrank":5,"cooldown":[11,11,11,11,11],"cooldownBurn":"11","cost":[55,60,65,70,75],"costBurn":"55/60/65/70/75","datavalues":{},"effect":[null,[25,40,55,70,85],[15,20,25,30,35],[1,1,1,1,1],[3,3,3,3,3],[6,6,6,6,6],[0,0,0,0,0],[0,0,0,0,0],[0,0,0,0,0],[0,0,0,0,0],[0,0,0,0,0]],"effectBurn":[null,"25/40/55/70/85","15/20/25/30/35","1","3","6","0","0","0","0","0"],"vars":[{"link":"spelldamage","coeff":0.05,"key":"a2"},{"link":"spelldamage","coeff":0.2,"key":"a1"}],"costType":" {{ abilityresourcename }}","maxammo":"-1","range":[800,800,800,800,800],"rangeBurn":"800","image":{"full":"NamiE.png","sprite":"spell8.png","group":"spell","x":192,"y":0,"w":48,"h":48},"resource":"{{ cost }} {{ abilityresourcename }}"},{"id":"NamiR","name":"Tidal Wave","description":"Summons a massive Tidal Wave that knocks up, slows, and damages enemies. Allies hit gain double the effect of Surging Tides.","tooltip":"Summons a Tidal Wave from Nami's position. The wave knocks up enemies and slows them by {{ e4 }}%, dealing {{ e1 }} <scaleAP>(+{{ a1 }})</scaleAP> magic damage. The duration of the slow increases based on how far the Tidal Wave has traveled, with a minimum duration of {{ e3 }} seconds and a maximum of {{ e5 }} seconds.<br /><br />Allies hit by the wave gain double the effect of Surging Tides.","leveltip":{"label":["Damage","Cooldown","Slow"],"effect":["{{ e1 }} -> {{ e1NL }}","{{ cooldown }} -> {{ cooldownNL }}","{{ e4 }}% -> {{ e4NL }}%"]},"maxrank":3,"cooldown":[120,110,100],"cooldownBurn":"120/110/100","cost":[100,100,100],"costBurn":"100","datavalues":{},"effect":[null,[150,250,350],[0.5,0.5,0.5],[2,2,2],[50,60,70],[4,4,4],[0.002,0.002,0.002],[0,0,0],[0,0,0],[0,0,0],[0,0,0]],"effectBurn":[null,"150/250/350","0.5","2","50/60/70","4","0","0","0","0","0"],"vars":[{"link":"spelldamage","coeff":0.6,"key":"a1"}],"costType":" {{ abilityresourcename }}","maxammo":"-1","range":[2550,2550,2550],"rangeBurn":"2550","image":{"full":"NamiR.png","sprite":"spell8.png","group":"spell","x":240,"y":0,"w":48,"h":48},"resource":"{{ cost }} {{ abilityresourcename }}"}],"passive":{"name":"Surging Tides","description":"When Nami's abilities hit allied champions they gain Movement Speed for a short duration.","image":{"full":"NamiPassive.png","sprite":"passive2.png","group":"passive","x":336,"y":48,"w":48,"h":48}},"recommended":[{"champion":"Nami","title":"Beginner","type":"riot","map":"SR","mode":"INTRO","priority":false,"blocks":[{"type":"beginner_Starter","maxSummonerLevel":4,"items":[{"id":"1056","count":1}]},{"type":"beginner_Starter","minSummonerLevel":5,"items":[{"id":"1056","count":1},{"id":"2003","count":1}]},{"type":"beginner_Advanced","recMath":true,"items":[{"id":"1028","count":1},{"id":"1027","count":1},{"id":"3010","count":1}]},{"type":"beginner_MovementSpeed","recMath":true,"items":[{"id":"1001","count":1},{"id":"3020","count":1}]},{"type":"beginner_LegendaryItem","recMath":true,"items":[{"id":"3010","count":1},{"id":"1026","count":1},{"id":"3027","count":1}]},{"type":"beginner_MoreLegendaryItems","items":[{"id":"3151","count":1},{"id":"3174","count":1},{"id":"3116","count":1},{"id":"3089","count":1}]}]},{"champion":"Nami","title":"NamiARAM","map":"HA","mode":"ARAM","type":"riot","customTag":"","sortrank":0,"extensionPage":false,"customPanel":null,"blocks":[{"type":"starting","recMath":false,"recSteps":false,"minSummonerLevel":-1,"maxSummonerLevel":-1,"showIfSummonerSpell":"","hideIfSummonerSpell":"","appendAfterSection":"","visibleWithAllOf":[""],"hiddenWithAnyOf":[""],"items":[{"id":"3073","count":1,"hideCount":false},{"id":"1001","count":1,"hideCount":false},{"id":"2003","count":5,"hideCount":false}]},{"type":"essential","recMath":false,"recSteps":false,"minSummonerLevel":-1,"maxSummonerLevel":-1,"showIfSummonerSpell":"","hideIfSummonerSpell":"","appendAfterSection":"","visibleWithAllOf":[""],"hiddenWithAnyOf":[""],"items":[{"id":"3007","count":1,"hideCount":false},{"id":"3158","count":1,"hideCount":false},{"id":"3504","count":1,"hideCount":false}]},{"type":"offensive","recMath":false,"recSteps":false,"minSummonerLevel":-1,"maxSummonerLevel":-1,"showIfSummonerSpell":"","hideIfSummonerSpell":"","appendAfterSection":"","visibleWithAllOf":[""],"hiddenWithAnyOf":[""],"items":[{"id":"3174","count":1,"hideCount":false},{"id":"3089","count":1,"hideCount":false},{"id":"3151","count":1,"hideCount":false}]},{"type":"defensive","recMath":false,"recSteps":false,"minSummonerLevel":-1,"maxSummonerLevel":-1,"showIfSummonerSpell":"","hideIfSummonerSpell":"","appendAfterSection":"","visibleWithAllOf":[""],"hiddenWithAnyOf":[""],"items":[{"id":"3107","count":1,"hideCount":false},{"id":"3174","count":1,"hideCount":false},{"id":"3029","count":1,"hideCount":false}]},{"type":"consumables","recMath":false,"recSteps":false,"minSummonerLevel":-1,"maxSummonerLevel":-1,"showIfSummonerSpell":"","hideIfSummonerSpell":"","appendAfterSection":"","visibleWithAllOf":[""],"hiddenWithAnyOf":[""],"items":[{"id":"2033","count":1,"hideCount":false},{"id":"2139","count":1,"hideCount":true}]}]},{"champion":"Nami","title":"namiFIRSTBLOOD","map":"HA","mode":"FIRSTBLOOD","type":"riot","customTag":"","extensionPage":false,"customPanel":null,"blocks":[{"type":"starting","recMath":false,"recSteps":false,"minSummonerLevel":-1,"maxSummonerLevel":-1,"showIfSummonerSpell":"","hideIfSummonerSpell":"","items":[{"id":"3303","count":1,"hideCount":false},{"id":"2003","count":3,"hideCount":false},{"id":"3340","count":1,"hideCount":false}]},{"type":"early","recMath":false,"recSteps":false,"minSummonerLevel":-1,"maxSummonerLevel":-1,"showIfSummonerSpell":"","hideIfSummonerSpell":"","items":[{"id":"2049","count":1,"hideCount":false},{"id":"3098","count":1,"hideCount":false},{"id":"1001","count":1,"hideCount":false}]},{"type":"essential","recMath":false,"recSteps":false,"minSummonerLevel":-1,"maxSummonerLevel":-1,"showIfSummonerSpell":"","hideIfSummonerSpell":"","items":[{"id":"3117","count":1,"hideCount":false},{"id":"3092","count":1,"hideCount":false},{"id":"3190","count":1,"hideCount":false}]},{"type":"aggressive","recMath":false,"recSteps":false,"minSummonerLevel":-1,"maxSummonerLevel":-1,"showIfSummonerSpell":"","hideIfSummonerSpell":"","items":[{"id":"3050","count":1,"hideCount":false},{"id":"3041","count":1,"hideCount":false},{"id":"3165","count":1,"hideCount":false}]},{"type":"protective","recMath":false,"recSteps":false,"minSummonerLevel":-1,"maxSummonerLevel":-1,"showIfSummonerSpell":"","hideIfSummonerSpell":"","items":[{"id":"3222","count":1,"hideCount":false},{"id":"3110","count":1,"hideCount":false},{"id":"3143","count":1,"hideCount":false}]},{"type":"consumables","recMath":false,"recSteps":false,"minSummonerLevel":-1,"maxSummonerLevel":-1,"showIfSummonerSpell":"","hideIfSummonerSpell":"","items":[{"id":"2003","count":1,"hideCount":true},{"id":"2031","count":1,"hideCount":true},{"id":"2043","count":1,"hideCount":true},{"id":"2139","count":1,"hideCount":true}]}]},{"champion":"Nami","title":"NamiARAM","map":"HA","mode":"KINGPORO","type":"riot","customTag":"","sortrank":0,"extensionPage":false,"customPanel":null,"blocks":[{"type":"KingPoroSnax","recMath":false,"recSteps":false,"minSummonerLevel":-1,"maxSummonerLevel":-1,"showIfSummonerSpell":"","hideIfSummonerSpell":"","items":[{"id":"3680","count":1,"hideCount":false},{"id":"3681","count":1,"hideCount":false},{"id":"3682","count":1,"hideCount":false},{"id":"3683","count":1,"hideCount":false},{"id":"3684","count":1,"hideCount":false},{"id":"3685","count":1,"hideCount":false}]},{"type":"starting","recMath":false,"recSteps":false,"minSummonerLevel":-1,"maxSummonerLevel":-1,"showIfSummonerSpell":"","hideIfSummonerSpell":"","appendAfterSection":"","visibleWithAllOf":[""],"hiddenWithAnyOf":[""],"items":[{"id":"3073","count":1,"hideCount":false},{"id":"1001","count":1,"hideCount":false},{"id":"2003","count":5,"hideCount":false}]},{"type":"essential","recMath":false,"recSteps":false,"minSummonerLevel":-1,"maxSummonerLevel":-1,"showIfSummonerSpell":"","hideIfSummonerSpell":"","appendAfterSection":"","visibleWithAllOf":[""],"hiddenWithAnyOf":[""],"items":[{"id":"3007","count":1,"hideCount":false},{"id":"3158","count":1,"hideCount":false},{"id":"3504","count":1,"hideCount":false}]},{"type":"offensive","recMath":false,"recSteps":false,"minSummonerLevel":-1,"maxSummonerLevel":-1,"showIfSummonerSpell":"","hideIfSummonerSpell":"","appendAfterSection":"","visibleWithAllOf":[""],"hiddenWithAnyOf":[""],"items":[{"id":"3174","count":1,"hideCount":false},{"id":"3089","count":1,"hideCount":false},{"id":"3151","count":1,"hideCount":false}]},{"type":"defensive","recMath":false,"recSteps":false,"minSummonerLevel":-1,"maxSummonerLevel":-1,"showIfSummonerSpell":"","hideIfSummonerSpell":"","appendAfterSection":"","visibleWithAllOf":[""],"hiddenWithAnyOf":[""],"items":[{"id":"3107","count":1,"hideCount":false},{"id":"3174","count":1,"hideCount":false},{"id":"3029","count":1,"hideCount":false}]},{"type":"consumables","recMath":false,"recSteps":false,"minSummonerLevel":-1,"maxSummonerLevel":-1,"showIfSummonerSpell":"","hideIfSummonerSpell":"","appendAfterSection":"","visibleWithAllOf":[""],"hiddenWithAnyOf":[""],"items":[{"id":"2033","count":1,"hideCount":false},{"id":"2139","count":1,"hideCount":true}]}]},{"champion":"Nami","title":"NamiSL","map":"NB","mode":"NEXUSBLITZ","type":"riot","customTag":"","sortrank":0,"extensionPage":false,"useObviousCheckmark":false,"customPanel":null,"blocks":[{"type":"starting","recMath":true,"recSteps":false,"minSummonerLevel":-1,"maxSummonerLevel":-1,"showIfSummonerSpell":"","hideIfSummonerSpell":"SummonerSmite","appendAfterSection":"","visibleWithAllOf":[""],"hiddenWithAnyOf":[""],"items":[{"id":"4204","count":1,"hideCount":false},{"id":"2003","count":2,"hideCount":false},{"id":"3340","count":1,"hideCount":false}]},{"type":"startingjungle","recMath":false,"recSteps":false,"minSummonerLevel":-1,"maxSummonerLevel":-1,"showIfSummonerSpell":"SummonerSmite","hideIfSummonerSpell":"","appendAfterSection":"","visibleWithAllOf":[""],"hiddenWithAnyOf":[""],"items":[{"id":"4101","count":1,"hideCount":false},{"id":"2003","count":1,"hideCount":false},{"id":"3340","count":1,"hideCount":false}]},{"type":"early","recMath":false,"recSteps":false,"minSummonerLevel":-1,"maxSummonerLevel":-1,"showIfSummonerSpell":"","hideIfSummonerSpell":"SummonerSmite","appendAfterSection":"","visibleWithAllOf":[""],"hiddenWithAnyOf":[""],"items":[{"id":"1001","count":1,"hideCount":false},{"id":"3108","count":1,"hideCount":false},{"id":"3028","count":1,"hideCount":false}]},{"type":"earlyjungle","recMath":false,"recSteps":false,"minSummonerLevel":-1,"maxSummonerLevel":-1,"showIfSummonerSpell":"SummonerSmite","hideIfSummonerSpell":"","appendAfterSection":"","visibleWithAllOf":[""],"hiddenWithAnyOf":[""],"items":[{"id":"1001","count":1,"hideCount":false},{"id":"3108","count":1,"hideCount":false},{"id":"1027","count":1,"hideCount":false}]},{"type":"essential","recMath":false,"recSteps":false,"minSummonerLevel":-1,"maxSummonerLevel":-1,"showIfSummonerSpell":"","hideIfSummonerSpell":"SummonerSmite","appendAfterSection":"","visibleWithAllOf":[""],"hiddenWithAnyOf":[""],"items":[{"id":"3174","count":1,"hideCount":false},{"id":"3158","count":1,"hideCount":false},{"id":"3107","count":1,"hideCount":false}]},{"type":"essentialjungle","recMath":false,"recSteps":false,"minSummonerLevel":-1,"maxSummonerLevel":-1,"showIfSummonerSpell":"SummonerSmite","hideIfSummonerSpell":"","appendAfterSection":"","visibleWithAllOf":[""],"hiddenWithAnyOf":[""],"items":[{"id":"3158","count":1,"hideCount":false},{"id":"4104","count":1,"hideCount":false},{"id":"2065","count":1,"hideCount":false}]},{"type":"aggressive","recMath":false,"recSteps":false,"minSummonerLevel":-1,"maxSummonerLevel":-1,"showIfSummonerSpell":"","hideIfSummonerSpell":"SummonerSmite","appendAfterSection":"","visibleWithAllOf":[""],"hiddenWithAnyOf":[""],"items":[{"id":"3504","count":1,"hideCount":false},{"id":"2065","count":1,"hideCount":false},{"id":"3089","count":1,"hideCount":false}]},{"type":"aggressive","recMath":false,"recSteps":false,"minSummonerLevel":-1,"maxSummonerLevel":-1,"showIfSummonerSpell":"SummonerSmite","hideIfSummonerSpell":"","appendAfterSection":"","visibleWithAllOf":[""],"hiddenWithAnyOf":[""],"items":[{"id":"3089","count":1,"hideCount":false},{"id":"3165","count":1,"hideCount":false},{"id":"3905","count":1,"hideCount":false}]},{"type":"protective","recMath":false,"recSteps":false,"minSummonerLevel":-1,"maxSummonerLevel":-1,"showIfSummonerSpell":"","hideIfSummonerSpell":"","appendAfterSection":"","visibleWithAllOf":[""],"hiddenWithAnyOf":[""],"items":[{"id":"3222","count":1,"hideCount":false},{"id":"3110","count":1,"hideCount":false},{"id":"3190","count":1,"hideCount":false}]},{"type":"consumables","recMath":false,"recSteps":false,"minSummonerLevel":-1,"maxSummonerLevel":-1,"showIfSummonerSpell":"","hideIfSummonerSpell":"","appendAfterSection":"","visibleWithAllOf":[""],"hiddenWithAnyOf":[""],"items":[{"id":"2003","count":1,"hideCount":true},{"id":"2139","count":1,"hideCount":true}]}]},{"champion":"Nami","title":"namiSR","map":"SR","mode":"CLASSIC","type":"riot","customTag":"","sortrank":0,"extensionPage":false,"useObviousCheckmark":false,"customPanel":null,"blocks":[{"type":"starting","recMath":false,"recSteps":false,"minSummonerLevel":-1,"maxSummonerLevel":-1,"showIfSummonerSpell":"","hideIfSummonerSpell":"","appendAfterSection":"","visibleWithAllOf":[""],"hiddenWithAnyOf":[""],"items":[{"id":"3850","count":1,"hideCount":false},{"id":"2003","count":2,"hideCount":false},{"id":"3340","count":1,"hideCount":false}]},{"type":"early","recMath":false,"recSteps":false,"minSummonerLevel":-1,"maxSummonerLevel":-1,"showIfSummonerSpell":"","hideIfSummonerSpell":"","appendAfterSection":"","visibleWithAllOf":[""],"hiddenWithAnyOf":[""],"items":[{"id":"1001","count":1,"hideCount":false},{"id":"3114","count":1,"hideCount":false},{"id":"3028","count":1,"hideCount":false}]},{"type":"essential","recMath":false,"recSteps":false,"minSummonerLevel":-1,"maxSummonerLevel":-1,"showIfSummonerSpell":"","hideIfSummonerSpell":"","appendAfterSection":"","visibleWithAllOf":[""],"hiddenWithAnyOf":[""],"items":[{"id":"3117","count":1,"hideCount":false},{"id":"3174","count":1,"hideCount":false},{"id":"3504","count":1,"hideCount":false}]},{"type":"aggressive","recMath":false,"recSteps":false,"minSummonerLevel":-1,"maxSummonerLevel":-1,"showIfSummonerSpell":"","hideIfSummonerSpell":"","appendAfterSection":"","visibleWithAllOf":[""],"hiddenWithAnyOf":[""],"items":[{"id":"3107","count":1,"hideCount":false},{"id":"3905","count":1,"hideCount":false},{"id":"2065","count":1,"hideCount":false}]},{"type":"protective","recMath":false,"recSteps":false,"minSummonerLevel":-1,"maxSummonerLevel":-1,"showIfSummonerSpell":"","hideIfSummonerSpell":"","appendAfterSection":"","visibleWithAllOf":[""],"hiddenWithAnyOf":[""],"items":[{"id":"3222","count":1,"hideCount":false},{"id":"3190","count":1,"hideCount":false},{"id":"3116","count":1,"hideCount":false}]},{"type":"consumables","recMath":false,"recSteps":false,"minSummonerLevel":-1,"maxSummonerLevel":-1,"showIfSummonerSpell":"","hideIfSummonerSpell":"","appendAfterSection":"","visibleWithAllOf":[""],"hiddenWithAnyOf":[""],"items":[{"id":"2003","count":1,"hideCount":true},{"id":"2139","count":1,"hideCount":true}]}]}]}}}