{"type":"champion","format":"standAloneComplex","version":"10.15.1","data":{"Nasus":{"id":"Nasus","key":"75","name":"Nasus","title":"the Curator of the Sands","image":{"full":"Nasus.png","sprite":"champion2.png","group":"champion","x":384,"y":48,"w":48,"h":48},"skins":[{"id":"75000","num":0,"name":"default","chromas":false},{"id":"75001","num":1,"name":"Galactic Nasus","chromas":false},{"id":"75002","num":2,"name":"Pharaoh Nasus","chromas":false},{"id":"75003","num":3,"name":"Dreadknight Nasus","chromas":true},{"id":"75004","num":4,"name":"Riot K-9 Nasus","chromas":false},{"id":"75005","num":5,"name":"Infernal Nasus","chromas":false},{"id":"75006","num":6,"name":"Archduke Nasus","chromas":false},{"id":"75010","num":10,"name":"Worldbreaker Nasus","chromas":false},{"id":"75011","num":11,"name":"Lunar Guardian Nasus","chromas":true}],"lore":"Nasus is an imposing, jackal-headed Ascended being from ancient Shurima, a heroic figure regarded as a demigod by the people of the desert. Fiercely intelligent, he was a guardian of knowledge and peerless strategist whose wisdom guided the ancient empire of Shurima to greatness for many centuries. After the fall of the empire, he went into self-imposed exile, becoming little more than a legend. Now that the ancient city of Shurima has risen once more, he has returned, determined to ensure it never falls again.","blurb":"Nasus is an imposing, jackal-headed Ascended being from ancient Shurima, a heroic figure regarded as a demigod by the people of the desert. Fiercely intelligent, he was a guardian of knowledge and peerless strategist whose wisdom guided the ancient...","allytips":["Paying attention to last hitting with Siphoning Strike will have a large impact at the end of a game.","If you're solo, Spirit Fire is a great way to farm a lane. It can be bad if you're in a lane with 2 and you push too far. Find the right balance between Siphoning Strike last hits and AoE farming.","If you have low defenses, people will focus you down even during your ultimate. Try buying some survivability items even in your DPS builds."],"enemytips":["While transformed by his ultimate, Nasus is stronger than most champions in the League. Engage him only if you have a clear advantage.","Max rank Wither is a very effective counter to Attack Damage characters, so try to avoid getting caught alone by it.","Nasus is prone to being kited. Try not to engage him at full Health."],"tags":["Fighter","Tank"],"partype":"Mana","info":{"attack":7,"defense":5,"magic":6,"difficulty":6},"stats":{"hp":561.2,"hpperlevel":90,"mp":325.6,"mpperlevel":42,"movespeed":350,"armor":34,"armorperlevel":3.5,"spellblock":32.1,"spellblockperlevel":1.25,"attackrange":125,"hpregen":9,"hpregenperlevel":0.9,"mpregen":7.44,"mpregenperlevel":0.5,"crit":0,"critperlevel":0,"attackdamage":67,"attackdamageperlevel":3.5,"attackspeedperlevel":3.48,"attackspeed":0.638},"spells":[{"id":"NasusQ","name":"Siphoning Strike","description":"Nasus strikes his foe, dealing damage and increasing the power of his future Siphoning Strikes if he slays his target.","tooltip":"Nasus' next basic attack will deal {{ e1 }} <scaleAD>(+{{ a2 }})</scaleAD> <span class=\"color5555FF\">(+{{ f1 }})</span> physical damage.<br /><br />Siphoning Strike permanently gains <span class=\"color5555FF\">{{ e2 }}</span> damage if it kills an enemy. This bonus is increased to <span class=\"color5555FF\">{{ e4 }}</span> against Champions, large minions and large monsters.","leveltip":{"label":["Base Damage","Cooldown"],"effect":["{{ e1 }} -> {{ e1NL }}","{{ cooldown }} -> {{ cooldownNL }}"]},"maxrank":5,"cooldown":[8,7,6,5,4],"cooldownBurn":"8/7/6/5/4","cost":[20,20,20,20,20],"costBurn":"20","datavalues":{},"effect":[null,[30,50,70,90,110],[3,3,3,3,3],[25,25,25,25,25],[12,12,12,12,12],[0,0,0,0,0],[0,0,0,0,0],[0,0,0,0,0],[0,0,0,0,0],[0,0,0,0,0],[0,0,0,0,0]],"effectBurn":[null,"30/50/70/90/110","3","25","12","0","0","0","0","0","0"],"vars":[{"link":"attackdamage","coeff":1,"key":"a2"},{"link":"@stacks","coeff":3,"key":"f1"}],"costType":" {{ abilityresourcename }}","maxammo":"-1","range":[300,300,300,300,300],"rangeBurn":"300","image":{"full":"NasusQ.png","sprite":"spell8.png","group":"spell","x":288,"y":0,"w":48,"h":48},"resource":"{{ cost }} {{ abilityresourcename }}"},{"id":"NasusW","name":"Wither","description":"Nasus ages an enemy champion, decelerating their Movement and Attack Speeds over time.","tooltip":"Nasus ages target champion over {{ e3 }} seconds, slowing their Movement Speed by {{ e2 }}%, increasing to {{ e1 }}% over the duration. The target's Attack Speed is reduced by half the amount.","leveltip":{"label":["Max Slow","Cooldown"],"effect":["{{ e1 }}% -> {{ e1NL }}%","{{ cooldown }} -> {{ cooldownNL }}"]},"maxrank":5,"cooldown":[15,14,13,12,11],"cooldownBurn":"15/14/13/12/11","cost":[80,80,80,80,80],"costBurn":"80","datavalues":{},"effect":[null,[47,59,71,83,95],[35,35,35,35,35],[5,5,5,5,5],[17.5,17.5,17.5,17.5,17.5],[1.5,3,4.5,6,7.5],[3,6,9,12,15],[0,0,0,0,0],[0,0,0,0,0],[0,0,0,0,0],[0,0,0,0,0]],"effectBurn":[null,"47/59/71/83/95","35","5","17.5","1.5/3/4.5/6/7.5","3/6/9/12/15","0","0","0","0"],"vars":[],"costType":" {{ abilityresourcename }}","maxammo":"-1","range":[700,700,700,700,700],"rangeBurn":"700","image":{"full":"NasusW.png","sprite":"spell8.png","group":"spell","x":336,"y":0,"w":48,"h":48},"resource":"{{ cost }} {{ abilityresourcename }}"},{"id":"NasusE","name":"Spirit Fire","description":"Nasus unleashes a spirit flame at a location, dealing damage and reducing the Armor of enemies who stand on it.","tooltip":"Nasus unleashes a spirit flame at target location, dealing {{ e4 }} <scaleAP>(+{{ a2 }})</scaleAP> magic damage.<br /><br />For the next {{ e3 }} seconds, enemies in the area have their Armor reduced by {{ e2 }}% and are dealt an additional {{ e1 }} <scaleAP>(+{{ a1 }})</scaleAP> magic damage each second.","leveltip":{"label":["Initial Damage","Damage Per Second","Armor Reduction %","@AbilityResourceName@ Cost"],"effect":["{{ e4 }} -> {{ e4NL }}","{{ e1 }} -> {{ e1NL }}","{{ effect2amount*-100.000000 }}% -> {{ effect2amountnl*-100.000000 }}%","{{ cost }} -> {{ costNL }}"]},"maxrank":5,"cooldown":[12,12,12,12,12],"cooldownBurn":"12","cost":[70,85,100,115,130],"costBurn":"70/85/100/115/130","datavalues":{},"effect":[null,[11,19,27,35,43],[25,30,35,40,45],[5,5,5,5,5],[55,95,135,175,215],[0,0,0,0,0],[0,0,0,0,0],[0,0,0,0,0],[0,0,0,0,0],[0,0,0,0,0],[0,0,0,0,0]],"effectBurn":[null,"11/19/27/35/43","25/30/35/40/45","5","55/95/135/175/215","0","0","0","0","0","0"],"vars":[{"link":"spelldamage","coeff":0.6,"key":"a2"},{"link":"spelldamage","coeff":0.12,"key":"a1"}],"costType":" {{ abilityresourcename }}","maxammo":"-1","range":[650,650,650,650,650],"rangeBurn":"650","image":{"full":"NasusE.png","sprite":"spell8.png","group":"spell","x":384,"y":0,"w":48,"h":48},"resource":"{{ cost }} {{ abilityresourcename }}"},{"id":"NasusR","name":"Fury of the Sands","description":"Nasus unleashes a mighty sandstorm that batters nearby enemies. While the storm rages, he gains increased Health, Attack Range, damages nearby enemies, has a reduced cooldown on Siphoning Strike, and gains bonus Armor and Magic Resistance for the duration.","tooltip":"Nasus becomes empowered in the sandstorm for 15 seconds, increasing his maximum Health by {{ bonushealth }} and Armor and Magic Resistance by {{ initialresistgain }}.<br /><br />While the storm rages, he deals {{ damagecalc }} of nearby enemies' maximum Health each second as magic damage ({{ maxdamagecap }} damage max per second), gains an additional {{ statgainpersecond }} Armor and Magic Resistance each second, and Siphoning Strike has a {{ qcdr*100 }}% reduced cooldown.","leveltip":{"label":["Bonus Health","Max Health %","Initial Armor and Magic Resistance","Incremental Armor and Magic Resistance"],"effect":["{{ bonushealth }} -> {{ bonushealthNL }}","{{ aoedamagepercent*100.000000 }}% -> {{ aoedamagepercentnl*100.000000 }}%","{{ initialresistgain }} -> {{ initialresistgainNL }}","{{ statgainpersecond }} -> {{ statgainpersecondNL }}"]},"maxrank":3,"cooldown":[120,120,120],"cooldownBurn":"120","cost":[100,100,100],"costBurn":"100","datavalues":{},"effect":[null,[0,0,0],[0,0,0],[0,0,0],[0,0,0],[0,0,0],[0,0,0],[0,0,0],[0,0,0],[0,0,0],[0,0,0]],"effectBurn":[null,"0","0","0","0","0","0","0","0","0","0"],"vars":[],"costType":" {{ abilityresourcename }}","maxammo":"-1","range":[20,20,20],"rangeBurn":"20","image":{"full":"NasusR.png","sprite":"spell8.png","group":"spell","x":432,"y":0,"w":48,"h":48},"resource":"{{ cost }} {{ abilityresourcename }}"}],"passive":{"name":"Soul Eater","description":"Nasus drains his foe's spiritual energy, giving him bonus Life Steal.","image":{"full":"Nasus_Passive.png","sprite":"passive2.png","group":"passive","x":384,"y":48,"w":48,"h":48}},"recommended":[{"champion":"Nasus","title":"Beginner","map":"SR","mode":"INTRO","type":"riot","customTag":"","extensionPage":false,"customPanel":null,"blocks":[{"type":"beginner_starter","recMath":false,"recSteps":false,"minSummonerLevel":-1,"maxSummonerLevel":4,"showIfSummonerSpell":"","hideIfSummonerSpell":"","items":[{"id":"1055","count":1,"hideCount":false},{"id":"2003","count":1,"hideCount":false},{"id":"3340","count":1,"hideCount":false}]},{"type":"beginner_starter","recMath":false,"recSteps":false,"minSummonerLevel":5,"maxSummonerLevel":-1,"showIfSummonerSpell":"","hideIfSummonerSpell":"","items":[{"id":"1055","count":1,"hideCount":false},{"id":"2003","count":1,"hideCount":false},{"id":"3340","count":1,"hideCount":false}]},{"type":"beginner_advanced","recMath":true,"recSteps":false,"minSummonerLevel":-1,"maxSummonerLevel":-1,"showIfSummonerSpell":"","hideIfSummonerSpell":"","items":[{"id":"1028","count":1,"hideCount":false},{"id":"1036","count":1,"hideCount":false},{"id":"3044","count":1,"hideCount":false}]},{"type":"beginner_movementspeed","recMath":true,"recSteps":false,"minSummonerLevel":-1,"maxSummonerLevel":-1,"showIfSummonerSpell":"","hideIfSummonerSpell":"","items":[{"id":"1001","count":1,"hideCount":false},{"id":"1029","count":1,"hideCount":false},{"id":"3047","count":1,"hideCount":false}]},{"type":"beginner_legendaryitem","recMath":true,"recSteps":false,"minSummonerLevel":-1,"maxSummonerLevel":-1,"showIfSummonerSpell":"","hideIfSummonerSpell":"","items":[{"id":"3057","count":1,"hideCount":false},{"id":"3086","count":1,"hideCount":false},{"id":"3078","count":1,"hideCount":false}]},{"type":"beginner_morelegendaryitems","recMath":false,"recSteps":false,"minSummonerLevel":-1,"maxSummonerLevel":-1,"showIfSummonerSpell":"","hideIfSummonerSpell":"","items":[{"id":"3110","count":1,"hideCount":false},{"id":"3742","count":1,"hideCount":false},{"id":"3065","count":1,"hideCount":false},{"id":"3068","count":1,"hideCount":false}]}]},{"champion":"Nasus","title":"NasusARAM","map":"HA","mode":"ARAM","type":"riot","customTag":"","sortrank":0,"extensionPage":false,"customPanel":null,"blocks":[{"type":"starting","recMath":false,"recSteps":false,"minSummonerLevel":-1,"maxSummonerLevel":-1,"showIfSummonerSpell":"","hideIfSummonerSpell":"","appendAfterSection":"","visibleWithAllOf":[""],"hiddenWithAnyOf":[""],"items":[{"id":"3802","count":1,"hideCount":false},{"id":"2003","count":2,"hideCount":false}]},{"type":"essential","recMath":false,"recSteps":false,"minSummonerLevel":-1,"maxSummonerLevel":-1,"showIfSummonerSpell":"","hideIfSummonerSpell":"","appendAfterSection":"","visibleWithAllOf":[""],"hiddenWithAnyOf":[""],"items":[{"id":"3285","count":1,"hideCount":false},{"id":"3111","count":1,"hideCount":false},{"id":"3078","count":1,"hideCount":false}]},{"type":"offensive","recMath":false,"recSteps":false,"minSummonerLevel":-1,"maxSummonerLevel":-1,"showIfSummonerSpell":"","hideIfSummonerSpell":"","appendAfterSection":"","visibleWithAllOf":[""],"hiddenWithAnyOf":[""],"items":[{"id":"3800","count":1,"hideCount":false},{"id":"3053","count":1,"hideCount":false},{"id":"3156","count":1,"hideCount":false}]},{"type":"defensive","recMath":false,"recSteps":false,"minSummonerLevel":-1,"maxSummonerLevel":-1,"showIfSummonerSpell":"","hideIfSummonerSpell":"","appendAfterSection":"","visibleWithAllOf":[""],"hiddenWithAnyOf":[""],"items":[{"id":"3065","count":1,"hideCount":false},{"id":"3110","count":1,"hideCount":false},{"id":"3075","count":1,"hideCount":false}]},{"type":"offmeta","recMath":false,"recSteps":false,"minSummonerLevel":-1,"maxSummonerLevel":-1,"showIfSummonerSpell":"","hideIfSummonerSpell":"","appendAfterSection":"","visibleWithAllOf":[""],"hiddenWithAnyOf":[""],"items":[{"id":"3029","count":1,"hideCount":false},{"id":"3089","count":1,"hideCount":false},{"id":"3151","count":1,"hideCount":false}]},{"type":"consumables","recMath":false,"recSteps":false,"minSummonerLevel":-1,"maxSummonerLevel":-1,"showIfSummonerSpell":"","hideIfSummonerSpell":"","appendAfterSection":"","visibleWithAllOf":[""],"hiddenWithAnyOf":[""],"items":[{"id":"2033","count":1,"hideCount":false},{"id":"2139","count":1,"hideCount":true}]}]},{"champion":"Nasus","title":"NasusFIRSTBLOOD","map":"HA","mode":"FIRSTBLOOD","type":"riot","customTag":"","extensionPage":false,"customPanel":null,"blocks":[{"type":"starting","recMath":false,"recSteps":false,"minSummonerLevel":-1,"maxSummonerLevel":-1,"showIfSummonerSpell":"","hideIfSummonerSpell":"","items":[{"id":"2033","count":1,"hideCount":false},{"id":"3340","count":1,"hideCount":false}]},{"type":"early","recMath":false,"recSteps":false,"minSummonerLevel":-1,"maxSummonerLevel":-1,"showIfSummonerSpell":"","hideIfSummonerSpell":"","items":[{"id":"3024","count":1,"hideCount":false},{"id":"3067","count":1,"hideCount":false},{"id":"1001","count":1,"hideCount":false}]},{"type":"essential","recMath":false,"recSteps":false,"minSummonerLevel":-1,"maxSummonerLevel":-1,"showIfSummonerSpell":"","hideIfSummonerSpell":"","items":[{"id":"3111","count":1,"hideCount":false},{"id":"3110","count":1,"hideCount":false},{"id":"3078","count":1,"hideCount":false}]},{"type":"defensive","recMath":false,"recSteps":false,"minSummonerLevel":-1,"maxSummonerLevel":-1,"showIfSummonerSpell":"","hideIfSummonerSpell":"","items":[{"id":"3065","count":1,"hideCount":false},{"id":"3742","count":1,"hideCount":false},{"id":"3075","count":1,"hideCount":false}]},{"type":"situational","recMath":false,"recSteps":false,"minSummonerLevel":-1,"maxSummonerLevel":-1,"showIfSummonerSpell":"","hideIfSummonerSpell":"","items":[{"id":"3025","count":1,"hideCount":false},{"id":"3748","count":1,"hideCount":false},{"id":"3072","count":1,"hideCount":false}]},{"type":"consumables","recMath":false,"recSteps":false,"minSummonerLevel":-1,"maxSummonerLevel":-1,"showIfSummonerSpell":"","hideIfSummonerSpell":"","items":[{"id":"2003","count":1,"hideCount":true},{"id":"2043","count":1,"hideCount":true},{"id":"2138","count":1,"hideCount":true}]}]},{"champion":"Nasus","title":"NasusARAM","map":"HA","mode":"KINGPORO","type":"riot","customTag":"","sortrank":0,"extensionPage":false,"customPanel":null,"blocks":[{"type":"KingPoroSnax","recMath":false,"recSteps":false,"minSummonerLevel":-1,"maxSummonerLevel":-1,"showIfSummonerSpell":"","hideIfSummonerSpell":"","items":[{"id":"3680","count":1,"hideCount":false},{"id":"3681","count":1,"hideCount":false},{"id":"3682","count":1,"hideCount":false},{"id":"3683","count":1,"hideCount":false},{"id":"3684","count":1,"hideCount":false},{"id":"3685","count":1,"hideCount":false}]},{"type":"starting","recMath":false,"recSteps":false,"minSummonerLevel":-1,"maxSummonerLevel":-1,"showIfSummonerSpell":"","hideIfSummonerSpell":"","appendAfterSection":"","visibleWithAllOf":[""],"hiddenWithAnyOf":[""],"items":[{"id":"3802","count":1,"hideCount":false},{"id":"2003","count":2,"hideCount":false}]},{"type":"essential","recMath":false,"recSteps":false,"minSummonerLevel":-1,"maxSummonerLevel":-1,"showIfSummonerSpell":"","hideIfSummonerSpell":"","appendAfterSection":"","visibleWithAllOf":[""],"hiddenWithAnyOf":[""],"items":[{"id":"3285","count":1,"hideCount":false},{"id":"3111","count":1,"hideCount":false},{"id":"3078","count":1,"hideCount":false}]},{"type":"offensive","recMath":false,"recSteps":false,"minSummonerLevel":-1,"maxSummonerLevel":-1,"showIfSummonerSpell":"","hideIfSummonerSpell":"","appendAfterSection":"","visibleWithAllOf":[""],"hiddenWithAnyOf":[""],"items":[{"id":"3800","count":1,"hideCount":false},{"id":"3053","count":1,"hideCount":false},{"id":"3156","count":1,"hideCount":false}]},{"type":"defensive","recMath":false,"recSteps":false,"minSummonerLevel":-1,"maxSummonerLevel":-1,"showIfSummonerSpell":"","hideIfSummonerSpell":"","appendAfterSection":"","visibleWithAllOf":[""],"hiddenWithAnyOf":[""],"items":[{"id":"3065","count":1,"hideCount":false},{"id":"3110","count":1,"hideCount":false},{"id":"3075","count":1,"hideCount":false}]},{"type":"offmeta","recMath":false,"recSteps":false,"minSummonerLevel":-1,"maxSummonerLevel":-1,"showIfSummonerSpell":"","hideIfSummonerSpell":"","appendAfterSection":"","visibleWithAllOf":[""],"hiddenWithAnyOf":[""],"items":[{"id":"3029","count":1,"hideCount":false},{"id":"3089","count":1,"hideCount":false},{"id":"3151","count":1,"hideCount":false}]},{"type":"consumables","recMath":false,"recSteps":false,"minSummonerLevel":-1,"maxSummonerLevel":-1,"showIfSummonerSpell":"","hideIfSummonerSpell":"","appendAfterSection":"","visibleWithAllOf":[""],"hiddenWithAnyOf":[""],"items":[{"id":"2033","count":1,"hideCount":false},{"id":"2139","count":1,"hideCount":true}]}]},{"champion":"Nasus","title":"NasusSL","map":"NB","mode":"NEXUSBLITZ","type":"riot","customTag":"","sortrank":0,"extensionPage":false,"useObviousCheckmark":false,"customPanel":null,"blocks":[{"type":"starting","recMath":false,"recSteps":false,"minSummonerLevel":-1,"maxSummonerLevel":-1,"showIfSummonerSpell":"","hideIfSummonerSpell":"SummonerSmite","appendAfterSection":"","visibleWithAllOf":[""],"hiddenWithAnyOf":[""],"items":[{"id":"4201","count":1,"hideCount":false},{"id":"2003","count":1,"hideCount":false},{"id":"3340","count":1,"hideCount":false}]},{"type":"early","recMath":false,"recSteps":false,"minSummonerLevel":-1,"maxSummonerLevel":-1,"showIfSummonerSpell":"","hideIfSummonerSpell":"SummonerSmite","appendAfterSection":"","visibleWithAllOf":[""],"hiddenWithAnyOf":[""],"items":[{"id":"3024","count":1,"hideCount":false},{"id":"3057","count":1,"hideCount":false},{"id":"1001","count":1,"hideCount":false}]},{"type":"startingjungle","recMath":false,"recSteps":false,"minSummonerLevel":-1,"maxSummonerLevel":-1,"showIfSummonerSpell":"SummonerSmite","hideIfSummonerSpell":"","appendAfterSection":"","visibleWithAllOf":[""],"hiddenWithAnyOf":[""],"items":[{"id":"4101","count":1,"hideCount":false},{"id":"2003","count":1,"hideCount":false},{"id":"3340","count":1,"hideCount":false}]},{"type":"earlyjungle","recMath":false,"recSteps":false,"minSummonerLevel":-1,"maxSummonerLevel":-1,"showIfSummonerSpell":"SummonerSmite","hideIfSummonerSpell":"","appendAfterSection":"","visibleWithAllOf":[""],"hiddenWithAnyOf":[""],"items":[{"id":"4103","count":1,"hideCount":false},{"id":"3024","count":1,"hideCount":false},{"id":"1001","count":1,"hideCount":false}]},{"type":"essential","recMath":false,"recSteps":false,"minSummonerLevel":-1,"maxSummonerLevel":-1,"showIfSummonerSpell":"","hideIfSummonerSpell":"","appendAfterSection":"","visibleWithAllOf":[""],"hiddenWithAnyOf":[""],"items":[{"id":"3111","count":1,"hideCount":false},{"id":"3110","count":1,"hideCount":false},{"id":"3078","count":1,"hideCount":false}]},{"type":"defensive","recMath":false,"recSteps":false,"minSummonerLevel":-1,"maxSummonerLevel":-1,"showIfSummonerSpell":"","hideIfSummonerSpell":"","appendAfterSection":"","visibleWithAllOf":[""],"hiddenWithAnyOf":[""],"items":[{"id":"3065","count":1,"hideCount":false},{"id":"3742","count":1,"hideCount":false},{"id":"3075","count":1,"hideCount":false}]},{"type":"situational","recMath":false,"recSteps":false,"minSummonerLevel":-1,"maxSummonerLevel":-1,"showIfSummonerSpell":"","hideIfSummonerSpell":"","appendAfterSection":"","visibleWithAllOf":[""],"hiddenWithAnyOf":[""],"items":[{"id":"3025","count":1,"hideCount":false},{"id":"3748","count":1,"hideCount":false},{"id":"4401","count":1,"hideCount":false}]},{"type":"consumables","recMath":false,"recSteps":false,"minSummonerLevel":-1,"maxSummonerLevel":-1,"showIfSummonerSpell":"","hideIfSummonerSpell":"","appendAfterSection":"","visibleWithAllOf":[""],"hiddenWithAnyOf":[""],"items":[{"id":"2003","count":1,"hideCount":true},{"id":"2138","count":1,"hideCount":true}]}]},{"champion":"Nasus","title":"NasusSR","map":"SR","mode":"CLASSIC","type":"riot","customTag":"","sortrank":0,"extensionPage":false,"useObviousCheckmark":false,"customPanel":null,"blocks":[{"type":"starting","recMath":false,"recSteps":false,"minSummonerLevel":-1,"maxSummonerLevel":-1,"showIfSummonerSpell":"","hideIfSummonerSpell":"SummonerSmite","appendAfterSection":"","visibleWithAllOf":[""],"hiddenWithAnyOf":[""],"items":[{"id":"1054","count":1,"hideCount":false},{"id":"2003","count":1,"hideCount":false},{"id":"3340","count":1,"hideCount":false}]},{"type":"early","recMath":false,"recSteps":false,"minSummonerLevel":-1,"maxSummonerLevel":-1,"showIfSummonerSpell":"","hideIfSummonerSpell":"SummonerSmite","appendAfterSection":"","visibleWithAllOf":[""],"hiddenWithAnyOf":[""],"items":[{"id":"3057","count":1,"hideCount":false},{"id":"3211","count":1,"hideCount":false},{"id":"1001","count":1,"hideCount":false}]},{"type":"startingjungle","recMath":false,"recSteps":false,"minSummonerLevel":-1,"maxSummonerLevel":-1,"showIfSummonerSpell":"SummonerSmite","hideIfSummonerSpell":"","appendAfterSection":"","visibleWithAllOf":[""],"hiddenWithAnyOf":[""],"items":[{"id":"1041","count":1,"hideCount":false},{"id":"2031","count":1,"hideCount":false},{"id":"3340","count":1,"hideCount":false}]},{"type":"earlyjungle","recMath":false,"recSteps":false,"minSummonerLevel":-1,"maxSummonerLevel":-1,"showIfSummonerSpell":"SummonerSmite","hideIfSummonerSpell":"","appendAfterSection":"","visibleWithAllOf":[""],"hiddenWithAnyOf":[""],"items":[{"id":"3057","count":1,"hideCount":false},{"id":"1401","count":1,"hideCount":false},{"id":"1001","count":1,"hideCount":false}]},{"type":"essential","recMath":false,"recSteps":false,"minSummonerLevel":-1,"maxSummonerLevel":-1,"showIfSummonerSpell":"","hideIfSummonerSpell":"","appendAfterSection":"","visibleWithAllOf":[""],"hiddenWithAnyOf":[""],"items":[{"id":"3111","count":1,"hideCount":false},{"id":"3078","count":1,"hideCount":false},{"id":"3065","count":1,"hideCount":false}]},{"type":"defensive","recMath":false,"recSteps":false,"minSummonerLevel":-1,"maxSummonerLevel":-1,"showIfSummonerSpell":"","hideIfSummonerSpell":"","appendAfterSection":"","visibleWithAllOf":[""],"hiddenWithAnyOf":[""],"items":[{"id":"3053","count":1,"hideCount":false},{"id":"3742","count":1,"hideCount":false},{"id":"3075","count":1,"hideCount":false}]},{"type":"situational","recMath":false,"recSteps":false,"minSummonerLevel":-1,"maxSummonerLevel":-1,"showIfSummonerSpell":"","hideIfSummonerSpell":"","appendAfterSection":"","visibleWithAllOf":[""],"hiddenWithAnyOf":[""],"items":[{"id":"3800","count":1,"hideCount":false},{"id":"3143","count":1,"hideCount":false},{"id":"3025","count":1,"hideCount":false}]},{"type":"consumables","recMath":false,"recSteps":false,"minSummonerLevel":-1,"maxSummonerLevel":-1,"showIfSummonerSpell":"","hideIfSummonerSpell":"","appendAfterSection":"","visibleWithAllOf":[""],"hiddenWithAnyOf":[""],"items":[{"id":"2003","count":1,"hideCount":true},{"id":"2138","count":1,"hideCount":true}]}]}]}}}