{"type":"champion","format":"standAloneComplex","version":"10.15.1","data":{"Nautilus":{"id":"Nautilus","key":"111","name":"Nautilus","title":"the Titan of the Depths","image":{"full":"Nautilus.png","sprite":"champion2.png","group":"champion","x":432,"y":48,"w":48,"h":48},"skins":[{"id":"111000","num":0,"name":"default","chromas":false},{"id":"111001","num":1,"name":"Abyssal Nautilus","chromas":false},{"id":"111002","num":2,"name":"Subterranean Nautilus","chromas":false},{"id":"111003","num":3,"name":"AstroNautilus","chromas":true},{"id":"111004","num":4,"name":"Warden Nautilus","chromas":false},{"id":"111005","num":5,"name":"Worldbreaker Nautilus","chromas":false},{"id":"111006","num":6,"name":"Conqueror Nautilus","chromas":false}],"lore":"A lonely legend as old as the first piers sunk in Bilgewater, the armored goliath known as Nautilus roams the dark waters off the coast of the Blue Flame Isles. Driven by a forgotten betrayal, he strikes without warning, swinging his enormous anchor to save the wretched, and drag the greedy to their doom. It is said he comes for those who forget to pay the “Bilgewater tithe”, pulling them down beneath the waves with him—an iron-clad reminder that none can escape the depths.","blurb":"A lonely legend as old as the first piers sunk in Bilgewater, the armored goliath known as Nautilus roams the dark waters off the coast of the Blue Flame Isles. Driven by a forgotten betrayal, he strikes without warning, swinging his enormous anchor to...","allytips":["While ganking, consider aiming Dredge Line at nearby terrain and following it up with Riptide for a higher hit rate.","Riptide has a delayed blast timing on activation - you can use this while running away or when enemies are incoming to serve as a deterrent."],"enemytips":["If Nautilus uses Riptide right next to you, hold in place until the ripple effect finishes before running. Running early will run straight into the secondary explosions, causing you to take additional damage and slow.","While Nautilus is shielded, he is capable of dealing large amounts of area of effect damage with his basic attacks - consider taking down the shield if you have time."],"tags":["Tank","Fighter"],"partype":"Mana","info":{"attack":4,"defense":6,"magic":6,"difficulty":6},"stats":{"hp":576.48,"hpperlevel":86,"mp":400,"mpperlevel":47,"movespeed":325,"armor":39,"armorperlevel":3.75,"spellblock":32.1,"spellblockperlevel":1.25,"attackrange":175,"hpregen":8.5,"hpregenperlevel":0.55,"mpregen":8.626,"mpregenperlevel":0.5,"crit":0,"critperlevel":0,"attackdamage":61,"attackdamageperlevel":3.3,"attackspeedperlevel":1,"attackspeed":0.706},"spells":[{"id":"NautilusAnchorDrag","name":"Dredge Line","description":"Nautilus hurls his anchor forward. If it hits a champion, he drags both himself and the opponent close together. If it hits terrain, Nautilus instead pulls himself to the anchor, the cooldown of Dredge Line is reduced by half, and half the Mana cost is refunded.","tooltip":"Nautilus hurls his anchor forward. If it hits an enemy unit, Nautilus drags himself and the target together dealing {{ e1 }} <scaleAP>(+{{ a1 }})</scaleAP> magic damage and stunning them briefly.<br /><br />If the anchor hits terrain, Nautilus will drag himself forward, the cooldown is reduced by {{ e3 }}% (<totalValue>{{ f1 }}</totalValue>), and {{ e4 }}% of the Mana cost is refunded.","leveltip":{"label":["Damage","Cooldown"],"effect":["{{ e1 }} -> {{ e1NL }}","{{ cooldown }} -> {{ cooldownNL }}"]},"maxrank":5,"cooldown":[14,13,12,11,10],"cooldownBurn":"14/13/12/11/10","cost":[60,60,60,60,60],"costBurn":"60","datavalues":{},"effect":[null,[70,115,160,205,250],[0,0,0,0,0],[50,50,50,50,50],[50,50,50,50,50],[0,0,0,0,0],[0,0,0,0,0],[0,0,0,0,0],[0,0,0,0,0],[0,0,0,0,0],[0,0,0,0,0]],"effectBurn":[null,"70/115/160/205/250","0","50","50","0","0","0","0","0","0"],"vars":[{"link":"spelldamage","coeff":0.9,"key":"a1"},{"link":"@special.nautilusq","coeff":0.5,"key":"f1"}],"costType":" {{ abilityresourcename }}","maxammo":"-1","range":[1150,1150,1150,1150,1150],"rangeBurn":"1150","image":{"full":"NautilusAnchorDrag.png","sprite":"spell8.png","group":"spell","x":0,"y":48,"w":48,"h":48},"resource":"{{ cost }} {{ abilityresourcename }}"},{"id":"NautilusPiercingGaze","name":"Titan's Wrath","description":"Nautilus surrounds himself with dark energies, gaining a shield that blocks incoming damage. While the shield persists, his attacks apply a damage over time effect to enemies around his target.","tooltip":"Nautilus surrounds himself with dark energies for {{ e3 }} seconds, shielding him from the next {{ e1 }} <scaleHealth>(+{{ f1 }})</scaleHealth> ({{ e2 }}% of his max Health) damage.<br /><br />While the shield persists, Nautilus' basic attacks deal {{ e4 }} <scaleAP>(+{{ a1 }})</scaleAP> bonus magic damage over 2 seconds to all enemies around his target.","leveltip":{"label":["Shield Amount","Bonus Magic Damage","% Max Health"],"effect":["{{ e1 }} -> {{ e1NL }}","{{ e4 }} -> {{ e4NL }}","{{ effect2amount*100.000000 }}% -> {{ effect2amountnl*100.000000 }}%"]},"maxrank":5,"cooldown":[12,12,12,12,12],"cooldownBurn":"12","cost":[80,80,80,80,80],"costBurn":"80","datavalues":{},"effect":[null,[60,70,80,90,100],[9,10,11,12,13],[6,6,6,6,6],[30,40,50,60,70],[0,0,0,0,0],[0,0,0,0,0],[0,0,0,0,0],[0,0,0,0,0],[0,0,0,0,0],[0,0,0,0,0]],"effectBurn":[null,"60/70/80/90/100","9/10/11/12/13","6","30/40/50/60/70","0","0","0","0","0","0"],"vars":[{"link":"bonushealth","coeff":0.1,"key":"f1"},{"link":"spelldamage","coeff":0.4,"key":"a1"}],"costType":" {{ abilityresourcename }}","maxammo":"-1","range":[350,350,350,350,350],"rangeBurn":"350","image":{"full":"NautilusPiercingGaze.png","sprite":"spell8.png","group":"spell","x":48,"y":48,"w":48,"h":48},"resource":"{{ cost }} {{ abilityresourcename }}"},{"id":"NautilusSplashZone","name":"Riptide","description":"Nautilus slams the ground, causing the earth to explode around him in a set of three explosions. Each explosion damages and slows enemies.","tooltip":"Nautilus slams the ground, causing the earth to explode around him. Each explosion deals {{ e1 }} <scaleAP>(+{{ a1 }})</scaleAP> magic damage to enemies in the area and slows them by {{ e2 }}% for {{ e4 }} seconds. This slow diminishes over time.<br /><br />A unit can be hit by more than one explosion, but they take {{ e3 }}% less damage from additional explosions.","leveltip":{"label":["Damage","Slow","Cooldown","@AbilityResourceName@ Cost"],"effect":["{{ e1 }} -> {{ e1NL }}","{{ effect2amount*100.000000 }}% -> {{ effect2amountnl*100.000000 }}%","{{ cooldown }} -> {{ cooldownNL }}","{{ cost }} -> {{ costNL }}"]},"maxrank":5,"cooldown":[7,6.5,6,5.5,5],"cooldownBurn":"7/6.5/6/5.5/5","cost":[50,60,70,80,90],"costBurn":"50/60/70/80/90","datavalues":{},"effect":[null,[55,85,115,145,175],[30,35,40,45,50],[50,50,50,50,50],[1.25,1.25,1.25,1.25,1.25],[0,0,0,0,0],[0,0,0,0,0],[0,0,0,0,0],[0,0,0,0,0],[0,0,0,0,0],[0,0,0,0,0]],"effectBurn":[null,"55/85/115/145/175","30/35/40/45/50","50","1.25","0","0","0","0","0","0"],"vars":[{"link":"spelldamage","coeff":0.3,"key":"a1"}],"costType":" {{ abilityresourcename }}","maxammo":"-1","range":[600,600,600,600,600],"rangeBurn":"600","image":{"full":"NautilusSplashZone.png","sprite":"spell8.png","group":"spell","x":96,"y":48,"w":48,"h":48},"resource":"{{ cost }} {{ abilityresourcename }}"},{"id":"NautilusGrandLine","name":"Depth Charge","description":"Nautilus fires a shockwave into the earth that chases an opponent. This shockwave rips up the earth above it, knocking enemies into the air. When it reaches the opponent, the shockwave erupts, knocking his target into the air and stunning them.","tooltip":"Nautilus fires a shockwave that chases an enemy champion, dealing {{ secondarytargetdamage }} magic damage to other enemies it passes through, knocking them into the air, and stunning them for {{ stunduration }} seconds.<br /><br />The shockwave explodes upon hitting its target dealing {{ primarytargetdamage }} magic damage, launching them into the air and stunning them for {{ stunduration }} seconds. ","leveltip":{"label":["Pass Through Damage","Secondary Damage","Stun Duration","Cooldown"],"effect":["{{ primarydamage }} -> {{ primarydamageNL }}","{{ secondarydamage }} -> {{ secondarydamageNL }}","{{ stunduration }} -> {{ stundurationNL }}","{{ cooldown }} -> {{ cooldownNL }}"]},"maxrank":3,"cooldown":[120,100,80],"cooldownBurn":"120/100/80","cost":[100,100,100],"costBurn":"100","datavalues":{},"effect":[null,[0,0,0],[0,0,0],[0,0,0],[0,0,0],[0,0,0],[0,0,0],[0,0,0],[0,0,0],[0,0,0],[0,0,0]],"effectBurn":[null,"0","0","0","0","0","0","0","0","0","0"],"vars":[],"costType":" {{ abilityresourcename }}","maxammo":"-1","range":[825,825,825],"rangeBurn":"825","image":{"full":"NautilusGrandLine.png","sprite":"spell8.png","group":"spell","x":144,"y":48,"w":48,"h":48},"resource":"{{ cost }} {{ abilityresourcename }}"}],"passive":{"name":"Staggering Blow","description":"Nautilus' basic attacks deal increased physical damage and roots his target briefly. Staggering blow cannot trigger more than once every few seconds on the same target.","image":{"full":"Nautilus_StaggeringBlow.png","sprite":"passive2.png","group":"passive","x":432,"y":48,"w":48,"h":48}},"recommended":[{"champion":"Nautilus","title":"Beginner","map":"SR","mode":"INTRO","type":"riot","customTag":"","extensionPage":false,"customPanel":null,"blocks":[{"type":"beginner_starter","recMath":false,"recSteps":false,"minSummonerLevel":-1,"maxSummonerLevel":4,"showIfSummonerSpell":"","hideIfSummonerSpell":"","items":[{"id":"3302","count":1,"hideCount":false}]},{"type":"beginner_starter","recMath":false,"recSteps":false,"minSummonerLevel":5,"maxSummonerLevel":-1,"showIfSummonerSpell":"","hideIfSummonerSpell":"","items":[{"id":"1054","count":1,"hideCount":false},{"id":"2003","count":1,"hideCount":false}]},{"type":"beginner_advanced","recMath":true,"recSteps":false,"minSummonerLevel":-1,"maxSummonerLevel":-1,"showIfSummonerSpell":"","hideIfSummonerSpell":"","items":[{"id":"1028","count":1,"hideCount":false},{"id":"1027","count":1,"hideCount":false},{"id":"3010","count":1,"hideCount":false}]},{"type":"beginner_movementspeed","recMath":true,"recSteps":false,"minSummonerLevel":-1,"maxSummonerLevel":-1,"showIfSummonerSpell":"","hideIfSummonerSpell":"","items":[{"id":"1001","count":1,"hideCount":false},{"id":"1029","count":1,"hideCount":false},{"id":"3047","count":1,"hideCount":false}]},{"type":"beginner_legendaryitem","recMath":true,"recSteps":false,"minSummonerLevel":-1,"maxSummonerLevel":-1,"showIfSummonerSpell":"","hideIfSummonerSpell":"","items":[{"id":"3010","count":1,"hideCount":false},{"id":"1026","count":1,"hideCount":false},{"id":"3027","count":1,"hideCount":false}]},{"type":"beginner_morelegendaryitems","recMath":false,"recSteps":false,"minSummonerLevel":-1,"maxSummonerLevel":-1,"showIfSummonerSpell":"","hideIfSummonerSpell":"","items":[{"id":"3068","count":1,"hideCount":false},{"id":"3110","count":1,"hideCount":false},{"id":"3001","count":1,"hideCount":false},{"id":"3151","count":1,"hideCount":false}]}]},{"champion":"Nautilus","title":"NautilusARAM","map":"HA","mode":"ARAM","type":"riot","customTag":"","sortrank":0,"extensionPage":false,"customPanel":null,"blocks":[{"type":"starting","recMath":false,"recSteps":false,"minSummonerLevel":-1,"maxSummonerLevel":-1,"showIfSummonerSpell":"","hideIfSummonerSpell":"","appendAfterSection":"","visibleWithAllOf":[""],"hiddenWithAnyOf":[""],"items":[{"id":"3010","count":1,"hideCount":false},{"id":"1001","count":1,"hideCount":false}]},{"type":"essential","recMath":false,"recSteps":false,"minSummonerLevel":-1,"maxSummonerLevel":-1,"showIfSummonerSpell":"","hideIfSummonerSpell":"","appendAfterSection":"","visibleWithAllOf":[""],"hiddenWithAnyOf":[""],"items":[{"id":"3029","count":1,"hideCount":false},{"id":"3111","count":1,"hideCount":false},{"id":"3109","count":1,"hideCount":false}]},{"type":"offensive","recMath":false,"recSteps":false,"minSummonerLevel":-1,"maxSummonerLevel":-1,"showIfSummonerSpell":"","hideIfSummonerSpell":"","appendAfterSection":"","visibleWithAllOf":[""],"hiddenWithAnyOf":[""],"items":[{"id":"3068","count":1,"hideCount":false},{"id":"3800","count":1,"hideCount":false},{"id":"3050","count":1,"hideCount":false}]},{"type":"defensive","recMath":false,"recSteps":false,"minSummonerLevel":-1,"maxSummonerLevel":-1,"showIfSummonerSpell":"","hideIfSummonerSpell":"","appendAfterSection":"","visibleWithAllOf":[""],"hiddenWithAnyOf":[""],"items":[{"id":"3001","count":1,"hideCount":false},{"id":"3110","count":1,"hideCount":false},{"id":"3075","count":1,"hideCount":false}]},{"type":"consumables","recMath":false,"recSteps":false,"minSummonerLevel":-1,"maxSummonerLevel":-1,"showIfSummonerSpell":"","hideIfSummonerSpell":"","appendAfterSection":"","visibleWithAllOf":[""],"hiddenWithAnyOf":[""],"items":[{"id":"2033","count":1,"hideCount":false},{"id":"2138","count":1,"hideCount":true}]}]},{"champion":"Nautilus","title":"NautilusFIRSTBLOOD","map":"HA","mode":"FIRSTBLOOD","type":"riot","customTag":"","extensionPage":false,"customPanel":null,"blocks":[{"type":"starting","recMath":false,"recSteps":false,"minSummonerLevel":-1,"maxSummonerLevel":-1,"showIfSummonerSpell":"","hideIfSummonerSpell":"SummonerSmite","items":[{"id":"3302","count":1,"hideCount":false},{"id":"2003","count":3,"hideCount":false},{"id":"3340","count":1,"hideCount":false}]},{"type":"startingjungle","recMath":false,"recSteps":false,"minSummonerLevel":-1,"maxSummonerLevel":-1,"showIfSummonerSpell":"SummonerSmite","hideIfSummonerSpell":"","items":[{"id":"1039","count":1,"hideCount":false},{"id":"2003","count":2,"hideCount":false},{"id":"3340","count":1,"hideCount":false}]},{"type":"essential","recMath":false,"recSteps":false,"minSummonerLevel":-1,"maxSummonerLevel":-1,"showIfSummonerSpell":"","hideIfSummonerSpell":"SummonerSmite","items":[{"id":"2049","count":1,"hideCount":false},{"id":"3401","count":1,"hideCount":false},{"id":"3117","count":1,"hideCount":false}]},{"type":"essentialjungle","recMath":false,"recSteps":false,"minSummonerLevel":-1,"maxSummonerLevel":-1,"showIfSummonerSpell":"SummonerSmite","hideIfSummonerSpell":"","items":[{"id":"1409","count":1,"hideCount":false},{"id":"3110","count":1,"hideCount":false},{"id":"3117","count":1,"hideCount":false}]},{"type":"offensive","recMath":false,"recSteps":false,"minSummonerLevel":-1,"maxSummonerLevel":-1,"showIfSummonerSpell":"","hideIfSummonerSpell":"SummonerSmite","items":[{"id":"3800","count":1,"hideCount":false},{"id":"3001","count":1,"hideCount":false},{"id":"3068","count":1,"hideCount":false}]},{"type":"offensive","recMath":false,"recSteps":false,"minSummonerLevel":-1,"maxSummonerLevel":-1,"showIfSummonerSpell":"SummonerSmite","hideIfSummonerSpell":"","items":[{"id":"3800","count":1,"hideCount":false},{"id":"3001","count":1,"hideCount":false}]},{"type":"defensive","recMath":false,"recSteps":false,"minSummonerLevel":-1,"maxSummonerLevel":-1,"showIfSummonerSpell":"","hideIfSummonerSpell":"","items":[{"id":"3742","count":1,"hideCount":false},{"id":"3190","count":1,"hideCount":false},{"id":"3143","count":1,"hideCount":false}]},{"type":"consumables","recMath":false,"recSteps":false,"minSummonerLevel":-1,"maxSummonerLevel":-1,"showIfSummonerSpell":"","hideIfSummonerSpell":"","items":[{"id":"2003","count":1,"hideCount":false},{"id":"2043","count":1,"hideCount":false},{"id":"2138","count":1,"hideCount":false}]}]},{"champion":"Nautilus","title":"NautilusARAM","map":"HA","mode":"KINGPORO","type":"riot","customTag":"","sortrank":0,"extensionPage":false,"customPanel":null,"blocks":[{"type":"KingPoroSnax","recMath":false,"recSteps":false,"minSummonerLevel":-1,"maxSummonerLevel":-1,"showIfSummonerSpell":"","hideIfSummonerSpell":"","items":[{"id":"3680","count":1,"hideCount":false},{"id":"3681","count":1,"hideCount":false},{"id":"3682","count":1,"hideCount":false},{"id":"3683","count":1,"hideCount":false},{"id":"3684","count":1,"hideCount":false},{"id":"3685","count":1,"hideCount":false}]},{"type":"starting","recMath":false,"recSteps":false,"minSummonerLevel":-1,"maxSummonerLevel":-1,"showIfSummonerSpell":"","hideIfSummonerSpell":"","appendAfterSection":"","visibleWithAllOf":[""],"hiddenWithAnyOf":[""],"items":[{"id":"3010","count":1,"hideCount":false},{"id":"1001","count":1,"hideCount":false}]},{"type":"essential","recMath":false,"recSteps":false,"minSummonerLevel":-1,"maxSummonerLevel":-1,"showIfSummonerSpell":"","hideIfSummonerSpell":"","appendAfterSection":"","visibleWithAllOf":[""],"hiddenWithAnyOf":[""],"items":[{"id":"3029","count":1,"hideCount":false},{"id":"3111","count":1,"hideCount":false},{"id":"3109","count":1,"hideCount":false}]},{"type":"offensive","recMath":false,"recSteps":false,"minSummonerLevel":-1,"maxSummonerLevel":-1,"showIfSummonerSpell":"","hideIfSummonerSpell":"","appendAfterSection":"","visibleWithAllOf":[""],"hiddenWithAnyOf":[""],"items":[{"id":"3068","count":1,"hideCount":false},{"id":"3800","count":1,"hideCount":false},{"id":"3050","count":1,"hideCount":false}]},{"type":"defensive","recMath":false,"recSteps":false,"minSummonerLevel":-1,"maxSummonerLevel":-1,"showIfSummonerSpell":"","hideIfSummonerSpell":"","appendAfterSection":"","visibleWithAllOf":[""],"hiddenWithAnyOf":[""],"items":[{"id":"3001","count":1,"hideCount":false},{"id":"3110","count":1,"hideCount":false},{"id":"3075","count":1,"hideCount":false}]},{"type":"consumables","recMath":false,"recSteps":false,"minSummonerLevel":-1,"maxSummonerLevel":-1,"showIfSummonerSpell":"","hideIfSummonerSpell":"","appendAfterSection":"","visibleWithAllOf":[""],"hiddenWithAnyOf":[""],"items":[{"id":"2033","count":1,"hideCount":false},{"id":"2138","count":1,"hideCount":true}]}]},{"champion":"Nautilus","title":"NautilusSL","map":"NB","mode":"NEXUSBLITZ","type":"riot","customTag":"","sortrank":0,"extensionPage":false,"useObviousCheckmark":false,"customPanel":null,"blocks":[{"type":"starting","recMath":false,"recSteps":false,"minSummonerLevel":-1,"maxSummonerLevel":-1,"showIfSummonerSpell":"","hideIfSummonerSpell":"SummonerSmite","appendAfterSection":"","visibleWithAllOf":[""],"hiddenWithAnyOf":[""],"items":[{"id":"4201","count":1,"hideCount":false},{"id":"2003","count":1,"hideCount":false},{"id":"3340","count":1,"hideCount":false}]},{"type":"startingjungle","recMath":false,"recSteps":false,"minSummonerLevel":-1,"maxSummonerLevel":-1,"showIfSummonerSpell":"SummonerSmite","hideIfSummonerSpell":"","appendAfterSection":"","visibleWithAllOf":[""],"hiddenWithAnyOf":[""],"items":[{"id":"4101","count":1,"hideCount":false},{"id":"2003","count":1,"hideCount":false},{"id":"3340","count":1,"hideCount":false}]},{"type":"early","recMath":false,"recSteps":false,"minSummonerLevel":-1,"maxSummonerLevel":-1,"showIfSummonerSpell":"","hideIfSummonerSpell":"SummonerSmite","appendAfterSection":"","visibleWithAllOf":[""],"hiddenWithAnyOf":[""],"items":[{"id":"1001","count":1,"hideCount":false},{"id":"3211","count":1,"hideCount":false},{"id":"3024","count":1,"hideCount":false}]},{"type":"earlyjungle","recMath":false,"recSteps":false,"minSummonerLevel":-1,"maxSummonerLevel":-1,"showIfSummonerSpell":"SummonerSmite","hideIfSummonerSpell":"","appendAfterSection":"","visibleWithAllOf":[""],"hiddenWithAnyOf":[""],"items":[{"id":"1001","count":1,"hideCount":false},{"id":"3751","count":1,"hideCount":false}]},{"type":"essential","recMath":false,"recSteps":false,"minSummonerLevel":-1,"maxSummonerLevel":-1,"showIfSummonerSpell":"","hideIfSummonerSpell":"SummonerSmite","appendAfterSection":"","visibleWithAllOf":[""],"hiddenWithAnyOf":[""],"items":[{"id":"3047","count":1,"hideCount":false},{"id":"3068","count":1,"hideCount":false},{"id":"3110","count":1,"hideCount":false}]},{"type":"essentialjungle","recMath":false,"recSteps":false,"minSummonerLevel":-1,"maxSummonerLevel":-1,"showIfSummonerSpell":"SummonerSmite","hideIfSummonerSpell":"","appendAfterSection":"","visibleWithAllOf":[""],"hiddenWithAnyOf":[""],"items":[{"id":"4103","count":1,"hideCount":false},{"id":"3047","count":1,"hideCount":false},{"id":"3110","count":1,"hideCount":false}]},{"type":"offensive","recMath":false,"recSteps":false,"minSummonerLevel":-1,"maxSummonerLevel":-1,"showIfSummonerSpell":"","hideIfSummonerSpell":"","appendAfterSection":"","visibleWithAllOf":[""],"hiddenWithAnyOf":[""],"items":[{"id":"3800","count":1,"hideCount":false},{"id":"3001","count":1,"hideCount":false},{"id":"3742","count":1,"hideCount":false}]},{"type":"defensive","recMath":false,"recSteps":false,"minSummonerLevel":-1,"maxSummonerLevel":-1,"showIfSummonerSpell":"","hideIfSummonerSpell":"","appendAfterSection":"","visibleWithAllOf":[""],"hiddenWithAnyOf":[""],"items":[{"id":"3193","count":1,"hideCount":false},{"id":"3075","count":1,"hideCount":false},{"id":"3083","count":1,"hideCount":false}]},{"type":"consumables","recMath":false,"recSteps":false,"minSummonerLevel":-1,"maxSummonerLevel":-1,"showIfSummonerSpell":"","hideIfSummonerSpell":"","appendAfterSection":"","visibleWithAllOf":[""],"hiddenWithAnyOf":[""],"items":[{"id":"2003","count":1,"hideCount":true},{"id":"2138","count":1,"hideCount":true}]}]},{"champion":"Nautilus","title":"NautilusSR","map":"SR","mode":"CLASSIC","type":"riot","customTag":"","sortrank":0,"extensionPage":false,"useObviousCheckmark":false,"customPanel":null,"blocks":[{"type":"starting","recMath":false,"recSteps":false,"minSummonerLevel":-1,"maxSummonerLevel":-1,"showIfSummonerSpell":"","hideIfSummonerSpell":"SummonerSmite","appendAfterSection":"","visibleWithAllOf":[""],"hiddenWithAnyOf":[""],"items":[{"id":"2033","count":1,"hideCount":false},{"id":"3340","count":1,"hideCount":false}]},{"type":"startingjungle","recMath":false,"recSteps":false,"minSummonerLevel":-1,"maxSummonerLevel":-1,"showIfSummonerSpell":"SummonerSmite","hideIfSummonerSpell":"","appendAfterSection":"","visibleWithAllOf":[""],"hiddenWithAnyOf":[""],"items":[{"id":"1039","count":1,"hideCount":false},{"id":"2003","count":3,"hideCount":false},{"id":"3340","count":1,"hideCount":false}]},{"type":"early","recMath":false,"recSteps":false,"minSummonerLevel":-1,"maxSummonerLevel":-1,"showIfSummonerSpell":"","hideIfSummonerSpell":"SummonerSmite","appendAfterSection":"","visibleWithAllOf":[""],"hiddenWithAnyOf":[""],"items":[{"id":"1001","count":1,"hideCount":false},{"id":"3751","count":1,"hideCount":false},{"id":"3211","count":1,"hideCount":false}]},{"type":"earlyjungle","recMath":false,"recSteps":false,"minSummonerLevel":-1,"maxSummonerLevel":-1,"showIfSummonerSpell":"SummonerSmite","hideIfSummonerSpell":"","appendAfterSection":"","visibleWithAllOf":[""],"hiddenWithAnyOf":[""],"items":[{"id":"3715","count":1,"hideCount":false},{"id":"3751","count":1,"hideCount":false},{"id":"1001","count":1,"hideCount":false}]},{"type":"essential","recMath":false,"recSteps":false,"minSummonerLevel":-1,"maxSummonerLevel":-1,"showIfSummonerSpell":"","hideIfSummonerSpell":"SummonerSmite","appendAfterSection":"","visibleWithAllOf":[""],"hiddenWithAnyOf":[""],"items":[{"id":"3047","count":1,"hideCount":false},{"id":"3068","count":1,"hideCount":false},{"id":"3194","count":1,"hideCount":false}]},{"type":"essentialjungle","recMath":false,"recSteps":false,"minSummonerLevel":-1,"maxSummonerLevel":-1,"showIfSummonerSpell":"SummonerSmite","hideIfSummonerSpell":"","appendAfterSection":"","visibleWithAllOf":[""],"hiddenWithAnyOf":[""],"items":[{"id":"1413","count":1,"hideCount":false},{"id":"3110","count":1,"hideCount":false},{"id":"3117","count":1,"hideCount":false}]},{"type":"offensive","recMath":false,"recSteps":false,"minSummonerLevel":-1,"maxSummonerLevel":-1,"showIfSummonerSpell":"","hideIfSummonerSpell":"","appendAfterSection":"","visibleWithAllOf":[""],"hiddenWithAnyOf":[""],"items":[{"id":"3800","count":1,"hideCount":false},{"id":"3001","count":1,"hideCount":false},{"id":"3742","count":1,"hideCount":false}]},{"type":"defensive","recMath":false,"recSteps":false,"minSummonerLevel":-1,"maxSummonerLevel":-1,"showIfSummonerSpell":"","hideIfSummonerSpell":"","appendAfterSection":"","visibleWithAllOf":[""],"hiddenWithAnyOf":[""],"items":[{"id":"3193","count":1,"hideCount":false},{"id":"3075","count":1,"hideCount":false},{"id":"3083","count":1,"hideCount":false}]},{"type":"consumables","recMath":false,"recSteps":false,"minSummonerLevel":-1,"maxSummonerLevel":-1,"showIfSummonerSpell":"","hideIfSummonerSpell":"","appendAfterSection":"","visibleWithAllOf":[""],"hiddenWithAnyOf":[""],"items":[{"id":"2003","count":1,"hideCount":true},{"id":"2138","count":1,"hideCount":true}]}]},{"champion":"Nautilus","title":"NautilusSupport","map":"any","mode":"any","type":"riot-support","customTag":"","sortrank":0,"extensionPage":false,"useObviousCheckmark":false,"customPanel":null,"blocks":[{"type":"starting","recMath":false,"recSteps":false,"minSummonerLevel":-1,"maxSummonerLevel":-1,"showIfSummonerSpell":"","hideIfSummonerSpell":"","appendAfterSection":"","visibleWithAllOf":[""],"hiddenWithAnyOf":[""],"items":[{"id":"3858","count":1,"hideCount":false},{"id":"2003","count":2,"hideCount":false},{"id":"3340","count":1,"hideCount":false}]},{"type":"early","recMath":false,"recSteps":false,"minSummonerLevel":-1,"maxSummonerLevel":-1,"showIfSummonerSpell":"","hideIfSummonerSpell":"","appendAfterSection":"","visibleWithAllOf":[""],"hiddenWithAnyOf":[""],"items":[{"id":"1001","count":1,"hideCount":false},{"id":"3024","count":1,"hideCount":false},{"id":"3067","count":1,"hideCount":false}]},{"type":"essential","recMath":false,"recSteps":false,"minSummonerLevel":-1,"maxSummonerLevel":-1,"showIfSummonerSpell":"","hideIfSummonerSpell":"","appendAfterSection":"","visibleWithAllOf":[""],"hiddenWithAnyOf":[""],"items":[{"id":"3047","count":1,"hideCount":false},{"id":"3050","count":1,"hideCount":false},{"id":"3109","count":1,"hideCount":false}]},{"type":"offensive","recMath":false,"recSteps":false,"minSummonerLevel":-1,"maxSummonerLevel":-1,"showIfSummonerSpell":"","hideIfSummonerSpell":"","appendAfterSection":"","visibleWithAllOf":[""],"hiddenWithAnyOf":[""],"items":[{"id":"3742","count":1,"hideCount":false},{"id":"3068","count":1,"hideCount":false},{"id":"3800","count":1,"hideCount":false}]},{"type":"defensive","recMath":false,"recSteps":false,"minSummonerLevel":-1,"maxSummonerLevel":-1,"showIfSummonerSpell":"","hideIfSummonerSpell":"","appendAfterSection":"","visibleWithAllOf":[""],"hiddenWithAnyOf":[""],"items":[{"id":"3083","count":1,"hideCount":false},{"id":"3193","count":1,"hideCount":false},{"id":"3194","count":1,"hideCount":false}]},{"type":"consumables","recMath":false,"recSteps":false,"minSummonerLevel":-1,"maxSummonerLevel":-1,"showIfSummonerSpell":"","hideIfSummonerSpell":"","appendAfterSection":"","visibleWithAllOf":[""],"hiddenWithAnyOf":[""],"items":[{"id":"2003","count":1,"hideCount":false},{"id":"2138","count":1,"hideCount":false}]}]}]}}}