{"type":"champion","format":"standAloneComplex","version":"10.15.1","data":{"Nidalee":{"id":"Nidalee","key":"76","name":"Nidalee","title":"the Bestial Huntress","image":{"full":"Nidalee.png","sprite":"champion2.png","group":"champion","x":48,"y":96,"w":48,"h":48},"skins":[{"id":"76000","num":0,"name":"default","chromas":false},{"id":"76001","num":1,"name":"Snow Bunny Nidalee","chromas":false},{"id":"76002","num":2,"name":"Leopard Nidalee","chromas":false},{"id":"76003","num":3,"name":"French Maid Nidalee","chromas":false},{"id":"76004","num":4,"name":"Pharaoh Nidalee","chromas":false},{"id":"76005","num":5,"name":"Bewitching Nidalee","chromas":false},{"id":"76006","num":6,"name":"Headhunter Nidalee","chromas":false},{"id":"76007","num":7,"name":"Warring Kingdoms Nidalee","chromas":false},{"id":"76008","num":8,"name":"Challenger Nidalee","chromas":true},{"id":"76009","num":9,"name":"Super Galaxy Nidalee","chromas":false},{"id":"76011","num":11,"name":"Dawnbringer Nidalee","chromas":true}],"lore":"Raised in the deepest jungle, Nidalee is a master tracker who can shapeshift into a ferocious cougar at will. Neither wholly woman nor beast, she viciously defends her territory from any and all trespassers, with carefully placed traps and deft spear throws. She cripples her quarry before pouncing on them in feline form—the lucky few who survive tell tales of a wild woman with razor-sharp instincts, and even sharper claws...","blurb":"Raised in the deepest jungle, Nidalee is a master tracker who can shapeshift into a ferocious cougar at will. Neither wholly woman nor beast, she viciously defends her territory from any and all trespassers, with carefully placed traps and deft spear...","allytips":["Use brush to your advantage! Moving in and out of brush can heavily alter your effectiveness in battle.","Start team fights by harassing with your Javelin Toss, and then switch to cougar form to chase down Hunted targets.","Bushwhack traps deal damage based on their victim's current Health. Set them up in your team's backline before fights break out during sieges to help your team deal damage to the enemy frontline."],"enemytips":["Nidalee's Hunt debuff is only applied with Javelin Toss and Bushwhack. Avoiding being hit by these abilities will impair her ability to deal follow-up damage.","Nidalee's Javelin Toss deals more damage the farther she is. If she is far away, it's imperative to dodge it.","Nidalee's Takedown deals extreme damage to Hunted targets, but she has to get close to use it. Save your crowd control or defensive abilities for when she goes in for the kill."],"tags":["Assassin","Mage"],"partype":"Mana","info":{"attack":5,"defense":4,"magic":7,"difficulty":8},"stats":{"hp":545,"hpperlevel":85,"mp":295.6,"mpperlevel":45,"movespeed":335,"armor":28,"armorperlevel":3.5,"spellblock":30,"spellblockperlevel":0.5,"attackrange":525,"hpregen":6,"hpregenperlevel":0.6,"mpregen":6,"mpregenperlevel":0.8,"crit":0,"critperlevel":0,"attackdamage":61,"attackdamageperlevel":3.5,"attackspeedperlevel":3.22,"attackspeed":0.638},"spells":[{"id":"JavelinToss","name":"Javelin Toss / Takedown","description":"In human form, Nidalee throws a spiked javelin at her target that gains damage as it flies.  As a cougar, her next attack will attempt to fatally wound her target, dealing more damage the less life they have.","tooltip":"<span class=\"size18 colorFF9900\">Human: </span>Nidalee throws her javelin, dealing {{ e1 }} <scaleAP>(+{{ a2 }})</scaleAP> magic damage. If it exceeds her basic attack range, it gains damage based on distance flown, up to a potential {{ e2 }} <scaleAP>(+{{ a1 }})</scaleAP> total damage.<br /><br /><span class=\"size18 colorFF9900\">Cougar: </span>Nidalee's next attack deals additional damage, greatly increased on low health targets.","leveltip":{"label":["Javelin Minimum Damage","Javelin Maximum Damage","Javelin Mana Cost"],"effect":["{{ e1 }} -> {{ e1NL }}","{{ e2 }} -> {{ e2NL }}","{{ cost }} -> {{ costNL }}"]},"maxrank":5,"cooldown":[6,6,6,6,6],"cooldownBurn":"6","cost":[50,60,70,80,90],"costBurn":"50/60/70/80/90","datavalues":{},"effect":[null,[70,85,100,115,130],[210,255,300,345,390],[0,0,0,0,0],[0,0,0,0,0],[0.4,0.4,0.4,0.4,0.4],[1.2,1.2,1.2,1.2,1.2],[525,525,525,525,525],[0,0,0,0,0],[0,0,0,0,0],[0,0,0,0,0]],"effectBurn":[null,"70/85/100/115/130","210/255/300/345/390","0","0","0.4","1.2","525","0","0","0"],"vars":[{"link":"spelldamage","coeff":0.5,"key":"a2"},{"link":"spelldamage","coeff":1.5,"key":"a1"}],"costType":" {{ abilityresourcename }}","maxammo":"-1","range":[1500,1500,1500,1500,1500],"rangeBurn":"1500","image":{"full":"JavelinToss.png","sprite":"spell8.png","group":"spell","x":384,"y":48,"w":48,"h":48},"resource":"{{ cost }} {{ abilityresourcename }}"},{"id":"Bushwhack","name":"Bushwhack / Pounce","description":"In human form, Nidalee lays a trap for unwary opponents that, when sprung, damages and reveals its target. As a cougar, she jumps in a direction, dealing damage in an area where she lands.","tooltip":"<span class=\"size18 colorFF9900\">Human: </span>Nidalee places an invisible trap that lasts for 2 minutes. The trap triggers when an enemy walks over it, revealing the victim and bleeding them for {{ e7 }} <scaleAP>(+{{ a2 }})</scaleAP> magic damage over 4 seconds.<br /><br /><scaleLevel>{{ f4 }}</scaleLevel> traps may be active at once. (Maximum traps increases at level 6, 11 and 16)<br /><br /><span class=\"size18 colorFF9900\">Cougar: </span>Nidalee lunges in target direction, dealing damage to nearby enemies.","leveltip":{"label":["Trap Damage","Trap Cooldown","Trap Mana Cost"],"effect":["{{ e7 }} -> {{ e7NL }}","{{ cooldown }} -> {{ cooldownNL }}","{{ cost }} -> {{ costNL }}"]},"maxrank":5,"cooldown":[13,12,11,10,9],"cooldownBurn":"13/12/11/10/9","cost":[40,45,50,55,60],"costBurn":"40/45/50/55/60","datavalues":{},"effect":[null,[0,0,0,0,0],[0,0,0,0,0],[4,4,4,4,4],[13,12,11,10,9],[10,20,30,40,50],[120,120,120,120,120],[40,80,120,160,200],[0,0,0,0,0],[0,0,0,0,0],[0,0,0,0,0]],"effectBurn":[null,"0","0","4","13/12/11/10/9","10/20/30/40/50","120","40/80/120/160/200","0","0","0"],"vars":[{"link":"spelldamage","coeff":0.2,"key":"a2"}],"costType":" {{ abilityresourcename }}","maxammo":"0","range":[900,900,900,900,900],"rangeBurn":"900","image":{"full":"Bushwhack.png","sprite":"spell8.png","group":"spell","x":432,"y":48,"w":48,"h":48},"resource":"{{ cost }} {{ abilityresourcename }}"},{"id":"PrimalSurge","name":"Primal Surge / Swipe","description":"In human form, Nidalee channels the spirit of the cougar to heal her allies and imbue them with Attack Speed for a short duration. As a cougar, she claws in a direction, dealing damage to enemies in front of her.","tooltip":"<span class=\"size18 colorFF9900\">Human: </span>Nidalee heals target ally champion for {{ e1 }} <scaleAP>(+{{ a2 }})</scaleAP> to {{ e2 }} <scaleAP>(+{{ f3 }})</scaleAP> based on their missing health and grants them {{ e4 }}% Attack Speed for 7 seconds.<br /><br /><span class=\"size18 colorFF9900\">Cougar: </span>Nidalee claws at enemies in target direction.","leveltip":{"label":["Primal Surge Heal","Primal Surge Attack Speed","Primal Surge Mana Cost"],"effect":["{{ e1 }} -> {{ e1NL }}","{{ e4 }}% -> {{ e4NL }}%","{{ cost }} -> {{ costNL }}"]},"maxrank":5,"cooldown":[12,12,12,12,12],"cooldownBurn":"12","cost":[60,75,90,105,120],"costBurn":"60/75/90/105/120","datavalues":{},"effect":[null,[35,55,75,95,115],[70,110,150,190,230],[0,0,0,0,0],[20,30,40,50,60],[0,0,0,0,0],[0.05,0.05,0.05,0.05,0.05],[2,2,2,2,2],[0,0,0,0,0],[0,0,0,0,0],[0,0,0,0,0]],"effectBurn":[null,"35/55/75/95/115","70/110/150/190/230","0","20/30/40/50/60","0","0.05","2","0","0","0"],"vars":[{"link":"spelldamage","coeff":0.325,"key":"a2"}],"costType":" {{ abilityresourcename }}","maxammo":"-1","range":[600,600,600,600,600],"rangeBurn":"600","image":{"full":"PrimalSurge.png","sprite":"spell8.png","group":"spell","x":0,"y":96,"w":48,"h":48},"resource":"{{ cost }} {{ abilityresourcename }}"},{"id":"AspectOfTheCougar","name":"Aspect Of The Cougar","description":"Nidalee transforms into a cougar, gaining new abilities.","tooltip":"<span class=\"size18 colorFF9900\">Human: </span>Nidalee transforms into a vicious cougar with the basic abilities Takedown, Pounce, and Swipe.<br /><br /><span class=\"size18 colorFF9900\">Cougar: </span>Nidalee transforms back into human form. While in human form, triggering a <keywordMajor>Hunt</keywordMajor> resets the cooldown of Aspect of the Cougar.","leveltip":{"label":["Takedown Damage","Takedown Damage Amp","Pounce Damage","Swipe Damage","Enhanced Pounce Cooldown"],"effect":["{{ takedownbasedamage }} -> {{ takedownbasedamageNL }}","{{ takedowndamageamp }}% -> {{ takedowndamageampNL }}%","{{ pouncedamage }} -> {{ pouncedamageNL }}","{{ swipedamage }} -> {{ swipedamageNL }}","{{ pouncecooldown }} -> {{ pouncecooldownNL }}"]},"maxrank":4,"cooldown":[3,3,3,3],"cooldownBurn":"3","cost":[0,0,0,0],"costBurn":"0","datavalues":{},"effect":[null,[0,0,0,0],[0,0,0,0],[0,0,0,0],[0,0,0,0],[0,0,0,0],[6,6,6,6],[0,0,0,0],[10,10,10,10],[0,0,0,0],[0,0,0,0]],"effectBurn":[null,"0","0","0","0","0","6","0","10","0","0"],"vars":[],"costType":"No Cost","maxammo":"-1","range":[20,20,20,20],"rangeBurn":"20","image":{"full":"AspectOfTheCougar.png","sprite":"spell8.png","group":"spell","x":48,"y":96,"w":48,"h":48},"resource":"No Cost"}],"passive":{"name":"Prowl","description":"Moving through brush increases Nidalee's Movement Speed by 10% for 2 seconds, increased to 30% toward visible enemy champions within 1400 range.<br><br>Hitting champions or monsters with Javelin Toss or Bushwhack triggers a <font color='#FFF673'>Hunt</font>, granting <font color='#ee91d7'>True Sight</font> of them for 4 seconds. During this time, Nidalee gains 10% Movement Speed (increased to 30% toward the <font color='#FFF673'>Hunted</font> target) and her Takedown and Pounce are enhanced against them.","image":{"full":"Nidalee_Passive.png","sprite":"passive2.png","group":"passive","x":48,"y":96,"w":48,"h":48}},"recommended":[{"champion":"Nidalee","title":"Beginner","map":"SR","mode":"INTRO","type":"riot","customTag":"","extensionPage":false,"customPanel":null,"blocks":[{"type":"beginner_starter","recMath":false,"recSteps":false,"minSummonerLevel":-1,"maxSummonerLevel":4,"showIfSummonerSpell":"","hideIfSummonerSpell":"","items":[{"id":"1056","count":1,"hideCount":false},{"id":"2003","count":2,"hideCount":false}]},{"type":"beginner_starter","recMath":false,"recSteps":false,"minSummonerLevel":5,"maxSummonerLevel":-1,"showIfSummonerSpell":"","hideIfSummonerSpell":"","items":[{"id":"1056","count":1,"hideCount":false},{"id":"2003","count":2,"hideCount":false}]},{"type":"beginner_advanced","recMath":true,"recSteps":false,"minSummonerLevel":-1,"maxSummonerLevel":-1,"showIfSummonerSpell":"","hideIfSummonerSpell":"","items":[{"id":"1028","count":1,"hideCount":false},{"id":"1027","count":1,"hideCount":false},{"id":"3010","count":1,"hideCount":false}]},{"type":"beginner_movementspeed","recMath":true,"recSteps":false,"minSummonerLevel":-1,"maxSummonerLevel":-1,"showIfSummonerSpell":"","hideIfSummonerSpell":"","items":[{"id":"1001","count":1,"hideCount":false},{"id":"3020","count":1,"hideCount":false}]},{"type":"beginner_legendaryitem","recMath":true,"recSteps":false,"minSummonerLevel":-1,"maxSummonerLevel":-1,"showIfSummonerSpell":"","hideIfSummonerSpell":"","items":[{"id":"3010","count":1,"hideCount":false},{"id":"1026","count":1,"hideCount":false},{"id":"3027","count":1,"hideCount":false}]},{"type":"beginner_morelegendaryitems","recMath":false,"recSteps":false,"minSummonerLevel":-1,"maxSummonerLevel":-1,"showIfSummonerSpell":"","hideIfSummonerSpell":"","items":[{"id":"3028","count":1,"hideCount":false},{"id":"3108","count":1,"hideCount":false},{"id":"3174","count":1,"hideCount":false}]}]},{"champion":"Nidalee","title":"NidaleeARAM","map":"HA","mode":"ARAM","type":"riot","customTag":"","sortrank":0,"extensionPage":false,"customPanel":null,"blocks":[{"type":"starting","recMath":false,"recSteps":false,"minSummonerLevel":-1,"maxSummonerLevel":-1,"showIfSummonerSpell":"","hideIfSummonerSpell":"","appendAfterSection":"","visibleWithAllOf":[""],"hiddenWithAnyOf":[""],"items":[{"id":"3073","count":1,"hideCount":false},{"id":"1001","count":1,"hideCount":false},{"id":"2003","count":5,"hideCount":false}]},{"type":"essential","recMath":false,"recSteps":false,"minSummonerLevel":-1,"maxSummonerLevel":-1,"showIfSummonerSpell":"","hideIfSummonerSpell":"","appendAfterSection":"","visibleWithAllOf":[""],"hiddenWithAnyOf":[""],"items":[{"id":"3007","count":1,"hideCount":false},{"id":"3020","count":1,"hideCount":false},{"id":"3100","count":1,"hideCount":false}]},{"type":"offensive","recMath":false,"recSteps":false,"minSummonerLevel":-1,"maxSummonerLevel":-1,"showIfSummonerSpell":"","hideIfSummonerSpell":"","appendAfterSection":"","visibleWithAllOf":[""],"hiddenWithAnyOf":[""],"items":[{"id":"3089","count":1,"hideCount":false},{"id":"3165","count":1,"hideCount":false},{"id":"3135","count":1,"hideCount":false}]},{"type":"defensive","recMath":false,"recSteps":false,"minSummonerLevel":-1,"maxSummonerLevel":-1,"showIfSummonerSpell":"","hideIfSummonerSpell":"","appendAfterSection":"","visibleWithAllOf":[""],"hiddenWithAnyOf":[""],"items":[{"id":"3157","count":1,"hideCount":false},{"id":"3102","count":1,"hideCount":false},{"id":"3151","count":1,"hideCount":false}]},{"type":"offmeta","recMath":false,"recSteps":false,"minSummonerLevel":-1,"maxSummonerLevel":-1,"showIfSummonerSpell":"","hideIfSummonerSpell":"","appendAfterSection":"","visibleWithAllOf":[""],"hiddenWithAnyOf":[""],"items":[{"id":"3504","count":1,"hideCount":false},{"id":"3174","count":1,"hideCount":false},{"id":"3107","count":1,"hideCount":false}]},{"type":"consumables","recMath":false,"recSteps":false,"minSummonerLevel":-1,"maxSummonerLevel":-1,"showIfSummonerSpell":"","hideIfSummonerSpell":"","appendAfterSection":"","visibleWithAllOf":[""],"hiddenWithAnyOf":[""],"items":[{"id":"2033","count":1,"hideCount":false},{"id":"2139","count":1,"hideCount":true}]}]},{"champion":"Nidalee","title":"NidaleeFIRSTBLOOD","map":"HA","mode":"FIRSTBLOOD","type":"riot","customTag":"","extensionPage":false,"customPanel":null,"blocks":[{"type":"starting","recMath":false,"recSteps":false,"minSummonerLevel":-1,"maxSummonerLevel":-1,"showIfSummonerSpell":"","hideIfSummonerSpell":"SummonerSmite","items":[{"id":"1056","count":1,"hideCount":false},{"id":"2003","count":2,"hideCount":false},{"id":"3340","count":1,"hideCount":false}]},{"type":"startingjungle","recMath":false,"recSteps":false,"minSummonerLevel":-1,"maxSummonerLevel":-1,"showIfSummonerSpell":"SummonerSmite","hideIfSummonerSpell":"","items":[{"id":"1039","count":1,"hideCount":false},{"id":"2031","count":1,"hideCount":false},{"id":"3340","count":1,"hideCount":false}]},{"type":"essential","recMath":false,"recSteps":false,"minSummonerLevel":-1,"maxSummonerLevel":-1,"showIfSummonerSpell":"","hideIfSummonerSpell":"SummonerSmite","items":[{"id":"3020","count":1,"hideCount":false},{"id":"3165","count":1,"hideCount":false}]},{"type":"essentialjungle","recMath":false,"recSteps":false,"minSummonerLevel":-1,"maxSummonerLevel":-1,"showIfSummonerSpell":"SummonerSmite","hideIfSummonerSpell":"","items":[{"id":"3020","count":1,"hideCount":false},{"id":"2032","count":1,"hideCount":false},{"id":"1410","count":1,"hideCount":false}]},{"type":"offensive","recMath":false,"recSteps":false,"minSummonerLevel":-1,"maxSummonerLevel":-1,"showIfSummonerSpell":"","hideIfSummonerSpell":"SummonerSmite","items":[{"id":"3135","count":1,"hideCount":false},{"id":"3089","count":1,"hideCount":false},{"id":"3285","count":1,"hideCount":false}]},{"type":"offensive","recMath":false,"recSteps":false,"minSummonerLevel":-1,"maxSummonerLevel":-1,"showIfSummonerSpell":"SummonerSmite","hideIfSummonerSpell":"","items":[{"id":"3135","count":1,"hideCount":false},{"id":"3089","count":1,"hideCount":false},{"id":"3285","count":1,"hideCount":false}]},{"type":"defensive","recMath":false,"recSteps":false,"minSummonerLevel":-1,"maxSummonerLevel":-1,"showIfSummonerSpell":"","hideIfSummonerSpell":"","items":[{"id":"3157","count":1,"hideCount":false},{"id":"3065","count":1,"hideCount":false},{"id":"3174","count":1,"hideCount":false}]},{"type":"consumables","recMath":false,"recSteps":false,"minSummonerLevel":-1,"maxSummonerLevel":-1,"showIfSummonerSpell":"","hideIfSummonerSpell":"","items":[{"id":"2003","count":1,"hideCount":false},{"id":"2043","count":1,"hideCount":false},{"id":"2139","count":1,"hideCount":false}]}]},{"champion":"Nidalee","title":"NidaleeARAM","map":"HA","mode":"KINGPORO","type":"riot","customTag":"","sortrank":0,"extensionPage":false,"customPanel":null,"blocks":[{"type":"KingPoroSnax","recMath":false,"recSteps":false,"minSummonerLevel":-1,"maxSummonerLevel":-1,"showIfSummonerSpell":"","hideIfSummonerSpell":"","items":[{"id":"3680","count":1,"hideCount":false},{"id":"3681","count":1,"hideCount":false},{"id":"3682","count":1,"hideCount":false},{"id":"3683","count":1,"hideCount":false},{"id":"3684","count":1,"hideCount":false},{"id":"3685","count":1,"hideCount":false}]},{"type":"starting","recMath":false,"recSteps":false,"minSummonerLevel":-1,"maxSummonerLevel":-1,"showIfSummonerSpell":"","hideIfSummonerSpell":"","appendAfterSection":"","visibleWithAllOf":[""],"hiddenWithAnyOf":[""],"items":[{"id":"3073","count":1,"hideCount":false},{"id":"1001","count":1,"hideCount":false},{"id":"2003","count":5,"hideCount":false}]},{"type":"essential","recMath":false,"recSteps":false,"minSummonerLevel":-1,"maxSummonerLevel":-1,"showIfSummonerSpell":"","hideIfSummonerSpell":"","appendAfterSection":"","visibleWithAllOf":[""],"hiddenWithAnyOf":[""],"items":[{"id":"3007","count":1,"hideCount":false},{"id":"3020","count":1,"hideCount":false},{"id":"3100","count":1,"hideCount":false}]},{"type":"offensive","recMath":false,"recSteps":false,"minSummonerLevel":-1,"maxSummonerLevel":-1,"showIfSummonerSpell":"","hideIfSummonerSpell":"","appendAfterSection":"","visibleWithAllOf":[""],"hiddenWithAnyOf":[""],"items":[{"id":"3089","count":1,"hideCount":false},{"id":"3165","count":1,"hideCount":false},{"id":"3135","count":1,"hideCount":false}]},{"type":"defensive","recMath":false,"recSteps":false,"minSummonerLevel":-1,"maxSummonerLevel":-1,"showIfSummonerSpell":"","hideIfSummonerSpell":"","appendAfterSection":"","visibleWithAllOf":[""],"hiddenWithAnyOf":[""],"items":[{"id":"3157","count":1,"hideCount":false},{"id":"3102","count":1,"hideCount":false},{"id":"3151","count":1,"hideCount":false}]},{"type":"offmeta","recMath":false,"recSteps":false,"minSummonerLevel":-1,"maxSummonerLevel":-1,"showIfSummonerSpell":"","hideIfSummonerSpell":"","appendAfterSection":"","visibleWithAllOf":[""],"hiddenWithAnyOf":[""],"items":[{"id":"3504","count":1,"hideCount":false},{"id":"3174","count":1,"hideCount":false},{"id":"3107","count":1,"hideCount":false}]},{"type":"consumables","recMath":false,"recSteps":false,"minSummonerLevel":-1,"maxSummonerLevel":-1,"showIfSummonerSpell":"","hideIfSummonerSpell":"","appendAfterSection":"","visibleWithAllOf":[""],"hiddenWithAnyOf":[""],"items":[{"id":"2033","count":1,"hideCount":false},{"id":"2139","count":1,"hideCount":true}]}]},{"champion":"Nidalee","title":"NidaleeSL","map":"NB","mode":"NEXUSBLITZ","type":"riot","customTag":"","sortrank":0,"extensionPage":false,"useObviousCheckmark":false,"customPanel":null,"blocks":[{"type":"starting","recMath":false,"recSteps":false,"minSummonerLevel":-1,"maxSummonerLevel":-1,"showIfSummonerSpell":"","hideIfSummonerSpell":"SummonerSmite","appendAfterSection":"","visibleWithAllOf":[""],"hiddenWithAnyOf":[""],"items":[{"id":"4203","count":1,"hideCount":false},{"id":"2003","count":2,"hideCount":false},{"id":"3340","count":1,"hideCount":false}]},{"type":"startingjungle","recMath":false,"recSteps":false,"minSummonerLevel":-1,"maxSummonerLevel":-1,"showIfSummonerSpell":"SummonerSmite","hideIfSummonerSpell":"","appendAfterSection":"","visibleWithAllOf":[""],"hiddenWithAnyOf":[""],"items":[{"id":"4101","count":1,"hideCount":false},{"id":"2003","count":1,"hideCount":false},{"id":"3340","count":1,"hideCount":false}]},{"type":"early","recMath":false,"recSteps":false,"minSummonerLevel":-1,"maxSummonerLevel":-1,"showIfSummonerSpell":"","hideIfSummonerSpell":"SummonerSmite","appendAfterSection":"","visibleWithAllOf":[""],"hiddenWithAnyOf":[""],"items":[{"id":"1001","count":1,"hideCount":false},{"id":"3802","count":1,"hideCount":false},{"id":"1026","count":1,"hideCount":false}]},{"type":"earlyjungle","recMath":false,"recSteps":false,"minSummonerLevel":-1,"maxSummonerLevel":-1,"showIfSummonerSpell":"SummonerSmite","hideIfSummonerSpell":"","appendAfterSection":"","visibleWithAllOf":[""],"hiddenWithAnyOf":[""],"items":[{"id":"1001","count":1,"hideCount":false},{"id":"3108","count":1,"hideCount":false}]},{"type":"essential","recMath":false,"recSteps":false,"minSummonerLevel":-1,"maxSummonerLevel":-1,"showIfSummonerSpell":"","hideIfSummonerSpell":"SummonerSmite","appendAfterSection":"","visibleWithAllOf":[""],"hiddenWithAnyOf":[""],"items":[{"id":"3158","count":1,"hideCount":false},{"id":"3285","count":1,"hideCount":false},{"id":"3916","count":1,"hideCount":false}]},{"type":"essentialjungle","recMath":false,"recSteps":false,"minSummonerLevel":-1,"maxSummonerLevel":-1,"showIfSummonerSpell":"SummonerSmite","hideIfSummonerSpell":"","appendAfterSection":"","visibleWithAllOf":[""],"hiddenWithAnyOf":[""],"items":[{"id":"4104","count":1,"hideCount":false},{"id":"3158","count":1,"hideCount":false},{"id":"3916","count":1,"hideCount":false}]},{"type":"offensive","recMath":false,"recSteps":false,"minSummonerLevel":-1,"maxSummonerLevel":-1,"showIfSummonerSpell":"","hideIfSummonerSpell":"SummonerSmite","appendAfterSection":"","visibleWithAllOf":[""],"hiddenWithAnyOf":[""],"items":[{"id":"3135","count":1,"hideCount":false},{"id":"3089","count":1,"hideCount":false},{"id":"3100","count":1,"hideCount":false}]},{"type":"offensive","recMath":false,"recSteps":false,"minSummonerLevel":-1,"maxSummonerLevel":-1,"showIfSummonerSpell":"SummonerSmite","hideIfSummonerSpell":"","appendAfterSection":"","visibleWithAllOf":[""],"hiddenWithAnyOf":[""],"items":[{"id":"3135","count":1,"hideCount":false},{"id":"3089","count":1,"hideCount":false},{"id":"3100","count":1,"hideCount":false}]},{"type":"defensive","recMath":false,"recSteps":false,"minSummonerLevel":-1,"maxSummonerLevel":-1,"showIfSummonerSpell":"","hideIfSummonerSpell":"","appendAfterSection":"","visibleWithAllOf":[""],"hiddenWithAnyOf":[""],"items":[{"id":"3157","count":1,"hideCount":false},{"id":"3174","count":1,"hideCount":false},{"id":"3102","count":1,"hideCount":false}]},{"type":"consumables","recMath":false,"recSteps":false,"minSummonerLevel":-1,"maxSummonerLevel":-1,"showIfSummonerSpell":"","hideIfSummonerSpell":"","appendAfterSection":"","visibleWithAllOf":[""],"hiddenWithAnyOf":[""],"items":[{"id":"2003","count":1,"hideCount":true},{"id":"2139","count":1,"hideCount":true}]}]},{"champion":"Nidalee","title":"NidaleeSR","map":"SR","mode":"CLASSIC","type":"riot","customTag":"","sortrank":0,"extensionPage":false,"useObviousCheckmark":false,"customPanel":null,"blocks":[{"type":"starting","recMath":false,"recSteps":false,"minSummonerLevel":-1,"maxSummonerLevel":-1,"showIfSummonerSpell":"","hideIfSummonerSpell":"SummonerSmite","appendAfterSection":"","visibleWithAllOf":[""],"hiddenWithAnyOf":[""],"items":[{"id":"1056","count":1,"hideCount":false},{"id":"2003","count":2,"hideCount":false},{"id":"3340","count":1,"hideCount":false}]},{"type":"startingjungle","recMath":false,"recSteps":false,"minSummonerLevel":-1,"maxSummonerLevel":-1,"showIfSummonerSpell":"SummonerSmite","hideIfSummonerSpell":"","appendAfterSection":"","visibleWithAllOf":[""],"hiddenWithAnyOf":[""],"items":[{"id":"1039","count":1,"hideCount":false},{"id":"2003","count":3,"hideCount":false},{"id":"3340","count":1,"hideCount":false}]},{"type":"early","recMath":false,"recSteps":false,"minSummonerLevel":-1,"maxSummonerLevel":-1,"showIfSummonerSpell":"","hideIfSummonerSpell":"SummonerSmite","appendAfterSection":"","visibleWithAllOf":[""],"hiddenWithAnyOf":[""],"items":[{"id":"1001","count":1,"hideCount":false},{"id":"3802","count":1,"hideCount":false},{"id":"1026","count":1,"hideCount":false}]},{"type":"earlyjungle","recMath":false,"recSteps":false,"minSummonerLevel":-1,"maxSummonerLevel":-1,"showIfSummonerSpell":"SummonerSmite","hideIfSummonerSpell":"","appendAfterSection":"","visibleWithAllOf":[""],"hiddenWithAnyOf":[""],"items":[{"id":"3715","count":1,"hideCount":false},{"id":"1001","count":1,"hideCount":false},{"id":"3108","count":1,"hideCount":false}]},{"type":"essential","recMath":false,"recSteps":false,"minSummonerLevel":-1,"maxSummonerLevel":-1,"showIfSummonerSpell":"","hideIfSummonerSpell":"SummonerSmite","appendAfterSection":"","visibleWithAllOf":[""],"hiddenWithAnyOf":[""],"items":[{"id":"3158","count":1,"hideCount":false},{"id":"3285","count":1,"hideCount":false},{"id":"3916","count":1,"hideCount":false}]},{"type":"essentialjungle","recMath":false,"recSteps":false,"minSummonerLevel":-1,"maxSummonerLevel":-1,"showIfSummonerSpell":"SummonerSmite","hideIfSummonerSpell":"","appendAfterSection":"","visibleWithAllOf":[""],"hiddenWithAnyOf":[""],"items":[{"id":"3158","count":1,"hideCount":false},{"id":"1414","count":1,"hideCount":false},{"id":"3100","count":1,"hideCount":false}]},{"type":"offensive","recMath":false,"recSteps":false,"minSummonerLevel":-1,"maxSummonerLevel":-1,"showIfSummonerSpell":"","hideIfSummonerSpell":"","appendAfterSection":"","visibleWithAllOf":[""],"hiddenWithAnyOf":[""],"items":[{"id":"3165","count":1,"hideCount":false},{"id":"3135","count":1,"hideCount":false},{"id":"3089","count":1,"hideCount":false}]},{"type":"defensive","recMath":false,"recSteps":false,"minSummonerLevel":-1,"maxSummonerLevel":-1,"showIfSummonerSpell":"","hideIfSummonerSpell":"","appendAfterSection":"","visibleWithAllOf":[""],"hiddenWithAnyOf":[""],"items":[{"id":"3174","count":1,"hideCount":false},{"id":"3157","count":1,"hideCount":false},{"id":"3102","count":1,"hideCount":false}]},{"type":"consumables","recMath":false,"recSteps":false,"minSummonerLevel":-1,"maxSummonerLevel":-1,"showIfSummonerSpell":"","hideIfSummonerSpell":"","appendAfterSection":"","visibleWithAllOf":[""],"hiddenWithAnyOf":[""],"items":[{"id":"2003","count":1,"hideCount":true},{"id":"2139","count":1,"hideCount":true}]}]}]}}}