{"type":"champion","format":"standAloneComplex","version":"10.15.1","data":{"Orianna":{"id":"Orianna","key":"61","name":"Orianna","title":"the Lady of Clockwork","image":{"full":"Orianna.png","sprite":"champion2.png","group":"champion","x":240,"y":96,"w":48,"h":48},"skins":[{"id":"61000","num":0,"name":"default","chromas":false},{"id":"61001","num":1,"name":"Gothic Orianna","chromas":false},{"id":"61002","num":2,"name":"Sewn Chaos Orianna","chromas":false},{"id":"61003","num":3,"name":"Bladecraft Orianna","chromas":false},{"id":"61004","num":4,"name":"TPA Orianna","chromas":false},{"id":"61005","num":5,"name":"Winter Wonder Orianna","chromas":false},{"id":"61006","num":6,"name":"Heartseeker Orianna","chromas":false},{"id":"61007","num":7,"name":"Dark Star Orianna","chromas":true},{"id":"61008","num":8,"name":"Victorious Orianna","chromas":true},{"id":"61011","num":11,"name":"Pool Party Orianna","chromas":true}],"lore":"Once a curious girl of flesh and blood, Orianna is now a technological marvel comprised entirely of clockwork. She became gravely ill after an accident in the lower districts of Zaun, and her failing body had to be replaced with exquisite artifice, piece by piece. Accompanied by an extraordinary brass sphere she built for companionship and protection, Orianna is now free to explore the wonders of Piltover, and beyond.","blurb":"Once a curious girl of flesh and blood, Orianna is now a technological marvel comprised entirely of clockwork. She became gravely ill after an accident in the lower districts of Zaun, and her failing body had to be replaced with exquisite artifice...","allytips":["Command: Protect can be used on yourself to return the Ball back to you quickly. Combine this with Command: Attack for a quick harassment.","Command: Dissonance is a very powerful escape tool if Orianna has the Ball. The combination of speed and leaving a slowing obstacle can be quite powerful.","Command: Shockwave can be used to drag enemies towards you or away from you if you position the Ball properly."],"enemytips":["Orianna can only affect the area the Ball is around. Use this to your advantage.","Watch out for Orianna's Ball returning to her due to leashing. This may cause some unexpected situations."],"tags":["Mage","Support"],"partype":"Mana","info":{"attack":4,"defense":3,"magic":9,"difficulty":7},"stats":{"hp":530,"hpperlevel":91,"mp":418,"mpperlevel":25,"movespeed":325,"armor":17.04,"armorperlevel":3,"spellblock":26,"spellblockperlevel":0.5,"attackrange":525,"hpregen":7,"hpregenperlevel":0.55,"mpregen":8,"mpregenperlevel":0.8,"crit":0,"critperlevel":0,"attackdamage":40.368,"attackdamageperlevel":2.6,"attackspeedperlevel":3.5,"attackspeed":0.658},"spells":[{"id":"OrianaIzunaCommand","name":"Command: Attack","description":"Orianna commands her Ball to fire toward a target location, dealing magic damage to targets along the way (deals less damage to subsequent targets). Her Ball remains at the target location after.","tooltip":"Orianna commands her Ball to shoot toward a target location, dealing {{ e1 }} <scaleAP>(+{{ a1 }})</scaleAP> magic damage to targets along the way. However, it deals {{ e2 }}% less damage for each unit it hits (Minimum {{ e3 }}%).<br /><br />Her Ball remains behind at the target location afterwards.","leveltip":{"label":["Damage","Cooldown","@AbilityResourceName@ Cost"],"effect":["{{ e1 }} -> {{ e1NL }}","{{ cooldown }} -> {{ cooldownNL }}","{{ cost }} -> {{ costNL }}"]},"maxrank":5,"cooldown":[6,5.25,4.5,3.75,3],"cooldownBurn":"6/5.25/4.5/3.75/3","cost":[30,35,40,45,50],"costBurn":"30/35/40/45/50","datavalues":{},"effect":[null,[60,90,120,150,180],[10,10,10,10,10],[40,40,40,40,40],[0,0,0,0,0],[0,0,0,0,0],[0,0,0,0,0],[0,0,0,0,0],[0,0,0,0,0],[0,0,0,0,0],[0,0,0,0,0]],"effectBurn":[null,"60/90/120/150/180","10","40","0","0","0","0","0","0","0"],"vars":[{"link":"spelldamage","coeff":0.5,"key":"a1"}],"costType":" {{ abilityresourcename }}","maxammo":"-1","range":[815,815,815,815,815],"rangeBurn":"815","image":{"full":"OrianaIzunaCommand.png","sprite":"spell8.png","group":"spell","x":192,"y":144,"w":48,"h":48},"resource":"{{ cost }} {{ abilityresourcename }}"},{"id":"OrianaDissonanceCommand","name":"Command: Dissonance","description":"Orianna commands the Ball to release a pulse of energy, dealing magic damage around it. This leaves a field behind that speeds up allies and slows enemies.","tooltip":"Orianna commands her Ball to release an electric pulse, dealing {{ e1 }} <scaleAP>(+{{ a1 }})</scaleAP> magic damage to nearby enemies.<br /><br />The pulse leaves behind an energy field for {{ e4 }} seconds, lowering enemy Movement Speed by {{ e2 }}% and increasing ally Movement Speed by {{ e3 }}% for {{ e5 }} seconds. This effect diminishes over time.","leveltip":{"label":["Damage","Movement Speed","Slow","@AbilityResourceName@ Cost"],"effect":["{{ e1 }} -> {{ e1NL }}","{{ e3 }}% -> {{ e3NL }}%","{{ e2 }}% -> {{ e2NL }}%","{{ cost }} -> {{ costNL }}"]},"maxrank":5,"cooldown":[7,7,7,7,7],"cooldownBurn":"7","cost":[70,80,90,100,110],"costBurn":"70/80/90/100/110","datavalues":{},"effect":[null,[60,105,150,195,240],[30,35,40,45,50],[30,35,40,45,50],[3,3,3,3,3],[2,2,2,2,2],[0,0,0,0,0],[0,0,0,0,0],[0,0,0,0,0],[0,0,0,0,0],[0,0,0,0,0]],"effectBurn":[null,"60/105/150/195/240","30/35/40/45/50","30/35/40/45/50","3","2","0","0","0","0","0"],"vars":[{"link":"spelldamage","coeff":0.7,"key":"a1"}],"costType":" {{ abilityresourcename }}","maxammo":"-1","range":[255,255,255,255,255],"rangeBurn":"255","image":{"full":"OrianaDissonanceCommand.png","sprite":"spell8.png","group":"spell","x":240,"y":144,"w":48,"h":48},"resource":"{{ cost }} {{ abilityresourcename }}"},{"id":"OrianaRedactCommand","name":"Command: Protect","description":"Orianna commands her Ball to attach to an allied champion, shielding them and dealing magic damage to any enemies it passes through on the way. Additionally, the Ball grants additional Armor and Magic Resist to the champion it is attached to.","tooltip":"<spellPassive>Passive: </spellPassive>The Ball adds {{ e2 }} Armor and Magic Resist to the allied champion it is attached to.<br /><br /><spellPassive>Active: </spellPassive>Orianna commands her Ball to travel to and attach onto an allied champion, shielding them for {{ e5 }} seconds from the next {{ e1 }} <scaleAP>(+{{ a1 }})</scaleAP> damage. Enemies the Ball passes through along the way are damaged for {{ e3 }} <scaleAP>(+{{ a2 }})</scaleAP> magic damage.","leveltip":{"label":["Damage","Armor Bonus","Magic Resist Bonus","Shield Amount"],"effect":["{{ e3 }} -> {{ e3NL }}","{{ e2 }} -> {{ e2NL }}","{{ e2 }} -> {{ e2NL }}","{{ e1 }} -> {{ e1NL }}"]},"maxrank":5,"cooldown":[9,9,9,9,9],"cooldownBurn":"9","cost":[60,60,60,60,60],"costBurn":"60","datavalues":{},"effect":[null,[60,100,140,180,220],[10,15,20,25,30],[60,90,120,150,180],[75,75,75,75,75],[2.5,2.5,2.5,2.5,2.5],[0,0,0,0,0],[0,0,0,0,0],[0,0,0,0,0],[0,0,0,0,0],[0,0,0,0,0]],"effectBurn":[null,"60/100/140/180/220","10/15/20/25/30","60/90/120/150/180","75","2.5","0","0","0","0","0"],"vars":[{"link":"spelldamage","coeff":0.5,"key":"a1"},{"link":"spelldamage","coeff":0.3,"key":"a2"}],"costType":" {{ abilityresourcename }}","maxammo":"-1","range":[1095,1095,1095,1095,1095],"rangeBurn":"1095","image":{"full":"OrianaRedactCommand.png","sprite":"spell8.png","group":"spell","x":288,"y":144,"w":48,"h":48},"resource":"{{ cost }} {{ abilityresourcename }}"},{"id":"OrianaDetonateCommand","name":"Command: Shockwave","description":"Orianna commands her Ball to unleash a shockwave, dealing magic damage and launching nearby enemies towards the Ball after a short delay.","tooltip":"Orianna commands her Ball to unleash a shockwave after a brief delay, dealing <magicDamage>{{ totaldamage }} magic damage</magicDamage> to nearby enemies and flinging them into the air a set distance in the direction of the Ball.","leveltip":{"label":["Damage","Cooldown"],"effect":["{{ damage }} -> {{ damageNL }}","{{ cooldown }} -> {{ cooldownNL }}"]},"maxrank":3,"cooldown":[110,95,80],"cooldownBurn":"110/95/80","cost":[100,100,100],"costBurn":"100","datavalues":{},"effect":[null,[0,0,0],[0,0,0],[0,0,0],[0,0,0],[0,0,0],[0,0,0],[0,0,0],[0,0,0],[0,0,0],[0,0,0]],"effectBurn":[null,"0","0","0","0","0","0","0","0","0","0"],"vars":[],"costType":" {{ abilityresourcename }}","maxammo":"-1","range":[410,410,410],"rangeBurn":"410","image":{"full":"OrianaDetonateCommand.png","sprite":"spell8.png","group":"spell","x":336,"y":144,"w":48,"h":48},"resource":"{{ cost }} {{ abilityresourcename }}"}],"passive":{"name":"Clockwork Windup","description":"Orianna's autoattack deals additional magic damage. This damage increases the more Orianna attacks the same target.","image":{"full":"OriannaPassive.png","sprite":"passive2.png","group":"passive","x":240,"y":96,"w":48,"h":48}},"recommended":[{"champion":"Orianna","title":"Beginner","map":"SR","mode":"INTRO","type":"riot","customTag":"","sortrank":0,"extensionPage":false,"customPanel":null,"blocks":[{"type":"beginner_starter","recMath":false,"recSteps":false,"minSummonerLevel":-1,"maxSummonerLevel":4,"showIfSummonerSpell":"","hideIfSummonerSpell":"","items":[{"id":"1056","count":1,"hideCount":false},{"id":"2003","count":1,"hideCount":false},{"id":"3340","count":1,"hideCount":false}]},{"type":"beginner_starter","recMath":false,"recSteps":false,"minSummonerLevel":5,"maxSummonerLevel":-1,"showIfSummonerSpell":"","hideIfSummonerSpell":"","items":[{"id":"1056","count":1,"hideCount":false},{"id":"2003","count":1,"hideCount":false},{"id":"3340","count":1,"hideCount":false}]},{"type":"beginner_advanced","recMath":true,"recSteps":false,"minSummonerLevel":-1,"maxSummonerLevel":-1,"showIfSummonerSpell":"","hideIfSummonerSpell":"","items":[{"id":"1052","count":1,"hideCount":false},{"id":"1027","count":1,"hideCount":false},{"id":"3802","count":1,"hideCount":false}]},{"type":"beginner_movementspeed","recMath":true,"recSteps":false,"minSummonerLevel":-1,"maxSummonerLevel":-1,"showIfSummonerSpell":"","hideIfSummonerSpell":"","items":[{"id":"1001","count":1,"hideCount":false},{"id":"3020","count":1,"hideCount":false}]},{"type":"beginner_legendaryitem","recMath":true,"recSteps":false,"minSummonerLevel":-1,"maxSummonerLevel":-1,"showIfSummonerSpell":"","hideIfSummonerSpell":"","items":[{"id":"3108","count":1,"hideCount":false},{"id":"1052","count":1,"hideCount":false},{"id":"3165","count":1,"hideCount":false}]},{"type":"beginner_morelegendaryitems","recMath":false,"recSteps":false,"minSummonerLevel":-1,"maxSummonerLevel":-1,"showIfSummonerSpell":"","hideIfSummonerSpell":"","items":[{"id":"3116","count":1,"hideCount":false},{"id":"3089","count":1,"hideCount":false},{"id":"3285","count":1,"hideCount":false}]}]},{"champion":"Orianna","title":"OriannaARAM","map":"HA","mode":"ARAM","type":"riot","customTag":"","sortrank":0,"extensionPage":false,"customPanel":null,"blocks":[{"type":"starting","recMath":false,"recSteps":false,"minSummonerLevel":-1,"maxSummonerLevel":-1,"showIfSummonerSpell":"","hideIfSummonerSpell":"","appendAfterSection":"","visibleWithAllOf":[""],"hiddenWithAnyOf":[""],"items":[{"id":"3073","count":1,"hideCount":false},{"id":"1001","count":1,"hideCount":false},{"id":"2003","count":5,"hideCount":false}]},{"type":"essential","recMath":false,"recSteps":false,"minSummonerLevel":-1,"maxSummonerLevel":-1,"showIfSummonerSpell":"","hideIfSummonerSpell":"","appendAfterSection":"","visibleWithAllOf":[""],"hiddenWithAnyOf":[""],"items":[{"id":"3007","count":1,"hideCount":false},{"id":"3020","count":1,"hideCount":false},{"id":"3029","count":1,"hideCount":false}]},{"type":"offensive","recMath":false,"recSteps":false,"minSummonerLevel":-1,"maxSummonerLevel":-1,"showIfSummonerSpell":"","hideIfSummonerSpell":"","appendAfterSection":"","visibleWithAllOf":[""],"hiddenWithAnyOf":[""],"items":[{"id":"3165","count":1,"hideCount":false},{"id":"3089","count":1,"hideCount":false},{"id":"3135","count":1,"hideCount":false}]},{"type":"defensive","recMath":false,"recSteps":false,"minSummonerLevel":-1,"maxSummonerLevel":-1,"showIfSummonerSpell":"","hideIfSummonerSpell":"","appendAfterSection":"","visibleWithAllOf":[""],"hiddenWithAnyOf":[""],"items":[{"id":"3157","count":1,"hideCount":false},{"id":"3151","count":1,"hideCount":false},{"id":"3174","count":1,"hideCount":false}]},{"type":"offmeta","recMath":false,"recSteps":false,"minSummonerLevel":-1,"maxSummonerLevel":-1,"showIfSummonerSpell":"","hideIfSummonerSpell":"","appendAfterSection":"","visibleWithAllOf":[""],"hiddenWithAnyOf":[""],"items":[{"id":"3115","count":1,"hideCount":false},{"id":"3124","count":1,"hideCount":false},{"id":"3100","count":1,"hideCount":false}]},{"type":"consumables","recMath":false,"recSteps":false,"minSummonerLevel":-1,"maxSummonerLevel":-1,"showIfSummonerSpell":"","hideIfSummonerSpell":"","appendAfterSection":"","visibleWithAllOf":[""],"hiddenWithAnyOf":[""],"items":[{"id":"2033","count":1,"hideCount":false},{"id":"2139","count":1,"hideCount":true}]}]},{"champion":"Orianna","title":"OriannaFIRSTBLOOD","map":"HA","mode":"FIRSTBLOOD","type":"riot","customTag":"","sortrank":0,"extensionPage":false,"customPanel":null,"blocks":[{"type":"starting","recMath":false,"recSteps":false,"minSummonerLevel":-1,"maxSummonerLevel":-1,"showIfSummonerSpell":"","hideIfSummonerSpell":"","items":[{"id":"1056","count":1,"hideCount":false},{"id":"2003","count":2,"hideCount":false},{"id":"3340","count":1,"hideCount":false}]},{"type":"essential","recMath":false,"recSteps":false,"minSummonerLevel":-1,"maxSummonerLevel":-1,"showIfSummonerSpell":"","hideIfSummonerSpell":"","items":[{"id":"3020","count":1,"hideCount":false},{"id":"3165","count":1,"hideCount":false},{"id":"3157","count":1,"hideCount":false}]},{"type":"offensive","recMath":false,"recSteps":false,"minSummonerLevel":-1,"maxSummonerLevel":-1,"showIfSummonerSpell":"","hideIfSummonerSpell":"","items":[{"id":"3285","count":1,"hideCount":false},{"id":"3089","count":1,"hideCount":false},{"id":"3135","count":1,"hideCount":false}]},{"type":"defensive","recMath":false,"recSteps":false,"minSummonerLevel":-1,"maxSummonerLevel":-1,"showIfSummonerSpell":"","hideIfSummonerSpell":"","items":[{"id":"3116","count":1,"hideCount":false},{"id":"3001","count":1,"hideCount":false},{"id":"3174","count":1,"hideCount":false}]},{"type":"consumables","recMath":false,"recSteps":false,"minSummonerLevel":-1,"maxSummonerLevel":-1,"showIfSummonerSpell":"","hideIfSummonerSpell":"","items":[{"id":"2003","count":1,"hideCount":false},{"id":"2139","count":1,"hideCount":false}]}]},{"champion":"Orianna","title":"OriannaARAM","map":"HA","mode":"KINGPORO","type":"riot","customTag":"","sortrank":0,"extensionPage":false,"customPanel":null,"blocks":[{"type":"KingPoroSnax","recMath":false,"recSteps":false,"minSummonerLevel":-1,"maxSummonerLevel":-1,"showIfSummonerSpell":"","hideIfSummonerSpell":"","items":[{"id":"3680","count":1,"hideCount":false},{"id":"3681","count":1,"hideCount":false},{"id":"3682","count":1,"hideCount":false},{"id":"3683","count":1,"hideCount":false},{"id":"3684","count":1,"hideCount":false},{"id":"3685","count":1,"hideCount":false}]},{"type":"starting","recMath":false,"recSteps":false,"minSummonerLevel":-1,"maxSummonerLevel":-1,"showIfSummonerSpell":"","hideIfSummonerSpell":"","appendAfterSection":"","visibleWithAllOf":[""],"hiddenWithAnyOf":[""],"items":[{"id":"3073","count":1,"hideCount":false},{"id":"1001","count":1,"hideCount":false},{"id":"2003","count":5,"hideCount":false}]},{"type":"essential","recMath":false,"recSteps":false,"minSummonerLevel":-1,"maxSummonerLevel":-1,"showIfSummonerSpell":"","hideIfSummonerSpell":"","appendAfterSection":"","visibleWithAllOf":[""],"hiddenWithAnyOf":[""],"items":[{"id":"3007","count":1,"hideCount":false},{"id":"3020","count":1,"hideCount":false},{"id":"3029","count":1,"hideCount":false}]},{"type":"offensive","recMath":false,"recSteps":false,"minSummonerLevel":-1,"maxSummonerLevel":-1,"showIfSummonerSpell":"","hideIfSummonerSpell":"","appendAfterSection":"","visibleWithAllOf":[""],"hiddenWithAnyOf":[""],"items":[{"id":"3165","count":1,"hideCount":false},{"id":"3089","count":1,"hideCount":false},{"id":"3135","count":1,"hideCount":false}]},{"type":"defensive","recMath":false,"recSteps":false,"minSummonerLevel":-1,"maxSummonerLevel":-1,"showIfSummonerSpell":"","hideIfSummonerSpell":"","appendAfterSection":"","visibleWithAllOf":[""],"hiddenWithAnyOf":[""],"items":[{"id":"3157","count":1,"hideCount":false},{"id":"3151","count":1,"hideCount":false},{"id":"3174","count":1,"hideCount":false}]},{"type":"offmeta","recMath":false,"recSteps":false,"minSummonerLevel":-1,"maxSummonerLevel":-1,"showIfSummonerSpell":"","hideIfSummonerSpell":"","appendAfterSection":"","visibleWithAllOf":[""],"hiddenWithAnyOf":[""],"items":[{"id":"3115","count":1,"hideCount":false},{"id":"3124","count":1,"hideCount":false},{"id":"3100","count":1,"hideCount":false}]},{"type":"consumables","recMath":false,"recSteps":false,"minSummonerLevel":-1,"maxSummonerLevel":-1,"showIfSummonerSpell":"","hideIfSummonerSpell":"","appendAfterSection":"","visibleWithAllOf":[""],"hiddenWithAnyOf":[""],"items":[{"id":"2033","count":1,"hideCount":false},{"id":"2139","count":1,"hideCount":true}]}]},{"champion":"Orianna","title":"OriannaSL","map":"NB","mode":"NEXUSBLITZ","type":"riot","customTag":"","sortrank":0,"extensionPage":false,"useObviousCheckmark":false,"customPanel":null,"blocks":[{"type":"starting","recMath":false,"recSteps":false,"minSummonerLevel":-1,"maxSummonerLevel":-1,"showIfSummonerSpell":"","hideIfSummonerSpell":"SummonerSmite","appendAfterSection":"","visibleWithAllOf":[""],"hiddenWithAnyOf":[""],"items":[{"id":"4203","count":1,"hideCount":false},{"id":"2003","count":2,"hideCount":false},{"id":"3340","count":1,"hideCount":false}]},{"type":"startingjungle","recMath":false,"recSteps":false,"minSummonerLevel":-1,"maxSummonerLevel":-1,"showIfSummonerSpell":"SummonerSmite","hideIfSummonerSpell":"","appendAfterSection":"","visibleWithAllOf":[""],"hiddenWithAnyOf":[""],"items":[{"id":"4101","count":1,"hideCount":false},{"id":"2003","count":1,"hideCount":false},{"id":"3340","count":1,"hideCount":false}]},{"type":"early","recMath":false,"recSteps":false,"minSummonerLevel":-1,"maxSummonerLevel":-1,"showIfSummonerSpell":"","hideIfSummonerSpell":"SummonerSmite","appendAfterSection":"","visibleWithAllOf":[""],"hiddenWithAnyOf":[""],"items":[{"id":"1001","count":1,"hideCount":false},{"id":"3802","count":1,"hideCount":false},{"id":"1026","count":1,"hideCount":false}]},{"type":"earlyjungle","recMath":false,"recSteps":false,"minSummonerLevel":-1,"maxSummonerLevel":-1,"showIfSummonerSpell":"SummonerSmite","hideIfSummonerSpell":"","appendAfterSection":"","visibleWithAllOf":[""],"hiddenWithAnyOf":[""],"items":[{"id":"3108","count":1,"hideCount":false},{"id":"1027","count":1,"hideCount":false},{"id":"1001","count":1,"hideCount":false}]},{"type":"essential","recMath":false,"recSteps":false,"minSummonerLevel":-1,"maxSummonerLevel":-1,"showIfSummonerSpell":"","hideIfSummonerSpell":"SummonerSmite","appendAfterSection":"","visibleWithAllOf":[""],"hiddenWithAnyOf":[""],"items":[{"id":"3020","count":1,"hideCount":false},{"id":"3285","count":1,"hideCount":false},{"id":"3089","count":1,"hideCount":false}]},{"type":"essentialjungle","recMath":false,"recSteps":false,"minSummonerLevel":-1,"maxSummonerLevel":-1,"showIfSummonerSpell":"SummonerSmite","hideIfSummonerSpell":"","appendAfterSection":"","visibleWithAllOf":[""],"hiddenWithAnyOf":[""],"items":[{"id":"4104","count":1,"hideCount":false},{"id":"3020","count":1,"hideCount":false},{"id":"3165","count":1,"hideCount":false}]},{"type":"standard","recMath":false,"recSteps":false,"minSummonerLevel":-1,"maxSummonerLevel":-1,"showIfSummonerSpell":"","hideIfSummonerSpell":"","appendAfterSection":"","visibleWithAllOf":[""],"hiddenWithAnyOf":[""],"items":[{"id":"3135","count":1,"hideCount":false},{"id":"3102","count":1,"hideCount":false},{"id":"3151","count":1,"hideCount":false}]},{"type":"situational","recMath":false,"recSteps":false,"minSummonerLevel":-1,"maxSummonerLevel":-1,"showIfSummonerSpell":"","hideIfSummonerSpell":"","appendAfterSection":"","visibleWithAllOf":[""],"hiddenWithAnyOf":[""],"items":[{"id":"3174","count":1,"hideCount":false},{"id":"3157","count":1,"hideCount":false},{"id":"3007","count":1,"hideCount":false}]},{"type":"consumables","recMath":false,"recSteps":false,"minSummonerLevel":-1,"maxSummonerLevel":-1,"showIfSummonerSpell":"","hideIfSummonerSpell":"","appendAfterSection":"","visibleWithAllOf":[""],"hiddenWithAnyOf":[""],"items":[{"id":"2031","count":1,"hideCount":false},{"id":"2139","count":1,"hideCount":true}]}]},{"champion":"Orianna","title":"OriannaSR","map":"SR","mode":"CLASSIC","type":"riot","customTag":"","sortrank":0,"extensionPage":false,"useObviousCheckmark":false,"customPanel":null,"blocks":[{"type":"starting","recMath":false,"recSteps":false,"minSummonerLevel":-1,"maxSummonerLevel":-1,"showIfSummonerSpell":"","hideIfSummonerSpell":"","appendAfterSection":"","visibleWithAllOf":[""],"hiddenWithAnyOf":[""],"items":[{"id":"1056","count":1,"hideCount":false},{"id":"2003","count":2,"hideCount":false},{"id":"3340","count":1,"hideCount":false}]},{"type":"early","recMath":false,"recSteps":false,"minSummonerLevel":-1,"maxSummonerLevel":-1,"showIfSummonerSpell":"","hideIfSummonerSpell":"","appendAfterSection":"","visibleWithAllOf":[""],"hiddenWithAnyOf":[""],"items":[{"id":"1001","count":1,"hideCount":false},{"id":"3802","count":1,"hideCount":false},{"id":"1026","count":1,"hideCount":false}]},{"type":"essential","recMath":false,"recSteps":false,"minSummonerLevel":-1,"maxSummonerLevel":-1,"showIfSummonerSpell":"","hideIfSummonerSpell":"","appendAfterSection":"","visibleWithAllOf":[""],"hiddenWithAnyOf":[""],"items":[{"id":"3020","count":1,"hideCount":false},{"id":"3285","count":1,"hideCount":false},{"id":"3165","count":1,"hideCount":false}]},{"type":"standard","recMath":false,"recSteps":false,"minSummonerLevel":-1,"maxSummonerLevel":-1,"showIfSummonerSpell":"","hideIfSummonerSpell":"","appendAfterSection":"","visibleWithAllOf":[""],"hiddenWithAnyOf":[""],"items":[{"id":"3157","count":1,"hideCount":false},{"id":"3135","count":1,"hideCount":false},{"id":"3089","count":1,"hideCount":false}]},{"type":"situational","recMath":false,"recSteps":false,"minSummonerLevel":-1,"maxSummonerLevel":-1,"showIfSummonerSpell":"","hideIfSummonerSpell":"","appendAfterSection":"","visibleWithAllOf":[""],"hiddenWithAnyOf":[""],"items":[{"id":"3174","count":1,"hideCount":false},{"id":"3030","count":1,"hideCount":false},{"id":"3102","count":1,"hideCount":false}]},{"type":"consumables","recMath":false,"recSteps":false,"minSummonerLevel":-1,"maxSummonerLevel":-1,"showIfSummonerSpell":"","hideIfSummonerSpell":"","appendAfterSection":"","visibleWithAllOf":[""],"hiddenWithAnyOf":[""],"items":[{"id":"2031","count":1,"hideCount":false},{"id":"2139","count":1,"hideCount":true}]}]}]}}}