{"type":"champion","format":"standAloneComplex","version":"10.15.1","data":{"Ornn":{"id":"Ornn","key":"516","name":"Ornn","title":"The Fire below the Mountain","image":{"full":"Ornn.png","sprite":"champion2.png","group":"champion","x":288,"y":96,"w":48,"h":48},"skins":[{"id":"516000","num":0,"name":"default","chromas":false},{"id":"516001","num":1,"name":"Thunder Lord Ornn","chromas":false}],"lore":"Ornn is the Freljordian spirit of forging and craftsmanship. He works in the solitude of a massive smithy, hammered out from the lava caverns beneath the volcano Hearth-Home. There he stokes bubbling cauldrons of molten rock to purify ores and fashion items of unsurpassed quality. When other deities—especially Volibear—walk the earth and meddle in mortal affairs, Ornn arises to put these impetuous beings back in their place, either with his trusty hammer or the fiery power of the mountains themselves.","blurb":"Ornn is the Freljordian spirit of forging and craftsmanship. He works in the solitude of a massive smithy, hammered out from the lava caverns beneath the volcano Hearth-Home. There he stokes bubbling cauldrons of molten rock to purify ores and fashion...","allytips":["Learning build paths of items can help quickly select upgrades in lane.","Volcanic Rupture can be used to set up zoning areas to threaten enemies.","The order of your abilties matters! Try to optimize Brittle usage."],"enemytips":["Try to stay away from walls. Ornn is much less strong if he cannot stun you.","Attack Ornn to keep him from creating items in lane."],"tags":["Tank","Fighter"],"partype":"Mana","info":{"attack":5,"defense":9,"magic":3,"difficulty":5},"stats":{"hp":590,"hpperlevel":95,"mp":340.6,"mpperlevel":45,"movespeed":335,"armor":33,"armorperlevel":4,"spellblock":32.1,"spellblockperlevel":1.25,"attackrange":175,"hpregen":9,"hpregenperlevel":0.9,"mpregen":8.01,"mpregenperlevel":0.6,"crit":0,"critperlevel":0,"attackdamage":69,"attackdamageperlevel":3.5,"attackspeedperlevel":2,"attackspeed":0.625},"spells":[{"id":"OrnnQ","name":"Volcanic Rupture","description":"Ornn slams the ground, sending out a fissure dealing damage and slowing enemies hit. After a small delay, a magma pillar forms at the end location.","tooltip":"Ornn slams the ground, creating a fissure which deals {{ e1 }} <scaleAD>(+{{ f1 }})</scaleAD> physical damage and slows by {{ e5 }}% for {{ e6 }} seconds. A magma pillar then forms at the fissure's end for {{ e3 }} seconds.<br /><br /><rules>The fissure stops shortly after hitting an enemy champion.</rules>","leveltip":{"label":["Damage","Cooldown"],"effect":["{{ e1 }} -> {{ e1NL }}","{{ cooldown }} -> {{ cooldownNL }}"]},"maxrank":5,"cooldown":[9,8.5,8,7.5,7],"cooldownBurn":"9/8.5/8/7.5/7","cost":[45,45,45,45,45],"costBurn":"45","datavalues":{},"effect":[null,[20,45,70,95,120],[1,1,1,1,1],[4,4,4,4,4],[0,0,0,0,0],[40,40,40,40,40],[2,2,2,2,2],[0,0,0,0,0],[0,0,0,0,0],[0,0,0,0,0],[0,0,0,0,0]],"effectBurn":[null,"20/45/70/95/120","1","4","0","40","2","0","0","0","0"],"vars":[{"link":"attackdamage","coeff":0.6,"key":"f1"}],"costType":" {{ abilityresourcename }}","maxammo":"-1","range":[800,800,800,800,800],"rangeBurn":"800","image":{"full":"OrnnQ.png","sprite":"spell8.png","group":"spell","x":384,"y":144,"w":48,"h":48},"resource":"{{ cost }} {{ abilityresourcename }}"},{"id":"OrnnW","name":"Bellows Breath","description":"Ornn advances, breathing fire. Enemies hit by the final gout of flame become Brittle.","tooltip":"Ornn stomps forwards, breathing fire and becoming unstoppable for {{ breathduration }} seconds. The fire deals up to <magicDamage>{{ maxpercenthpperticktooltip }}% target Max Health as magic damage</magicDamage>.<br /><br />Enemies hit by the final gout of flame become <span class=\"colorFF5733\">Brittle</span> for {{ brittleduration }} seconds. The next immobilizing effect against a Brittle enemy has its duration increased by 30% and deals <magicDamage><scaleLevel>{{ brittlepercentmaxhpcalc }}</scaleLevel> of their max health as magic damage</magicDamage>.<br /><br /><rules>Ornn's basic attacks knock back Brittle targets.<br />Minimum of {{ totalminimumdamage }} against Champions and Minions, and maximum of {{ totalmonsterdamagecap }} against monsters.<br /></rules>","leveltip":{"label":["% Health as Damage","@AbilityResourceName@ Cost","Cooldown"],"effect":["{{ maxpercenthpperticktooltip }}% -> {{ maxpercenthpperticktooltipNL }}%","{{ cost }} -> {{ costNL }}","{{ cooldown }} -> {{ cooldownNL }}"]},"maxrank":5,"cooldown":[12,11.5,11,10.5,10],"cooldownBurn":"12/11.5/11/10.5/10","cost":[45,50,55,60,65],"costBurn":"45/50/55/60/65","datavalues":{},"effect":[null,[0,0,0,0,0],[0,0,0,0,0],[0,0,0,0,0],[0,0,0,0,0],[0,0,0,0,0],[0,0,0,0,0],[0,0,0,0,0],[0,0,0,0,0],[0,0,0,0,0],[0,0,0,0,0]],"effectBurn":[null,"0","0","0","0","0","0","0","0","0","0"],"vars":[],"costType":" {{ abilityresourcename }}","maxammo":"-1","range":[25000,25000,25000,25000,25000],"rangeBurn":"25000","image":{"full":"OrnnW.png","sprite":"spell8.png","group":"spell","x":432,"y":144,"w":48,"h":48},"resource":"{{ cost }} {{ abilityresourcename }}"},{"id":"OrnnE","name":"Searing Charge","description":"Ornn charges, dealing damage to enemies he passes through. If Ornn collides with terrain while charging, the impact creates a shockwave around him which deals damage and knocks up enemies.","tooltip":"Ornn charges, dealing <physicalDamage>{{ totaldamage }} physical damage</physicalDamage> to enemies hit.<br /><br />If Ornn rams into terrain, he creates a shockwave that knocks up enemies for {{ knockupduration }} second and applies Searing Charge's damage to those not hit by the charge.<br /><br /><rules>The shockwave destroys magma pillars and terrain created by enemy champions.</rules>","leveltip":{"label":["Dash Damage","Cooldown","@AbilityResourceName@ Cost"],"effect":["{{ basedamage }} -> {{ basedamageNL }}","{{ cooldown }} -> {{ cooldownNL }}","{{ cost }} -> {{ costNL }}"]},"maxrank":5,"cooldown":[16,15,14,13,12],"cooldownBurn":"16/15/14/13/12","cost":[35,40,45,50,55],"costBurn":"35/40/45/50/55","datavalues":{},"effect":[null,[0,0,0,0,0],[0,0,0,0,0],[0,0,0,0,0],[0,0,0,0,0],[0,0,0,0,0],[0,0,0,0,0],[0,0,0,0,0],[0,0,0,0,0],[0,0,0,0,0],[0,0,0,0,0]],"effectBurn":[null,"0","0","0","0","0","0","0","0","0","0"],"vars":[],"costType":" {{ abilityresourcename }}","maxammo":"-1","range":[450,450,450,450,450],"rangeBurn":"450","image":{"full":"OrnnE.png","sprite":"spell9.png","group":"spell","x":0,"y":0,"w":48,"h":48},"resource":"{{ cost }} {{ abilityresourcename }}"},{"id":"OrnnR","name":"Call of the Forge God","description":"Ornn summons a massive elemental at a location which travels toward him with increasing speed. Enemies run over by the elemental take damage, are slowed and are made Brittle. Ornn can recast the ability to charge into the elemental, redirecting it in the direction he hits it, causing the elemental to affect any enemies it runs over to be knocked up, dealing the same damage and re-applying Brittle.","tooltip":"Ornn summons a massive lava elemental which stampedes toward him. Enemies run over by the elemental take {{ rdamagecalc }} magic damage, are slowed by up to {{ rslowpercentbasepremath }}% based on distance traveled by the elemental for {{ rslowduration }} seconds and become <span class=\"colorFF5733\">Brittle</span> for {{ brittledurationtooltiponly }} seconds.<br /><br />Ornn can recast this ability to smash into the elemental to redirect and empower it. The empowered elemental knocks the first enemy champion hit up for {{ rstunduration }} second ({{ rstunreduction*100 }}% duration for subsequent champion hits), deals {{ rdamagecalc }} magic damage and applies <span class=\"colorFF5733\">Brittle</span>.","leveltip":{"label":["Damage","Slow","Cooldown"],"effect":["{{ rbasedamage }} -> {{ rbasedamageNL }}","{{ rslowpercentbasepremath }} -> {{ rslowpercentbasepremathNL }}","{{ cooldown }} -> {{ cooldownNL }}"]},"maxrank":3,"cooldown":[140,120,100],"cooldownBurn":"140/120/100","cost":[100,100,100],"costBurn":"100","datavalues":{},"effect":[null,[0,0,0],[0,0,0],[0,0,0],[0,0,0],[0,0,0],[0,0,0],[0,0,0],[0,0,0],[0,0,0],[0,0,0]],"effectBurn":[null,"0","0","0","0","0","0","0","0","0","0"],"vars":[],"costType":" {{ abilityresourcename }}","maxammo":"-1","range":[2500,2500,2500],"rangeBurn":"2500","image":{"full":"OrnnR.png","sprite":"spell9.png","group":"spell","x":48,"y":0,"w":48,"h":48},"resource":"{{ cost }} {{ abilityresourcename }}"}],"passive":{"name":"Living Forge","description":"Ornn gains an additional bonus Armor and Magic Resistance from all sources.<br><br>Ornn can spend gold to forge non-consumable items anywhere.<br><br>Additionally, he can create masterwork items for himself and for his allies.","image":{"full":"OrnnP.png","sprite":"passive2.png","group":"passive","x":288,"y":96,"w":48,"h":48}},"recommended":[{"champion":"Ornn","title":"Beginner","map":"SR","mode":"INTRO","type":"riot","customTag":"","sortrank":0,"extensionPage":false,"customPanel":null,"blocks":[{"type":"beginner_starter","recMath":false,"recSteps":false,"minSummonerLevel":-1,"maxSummonerLevel":-1,"showIfSummonerSpell":"","hideIfSummonerSpell":"","appendAfterSection":"","items":[{"id":"1054","count":1,"hideCount":false},{"id":"2003","count":1,"hideCount":false},{"id":"3340","count":1,"hideCount":false}]},{"type":"beginner_advanced","recMath":true,"recSteps":false,"minSummonerLevel":-1,"maxSummonerLevel":-1,"showIfSummonerSpell":"","hideIfSummonerSpell":"","appendAfterSection":"","items":[{"id":"1028","count":1,"hideCount":false},{"id":"3751","count":1,"hideCount":false}]},{"type":"beginner_movementspeed","recMath":true,"recSteps":false,"minSummonerLevel":-1,"maxSummonerLevel":-1,"showIfSummonerSpell":"","hideIfSummonerSpell":"","appendAfterSection":"","items":[{"id":"1001","count":1,"hideCount":false},{"id":"1029","count":1,"hideCount":false},{"id":"3047","count":1,"hideCount":false}]},{"type":"beginner_legendary","recMath":true,"recSteps":false,"minSummonerLevel":-1,"maxSummonerLevel":-1,"showIfSummonerSpell":"","hideIfSummonerSpell":"","appendAfterSection":"","items":[{"id":"3751","count":1,"hideCount":false},{"id":"1028","count":1,"hideCount":false},{"id":"1031","count":1,"hideCount":false},{"id":"3068","count":1,"hideCount":false}]},{"type":"beginner_morelegendaryitems","recMath":false,"recSteps":false,"minSummonerLevel":-1,"maxSummonerLevel":-1,"showIfSummonerSpell":"","hideIfSummonerSpell":"","appendAfterSection":"","items":[{"id":"3143","count":1,"hideCount":false},{"id":"3083","count":1,"hideCount":false},{"id":"3001","count":1,"hideCount":false}]},{"type":"consumables","recMath":false,"recSteps":false,"minSummonerLevel":-1,"maxSummonerLevel":-1,"showIfSummonerSpell":"","hideIfSummonerSpell":"","appendAfterSection":"","items":[{"id":"2138","count":1,"hideCount":false},{"id":"2055","count":1,"hideCount":false}]}]},{"champion":"Ornn","title":"OrnnARAM","map":"HA","mode":"ARAM","type":"riot","customTag":"","sortrank":0,"extensionPage":false,"customPanel":null,"blocks":[{"type":"starting","recMath":false,"recSteps":false,"minSummonerLevel":-1,"maxSummonerLevel":-1,"showIfSummonerSpell":"","hideIfSummonerSpell":"","appendAfterSection":"","visibleWithAllOf":[""],"hiddenWithAnyOf":[""],"items":[{"id":"2051","count":1,"hideCount":false},{"id":"1001","count":1,"hideCount":false},{"id":"2031","count":1,"hideCount":false}]},{"type":"essential","recMath":false,"recSteps":false,"minSummonerLevel":-1,"maxSummonerLevel":-1,"showIfSummonerSpell":"","hideIfSummonerSpell":"","appendAfterSection":"","visibleWithAllOf":[""],"hiddenWithAnyOf":[""],"items":[{"id":"3001","count":1,"hideCount":false},{"id":"3111","count":1,"hideCount":false},{"id":"3068","count":1,"hideCount":false}]},{"type":"defensive","recMath":false,"recSteps":false,"minSummonerLevel":-1,"maxSummonerLevel":-1,"showIfSummonerSpell":"","hideIfSummonerSpell":"","appendAfterSection":"","visibleWithAllOf":[""],"hiddenWithAnyOf":[""],"items":[{"id":"3110","count":1,"hideCount":false},{"id":"3143","count":1,"hideCount":false},{"id":"3742","count":1,"hideCount":false}]},{"type":"situational","recMath":false,"recSteps":false,"minSummonerLevel":-1,"maxSummonerLevel":-1,"showIfSummonerSpell":"","hideIfSummonerSpell":"","appendAfterSection":"","visibleWithAllOf":[""],"hiddenWithAnyOf":[""],"items":[{"id":"3800","count":1,"hideCount":false},{"id":"3075","count":1,"hideCount":false},{"id":"3194","count":1,"hideCount":false}]},{"type":"consumables","recMath":false,"recSteps":false,"minSummonerLevel":-1,"maxSummonerLevel":-1,"showIfSummonerSpell":"","hideIfSummonerSpell":"","appendAfterSection":"","visibleWithAllOf":[""],"hiddenWithAnyOf":[""],"items":[{"id":"2003","count":1,"hideCount":false},{"id":"2033","count":1,"hideCount":false},{"id":"2138","count":1,"hideCount":false}]},{"type":"ornnupgrades","recMath":false,"recSteps":false,"minSummonerLevel":-1,"maxSummonerLevel":-1,"showIfSummonerSpell":"","hideIfSummonerSpell":"","appendAfterSection":"","visibleWithAllOf":[""],"hiddenWithAnyOf":[""],"items":[{"id":"3373","count":1,"hideCount":true},{"id":"3379","count":1,"hideCount":true},{"id":"3387","count":1,"hideCount":true},{"id":"3383","count":1,"hideCount":true},{"id":"3382","count":1,"hideCount":true},{"id":"3389","count":1,"hideCount":true},{"id":"3371","count":1,"hideCount":true},{"id":"3380","count":1,"hideCount":true},{"id":"3384","count":1,"hideCount":true},{"id":"3388","count":1,"hideCount":true},{"id":"3390","count":1,"hideCount":true},{"id":"3374","count":1,"hideCount":true},{"id":"3386","count":1,"hideCount":true}]}]},{"champion":"Ornn","title":"OrnnFIRSTBLOOD","map":"HA","mode":"FIRSTBLOOD","type":"riot","customTag":"","sortrank":0,"extenOrnnPage":false,"customPanel":null,"blocks":[{"type":"starting","recMath":false,"recSteps":false,"minSummonerLevel":-1,"maxSummonerLevel":-1,"showIfSummonerSpell":"","hideIfSummonerSpell":"SummonerSmite","items":[{"id":"1054","count":1,"hideCount":false},{"id":"2003","count":1,"hideCount":false},{"id":"3340","count":1,"hideCount":false}]},{"type":"startingjungle","recMath":false,"recSteps":false,"minSummonerLevel":-1,"maxSummonerLevel":-1,"showIfSummonerSpell":"SummonerSmite","hideIfSummonerSpell":"","items":[{"id":"1039","count":1,"hideCount":false},{"id":"2003","count":3,"hideCount":false},{"id":"3340","count":1,"hideCount":false}]},{"type":"essential","recMath":false,"recSteps":false,"minSummonerLevel":-1,"maxSummonerLevel":-1,"showIfSummonerSpell":"","hideIfSummonerSpell":"SummonerSmite","items":[{"id":"3047","count":1,"hideCount":false},{"id":"3211","count":1,"hideCount":false},{"id":"3110","count":1,"hideCount":false}]},{"type":"essentialjungle","recMath":false,"recSteps":false,"minSummonerLevel":-1,"maxSummonerLevel":-1,"showIfSummonerSpell":"SummonerSmite","hideIfSummonerSpell":"","items":[{"id":"3117","count":1,"hideCount":false},{"id":"3800","count":1,"hideCount":false}]},{"type":"offensive","recMath":false,"recSteps":false,"minSummonerLevel":-1,"maxSummonerLevel":-1,"showIfSummonerSpell":"","hideIfSummonerSpell":"","items":[{"id":"3074","count":1,"hideCount":false},{"id":"3071","count":1,"hideCount":false},{"id":"3156","count":1,"hideCount":false}]},{"type":"defensive","recMath":false,"recSteps":false,"minSummonerLevel":-1,"maxSummonerLevel":-1,"showIfSummonerSpell":"","hideIfSummonerSpell":"","items":[{"id":"3102","count":1,"hideCount":false},{"id":"3083","count":1,"hideCount":false},{"id":"3742","count":1,"hideCount":false}]},{"type":"consumables","recMath":false,"recSteps":false,"minSummonerLevel":-1,"maxSummonerLevel":-1,"showIfSummonerSpell":"","hideIfSummonerSpell":"","items":[{"id":"2003","count":1,"hideCount":false},{"id":"2138","count":1,"hideCount":false},{"id":"3361","count":1,"hideCount":false}]},{"type":"ornnupgrades","recMath":false,"recSteps":false,"minSummonerLevel":-1,"maxSummonerLevel":-1,"showIfSummonerSpell":"","hideIfSummonerSpell":"","appendAfterSection":"","visibleWithAllOf":[""],"hiddenWithAnyOf":[""],"items":[{"id":"3373","count":1,"hideCount":true},{"id":"3379","count":1,"hideCount":true},{"id":"3387","count":1,"hideCount":true},{"id":"3383","count":1,"hideCount":true},{"id":"3382","count":1,"hideCount":true},{"id":"3389","count":1,"hideCount":true},{"id":"3371","count":1,"hideCount":true},{"id":"3380","count":1,"hideCount":true},{"id":"3384","count":1,"hideCount":true},{"id":"3388","count":1,"hideCount":true},{"id":"3390","count":1,"hideCount":true},{"id":"3374","count":1,"hideCount":true},{"id":"3386","count":1,"hideCount":true}]}]},{"champion":"Ornn","title":"OrnnARAM","map":"HA","mode":"KINGPORO","type":"riot","customTag":"","sortrank":0,"extensionPage":false,"customPanel":null,"blocks":[{"type":"KingPoroSnax","recMath":false,"recSteps":false,"minSummonerLevel":-1,"maxSummonerLevel":-1,"showIfSummonerSpell":"","hideIfSummonerSpell":"","items":[{"id":"3680","count":1,"hideCount":false},{"id":"3681","count":1,"hideCount":false},{"id":"3682","count":1,"hideCount":false},{"id":"3683","count":1,"hideCount":false},{"id":"3684","count":1,"hideCount":false},{"id":"3685","count":1,"hideCount":false}]},{"type":"starting","recMath":false,"recSteps":false,"minSummonerLevel":-1,"maxSummonerLevel":-1,"showIfSummonerSpell":"","hideIfSummonerSpell":"","appendAfterSection":"","visibleWithAllOf":[""],"hiddenWithAnyOf":[""],"items":[{"id":"2051","count":1,"hideCount":false},{"id":"1001","count":1,"hideCount":false},{"id":"2031","count":1,"hideCount":false}]},{"type":"essential","recMath":false,"recSteps":false,"minSummonerLevel":-1,"maxSummonerLevel":-1,"showIfSummonerSpell":"","hideIfSummonerSpell":"","appendAfterSection":"","visibleWithAllOf":[""],"hiddenWithAnyOf":[""],"items":[{"id":"3001","count":1,"hideCount":false},{"id":"3111","count":1,"hideCount":false},{"id":"3068","count":1,"hideCount":false}]},{"type":"defensive","recMath":false,"recSteps":false,"minSummonerLevel":-1,"maxSummonerLevel":-1,"showIfSummonerSpell":"","hideIfSummonerSpell":"","appendAfterSection":"","visibleWithAllOf":[""],"hiddenWithAnyOf":[""],"items":[{"id":"3110","count":1,"hideCount":false},{"id":"3143","count":1,"hideCount":false},{"id":"3742","count":1,"hideCount":false}]},{"type":"situational","recMath":false,"recSteps":false,"minSummonerLevel":-1,"maxSummonerLevel":-1,"showIfSummonerSpell":"","hideIfSummonerSpell":"","appendAfterSection":"","visibleWithAllOf":[""],"hiddenWithAnyOf":[""],"items":[{"id":"3800","count":1,"hideCount":false},{"id":"3075","count":1,"hideCount":false},{"id":"3194","count":1,"hideCount":false}]},{"type":"consumables","recMath":false,"recSteps":false,"minSummonerLevel":-1,"maxSummonerLevel":-1,"showIfSummonerSpell":"","hideIfSummonerSpell":"","appendAfterSection":"","visibleWithAllOf":[""],"hiddenWithAnyOf":[""],"items":[{"id":"2003","count":1,"hideCount":false},{"id":"2033","count":1,"hideCount":false},{"id":"2138","count":1,"hideCount":false}]},{"type":"ornnupgrades","recMath":false,"recSteps":false,"minSummonerLevel":-1,"maxSummonerLevel":-1,"showIfSummonerSpell":"","hideIfSummonerSpell":"","appendAfterSection":"","visibleWithAllOf":[""],"hiddenWithAnyOf":[""],"items":[{"id":"3373","count":1,"hideCount":true},{"id":"3379","count":1,"hideCount":true},{"id":"3387","count":1,"hideCount":true},{"id":"3383","count":1,"hideCount":true},{"id":"3382","count":1,"hideCount":true},{"id":"3389","count":1,"hideCount":true},{"id":"3371","count":1,"hideCount":true},{"id":"3380","count":1,"hideCount":true},{"id":"3384","count":1,"hideCount":true},{"id":"3388","count":1,"hideCount":true},{"id":"3390","count":1,"hideCount":true},{"id":"3374","count":1,"hideCount":true},{"id":"3386","count":1,"hideCount":true}]}]},{"champion":"Ornn","title":"OrnnSL","map":"NB","mode":"NEXUSBLITZ","type":"riot","customTag":"","sortrank":0,"extensionPage":false,"useObviousCheckmark":false,"customPanel":null,"blocks":[{"type":"starting","recMath":false,"recSteps":false,"minSummonerLevel":-1,"maxSummonerLevel":-1,"showIfSummonerSpell":"","hideIfSummonerSpell":"SummonerSmite","appendAfterSection":"","visibleWithAllOf":[""],"hiddenWithAnyOf":[""],"items":[{"id":"4201","count":1,"hideCount":false},{"id":"2003","count":1,"hideCount":false},{"id":"3340","count":1,"hideCount":false}]},{"type":"startingjungle","recMath":false,"recSteps":false,"minSummonerLevel":-1,"maxSummonerLevel":-1,"showIfSummonerSpell":"SummonerSmite","hideIfSummonerSpell":"","appendAfterSection":"","visibleWithAllOf":[""],"hiddenWithAnyOf":[""],"items":[{"id":"4101","count":1,"hideCount":false},{"id":"2003","count":1,"hideCount":false},{"id":"3340","count":1,"hideCount":false}]},{"type":"early","recMath":false,"recSteps":false,"minSummonerLevel":-1,"maxSummonerLevel":-1,"showIfSummonerSpell":"","hideIfSummonerSpell":"SummonerSmite","appendAfterSection":"","visibleWithAllOf":[""],"hiddenWithAnyOf":[""],"items":[{"id":"1001","count":1,"hideCount":false},{"id":"3024","count":1,"hideCount":false},{"id":"3801","count":1,"hideCount":false}]},{"type":"earlyjungle","recMath":false,"recSteps":false,"minSummonerLevel":-1,"maxSummonerLevel":-1,"showIfSummonerSpell":"SummonerSmite","hideIfSummonerSpell":"","appendAfterSection":"","visibleWithAllOf":[""],"hiddenWithAnyOf":[""],"items":[{"id":"1001","count":1,"hideCount":false},{"id":"3751","count":1,"hideCount":false}]},{"type":"essential","recMath":false,"recSteps":false,"minSummonerLevel":-1,"maxSummonerLevel":-1,"showIfSummonerSpell":"","hideIfSummonerSpell":"SummonerSmite","appendAfterSection":"","visibleWithAllOf":[""],"hiddenWithAnyOf":[""],"items":[{"id":"3800","count":1,"hideCount":false},{"id":"3047","count":1,"hideCount":false},{"id":"3083","count":1,"hideCount":false}]},{"type":"essentialjungle","recMath":false,"recSteps":false,"minSummonerLevel":-1,"maxSummonerLevel":-1,"showIfSummonerSpell":"SummonerSmite","hideIfSummonerSpell":"","appendAfterSection":"","visibleWithAllOf":[""],"hiddenWithAnyOf":[""],"items":[{"id":"4103","count":1,"hideCount":false},{"id":"3047","count":1,"hideCount":false}]},{"type":"defensive","recMath":false,"recSteps":false,"minSummonerLevel":-1,"maxSummonerLevel":-1,"showIfSummonerSpell":"","hideIfSummonerSpell":"","appendAfterSection":"","visibleWithAllOf":[""],"hiddenWithAnyOf":[""],"items":[{"id":"3001","count":1,"hideCount":false},{"id":"3075","count":1,"hideCount":false},{"id":"3193","count":1,"hideCount":false}]},{"type":"situational","recMath":false,"recSteps":false,"minSummonerLevel":-1,"maxSummonerLevel":-1,"showIfSummonerSpell":"","hideIfSummonerSpell":"","appendAfterSection":"","visibleWithAllOf":[""],"hiddenWithAnyOf":[""],"items":[{"id":"3025","count":1,"hideCount":false},{"id":"3109","count":1,"hideCount":false},{"id":"3190","count":1,"hideCount":false}]},{"type":"consumables","recMath":false,"recSteps":false,"minSummonerLevel":-1,"maxSummonerLevel":-1,"showIfSummonerSpell":"","hideIfSummonerSpell":"","appendAfterSection":"","visibleWithAllOf":[""],"hiddenWithAnyOf":[""],"items":[{"id":"2031","count":1,"hideCount":false},{"id":"2138","count":1,"hideCount":true}]},{"type":"ornnupgrades","recMath":false,"recSteps":false,"minSummonerLevel":-1,"maxSummonerLevel":-1,"showIfSummonerSpell":"","hideIfSummonerSpell":"","appendAfterSection":"","visibleWithAllOf":[""],"hiddenWithAnyOf":[""],"items":[{"id":"3373","count":1,"hideCount":true},{"id":"3379","count":1,"hideCount":true},{"id":"3387","count":1,"hideCount":true},{"id":"3383","count":1,"hideCount":true},{"id":"3382","count":1,"hideCount":true},{"id":"3389","count":1,"hideCount":true},{"id":"3371","count":1,"hideCount":true},{"id":"3380","count":1,"hideCount":true},{"id":"3384","count":1,"hideCount":true},{"id":"3388","count":1,"hideCount":true},{"id":"3390","count":1,"hideCount":true},{"id":"3374","count":1,"hideCount":true},{"id":"3386","count":1,"hideCount":true}]}]},{"champion":"Ornn","title":"OrnnSR","map":"SR","mode":"CLASSIC","type":"riot","customTag":"","sortrank":0,"extensionPage":false,"useObviousCheckmark":false,"customPanel":null,"blocks":[{"type":"starting","recMath":false,"recSteps":false,"minSummonerLevel":-1,"maxSummonerLevel":-1,"showIfSummonerSpell":"","hideIfSummonerSpell":"SummonerSmite","appendAfterSection":"","visibleWithAllOf":[""],"hiddenWithAnyOf":[""],"items":[{"id":"1054","count":1,"hideCount":false},{"id":"2003","count":1,"hideCount":false},{"id":"3340","count":1,"hideCount":false}]},{"type":"startingjungle","recMath":false,"recSteps":false,"minSummonerLevel":-1,"maxSummonerLevel":-1,"showIfSummonerSpell":"SummonerSmite","hideIfSummonerSpell":"","appendAfterSection":"","visibleWithAllOf":[""],"hiddenWithAnyOf":[""],"items":[{"id":"1039","count":1,"hideCount":false},{"id":"2031","count":1,"hideCount":false},{"id":"3340","count":1,"hideCount":false}]},{"type":"early","recMath":false,"recSteps":false,"minSummonerLevel":-1,"maxSummonerLevel":-1,"showIfSummonerSpell":"","hideIfSummonerSpell":"SummonerSmite","appendAfterSection":"","visibleWithAllOf":[""],"hiddenWithAnyOf":[""],"items":[{"id":"1001","count":1,"hideCount":false},{"id":"3751","count":1,"hideCount":false},{"id":"3024","count":1,"hideCount":false}]},{"type":"earlyjungle","recMath":false,"recSteps":false,"minSummonerLevel":-1,"maxSummonerLevel":-1,"showIfSummonerSpell":"SummonerSmite","hideIfSummonerSpell":"","appendAfterSection":"","visibleWithAllOf":[""],"hiddenWithAnyOf":[""],"items":[{"id":"1001","count":1,"hideCount":false},{"id":"3706","count":1,"hideCount":false},{"id":"3751","count":1,"hideCount":false}]},{"type":"essential","recMath":false,"recSteps":false,"minSummonerLevel":-1,"maxSummonerLevel":-1,"showIfSummonerSpell":"","hideIfSummonerSpell":"SummonerSmite","appendAfterSection":"","visibleWithAllOf":[""],"hiddenWithAnyOf":[""],"items":[{"id":"3068","count":1,"hideCount":false},{"id":"3047","count":1,"hideCount":false},{"id":"3001","count":1,"hideCount":false}]},{"type":"essentialjungle","recMath":false,"recSteps":false,"minSummonerLevel":-1,"maxSummonerLevel":-1,"showIfSummonerSpell":"SummonerSmite","hideIfSummonerSpell":"","appendAfterSection":"","visibleWithAllOf":[""],"hiddenWithAnyOf":[""],"items":[{"id":"3047","count":1,"hideCount":false},{"id":"1401","count":1,"hideCount":false},{"id":"3001","count":1,"hideCount":false}]},{"type":"defensive","recMath":false,"recSteps":false,"minSummonerLevel":-1,"maxSummonerLevel":-1,"showIfSummonerSpell":"","hideIfSummonerSpell":"","appendAfterSection":"","visibleWithAllOf":[""],"hiddenWithAnyOf":[""],"items":[{"id":"3025","count":1,"hideCount":false},{"id":"3193","count":1,"hideCount":false},{"id":"3075","count":1,"hideCount":false}]},{"type":"situational","recMath":false,"recSteps":false,"minSummonerLevel":-1,"maxSummonerLevel":-1,"showIfSummonerSpell":"","hideIfSummonerSpell":"","appendAfterSection":"","visibleWithAllOf":[""],"hiddenWithAnyOf":[""],"items":[{"id":"3800","count":1,"hideCount":false},{"id":"3109","count":1,"hideCount":false},{"id":"3107","count":1,"hideCount":false}]},{"type":"consumables","recMath":false,"recSteps":false,"minSummonerLevel":-1,"maxSummonerLevel":-1,"showIfSummonerSpell":"","hideIfSummonerSpell":"","appendAfterSection":"","visibleWithAllOf":[""],"hiddenWithAnyOf":[""],"items":[{"id":"2031","count":1,"hideCount":false},{"id":"2138","count":1,"hideCount":true}]},{"type":"ornnupgrades","recMath":false,"recSteps":false,"minSummonerLevel":-1,"maxSummonerLevel":-1,"showIfSummonerSpell":"","hideIfSummonerSpell":"","appendAfterSection":"","visibleWithAllOf":[""],"hiddenWithAnyOf":[""],"items":[{"id":"3373","count":1,"hideCount":true},{"id":"3379","count":1,"hideCount":true},{"id":"3387","count":1,"hideCount":true},{"id":"3383","count":1,"hideCount":true},{"id":"3382","count":1,"hideCount":true},{"id":"3389","count":1,"hideCount":true},{"id":"3371","count":1,"hideCount":true},{"id":"3380","count":1,"hideCount":true},{"id":"3384","count":1,"hideCount":true},{"id":"3388","count":1,"hideCount":true},{"id":"3390","count":1,"hideCount":true},{"id":"3374","count":1,"hideCount":true},{"id":"3386","count":1,"hideCount":true}]}]}]}}}