{"type":"champion","format":"standAloneComplex","version":"10.15.1","data":{"Pantheon":{"id":"Pantheon","key":"80","name":"Pantheon","title":"the Unbreakable Spear","image":{"full":"Pantheon.png","sprite":"champion2.png","group":"champion","x":336,"y":96,"w":48,"h":48},"skins":[{"id":"80000","num":0,"name":"default","chromas":false},{"id":"80001","num":1,"name":"Myrmidon Pantheon","chromas":false},{"id":"80002","num":2,"name":"Ruthless Pantheon","chromas":false},{"id":"80003","num":3,"name":"Perseus Pantheon","chromas":false},{"id":"80004","num":4,"name":"Full Metal Pantheon","chromas":false},{"id":"80005","num":5,"name":"Glaive Warrior Pantheon","chromas":false},{"id":"80006","num":6,"name":"Dragonslayer Pantheon","chromas":true},{"id":"80007","num":7,"name":"Zombie Slayer Pantheon","chromas":false},{"id":"80008","num":8,"name":"Baker Pantheon","chromas":false},{"id":"80016","num":16,"name":"Pulsefire Pantheon","chromas":true}],"lore":"Once an unwilling host to the Aspect of War, Atreus survived when the celestial power within him was slain, refusing to succumb to a blow that tore stars from the heavens. In time, he learned to embrace the power of his own mortality, and the stubborn resilience that goes along with it. Atreus now opposes the divine as Pantheon reborn, his unbreakable will fueling the fallen Aspect's weapons on the field of battle.","blurb":"Once an unwilling host to the Aspect of War, Atreus survived when the celestial power within him was slain, refusing to succumb to a blow that tore stars from the heavens. In time, he learned to embrace the power of his own mortality, and the stubborn...","allytips":["Mortal Will activates after 5 spells or basic attacks - plan your way through fights to allow you to activate it more than once.","Whittle the enemy down with Comet Spears before you jump in.","If an enemy is going to get out of range of your Aegis Assault, you can recast the spell to immediately fire the shield slam."],"enemytips":["Pantheon's Aegis Assault makes him invulnerable from the front. Get behind him or wait it out.","Be careful near Pantheon if your health is low - a thrown Comet Spear executes low health enemies.","Grand Starfall gives several seconds of warning before Pantheon arrives. Use this time to get out of the way or to form a plan to deal with him."],"tags":["Fighter","Assassin"],"partype":"Mana","info":{"attack":9,"defense":4,"magic":3,"difficulty":4},"stats":{"hp":580,"hpperlevel":95,"mp":317.12,"mpperlevel":31,"movespeed":355,"armor":40,"armorperlevel":3.75,"spellblock":28,"spellblockperlevel":1.25,"attackrange":175,"hpregen":10,"hpregenperlevel":0.65,"mpregen":7.356,"mpregenperlevel":0.45,"crit":0,"critperlevel":0,"attackdamage":64,"attackdamageperlevel":3.3,"attackspeedperlevel":2.95,"attackspeed":0.644},"spells":[{"id":"PantheonQ","name":"Comet Spear","description":"Pantheon either thrusts his spear or throws his spear in the chosen direction.","tooltip":"<span class=\"colorFF8C00\">Tap:</span> Pantheon thrusts his spear, dealing <physicalDamage>{{ tapdamagecalc }} physical damage</physicalDamage> to enemies hit. Refunds {{ tapcooldownrefund*100 }}% of Comet Spear's cooldown.<br /><br /><span class=\"colorFF8C00\">Hold:</span> Pantheon hurls his spear, dealing <physicalDamage>{{ holddamagecalc }} physical damage</physicalDamage> to the first enemy hit and {{ damagefalloff*100 }}% less to further targets. <br /><br />Comet Spear critically strikes enemies below {{ crithealththreshold*100 }}% health for <physicalDamage>{{ executedamagecalcmodified }} physical damage</physicalDamage> instead.<br /><br /><span class=\"colorEDDA74\">Mortal Will Bonus:</span> Deals an additional <physicalDamage>{{ empowereddamagecalc }} physical damage</physicalDamage> and slow the target by {{ slowamount*100 }}% for {{ slowduration }} seconds.","leveltip":{"label":["Base Damage","Execute Base Damage","Cooldown"],"effect":["{{ tapdamage }} -> {{ tapdamageNL }}","{{ executebasedamage }} -> {{ executebasedamageNL }}","{{ cooldown }} -> {{ cooldownNL }}"]},"maxrank":5,"cooldown":[10,9.5,9,8.5,8],"cooldownBurn":"10/9.5/9/8.5/8","cost":[40,40,40,40,40],"costBurn":"40","datavalues":{},"effect":[null,[0,0,0,0,0],[0,0,0,0,0],[0,0,0,0,0],[0,0,0,0,0],[0,0,0,0,0],[0,0,0,0,0],[0,0,0,0,0],[0,0,0,0,0],[0,0,0,0,0],[0,0,0,0,0]],"effectBurn":[null,"0","0","0","0","0","0","0","0","0","0"],"vars":[],"costType":" {{ abilityresourcename }}","maxammo":"-1","range":[575,575,575,575,575],"rangeBurn":"575","image":{"full":"PantheonQ.png","sprite":"spell9.png","group":"spell","x":96,"y":0,"w":48,"h":48},"resource":"{{ cost }} {{ abilityresourcename }}"},{"id":"PantheonW","name":"Shield Vault","description":"Pantheon dashes to a target, damaging and stunning them.","tooltip":"Pantheon dashes to an enemy, dealing <physicalDamage>{{ damagecalc }} physical damage</physicalDamage> and stunning them for {{ stunduration }} second.<br /><br /><span class=\"colorEDDA74\">Mortal Will Bonus:</span> Pantheon's next attack strikes {{ empowerednumhits }} times, dealing a total of <physicalDamage>{{ empowereddamagemultcalcmodified }} physical damage</physicalDamage>.","leveltip":{"label":["Damage","Cooldown"],"effect":["{{ basedamage }} -> {{ basedamageNL }}","{{ cooldown }} -> {{ cooldownNL }}"]},"maxrank":5,"cooldown":[13,12,11,10,9],"cooldownBurn":"13/12/11/10/9","cost":[55,55,55,55,55],"costBurn":"55","datavalues":{},"effect":[null,[50,75,100,125,150],[0.5,0.5,0.5,0.5,0.5],[5,5,5,5,5],[0,0,0,0,0],[0,0,0,0,0],[0,0,0,0,0],[0,0,0,0,0],[0,0,0,0,0],[0,0,0,0,0],[0,0,0,0,0]],"effectBurn":[null,"50/75/100/125/150","0.5","5","0","0","0","0","0","0","0"],"vars":[],"costType":" {{ abilityresourcename }}","maxammo":"-1","range":[600,600,600,600,600],"rangeBurn":"600","image":{"full":"PantheonW.png","sprite":"spell9.png","group":"spell","x":144,"y":0,"w":48,"h":48},"resource":"{{ cost }} {{ abilityresourcename }}"},{"id":"PantheonE","name":"Aegis Assault","description":"Pantheon sets his shield, becoming invulnerable to damage from the front and striking repeatedly with his spear.","tooltip":"Pantheon braces his shield and engages enemies in a chosen direction for {{ shieldduration }} seconds, becoming immune to damage from that direction and dealing <physicalDamage>{{ damagecalc }} physical damage</physicalDamage> over the duration.<br /><br />The last hit slams with Pantheon's shield, dealing <physicalDamage>{{ shielddamagecalc }} physical damage</physicalDamage>. <br /><br /><span class=\"colorEDDA74\">Mortal Will Bonus:</span> Duration is increased to {{ empoweredshieldduration }} seconds (dealing <physicalDamage>{{ empowereddamagecalc }} physical damage</physicalDamage> over the duration).","leveltip":{"label":["Cooldown","Shield Slam Damage"],"effect":["{{ cooldown }} -> {{ cooldownNL }}","{{ shieldbasedamage }} -> {{ shieldbasedamageNL }}"]},"maxrank":5,"cooldown":[22,20.5,19,17.5,16],"cooldownBurn":"22/20.5/19/17.5/16","cost":[80,80,80,80,80],"costBurn":"80","datavalues":{},"effect":[null,[0,0,0,0,0],[0,0,0,0,0],[0,0,0,0,0],[0,0,0,0,0],[0,0,0,0,0],[0,0,0,0,0],[0,0,0,0,0],[0,0,0,0,0],[0,0,0,0,0],[0,0,0,0,0]],"effectBurn":[null,"0","0","0","0","0","0","0","0","0","0"],"vars":[],"costType":" {{ abilityresourcename }}","maxammo":"-1","range":[400,400,400,400,400],"rangeBurn":"400","image":{"full":"PantheonE.png","sprite":"spell9.png","group":"spell","x":192,"y":0,"w":48,"h":48},"resource":"{{ cost }} {{ abilityresourcename }}"},{"id":"PantheonR","name":"Grand Starfall","description":"Pantheon composes himself and then leaps into the air, landing at a chosen location as a comet.","tooltip":"Pantheon gathers his strength to leap high into the air, then crashes down as a meteor at the target area a few seconds later. Deals up to {{ damagecalc }} magic damage to enemies in a line (decreased by up to {{ edgedamagereduction*100 }}% at the edges of the area).<br /><br />Grand Starfall instantly readies Mortal Will.","leveltip":{"label":["Damage","Cooldown"],"effect":["{{ basedamage }} -> {{ basedamageNL }}","{{ cooldown }} -> {{ cooldownNL }}"]},"maxrank":3,"cooldown":[180,165,150],"cooldownBurn":"180/165/150","cost":[100,100,100],"costBurn":"100","datavalues":{},"effect":[null,[0,0,0],[0,0,0],[0,0,0],[0,0,0],[0,0,0],[0,0,0],[0,0,0],[0,0,0],[0,0,0],[0,0,0]],"effectBurn":[null,"0","0","0","0","0","0","0","0","0","0"],"vars":[],"costType":" {{ abilityresourcename }}","maxammo":"-1","range":[5500,5500,5500],"rangeBurn":"5500","image":{"full":"PantheonR.png","sprite":"spell9.png","group":"spell","x":240,"y":0,"w":48,"h":48},"resource":"{{ cost }} {{ abilityresourcename }}"}],"passive":{"name":"Mortal Will","description":"Every few spells or attacks, Pantheon's next spell is empowered.","image":{"full":"Pantheon_Passive.png","sprite":"passive2.png","group":"passive","x":336,"y":96,"w":48,"h":48}},"recommended":[{"champion":"Pantheon","title":"Beginner","type":"riot","map":"SR","mode":"INTRO","priority":false,"blocks":[{"type":"beginner_Starter","maxSummonerLevel":4,"items":[{"id":"1055","count":1}]},{"type":"beginner_Starter","minSummonerLevel":5,"items":[{"id":"1055","count":1},{"id":"2003","count":1}]},{"type":"beginner_Advanced","recMath":true,"items":[{"id":"1028","count":1},{"id":"1036","count":1},{"id":"3044","count":1}]},{"type":"beginner_MovementSpeed","recMath":true,"items":[{"id":"1001","count":1},{"id":"1029","count":1},{"id":"3047","count":1}]},{"type":"beginner_LegendaryItem","recMath":true,"items":[{"id":"3044","count":1},{"id":"3057","count":1},{"id":"3086","count":1},{"id":"3078","count":1}]},{"type":"beginner_MoreLegendaryItems","items":[{"id":"3071","count":1},{"id":"3072","count":1},{"id":"3022","count":1},{"id":"3035","count":1}]}]},{"champion":"Pantheon","title":"PantheonARAM","map":"HA","mode":"ARAM","type":"riot","customTag":"","sortrank":0,"extensionPage":false,"useObviousCheckmark":false,"customPanel":null,"blocks":[{"type":"starting","recMath":false,"recSteps":false,"minSummonerLevel":-1,"maxSummonerLevel":-1,"showIfSummonerSpell":"","hideIfSummonerSpell":"","appendAfterSection":"","visibleWithAllOf":[""],"hiddenWithAnyOf":[""],"items":[{"id":"3044","count":1,"hideCount":false},{"id":"2003","count":3,"hideCount":false}]},{"type":"essential","recMath":false,"recSteps":false,"minSummonerLevel":-1,"maxSummonerLevel":-1,"showIfSummonerSpell":"","hideIfSummonerSpell":"","appendAfterSection":"","visibleWithAllOf":[""],"hiddenWithAnyOf":[""],"items":[{"id":"3078","count":1,"hideCount":false},{"id":"3111","count":1,"hideCount":false},{"id":"3071","count":1,"hideCount":false}]},{"type":"offensive","recMath":false,"recSteps":false,"minSummonerLevel":-1,"maxSummonerLevel":-1,"showIfSummonerSpell":"","hideIfSummonerSpell":"","appendAfterSection":"","visibleWithAllOf":[""],"hiddenWithAnyOf":[""],"items":[{"id":"3142","count":1,"hideCount":false},{"id":"3812","count":1,"hideCount":false},{"id":"3147","count":1,"hideCount":false}]},{"type":"defensive","recMath":false,"recSteps":false,"minSummonerLevel":-1,"maxSummonerLevel":-1,"showIfSummonerSpell":"","hideIfSummonerSpell":"","appendAfterSection":"","visibleWithAllOf":[""],"hiddenWithAnyOf":[""],"items":[{"id":"3156","count":1,"hideCount":false},{"id":"3053","count":1,"hideCount":false}]},{"type":"consumables","recMath":false,"recSteps":false,"minSummonerLevel":-1,"maxSummonerLevel":-1,"showIfSummonerSpell":"","hideIfSummonerSpell":"","appendAfterSection":"","visibleWithAllOf":[""],"hiddenWithAnyOf":[""],"items":[{"id":"2003","count":1,"hideCount":true},{"id":"2140","count":1,"hideCount":true},{"id":"2033","count":1,"hideCount":false}]}]},{"champion":"Pantheon","title":"PantheonFIRSTBLOOD","map":"HA","mode":"FIRSTBLOOD","type":"riot","customTag":"","sortrank":0,"extensionPage":false,"customPanel":null,"blocks":[{"type":"starting","recMath":false,"recSteps":false,"minSummonerLevel":-1,"maxSummonerLevel":-1,"showIfSummonerSpell":"","hideIfSummonerSpell":"SummonerSmite","items":[{"id":"2033","count":1,"hideCount":false},{"id":"3340","count":1,"hideCount":false}]},{"type":"early","recMath":false,"recSteps":false,"minSummonerLevel":-1,"maxSummonerLevel":-1,"showIfSummonerSpell":"","hideIfSummonerSpell":"SummonerSmite","items":[{"id":"3133","count":1,"hideCount":false},{"id":"3134","count":1,"hideCount":false},{"id":"1001","count":1,"hideCount":false}]},{"type":"essential","recMath":false,"recSteps":false,"minSummonerLevel":-1,"maxSummonerLevel":-1,"showIfSummonerSpell":"","hideIfSummonerSpell":"SummonerSmite","items":[{"id":"3111","count":1,"hideCount":false},{"id":"3142","count":1,"hideCount":false},{"id":"3071","count":1,"hideCount":false}]},{"type":"offensive","recMath":false,"recSteps":false,"minSummonerLevel":-1,"maxSummonerLevel":-1,"showIfSummonerSpell":"","hideIfSummonerSpell":"SummonerSmite","items":[{"id":"3812","count":1,"hideCount":false},{"id":"3033","count":1,"hideCount":false},{"id":"3147","count":1,"hideCount":false}]},{"type":"defensive","recMath":false,"recSteps":false,"minSummonerLevel":-1,"maxSummonerLevel":-1,"showIfSummonerSpell":"","hideIfSummonerSpell":"SummonerSmite","items":[{"id":"3156","count":1,"hideCount":false},{"id":"3026","count":1,"hideCount":false},{"id":"3814","count":1,"hideCount":false}]},{"type":"startingjungle","recMath":false,"recSteps":false,"minSummonerLevel":-1,"maxSummonerLevel":-1,"showIfSummonerSpell":"SummonerSmite","hideIfSummonerSpell":"","items":[{"id":"1039","count":1,"hideCount":false},{"id":"2003","count":3,"hideCount":false},{"id":"3340","count":1,"hideCount":false}]},{"type":"earlyjungle","recMath":false,"recSteps":false,"minSummonerLevel":-1,"maxSummonerLevel":-1,"showIfSummonerSpell":"SummonerSmite","hideIfSummonerSpell":"","items":[{"id":"3706","count":1,"hideCount":false},{"id":"3133","count":1,"hideCount":false},{"id":"1001","count":1,"hideCount":false}]},{"type":"essentialjungle","recMath":false,"recSteps":false,"minSummonerLevel":-1,"maxSummonerLevel":-1,"showIfSummonerSpell":"SummonerSmite","hideIfSummonerSpell":"","items":[{"id":"1400","count":1,"hideCount":false},{"id":"3117","count":1,"hideCount":false},{"id":"3071","count":1,"hideCount":false}]},{"type":"offensive","recMath":false,"recSteps":false,"minSummonerLevel":-1,"maxSummonerLevel":-1,"showIfSummonerSpell":"SummonerSmite","hideIfSummonerSpell":"","items":[{"id":"3074","count":1,"hideCount":false},{"id":"3142","count":1,"hideCount":false},{"id":"3033","count":1,"hideCount":false}]},{"type":"defensive","recMath":false,"recSteps":false,"minSummonerLevel":-1,"maxSummonerLevel":-1,"showIfSummonerSpell":"SummonerSmite","hideIfSummonerSpell":"","items":[{"id":"3156","count":1,"hideCount":false},{"id":"3026","count":1,"hideCount":false},{"id":"3742","count":1,"hideCount":false}]},{"type":"consumables","recMath":false,"recSteps":false,"minSummonerLevel":-1,"maxSummonerLevel":-1,"showIfSummonerSpell":"","hideIfSummonerSpell":"","items":[{"id":"2003","count":1,"hideCount":true},{"id":"2140","count":1,"hideCount":true}]}]},{"champion":"Pantheon","title":"PantheonARAM","map":"HA","mode":"KINGPORO","type":"riot","customTag":"","sortrank":0,"extensionPage":false,"useObviousCheckmark":false,"customPanel":null,"blocks":[{"type":"KingPoroSnax","recMath":false,"recSteps":false,"minSummonerLevel":-1,"maxSummonerLevel":-1,"showIfSummonerSpell":"","hideIfSummonerSpell":"","items":[{"id":"3680","count":1,"hideCount":false},{"id":"3681","count":1,"hideCount":false},{"id":"3682","count":1,"hideCount":false},{"id":"3683","count":1,"hideCount":false},{"id":"3684","count":1,"hideCount":false},{"id":"3685","count":1,"hideCount":false}]},{"type":"starting","recMath":false,"recSteps":false,"minSummonerLevel":-1,"maxSummonerLevel":-1,"showIfSummonerSpell":"","hideIfSummonerSpell":"","appendAfterSection":"","visibleWithAllOf":[""],"hiddenWithAnyOf":[""],"items":[{"id":"3044","count":1,"hideCount":false},{"id":"2003","count":3,"hideCount":false}]},{"type":"essential","recMath":false,"recSteps":false,"minSummonerLevel":-1,"maxSummonerLevel":-1,"showIfSummonerSpell":"","hideIfSummonerSpell":"","appendAfterSection":"","visibleWithAllOf":[""],"hiddenWithAnyOf":[""],"items":[{"id":"3078","count":1,"hideCount":false},{"id":"3111","count":1,"hideCount":false},{"id":"3071","count":1,"hideCount":false}]},{"type":"offensive","recMath":false,"recSteps":false,"minSummonerLevel":-1,"maxSummonerLevel":-1,"showIfSummonerSpell":"","hideIfSummonerSpell":"","appendAfterSection":"","visibleWithAllOf":[""],"hiddenWithAnyOf":[""],"items":[{"id":"3142","count":1,"hideCount":false},{"id":"3812","count":1,"hideCount":false},{"id":"3147","count":1,"hideCount":false}]},{"type":"defensive","recMath":false,"recSteps":false,"minSummonerLevel":-1,"maxSummonerLevel":-1,"showIfSummonerSpell":"","hideIfSummonerSpell":"","appendAfterSection":"","visibleWithAllOf":[""],"hiddenWithAnyOf":[""],"items":[{"id":"3156","count":1,"hideCount":false},{"id":"3053","count":1,"hideCount":false}]},{"type":"consumables","recMath":false,"recSteps":false,"minSummonerLevel":-1,"maxSummonerLevel":-1,"showIfSummonerSpell":"","hideIfSummonerSpell":"","appendAfterSection":"","visibleWithAllOf":[""],"hiddenWithAnyOf":[""],"items":[{"id":"2003","count":1,"hideCount":true},{"id":"2140","count":1,"hideCount":true},{"id":"2033","count":1,"hideCount":false}]}]},{"champion":"Pantheon","title":"PantheonSL","map":"NB","mode":"NEXUSBLITZ","type":"riot","customTag":"","sortrank":0,"extensionPage":false,"useObviousCheckmark":false,"customPanel":null,"blocks":[{"type":"starting","recMath":false,"recSteps":false,"minSummonerLevel":-1,"maxSummonerLevel":-1,"showIfSummonerSpell":"","hideIfSummonerSpell":"SummonerSmite","appendAfterSection":"","visibleWithAllOf":[""],"hiddenWithAnyOf":[""],"items":[{"id":"2033","count":1,"hideCount":false},{"id":"3340","count":1,"hideCount":false}]},{"type":"startingjungle","recMath":false,"recSteps":false,"minSummonerLevel":-1,"maxSummonerLevel":-1,"showIfSummonerSpell":"SummonerSmite","hideIfSummonerSpell":"","appendAfterSection":"","visibleWithAllOf":[""],"hiddenWithAnyOf":[""],"items":[{"id":"4101","count":1,"hideCount":false},{"id":"2003","count":1,"hideCount":false},{"id":"3340","count":1,"hideCount":false}]},{"type":"early","recMath":false,"recSteps":false,"minSummonerLevel":-1,"maxSummonerLevel":-1,"showIfSummonerSpell":"","hideIfSummonerSpell":"SummonerSmite","appendAfterSection":"","visibleWithAllOf":[""],"hiddenWithAnyOf":[""],"items":[{"id":"3133","count":1,"hideCount":false},{"id":"3134","count":1,"hideCount":false},{"id":"1001","count":1,"hideCount":false}]},{"type":"earlyjungle","recMath":false,"recSteps":false,"minSummonerLevel":-1,"maxSummonerLevel":-1,"showIfSummonerSpell":"SummonerSmite","hideIfSummonerSpell":"","appendAfterSection":"","visibleWithAllOf":[""],"hiddenWithAnyOf":[""],"items":[{"id":"3133","count":1,"hideCount":false},{"id":"1001","count":1,"hideCount":false}]},{"type":"essential","recMath":false,"recSteps":false,"minSummonerLevel":-1,"maxSummonerLevel":-1,"showIfSummonerSpell":"","hideIfSummonerSpell":"SummonerSmite","appendAfterSection":"","visibleWithAllOf":[""],"hiddenWithAnyOf":[""],"items":[{"id":"3111","count":1,"hideCount":false},{"id":"3142","count":1,"hideCount":false},{"id":"3071","count":1,"hideCount":false}]},{"type":"essentialjungle","recMath":false,"recSteps":false,"minSummonerLevel":-1,"maxSummonerLevel":-1,"showIfSummonerSpell":"SummonerSmite","hideIfSummonerSpell":"","appendAfterSection":"","visibleWithAllOf":[""],"hiddenWithAnyOf":[""],"items":[{"id":"4102","count":1,"hideCount":false},{"id":"3047","count":1,"hideCount":false},{"id":"3071","count":1,"hideCount":false}]},{"type":"offensive","recMath":false,"recSteps":false,"minSummonerLevel":-1,"maxSummonerLevel":-1,"showIfSummonerSpell":"","hideIfSummonerSpell":"SummonerSmite","appendAfterSection":"","visibleWithAllOf":[""],"hiddenWithAnyOf":[""],"items":[{"id":"3147","count":1,"hideCount":false},{"id":"3812","count":1,"hideCount":false},{"id":"3161","count":1,"hideCount":false}]},{"type":"defensive","recMath":false,"recSteps":false,"minSummonerLevel":-1,"maxSummonerLevel":-1,"showIfSummonerSpell":"","hideIfSummonerSpell":"SummonerSmite","appendAfterSection":"","visibleWithAllOf":[""],"hiddenWithAnyOf":[""],"items":[{"id":"3742","count":1,"hideCount":false},{"id":"3156","count":1,"hideCount":false},{"id":"3026","count":1,"hideCount":false}]},{"type":"offensive","recMath":false,"recSteps":false,"minSummonerLevel":-1,"maxSummonerLevel":-1,"showIfSummonerSpell":"SummonerSmite","hideIfSummonerSpell":"","appendAfterSection":"","visibleWithAllOf":[""],"hiddenWithAnyOf":[""],"items":[{"id":"3142","count":1,"hideCount":false},{"id":"3812","count":1,"hideCount":false},{"id":"3161","count":1,"hideCount":false}]},{"type":"defensive","recMath":false,"recSteps":false,"minSummonerLevel":-1,"maxSummonerLevel":-1,"showIfSummonerSpell":"SummonerSmite","hideIfSummonerSpell":"","appendAfterSection":"","visibleWithAllOf":[""],"hiddenWithAnyOf":[""],"items":[{"id":"3156","count":1,"hideCount":false},{"id":"3742","count":1,"hideCount":false},{"id":"3053","count":1,"hideCount":false}]},{"type":"consumables","recMath":false,"recSteps":false,"minSummonerLevel":-1,"maxSummonerLevel":-1,"showIfSummonerSpell":"","hideIfSummonerSpell":"","appendAfterSection":"","visibleWithAllOf":[""],"hiddenWithAnyOf":[""],"items":[{"id":"2003","count":1,"hideCount":true},{"id":"2140","count":1,"hideCount":true}]}]},{"champion":"Pantheon","title":"PantheonSR","map":"SR","mode":"CLASSIC","type":"riot","customTag":"","sortrank":0,"extensionPage":false,"useObviousCheckmark":false,"customPanel":null,"blocks":[{"type":"starting","recMath":false,"recSteps":false,"minSummonerLevel":-1,"maxSummonerLevel":-1,"showIfSummonerSpell":"","hideIfSummonerSpell":"SummonerSmite","appendAfterSection":"","visibleWithAllOf":[""],"hiddenWithAnyOf":[""],"items":[{"id":"2033","count":1,"hideCount":false},{"id":"3340","count":1,"hideCount":false}]},{"type":"early","recMath":false,"recSteps":false,"minSummonerLevel":-1,"maxSummonerLevel":-1,"showIfSummonerSpell":"","hideIfSummonerSpell":"SummonerSmite","appendAfterSection":"","visibleWithAllOf":[""],"hiddenWithAnyOf":[""],"items":[{"id":"3133","count":1,"hideCount":false},{"id":"3134","count":1,"hideCount":false},{"id":"1001","count":1,"hideCount":false}]},{"type":"essential","recMath":false,"recSteps":false,"minSummonerLevel":-1,"maxSummonerLevel":-1,"showIfSummonerSpell":"","hideIfSummonerSpell":"SummonerSmite","appendAfterSection":"","visibleWithAllOf":[""],"hiddenWithAnyOf":[""],"items":[{"id":"3111","count":1,"hideCount":false},{"id":"3142","count":1,"hideCount":false},{"id":"3071","count":1,"hideCount":false}]},{"type":"offensive","recMath":false,"recSteps":false,"minSummonerLevel":-1,"maxSummonerLevel":-1,"showIfSummonerSpell":"","hideIfSummonerSpell":"SummonerSmite","appendAfterSection":"","visibleWithAllOf":[""],"hiddenWithAnyOf":[""],"items":[{"id":"3147","count":1,"hideCount":false},{"id":"3812","count":1,"hideCount":false}]},{"type":"defensive","recMath":false,"recSteps":false,"minSummonerLevel":-1,"maxSummonerLevel":-1,"showIfSummonerSpell":"","hideIfSummonerSpell":"SummonerSmite","appendAfterSection":"","visibleWithAllOf":[""],"hiddenWithAnyOf":[""],"items":[{"id":"3742","count":1,"hideCount":false},{"id":"3156","count":1,"hideCount":false},{"id":"3026","count":1,"hideCount":false}]},{"type":"startingjungle","recMath":false,"recSteps":false,"minSummonerLevel":-1,"maxSummonerLevel":-1,"showIfSummonerSpell":"SummonerSmite","hideIfSummonerSpell":"","appendAfterSection":"","visibleWithAllOf":[""],"hiddenWithAnyOf":[""],"items":[{"id":"1039","count":1,"hideCount":false},{"id":"2003","count":3,"hideCount":false},{"id":"3340","count":1,"hideCount":false}]},{"type":"earlyjungle","recMath":false,"recSteps":false,"minSummonerLevel":-1,"maxSummonerLevel":-1,"showIfSummonerSpell":"SummonerSmite","hideIfSummonerSpell":"","appendAfterSection":"","visibleWithAllOf":[""],"hiddenWithAnyOf":[""],"items":[{"id":"3706","count":1,"hideCount":false},{"id":"3133","count":1,"hideCount":false},{"id":"1001","count":1,"hideCount":false}]},{"type":"essentialjungle","recMath":false,"recSteps":false,"minSummonerLevel":-1,"maxSummonerLevel":-1,"showIfSummonerSpell":"SummonerSmite","hideIfSummonerSpell":"","appendAfterSection":"","visibleWithAllOf":[""],"hiddenWithAnyOf":[""],"items":[{"id":"1400","count":1,"hideCount":false},{"id":"3117","count":1,"hideCount":false},{"id":"3071","count":1,"hideCount":false}]},{"type":"offensive","recMath":false,"recSteps":false,"minSummonerLevel":-1,"maxSummonerLevel":-1,"showIfSummonerSpell":"SummonerSmite","hideIfSummonerSpell":"","appendAfterSection":"","visibleWithAllOf":[""],"hiddenWithAnyOf":[""],"items":[{"id":"3142","count":1,"hideCount":false},{"id":"3812","count":1,"hideCount":false},{"id":"3147","count":1,"hideCount":false},{"id":"3181","count":1,"hideCount":false},{"id":"3179","count":1,"hideCount":false}]},{"type":"defensive","recMath":false,"recSteps":false,"minSummonerLevel":-1,"maxSummonerLevel":-1,"showIfSummonerSpell":"SummonerSmite","hideIfSummonerSpell":"","appendAfterSection":"","visibleWithAllOf":[""],"hiddenWithAnyOf":[""],"items":[{"id":"3156","count":1,"hideCount":false},{"id":"3742","count":1,"hideCount":false},{"id":"3026","count":1,"hideCount":false}]},{"type":"consumables","recMath":false,"recSteps":false,"minSummonerLevel":-1,"maxSummonerLevel":-1,"showIfSummonerSpell":"","hideIfSummonerSpell":"","appendAfterSection":"","visibleWithAllOf":[""],"hiddenWithAnyOf":[""],"items":[{"id":"2003","count":1,"hideCount":true},{"id":"2140","count":1,"hideCount":true}]}]}]}}}