{"type":"champion","format":"standAloneComplex","version":"10.15.1","data":{"Poppy":{"id":"Poppy","key":"78","name":"Poppy","title":"Keeper of the Hammer","image":{"full":"Poppy.png","sprite":"champion2.png","group":"champion","x":384,"y":96,"w":48,"h":48},"skins":[{"id":"78000","num":0,"name":"default","chromas":false},{"id":"78001","num":1,"name":"Noxus Poppy","chromas":false},{"id":"78002","num":2,"name":"Lollipoppy","chromas":false},{"id":"78003","num":3,"name":"Blacksmith Poppy","chromas":false},{"id":"78004","num":4,"name":"Ragdoll Poppy","chromas":false},{"id":"78005","num":5,"name":"Battle Regalia Poppy","chromas":true},{"id":"78006","num":6,"name":"Scarlet Hammer Poppy","chromas":false},{"id":"78007","num":7,"name":"Star Guardian Poppy","chromas":false},{"id":"78014","num":14,"name":"Snow Fawn Poppy","chromas":false},{"id":"78015","num":15,"name":"Hextech Poppy","chromas":false},{"id":"78016","num":16,"name":"Astronaut Poppy","chromas":true}],"lore":"Runeterra has no shortage of valiant champions, but few are as tenacious as Poppy. Bearing the legendary hammer of Orlon, a weapon twice her size, this determined yordle has spent untold years searching in secret for the fabled “Hero of Demacia,” said to be its rightful wielder. Until then, she dutifully charges into battle, pushing back the kingdom's enemies with every whirling strike.","blurb":"Runeterra has no shortage of valiant champions, but few are as tenacious as Poppy. Bearing the legendary hammer of Orlon, a weapon twice her size, this determined yordle has spent untold years searching in secret for the fabled “Hero of Demacia,” said...","allytips":["Iron Ambassador tends to land near walls, try to take advantage of this with Heroic Charge.","Keeper's Verdict can be released immediately to send the enemy straight up, take advantage of this in duels."],"enemytips":["Poppy can stop nearby enemies from dashing with Steadfast Presence.","When Poppy starts to spin her hammer, she is charging Keeper's Verdict.","You can step on Poppy's shield to deny it from her."],"tags":["Tank","Fighter"],"partype":"Mana","info":{"attack":6,"defense":7,"magic":2,"difficulty":6},"stats":{"hp":540,"hpperlevel":90,"mp":280,"mpperlevel":40,"movespeed":345,"armor":38,"armorperlevel":3.5,"spellblock":32,"spellblockperlevel":1.25,"attackrange":125,"hpregen":8,"hpregenperlevel":0.8,"mpregen":7,"mpregenperlevel":0.7,"crit":0,"critperlevel":0,"attackdamage":64,"attackdamageperlevel":4,"attackspeedperlevel":2.5,"attackspeed":0.625},"spells":[{"id":"PoppyQ","name":"Hammer Shock","description":"Poppy swings her hammer, dealing damage and creating a zone that will slow enemies and explode after a delay.","tooltip":"Poppy smashes the ground, dealing {{ e1 }} <scaleAD>(+{{ a1 }})</scaleAD> plus {{ e5 }}% of the enemies' maximum Health as physical damage, and leaving an unstable area.<br /><br />The area slows enemies inside it by {{ e3 }}% and erupts after {{ e4 }} second, dealing the initial damage again.","leveltip":{"label":["Damage","Slow","Cooldown","@AbilityResourceName@ Cost","Monster Cap"],"effect":["{{ e1 }} -> {{ e1NL }}","{{ e3 }}% -> {{ e3NL }}%","{{ cooldown }} -> {{ cooldownNL }}","{{ cost }} -> {{ costNL }}","{{ e6 }} -> {{ e6NL }}"]},"maxrank":5,"cooldown":[8,7,6,5,4],"cooldownBurn":"8/7/6/5/4","cost":[35,40,45,50,55],"costBurn":"35/40/45/50/55","datavalues":{},"effect":[null,[40,60,80,100,120],[0.5,0.5,0.5,0.5,0.5],[20,25,30,35,40],[1,1,1,1,1],[8,8,8,8,8],[50,80,110,140,170],[100,100,100,100,100],[0,0,0,0,0],[0,0,0,0,0],[0,0,0,0,0]],"effectBurn":[null,"40/60/80/100/120","0.5","20/25/30/35/40","1","8","50/80/110/140/170","100","0","0","0"],"vars":[{"link":"bonusattackdamage","coeff":0.9,"key":"a1"}],"costType":" {{ abilityresourcename }}","maxammo":"-1","range":[430,430,430,430,430],"rangeBurn":"430","image":{"full":"PoppyQ.png","sprite":"spell9.png","group":"spell","x":288,"y":0,"w":48,"h":48},"resource":"{{ cost }} {{ abilityresourcename }}"},{"id":"PoppyW","name":"Steadfast Presence","description":"Poppy passively gains Armor and Magic Resist. This bonus increases when she is low on Health. Poppy can activate Steadfast Presence to gain movement speed and stop enemy dashes around her. If a dash is stopped, the enemy is slowed and grounded.","tooltip":"<spellPassive>Passive:</spellPassive> Poppy gains <scaleArmor>{{ f1 }}</scaleArmor> Armor and <span class=\"colorFF00FF\">{{ f2 }}</span> Magic Resist ({{ e3 }}% of Armor and Magic Resist). This bonus is doubled if Poppy is below 40% Health.<br /><br /><spellPassive>Active:</spellPassive> For {{ e1 }} seconds, Poppy gains {{ e2 }}% Movement Speed. During this time, she stops nearby enemy dashes, dealing {{ e5 }} <scaleAP>(+{{ a1 }})</scaleAP> magic damage, grounding and slowing them by {{ slowamount*-100 }}% for {{ groundingduration }} seconds.","leveltip":{"label":["Cooldown","Damage"],"effect":["{{ cooldown }} -> {{ cooldownNL }}","{{ e5 }} -> {{ e5NL }}"]},"maxrank":5,"cooldown":[24,22,20,18,16],"cooldownBurn":"24/22/20/18/16","cost":[50,50,50,50,50],"costBurn":"50","datavalues":{},"effect":[null,[2,2,2,2,2],[40,40,40,40,40],[10,10,10,10,10],[0.5,0.5,0.5,0.5,0.5],[70,110,150,190,230],[0,0,0,0,0],[0,0,0,0,0],[0,0,0,0,0],[0,0,0,0,0],[0,0,0,0,0]],"effectBurn":[null,"2","40","10","0.5","70/110/150/190/230","0","0","0","0","0"],"vars":[{"link":"spelldamage","coeff":0.7,"key":"a1"}],"costType":" {{ abilityresourcename }}","maxammo":"-1","range":[400,400,400,400,400],"rangeBurn":"400","image":{"full":"PoppyW.png","sprite":"spell9.png","group":"spell","x":336,"y":0,"w":48,"h":48},"resource":"{{ cost }} {{ abilityresourcename }}"},{"id":"PoppyE","name":"Heroic Charge","description":"Poppy dashes to the target and pushes it back. If the target is pushed into a wall, it is stunned.","tooltip":"Poppy tackles an enemy, dealing {{ e1 }} <scaleAD>(+{{ a1 }})</scaleAD> physical damage and carrying them forward. If Poppy carries the target into terrain, the enemy takes {{ e2 }} <scaleAD>(+{{ a1 }})</scaleAD> additional physical damage and is stunned for {{ e3 }} seconds.","leveltip":{"label":["Initial Damage","Wall Damage","Stun Duration","Cooldown"],"effect":["{{ e1 }} -> {{ e1NL }}","{{ e2 }} -> {{ e2NL }}","{{ e3 }} -> {{ e3NL }}","{{ cooldown }} -> {{ cooldownNL }}"]},"maxrank":5,"cooldown":[14,13,12,11,10],"cooldownBurn":"14/13/12/11/10","cost":[70,70,70,70,70],"costBurn":"70","datavalues":{},"effect":[null,[60,80,100,120,140],[60,80,100,120,140],[1.6,1.7,1.8,1.9,2],[1800,1800,1800,1800,1800],[400,400,400,400,400],[0,0,0,0,0],[0,0,0,0,0],[0,0,0,0,0],[0,0,0,0,0],[0,0,0,0,0]],"effectBurn":[null,"60/80/100/120/140","60/80/100/120/140","1.6/1.7/1.8/1.9/2","1800","400","0","0","0","0","0"],"vars":[{"link":"bonusattackdamage","coeff":0.5,"key":"a1"},{"link":"bonusattackdamage","coeff":0.5,"key":"a1"}],"costType":" {{ abilityresourcename }}","maxammo":"-1","range":[475,475,475,475,475],"rangeBurn":"475","image":{"full":"PoppyE.png","sprite":"spell9.png","group":"spell","x":384,"y":0,"w":48,"h":48},"resource":"{{ cost }} {{ abilityresourcename }}"},{"id":"PoppyR","name":"Keeper's Verdict","description":"Poppy channels a hammer strike that knocks enemies very far away.","tooltip":"<spellPassive>First Cast:</spellPassive> Poppy channels for up to {{ channelmaxduration }} seconds, slowing herself by {{ selfslow }}%.<br /><br /><spellPassive>Second Cast:</spellPassive> Poppy smashes the ground, emanating a shockwave that deals <physicalDamage>{{ damage }}</physicalDamage> physical damage to enemies around the first champion hit and knocking them a large distance toward their Summoning Platform. The shockwave length and knockback distance increases with channel duration.<br /><br />An uncharged Keeper's Verdict deals half damage and knocks enemies up for {{ knockupdurationsnap }} seconds.<br /><br /><rules>Enemies hit with a charged Keeper's Verdict are untargetable.</rules>","leveltip":{"label":["Damage","Cooldown"],"effect":["{{ basedamage }} -> {{ basedamageNL }}","{{ cooldown }} -> {{ cooldownNL }}"]},"maxrank":3,"cooldown":[140,120,100],"cooldownBurn":"140/120/100","cost":[100,100,100],"costBurn":"100","datavalues":{},"effect":[null,[0,0,0],[0,0,0],[0,0,0],[0,0,0],[0,0,0],[0,0,0],[0,0,0],[0,0,0],[0,0,0],[0,0,0]],"effectBurn":[null,"0","0","0","0","0","0","0","0","0","0"],"vars":[],"costType":" {{ abilityresourcename }}","maxammo":"-1","range":[500,500,500],"rangeBurn":"500","image":{"full":"PoppyR.png","sprite":"spell9.png","group":"spell","x":432,"y":0,"w":48,"h":48},"resource":"{{ cost }} {{ abilityresourcename }}"}],"passive":{"name":"Iron Ambassador","description":"Poppy throws her buckler that bounces off the target. Poppy can pick it up to gain a temporary shield.","image":{"full":"Poppy_Passive.png","sprite":"passive2.png","group":"passive","x":384,"y":96,"w":48,"h":48}},"recommended":[{"champion":"Poppy","title":"Beginner","map":"SR","mode":"INTRO","type":"riot","customTag":"","extensionPage":false,"customPanel":null,"blocks":[{"type":"beginner_starter","recMath":false,"recSteps":false,"minSummonerLevel":-1,"maxSummonerLevel":-1,"showIfSummonerSpell":"","hideIfSummonerSpell":"","items":[{"id":"1054","count":1,"hideCount":false},{"id":"2003","count":1,"hideCount":false}]},{"type":"beginner_advanced","recMath":true,"recSteps":false,"minSummonerLevel":-1,"maxSummonerLevel":-1,"showIfSummonerSpell":"","hideIfSummonerSpell":"","items":[{"id":"1027","count":1,"hideCount":false},{"id":"3057","count":1,"hideCount":false}]},{"type":"beginner_movementspeed","recMath":true,"recSteps":false,"minSummonerLevel":-1,"maxSummonerLevel":-1,"showIfSummonerSpell":"","hideIfSummonerSpell":"","items":[{"id":"1001","count":1,"hideCount":false},{"id":"1029","count":1,"hideCount":false},{"id":"3047","count":1,"hideCount":false}]},{"type":"beginner_legendaryitem","recMath":true,"recSteps":false,"minSummonerLevel":-1,"maxSummonerLevel":-1,"showIfSummonerSpell":"","hideIfSummonerSpell":"","items":[{"id":"3024","count":1,"hideCount":false},{"id":"3025","count":1,"hideCount":false}]},{"type":"beginner_morelegendaryitems","recMath":false,"recSteps":false,"minSummonerLevel":-1,"maxSummonerLevel":-1,"showIfSummonerSpell":"","hideIfSummonerSpell":"","items":[{"id":"3742","count":1,"hideCount":false},{"id":"3068","count":1,"hideCount":false},{"id":"3102","count":1,"hideCount":false}]}]},{"champion":"Poppy","title":"PoppyARAM","map":"HA","mode":"ARAM","type":"riot","customTag":"","sortrank":0,"extensionPage":false,"useObviousCheckmark":false,"customPanel":null,"blocks":[{"type":"starting","recMath":false,"recSteps":false,"minSummonerLevel":-1,"maxSummonerLevel":-1,"showIfSummonerSpell":"","hideIfSummonerSpell":"","appendAfterSection":"","visibleWithAllOf":[""],"hiddenWithAnyOf":[""],"items":[{"id":"2051","count":1,"hideCount":false},{"id":"1001","count":1,"hideCount":false},{"id":"2003","count":3,"hideCount":false}]},{"type":"essential","recMath":false,"recSteps":false,"minSummonerLevel":-1,"maxSummonerLevel":-1,"showIfSummonerSpell":"","hideIfSummonerSpell":"","appendAfterSection":"","visibleWithAllOf":[""],"hiddenWithAnyOf":[""],"items":[{"id":"3025","count":1,"hideCount":false},{"id":"3111","count":1,"hideCount":false},{"id":"3742","count":1,"hideCount":false}]},{"type":"offensive","recMath":false,"recSteps":false,"minSummonerLevel":-1,"maxSummonerLevel":-1,"showIfSummonerSpell":"","hideIfSummonerSpell":"","appendAfterSection":"","visibleWithAllOf":[""],"hiddenWithAnyOf":[""],"items":[{"id":"3053","count":1,"hideCount":false},{"id":"3748","count":1,"hideCount":false},{"id":"3005","count":1,"hideCount":false}]},{"type":"defensive","recMath":false,"recSteps":false,"minSummonerLevel":-1,"maxSummonerLevel":-1,"showIfSummonerSpell":"","hideIfSummonerSpell":"","appendAfterSection":"","visibleWithAllOf":[""],"hiddenWithAnyOf":[""],"items":[{"id":"3143","count":1,"hideCount":false},{"id":"3068","count":1,"hideCount":false},{"id":"3109","count":1,"hideCount":false}]},{"type":"consumables","recMath":false,"recSteps":false,"minSummonerLevel":-1,"maxSummonerLevel":-1,"showIfSummonerSpell":"","hideIfSummonerSpell":"","appendAfterSection":"","visibleWithAllOf":[""],"hiddenWithAnyOf":[""],"items":[{"id":"2003","count":1,"hideCount":true},{"id":"2033","count":1,"hideCount":false},{"id":"2138","count":1,"hideCount":true}]}]},{"champion":"Poppy","title":"PoppyFIRSTBLOOD","map":"HA","mode":"FIRSTBLOOD","type":"riot","customTag":"","extensionPage":false,"customPanel":null,"blocks":[{"type":"starting","recMath":false,"recSteps":false,"minSummonerLevel":-1,"maxSummonerLevel":-1,"showIfSummonerSpell":"","hideIfSummonerSpell":"","items":[{"id":"1001","count":1,"hideCount":false},{"id":"1054","count":1,"hideCount":false},{"id":"1055","count":1,"hideCount":false},{"id":"2003","count":4,"hideCount":false}]},{"type":"essential","recMath":false,"recSteps":false,"minSummonerLevel":-1,"maxSummonerLevel":-1,"showIfSummonerSpell":"","hideIfSummonerSpell":"","items":[{"id":"3111","count":1,"hideCount":false},{"id":"3096","count":1,"hideCount":false},{"id":"3057","count":1,"hideCount":false}]},{"type":"offensive","recMath":false,"recSteps":false,"minSummonerLevel":-1,"maxSummonerLevel":-1,"showIfSummonerSpell":"","hideIfSummonerSpell":"","items":[{"id":"3078","count":1,"hideCount":false},{"id":"3069","count":1,"hideCount":false},{"id":"3146","count":1,"hideCount":false}]},{"type":"defensive","recMath":false,"recSteps":false,"minSummonerLevel":-1,"maxSummonerLevel":-1,"showIfSummonerSpell":"","hideIfSummonerSpell":"","items":[{"id":"3025","count":1,"hideCount":false},{"id":"3026","count":1,"hideCount":false},{"id":"3143","count":1,"hideCount":false}]},{"type":"consumables","recMath":false,"recSteps":false,"minSummonerLevel":-1,"maxSummonerLevel":-1,"showIfSummonerSpell":"","hideIfSummonerSpell":"","items":[{"id":"2003","count":1,"hideCount":false}]}]},{"champion":"Poppy","title":"PoppyARAM","map":"HA","mode":"KINGPORO","type":"riot","customTag":"","sortrank":0,"extensionPage":false,"useObviousCheckmark":false,"customPanel":null,"blocks":[{"type":"KingPoroSnax","recMath":false,"recSteps":false,"minSummonerLevel":-1,"maxSummonerLevel":-1,"showIfSummonerSpell":"","hideIfSummonerSpell":"","items":[{"id":"3680","count":1,"hideCount":false},{"id":"3681","count":1,"hideCount":false},{"id":"3682","count":1,"hideCount":false},{"id":"3683","count":1,"hideCount":false},{"id":"3684","count":1,"hideCount":false},{"id":"3685","count":1,"hideCount":false}]},{"type":"starting","recMath":false,"recSteps":false,"minSummonerLevel":-1,"maxSummonerLevel":-1,"showIfSummonerSpell":"","hideIfSummonerSpell":"","appendAfterSection":"","visibleWithAllOf":[""],"hiddenWithAnyOf":[""],"items":[{"id":"2051","count":1,"hideCount":false},{"id":"1001","count":1,"hideCount":false},{"id":"2003","count":3,"hideCount":false}]},{"type":"essential","recMath":false,"recSteps":false,"minSummonerLevel":-1,"maxSummonerLevel":-1,"showIfSummonerSpell":"","hideIfSummonerSpell":"","appendAfterSection":"","visibleWithAllOf":[""],"hiddenWithAnyOf":[""],"items":[{"id":"3025","count":1,"hideCount":false},{"id":"3111","count":1,"hideCount":false},{"id":"3742","count":1,"hideCount":false}]},{"type":"offensive","recMath":false,"recSteps":false,"minSummonerLevel":-1,"maxSummonerLevel":-1,"showIfSummonerSpell":"","hideIfSummonerSpell":"","appendAfterSection":"","visibleWithAllOf":[""],"hiddenWithAnyOf":[""],"items":[{"id":"3053","count":1,"hideCount":false},{"id":"3748","count":1,"hideCount":false},{"id":"3005","count":1,"hideCount":false}]},{"type":"defensive","recMath":false,"recSteps":false,"minSummonerLevel":-1,"maxSummonerLevel":-1,"showIfSummonerSpell":"","hideIfSummonerSpell":"","appendAfterSection":"","visibleWithAllOf":[""],"hiddenWithAnyOf":[""],"items":[{"id":"3143","count":1,"hideCount":false},{"id":"3068","count":1,"hideCount":false},{"id":"3109","count":1,"hideCount":false}]},{"type":"consumables","recMath":false,"recSteps":false,"minSummonerLevel":-1,"maxSummonerLevel":-1,"showIfSummonerSpell":"","hideIfSummonerSpell":"","appendAfterSection":"","visibleWithAllOf":[""],"hiddenWithAnyOf":[""],"items":[{"id":"2003","count":1,"hideCount":true},{"id":"2033","count":1,"hideCount":false},{"id":"2138","count":1,"hideCount":true}]}]},{"champion":"Poppy","title":"PoppySL","map":"NB","mode":"NEXUSBLITZ","type":"riot","customTag":"","sortrank":0,"extensionPage":false,"useObviousCheckmark":false,"customPanel":null,"blocks":[{"type":"starting","recMath":false,"recSteps":false,"minSummonerLevel":-1,"maxSummonerLevel":-1,"showIfSummonerSpell":"","hideIfSummonerSpell":"SummonerSmite","appendAfterSection":"","visibleWithAllOf":[""],"hiddenWithAnyOf":[""],"items":[{"id":"4201","count":1,"hideCount":false},{"id":"2003","count":1,"hideCount":false},{"id":"3340","count":1,"hideCount":false}]},{"type":"early","recMath":false,"recSteps":false,"minSummonerLevel":-1,"maxSummonerLevel":-1,"showIfSummonerSpell":"","hideIfSummonerSpell":"SummonerSmite","appendAfterSection":"","visibleWithAllOf":[""],"hiddenWithAnyOf":[""],"items":[{"id":"1001","count":1,"hideCount":false},{"id":"3751","count":1,"hideCount":false},{"id":"3211","count":1,"hideCount":false}]},{"type":"essential","recMath":false,"recSteps":false,"minSummonerLevel":-1,"maxSummonerLevel":-1,"showIfSummonerSpell":"","hideIfSummonerSpell":"SummonerSmite","appendAfterSection":"","visibleWithAllOf":[""],"hiddenWithAnyOf":[""],"items":[{"id":"3111","count":1,"hideCount":false},{"id":"3068","count":1,"hideCount":false},{"id":"3065","count":1,"hideCount":false}]},{"type":"defensive","recMath":false,"recSteps":false,"minSummonerLevel":-1,"maxSummonerLevel":-1,"showIfSummonerSpell":"","hideIfSummonerSpell":"SummonerSmite","appendAfterSection":"","visibleWithAllOf":[""],"hiddenWithAnyOf":[""],"items":[{"id":"3742","count":1,"hideCount":false},{"id":"3143","count":1,"hideCount":false},{"id":"3193","count":1,"hideCount":false}]},{"type":"situational","recMath":false,"recSteps":false,"minSummonerLevel":-1,"maxSummonerLevel":-1,"showIfSummonerSpell":"","hideIfSummonerSpell":"SummonerSmite","appendAfterSection":"","visibleWithAllOf":[""],"hiddenWithAnyOf":[""],"items":[{"id":"3025","count":1,"hideCount":false},{"id":"3078","count":1,"hideCount":false},{"id":"3005","count":1,"hideCount":false}]},{"type":"startingjungle","recMath":false,"recSteps":false,"minSummonerLevel":-1,"maxSummonerLevel":-1,"showIfSummonerSpell":"SummonerSmite","hideIfSummonerSpell":"","appendAfterSection":"","visibleWithAllOf":[""],"hiddenWithAnyOf":[""],"items":[{"id":"4101","count":1,"hideCount":false},{"id":"2003","count":1,"hideCount":false},{"id":"3340","count":1,"hideCount":false}]},{"type":"earlyjungle","recMath":false,"recSteps":false,"minSummonerLevel":-1,"maxSummonerLevel":-1,"showIfSummonerSpell":"SummonerSmite","hideIfSummonerSpell":"","appendAfterSection":"","visibleWithAllOf":[""],"hiddenWithAnyOf":[""],"items":[{"id":"3751","count":1,"hideCount":false},{"id":"1001","count":1,"hideCount":false}]},{"type":"essentialjungle","recMath":false,"recSteps":false,"minSummonerLevel":-1,"maxSummonerLevel":-1,"showIfSummonerSpell":"SummonerSmite","hideIfSummonerSpell":"","appendAfterSection":"","visibleWithAllOf":[""],"hiddenWithAnyOf":[""],"items":[{"id":"4103","count":1,"hideCount":false},{"id":"3047","count":1,"hideCount":false},{"id":"3742","count":1,"hideCount":false}]},{"type":"defensive","recMath":false,"recSteps":false,"minSummonerLevel":-1,"maxSummonerLevel":-1,"showIfSummonerSpell":"SummonerSmite","hideIfSummonerSpell":"","appendAfterSection":"","visibleWithAllOf":[""],"hiddenWithAnyOf":[""],"items":[{"id":"3065","count":1,"hideCount":false},{"id":"3143","count":1,"hideCount":false},{"id":"3193","count":1,"hideCount":false}]},{"type":"situational","recMath":false,"recSteps":false,"minSummonerLevel":-1,"maxSummonerLevel":-1,"showIfSummonerSpell":"SummonerSmite","hideIfSummonerSpell":"","appendAfterSection":"","visibleWithAllOf":[""],"hiddenWithAnyOf":[""],"items":[{"id":"3025","count":1,"hideCount":false},{"id":"3078","count":1,"hideCount":false},{"id":"3005","count":1,"hideCount":false}]},{"type":"consumables","recMath":false,"recSteps":false,"minSummonerLevel":-1,"maxSummonerLevel":-1,"showIfSummonerSpell":"","hideIfSummonerSpell":"","appendAfterSection":"","visibleWithAllOf":[""],"hiddenWithAnyOf":[""],"items":[{"id":"2031","count":1,"hideCount":false},{"id":"2138","count":1,"hideCount":true}]}]},{"champion":"Poppy","title":"PoppySR","map":"SR","mode":"CLASSIC","type":"riot","customTag":"","sortrank":0,"extensionPage":false,"useObviousCheckmark":false,"customPanel":null,"blocks":[{"type":"starting","recMath":false,"recSteps":false,"minSummonerLevel":-1,"maxSummonerLevel":-1,"showIfSummonerSpell":"","hideIfSummonerSpell":"SummonerSmite","appendAfterSection":"","visibleWithAllOf":[""],"hiddenWithAnyOf":[""],"items":[{"id":"1054","count":1,"hideCount":false},{"id":"2003","count":1,"hideCount":false},{"id":"3340","count":1,"hideCount":false}]},{"type":"startingjungle","recMath":false,"recSteps":false,"minSummonerLevel":-1,"maxSummonerLevel":-1,"showIfSummonerSpell":"SummonerSmite","hideIfSummonerSpell":"","appendAfterSection":"","visibleWithAllOf":[""],"hiddenWithAnyOf":[""],"items":[{"id":"1039","count":1,"hideCount":false},{"id":"2031","count":1,"hideCount":false},{"id":"3340","count":1,"hideCount":false}]},{"type":"early","recMath":false,"recSteps":false,"minSummonerLevel":-1,"maxSummonerLevel":-1,"showIfSummonerSpell":"","hideIfSummonerSpell":"SummonerSmite","appendAfterSection":"","visibleWithAllOf":[""],"hiddenWithAnyOf":[""],"items":[{"id":"1001","count":1,"hideCount":false},{"id":"3751","count":1,"hideCount":false},{"id":"3211","count":1,"hideCount":false}]},{"type":"earlyjungle","recMath":false,"recSteps":false,"minSummonerLevel":-1,"maxSummonerLevel":-1,"showIfSummonerSpell":"SummonerSmite","hideIfSummonerSpell":"","appendAfterSection":"","visibleWithAllOf":[""],"hiddenWithAnyOf":[""],"items":[{"id":"3706","count":1,"hideCount":false},{"id":"3751","count":1,"hideCount":false},{"id":"1001","count":1,"hideCount":false}]},{"type":"essential","recMath":false,"recSteps":false,"minSummonerLevel":-1,"maxSummonerLevel":-1,"showIfSummonerSpell":"","hideIfSummonerSpell":"SummonerSmite","appendAfterSection":"","visibleWithAllOf":[""],"hiddenWithAnyOf":[""],"items":[{"id":"3111","count":1,"hideCount":false},{"id":"3068","count":1,"hideCount":false},{"id":"3065","count":1,"hideCount":false}]},{"type":"essentialjungle","recMath":false,"recSteps":false,"minSummonerLevel":-1,"maxSummonerLevel":-1,"showIfSummonerSpell":"SummonerSmite","hideIfSummonerSpell":"","appendAfterSection":"","visibleWithAllOf":[""],"hiddenWithAnyOf":[""],"items":[{"id":"1401","count":1,"hideCount":false},{"id":"3047","count":1,"hideCount":false},{"id":"3742","count":1,"hideCount":false}]},{"type":"defensive","recMath":false,"recSteps":false,"minSummonerLevel":-1,"maxSummonerLevel":-1,"showIfSummonerSpell":"","hideIfSummonerSpell":"","appendAfterSection":"","visibleWithAllOf":[""],"hiddenWithAnyOf":[""],"items":[{"id":"3742","count":1,"hideCount":false},{"id":"3143","count":1,"hideCount":false},{"id":"3193","count":1,"hideCount":false}]},{"type":"situational","recMath":false,"recSteps":false,"minSummonerLevel":-1,"maxSummonerLevel":-1,"showIfSummonerSpell":"","hideIfSummonerSpell":"","appendAfterSection":"","visibleWithAllOf":[""],"hiddenWithAnyOf":[""],"items":[{"id":"3025","count":1,"hideCount":false},{"id":"3078","count":1,"hideCount":false},{"id":"3065","count":1,"hideCount":false}]},{"type":"consumables","recMath":false,"recSteps":false,"minSummonerLevel":-1,"maxSummonerLevel":-1,"showIfSummonerSpell":"","hideIfSummonerSpell":"","appendAfterSection":"","visibleWithAllOf":[""],"hiddenWithAnyOf":[""],"items":[{"id":"2031","count":1,"hideCount":false},{"id":"2138","count":1,"hideCount":true}]}]}]}}}