{"type":"champion","format":"standAloneComplex","version":"10.15.1","data":{"Pyke":{"id":"Pyke","key":"555","name":"Pyke","title":"the Bloodharbor Ripper","image":{"full":"Pyke.png","sprite":"champion2.png","group":"champion","x":432,"y":96,"w":48,"h":48},"skins":[{"id":"555000","num":0,"name":"default","chromas":false},{"id":"555001","num":1,"name":"Sand Wraith Pyke","chromas":true},{"id":"555009","num":9,"name":"Blood Moon Pyke","chromas":true},{"id":"555016","num":16,"name":"PROJECT: Pyke","chromas":true}],"lore":"A renowned harpooner from the slaughter docks of Bilgewater, Pyke should have met his death in the belly of a gigantic jaull-fish… and yet, he returned. Now, stalking the dank alleys and backways of his former hometown, he uses his new supernatural gifts to bring a swift and gruesome end to those who make their fortune by exploiting others—and a city that prides itself on hunting monsters now finds a monster hunting them.","blurb":"A renowned harpooner from the slaughter docks of Bilgewater, Pyke should have met his death in the belly of a gigantic jaull-fish… and yet, he returned. Now, stalking the dank alleys and backways of his former hometown, he uses his new supernatural...","allytips":["Pyke is very fragile so don't be afraid to temporarily run from a fight. You can regenerate a significant amount of health from Gift of the Drowned Ones when enemies can't see you.","Hitting an enemy with the Hold version of Bone Skewer will always pull them the same distance. Use it in melee range to throw targets behind you.","The Tap version of Bone Skewer is much faster and deals additional damage.","A lot of your agressive spells are also your escapes. Make sure you always have a plan to get out of the fight."],"enemytips":["Pyke regenerates a significant amount of damage he has taken from enemy champions, but only when you can't see him!","When Pyke is hidden nearby in his Ghostwater Dive, sharks will circle underneath your feet.","Try not to stand near low health allies. If Pyke executes them using Death From Below, you might be next on the list."],"tags":["Support","Assassin"],"partype":"Mana","info":{"attack":9,"defense":3,"magic":1,"difficulty":7},"stats":{"hp":600,"hpperlevel":90,"mp":415,"mpperlevel":50,"movespeed":330,"armor":45,"armorperlevel":3.5,"spellblock":32,"spellblockperlevel":1.25,"attackrange":150,"hpregen":7,"hpregenperlevel":0.5,"mpregen":8,"mpregenperlevel":1,"crit":0,"critperlevel":0,"attackdamage":62,"attackdamageperlevel":2,"attackspeedperlevel":2.5,"attackspeed":0.667},"spells":[{"id":"PykeQ","name":"Bone Skewer","description":"Pyke either stabs an enemy in front of him or pulls an enemy towards him.","tooltip":"<scaleAD>Tap:</scaleAD> Pyke stabs in a direction, damaging the nearest enemy (preferring champions).<br /><br /><scaleAD>Hold: </scaleAD>Pyke throws his harpoon, pulling the first enemy struck towards him.<br /><br />Deals {{ e1 }} <scaleAD>(+{{ a1 }})</scaleAD> physical damage and slows by {{ e9 }}% for {{ e8 }} second.","leveltip":{"label":["Damage","Cooldown","@AbilityResourceName@ Cost"],"effect":["{{ e1 }} -> {{ e1NL }}","{{ cooldown }} -> {{ cooldownNL }}","{{ cost }} -> {{ costNL }}"]},"maxrank":5,"cooldown":[10,9.5,9,8.5,8],"cooldownBurn":"10/9.5/9/8.5/8","cost":[50,55,60,65,70],"costBurn":"50/55/60/65/70","datavalues":{},"effect":[null,[85,135,185,235,285],[1,1,1,1,1],[-0.2,-0.2,-0.2,-0.2,-0.2],[3,3,3,3,3],[500,500,500,500,500],[600,600,600,600,600],[500,500,500,500,500],[1,1,1,1,1],[90,90,90,90,90],[0.3,0.3,0.3,0.3,0.3]],"effectBurn":[null,"85/135/185/235/285","1","-0.2","3","500","600","500","1","90","0.3"],"vars":[{"link":"bonusattackdamage","coeff":0.6,"key":"a1"}],"costType":" {{ abilityresourcename }}","maxammo":"-1","range":[400,400,400,400,400],"rangeBurn":"400","image":{"full":"PykeQ.png","sprite":"spell9.png","group":"spell","x":0,"y":48,"w":48,"h":48},"resource":"{{ cost }} {{ abilityresourcename }}"},{"id":"PykeW","name":"Ghostwater Dive","description":"Pyke enters Camouflage and gains significant movement speed that decays over time.","tooltip":"Pyke gains <keywordStealth>Camouflage</keywordStealth> and {{ e1 }}% <scaleLethality>(+{{ f7 }}%)</scaleLethality> decaying movement speed for {{ e0 }} seconds.<br /><br /><rules><keywordStealth><u>Stealth - Camouflage:</u></keywordStealth> Pyke is hidden from view while enemy champions remain outside his detection radius. Attacking or casting spells ends Camouflage.</rules>","leveltip":{"label":["Cooldown"],"effect":["{{ cooldown }} -> {{ cooldownNL }}"]},"maxrank":5,"cooldown":[12,11.5,11,10.5,10],"cooldownBurn":"12/11.5/11/10.5/10","cost":[50,50,50,50,50],"costBurn":"50","datavalues":{},"effect":[null,[40,40,40,40,40],[0,0,0,0,0],[0.3,0.3,0.3,0.3,0.3],[0.03,0.03,0.03,0.03,0.03],[80,80,80,80,80],[0.6,0.6,0.6,0.6,0.6],[8,8,8,8,8],[0.01,0.01,0.01,0.01,0.01],[1.15,1.15,1.15,1.15,1.15],[5,5,5,5,5]],"effectBurn":[null,"40","0","0.3","0.03","80","0.6","8","0.01","1.15","5"],"vars":[],"costType":" {{ abilityresourcename }}","maxammo":"-1","range":[600,600,600,600,600],"rangeBurn":"600","image":{"full":"PykeW.png","sprite":"spell9.png","group":"spell","x":48,"y":48,"w":48,"h":48},"resource":"{{ cost }} {{ abilityresourcename }}"},{"id":"PykeE","name":"Phantom Undertow","description":"Pyke dashes and leaves behind a phantom that will return to him, stunning enemy champions along its path.","tooltip":"Pyke dashes, leaving a drowned phantom behind him. After a short delay the phantom returns to Pyke, striking enemy champions along its path, stunning them for {{ e2 }} <scaleLethality>(+{{ f10.01 }})</scaleLethality> seconds. Champions hit also take {{ e1 }} <scaleAD>(+{{ a1 }})</scaleAD> physical damage.","leveltip":{"label":["Damage"],"effect":["{{ e1 }} -> {{ e1NL }}"]},"maxrank":5,"cooldown":[15,15,15,15,15],"cooldownBurn":"15","cost":[40,40,40,40,40],"costBurn":"40","datavalues":{},"effect":[null,[105,135,165,195,225],[1.25,1.25,1.25,1.25,1.25],[550,550,550,550,550],[1,1,1,1,1],[0,0,0,0,0],[0,0,0,0,0],[0,0,0,0,0],[0,0,0,0,0],[0,0,0,0,0],[0,0,0,0,0]],"effectBurn":[null,"105/135/165/195/225","1.25","550","1","0","0","0","0","0","0"],"vars":[{"link":"bonusattackdamage","coeff":1,"key":"a1"}],"costType":" {{ abilityresourcename }}","maxammo":"-1","range":[550,550,550,550,550],"rangeBurn":"550","image":{"full":"PykeE.png","sprite":"spell9.png","group":"spell","x":96,"y":48,"w":48,"h":48},"resource":"{{ cost }} {{ abilityresourcename }}"},{"id":"PykeR","name":"Death From Below","description":"Pyke blinks to and executes low health enemies, allowing him to cast this spell again and granting additional gold to an ally who assists.","tooltip":"Pyke strikes all enemy champions in an X, blinking to and executing targets below {{ rbasedamage }} <scaleAD>(+{{ raddamage }})</scaleAD> <scaleLethality>(+{{ rlethalitydamage }})</scaleLethality> health. Enemies not executed instead take physical damage equal to {{ reduceddamage*100 }}% of the threshold.<br /><br />When an enemy champion dies in the X from any source, Pyke and an assisting ally both receive an additional <gold>Cut</gold> equal to full kill gold, and Pyke may re-cast Death From Below again within {{ rrecastduration }} seconds.<br /><br /><rules>Total gold shared with allies: <gold>{{ f9 }}</gold><br />Total gold kept for self: <gold>{{ f10 }}</gold></rules>","leveltip":{"label":["Cooldown"],"effect":["{{ cooldown }} -> {{ cooldownNL }}"]},"maxrank":3,"cooldown":[120,100,80],"cooldownBurn":"120/100/80","cost":[100,100,100],"costBurn":"100","datavalues":{},"effect":[null,[0,0,0],[0,0,0],[0,0,0],[0,0,0],[0,0,0],[0,0,0],[0,0,0],[0,0,0],[0,0,0],[0,0,0]],"effectBurn":[null,"0","0","0","0","0","0","0","0","0","0"],"vars":[],"costType":" {{ abilityresourcename }}","maxammo":"-1","range":[750,750,750],"rangeBurn":"750","image":{"full":"PykeR.png","sprite":"spell9.png","group":"spell","x":144,"y":48,"w":48,"h":48},"resource":"{{ cost }} {{ abilityresourcename }}"}],"passive":{"name":"Gift of the Drowned Ones","description":"When Pyke is hidden from enemies, he regenerates damage that he has recently taken from champions. Pyke also cannot gain extra Maximum Health from any source, and instead gains Bonus AD.","image":{"full":"PykePassive.png","sprite":"passive2.png","group":"passive","x":432,"y":96,"w":48,"h":48}},"recommended":[{"champion":"Pyke","title":"PykeARAM","map":"HA","mode":"ARAM","type":"riot","customTag":"","sortrank":0,"extensionPage":false,"useObviousCheckmark":false,"customPanel":null,"blocks":[{"type":"starting","recMath":false,"recSteps":false,"minSummonerLevel":-1,"maxSummonerLevel":-1,"showIfSummonerSpell":"","hideIfSummonerSpell":"","appendAfterSection":"","visibleWithAllOf":[""],"hiddenWithAnyOf":[""],"items":[{"id":"3134","count":1,"hideCount":false},{"id":"2003","count":5,"hideCount":false}]},{"type":"essential","recMath":false,"recSteps":false,"minSummonerLevel":-1,"maxSummonerLevel":-1,"showIfSummonerSpell":"","hideIfSummonerSpell":"","appendAfterSection":"","visibleWithAllOf":[""],"hiddenWithAnyOf":[""],"items":[{"id":"3147","count":1,"hideCount":false},{"id":"3158","count":1,"hideCount":false},{"id":"3026","count":1,"hideCount":false}]},{"type":"offensive","recMath":false,"recSteps":false,"minSummonerLevel":-1,"maxSummonerLevel":-1,"showIfSummonerSpell":"","hideIfSummonerSpell":"","appendAfterSection":"","visibleWithAllOf":[""],"hiddenWithAnyOf":[""],"items":[{"id":"3142","count":1,"hideCount":false},{"id":"3812","count":1,"hideCount":false},{"id":"3071","count":1,"hideCount":false}]},{"type":"defensive","recMath":false,"recSteps":false,"minSummonerLevel":-1,"maxSummonerLevel":-1,"showIfSummonerSpell":"","hideIfSummonerSpell":"","appendAfterSection":"","visibleWithAllOf":[""],"hiddenWithAnyOf":[""],"items":[{"id":"3156","count":1,"hideCount":false},{"id":"3139","count":1,"hideCount":false},{"id":"3161","count":1,"hideCount":false}]},{"type":"consumables","recMath":false,"recSteps":false,"minSummonerLevel":-1,"maxSummonerLevel":-1,"showIfSummonerSpell":"","hideIfSummonerSpell":"","appendAfterSection":"","visibleWithAllOf":[""],"hiddenWithAnyOf":[""],"items":[{"id":"2003","count":1,"hideCount":false},{"id":"2140","count":1,"hideCount":false}]}]},{"champion":"Pyke","title":"PykeFIRSTBLOOD","map":"HA","mode":"FIRSTBLOOD","type":"riot","customTag":"","extensionPage":false,"customPanel":null,"blocks":[{"type":"starting","recMath":false,"recSteps":false,"minSummonerLevel":-1,"maxSummonerLevel":-1,"showIfSummonerSpell":"","hideIfSummonerSpell":"","items":[{"id":"1055","count":1,"hideCount":false},{"id":"2003","count":1,"hideCount":false},{"id":"3340","count":1,"hideCount":false}]},{"type":"essential","recMath":false,"recSteps":false,"minSummonerLevel":-1,"maxSummonerLevel":-1,"showIfSummonerSpell":"","hideIfSummonerSpell":"","items":[{"id":"3117","count":1,"hideCount":false},{"id":"3134","count":1,"hideCount":false},{"id":"3074","count":1,"hideCount":false}]},{"type":"offensive","recMath":false,"recSteps":false,"minSummonerLevel":-1,"maxSummonerLevel":-1,"showIfSummonerSpell":"","hideIfSummonerSpell":"","items":[{"id":"3035","count":1,"hideCount":false},{"id":"3142","count":1,"hideCount":false},{"id":"3071","count":1,"hideCount":false}]},{"type":"defensive","recMath":false,"recSteps":false,"minSummonerLevel":-1,"maxSummonerLevel":-1,"showIfSummonerSpell":"","hideIfSummonerSpell":"","items":[{"id":"3026","count":1,"hideCount":false},{"id":"3156","count":1,"hideCount":false}]},{"type":"consumables","recMath":false,"recSteps":false,"minSummonerLevel":-1,"maxSummonerLevel":-1,"showIfSummonerSpell":"","hideIfSummonerSpell":"","items":[{"id":"2003","count":1,"hideCount":false},{"id":"2043","count":1,"hideCount":false},{"id":"2140","count":1,"hideCount":false}]}]},{"champion":"Pyke","title":"PykeARAM","map":"HA","mode":"KINGPORO","type":"riot","customTag":"","sortrank":0,"extensionPage":false,"useObviousCheckmark":false,"customPanel":null,"blocks":[{"type":"KingPoroSnax","recMath":false,"recSteps":false,"minSummonerLevel":-1,"maxSummonerLevel":-1,"showIfSummonerSpell":"","hideIfSummonerSpell":"","items":[{"id":"3680","count":1,"hideCount":false},{"id":"3681","count":1,"hideCount":false},{"id":"3682","count":1,"hideCount":false},{"id":"3683","count":1,"hideCount":false},{"id":"3684","count":1,"hideCount":false},{"id":"3685","count":1,"hideCount":false}]},{"type":"starting","recMath":false,"recSteps":false,"minSummonerLevel":-1,"maxSummonerLevel":-1,"showIfSummonerSpell":"","hideIfSummonerSpell":"","appendAfterSection":"","visibleWithAllOf":[""],"hiddenWithAnyOf":[""],"items":[{"id":"3134","count":1,"hideCount":false},{"id":"2003","count":5,"hideCount":false}]},{"type":"essential","recMath":false,"recSteps":false,"minSummonerLevel":-1,"maxSummonerLevel":-1,"showIfSummonerSpell":"","hideIfSummonerSpell":"","appendAfterSection":"","visibleWithAllOf":[""],"hiddenWithAnyOf":[""],"items":[{"id":"3147","count":1,"hideCount":false},{"id":"3158","count":1,"hideCount":false},{"id":"3026","count":1,"hideCount":false}]},{"type":"offensive","recMath":false,"recSteps":false,"minSummonerLevel":-1,"maxSummonerLevel":-1,"showIfSummonerSpell":"","hideIfSummonerSpell":"","appendAfterSection":"","visibleWithAllOf":[""],"hiddenWithAnyOf":[""],"items":[{"id":"3142","count":1,"hideCount":false},{"id":"3812","count":1,"hideCount":false},{"id":"3071","count":1,"hideCount":false}]},{"type":"defensive","recMath":false,"recSteps":false,"minSummonerLevel":-1,"maxSummonerLevel":-1,"showIfSummonerSpell":"","hideIfSummonerSpell":"","appendAfterSection":"","visibleWithAllOf":[""],"hiddenWithAnyOf":[""],"items":[{"id":"3156","count":1,"hideCount":false},{"id":"3139","count":1,"hideCount":false},{"id":"3161","count":1,"hideCount":false}]},{"type":"consumables","recMath":false,"recSteps":false,"minSummonerLevel":-1,"maxSummonerLevel":-1,"showIfSummonerSpell":"","hideIfSummonerSpell":"","appendAfterSection":"","visibleWithAllOf":[""],"hiddenWithAnyOf":[""],"items":[{"id":"2003","count":1,"hideCount":false},{"id":"2140","count":1,"hideCount":false}]}]},{"champion":"Pyke","title":"PykeSL","map":"NB","mode":"NEXUSBLITZ","type":"riot","customTag":"","sortrank":0,"extensionPage":false,"useObviousCheckmark":false,"customPanel":null,"blocks":[{"type":"starting","recMath":false,"recSteps":false,"minSummonerLevel":-1,"maxSummonerLevel":-1,"showIfSummonerSpell":"","hideIfSummonerSpell":"SummonerSmite","appendAfterSection":"","visibleWithAllOf":[""],"hiddenWithAnyOf":[""],"items":[{"id":"4302","count":1,"hideCount":false},{"id":"2003","count":2,"hideCount":false},{"id":"3340","count":1,"hideCount":false}]},{"type":"startingjungle","recMath":false,"recSteps":false,"minSummonerLevel":-1,"maxSummonerLevel":-1,"showIfSummonerSpell":"SummonerSmite","hideIfSummonerSpell":"","appendAfterSection":"","visibleWithAllOf":[""],"hiddenWithAnyOf":[""],"items":[{"id":"4101","count":1,"hideCount":false},{"id":"2003","count":1,"hideCount":false},{"id":"3340","count":1,"hideCount":false}]},{"type":"early","recMath":false,"recSteps":false,"minSummonerLevel":-1,"maxSummonerLevel":-1,"showIfSummonerSpell":"","hideIfSummonerSpell":"SummonerSmite","appendAfterSection":"","visibleWithAllOf":[""],"hiddenWithAnyOf":[""],"items":[{"id":"1001","count":1,"hideCount":false},{"id":"3134","count":1,"hideCount":false}]},{"type":"earlyjungle","recMath":false,"recSteps":false,"minSummonerLevel":-1,"maxSummonerLevel":-1,"showIfSummonerSpell":"SummonerSmite","hideIfSummonerSpell":"","appendAfterSection":"","visibleWithAllOf":[""],"hiddenWithAnyOf":[""],"items":[{"id":"1001","count":1,"hideCount":false},{"id":"3133","count":1,"hideCount":false}]},{"type":"essential","recMath":false,"recSteps":false,"minSummonerLevel":-1,"maxSummonerLevel":-1,"showIfSummonerSpell":"","hideIfSummonerSpell":"SummonerSmite","appendAfterSection":"","visibleWithAllOf":[""],"hiddenWithAnyOf":[""],"items":[{"id":"3147","count":1,"hideCount":false},{"id":"3142","count":1,"hideCount":false},{"id":"3117","count":1,"hideCount":false}]},{"type":"essentialjungle","recMath":false,"recSteps":false,"minSummonerLevel":-1,"maxSummonerLevel":-1,"showIfSummonerSpell":"SummonerSmite","hideIfSummonerSpell":"","appendAfterSection":"","visibleWithAllOf":[""],"hiddenWithAnyOf":[""],"items":[{"id":"4102","count":1,"hideCount":false},{"id":"3147","count":1,"hideCount":false},{"id":"4001","count":1,"hideCount":false}]},{"type":"offensive","recMath":false,"recSteps":false,"minSummonerLevel":-1,"maxSummonerLevel":-1,"showIfSummonerSpell":"","hideIfSummonerSpell":"","appendAfterSection":"","visibleWithAllOf":[""],"hiddenWithAnyOf":[""],"items":[{"id":"3142","count":1,"hideCount":false},{"id":"3074","count":1,"hideCount":false},{"id":"4004","count":1,"hideCount":false}]},{"type":"defensive","recMath":false,"recSteps":false,"minSummonerLevel":-1,"maxSummonerLevel":-1,"showIfSummonerSpell":"","hideIfSummonerSpell":"","appendAfterSection":"","visibleWithAllOf":[""],"hiddenWithAnyOf":[""],"items":[{"id":"3156","count":1,"hideCount":false},{"id":"3071","count":1,"hideCount":false},{"id":"3814","count":1,"hideCount":false}]},{"type":"consumables","recMath":false,"recSteps":false,"minSummonerLevel":-1,"maxSummonerLevel":-1,"showIfSummonerSpell":"","hideIfSummonerSpell":"","appendAfterSection":"","visibleWithAllOf":[""],"hiddenWithAnyOf":[""],"items":[{"id":"2003","count":1,"hideCount":true},{"id":"2140","count":1,"hideCount":true}]}]},{"champion":"Pyke","title":"PykeSR","map":"SR","mode":"CLASSIC","type":"riot","customTag":"","sortrank":0,"extensionPage":false,"useObviousCheckmark":false,"customPanel":null,"blocks":[{"type":"starting","recMath":false,"recSteps":false,"minSummonerLevel":-1,"maxSummonerLevel":-1,"showIfSummonerSpell":"","hideIfSummonerSpell":"SummonerSmite","appendAfterSection":"","visibleWithAllOf":[""],"hiddenWithAnyOf":[""],"items":[{"id":"3854","count":1,"hideCount":false},{"id":"2003","count":2,"hideCount":false},{"id":"3340","count":1,"hideCount":false}]},{"type":"startingjungle","recMath":false,"recSteps":false,"minSummonerLevel":-1,"maxSummonerLevel":-1,"showIfSummonerSpell":"SummonerSmite","hideIfSummonerSpell":"","appendAfterSection":"","visibleWithAllOf":[""],"hiddenWithAnyOf":[""],"items":[{"id":"1039","count":1,"hideCount":false},{"id":"2031","count":1,"hideCount":false}]},{"type":"early","recMath":false,"recSteps":false,"minSummonerLevel":-1,"maxSummonerLevel":-1,"showIfSummonerSpell":"","hideIfSummonerSpell":"SummonerSmite","appendAfterSection":"","visibleWithAllOf":[""],"hiddenWithAnyOf":[""],"items":[{"id":"1001","count":1,"hideCount":false},{"id":"3134","count":1,"hideCount":false},{"id":"3133","count":1,"hideCount":false}]},{"type":"earlyjungle","recMath":false,"recSteps":false,"minSummonerLevel":-1,"maxSummonerLevel":-1,"showIfSummonerSpell":"SummonerSmite","hideIfSummonerSpell":"","appendAfterSection":"","visibleWithAllOf":[""],"hiddenWithAnyOf":[""],"items":[{"id":"3715","count":1,"hideCount":false},{"id":"3117","count":1,"hideCount":false},{"id":"3133","count":1,"hideCount":false}]},{"type":"essential","recMath":false,"recSteps":false,"minSummonerLevel":-1,"maxSummonerLevel":-1,"showIfSummonerSpell":"","hideIfSummonerSpell":"SummonerSmite","appendAfterSection":"","visibleWithAllOf":[""],"hiddenWithAnyOf":[""],"items":[{"id":"3142","count":1,"hideCount":false},{"id":"3179","count":1,"hideCount":false},{"id":"3117","count":1,"hideCount":false}]},{"type":"essentialjungle","recMath":false,"recSteps":false,"minSummonerLevel":-1,"maxSummonerLevel":-1,"showIfSummonerSpell":"SummonerSnowURFSnowball_Mark","hideIfSummonerSpell":"","appendAfterSection":"","visibleWithAllOf":[""],"hiddenWithAnyOf":[""],"items":[{"id":"1412","count":1,"hideCount":false},{"id":"3142","count":1,"hideCount":false},{"id":"3147","count":1,"hideCount":false}]},{"type":"offensive","recMath":false,"recSteps":false,"minSummonerLevel":-1,"maxSummonerLevel":-1,"showIfSummonerSpell":"","hideIfSummonerSpell":"","appendAfterSection":"","visibleWithAllOf":[""],"hiddenWithAnyOf":[""],"items":[{"id":"3147","count":1,"hideCount":false},{"id":"3026","count":1,"hideCount":false},{"id":"3071","count":1,"hideCount":false}]},{"type":"defensive","recMath":false,"recSteps":false,"minSummonerLevel":-1,"maxSummonerLevel":-1,"showIfSummonerSpell":"","hideIfSummonerSpell":"SummonerTeleport","appendAfterSection":"","visibleWithAllOf":[""],"hiddenWithAnyOf":[""],"items":[{"id":"3742","count":1,"hideCount":false},{"id":"3110","count":1,"hideCount":false},{"id":"3156","count":1,"hideCount":false}]},{"type":"defensive","recMath":false,"recSteps":false,"minSummonerLevel":-1,"maxSummonerLevel":-1,"showIfSummonerSpell":"OdinTrinketRevive","hideIfSummonerSpell":"SummonerSmite","appendAfterSection":"","visibleWithAllOf":[""],"hiddenWithAnyOf":[""],"items":[{"id":"3156","count":1,"hideCount":false},{"id":"3742","count":1,"hideCount":false},{"id":"3110","count":1,"hideCount":false}]},{"type":"defensive","recMath":false,"recSteps":false,"minSummonerLevel":-1,"maxSummonerLevel":-1,"showIfSummonerSpell":"SummonerSmite","hideIfSummonerSpell":"OdinTrinketRevive","appendAfterSection":"","visibleWithAllOf":[""],"hiddenWithAnyOf":[""],"items":[{"id":"3742","count":1,"hideCount":false},{"id":"3110","count":1,"hideCount":false},{"id":"3065","count":1,"hideCount":false}]},{"type":"consumables","recMath":false,"recSteps":false,"minSummonerLevel":-1,"maxSummonerLevel":-1,"showIfSummonerSpell":"","hideIfSummonerSpell":"","appendAfterSection":"","visibleWithAllOf":[""],"hiddenWithAnyOf":[""],"items":[{"id":"2003","count":1,"hideCount":true},{"id":"2140","count":1,"hideCount":true}]}]}]}}}