{"type":"champion","format":"standAloneComplex","version":"10.15.1","data":{"Quinn":{"id":"Quinn","key":"133","name":"Quinn","title":"Demacia's Wings","image":{"full":"Quinn.png","sprite":"champion3.png","group":"champion","x":48,"y":0,"w":48,"h":48},"skins":[{"id":"133000","num":0,"name":"default","chromas":false},{"id":"133001","num":1,"name":"Phoenix Quinn","chromas":false},{"id":"133002","num":2,"name":"Woad Scout Quinn","chromas":false},{"id":"133003","num":3,"name":"Corsair Quinn","chromas":false},{"id":"133004","num":4,"name":"Heartseeker Quinn","chromas":false}],"lore":"Quinn is an elite ranger-knight of Demacia, who undertakes dangerous missions deep in enemy territory. She and her legendary eagle, Valor, share an unbreakable bond, and their foes are often slain before they realize they are fighting not one, but two of the kingdom's greatest heroes. Nimble and acrobatic when required, Quinn takes aim with her crossbow while Valor marks their elusive targets from above, making them a deadly pair on the battlefield.","blurb":"Quinn is an elite ranger-knight of Demacia, who undertakes dangerous missions deep in enemy territory. She and her legendary eagle, Valor, share an unbreakable bond, and their foes are often slain before they realize they are fighting not one, but two...","allytips":["Attacking a ","Vulnerable"," target marked by Valor will put Harrier on cooldown. Quickly consuming Harrier marks will allow you to generate them faster.","Vault is powerful but must be used with caution, as enemies can attack Quinn when she strikes them. Vault can sometimes be used to cross terrain if your back is to a wall.","Use Behind Enemy Lines for traveling very long distances quickly, for farming minions around the map, or for chasing wounded targets."],"enemytips":["After being marked, move away from Quinn so she can't take advantage of it.","Keep tabs on Quinn's position. Behind Enemy Lines can enable Valor to cross the map very quickly and attack you by surprise.","When Quinn is using Behind Enemy Lines, damaging her removes her movement speed bonus temporarily."],"tags":["Marksman","Assassin"],"partype":"Mana","info":{"attack":9,"defense":4,"magic":2,"difficulty":5},"stats":{"hp":532.8,"hpperlevel":85,"mp":268.8,"mpperlevel":35,"movespeed":335,"armor":28,"armorperlevel":3.5,"spellblock":30,"spellblockperlevel":0.5,"attackrange":525,"hpregen":5.5,"hpregenperlevel":0.55,"mpregen":6.972,"mpregenperlevel":0.4,"crit":0,"critperlevel":0,"attackdamage":59,"attackdamageperlevel":2.4,"attackspeedperlevel":3.1,"attackspeed":0.668},"spells":[{"id":"QuinnQ","name":"Blinding Assault","description":"Quinn calls Valor to mark an enemy and hinder its vision before damaging all enemies in the immediate area.","tooltip":"Valor flies in a line, marking the first enemy he hits as <keywordMajor>Vulnerable</keywordMajor> and reducing its vision radius dramatically for {{ e3 }} seconds. He then deals {{ e1 }} <scaleAD>(+{{ f2 }})</scaleAD> <scaleAP>(+{{ a1 }})</scaleAP> physical damage to all nearby enemies.<br /><br />If the primary target is not a champion, it cannot attack for {{ e3 }} seconds.","leveltip":{"label":["Damage","Total AD Ratio","Cooldown","@AbilityResourceName@ Cost"],"effect":["{{ e1 }} -> {{ e1NL }}","{{ e4 }} -> {{ e4NL }}","{{ cooldown }} -> {{ cooldownNL }}","{{ cost }} -> {{ costNL }}"]},"maxrank":5,"cooldown":[11,10.5,10,9.5,9],"cooldownBurn":"11/10.5/10/9.5/9","cost":[50,55,60,65,70],"costBurn":"50/55/60/65/70","datavalues":{},"effect":[null,[20,45,70,95,120],[-1000,-1000,-1000,-1000,-1000],[1.75,1.75,1.75,1.75,1.75],[0.8,0.9,1,1.1,1.2],[0,0,0,0,0],[0,0,0,0,0],[0,0,0,0,0],[0,0,0,0,0],[0,0,0,0,0],[0,0,0,0,0]],"effectBurn":[null,"20/45/70/95/120","-1000","1.75","0.8/0.9/1/1.1/1.2","0","0","0","0","0","0"],"vars":[{"link":"spelldamage","coeff":0.5,"key":"a1"}],"costType":" {{ abilityresourcename }}","maxammo":"-1","range":[1025,1025,1025,1025,1025],"rangeBurn":"1025","image":{"full":"QuinnQ.png","sprite":"spell9.png","group":"spell","x":384,"y":48,"w":48,"h":48},"resource":"{{ cost }} {{ abilityresourcename }}"},{"id":"QuinnW","name":"Heightened Senses","description":"Passively grants Quinn Attack Speed and Movement Speed after she attacks a <font color='#FFF673'>Vulnerable</font> target. Activate to have Valor reveal a large area nearby.","tooltip":"<spellPassive>Passive:</spellPassive> Attacking a <keywordMajor>Vulnerable</keywordMajor> target increases Quinn's Attack Speed by {{ e2 }}% and Movement Speed by {{ e3 }}% for {{ e1 }} seconds.<br /><br /><spellActive>Active:</spellActive> Valor reveals a large area nearby for {{ e5 }} seconds.","leveltip":{"label":["Attack Speed","Movement Speed","Cooldown"],"effect":["{{ effect2amount*100.000000 }}% -> {{ effect2amountnl*100.000000 }}%","{{ effect3amount*100.000000 }}% -> {{ effect3amountnl*100.000000 }}%","{{ cooldown }} -> {{ cooldownNL }}"]},"maxrank":5,"cooldown":[50,45,40,35,30],"cooldownBurn":"50/45/40/35/30","cost":[0,0,0,0,0],"costBurn":"0","datavalues":{},"effect":[null,[2,2,2,2,2],[20,35,50,65,80],[20,25,30,35,40],[2100,2100,2100,2100,2100],[2,2,2,2,2],[0,0,0,0,0],[0,0,0,0,0],[0,0,0,0,0],[0,0,0,0,0],[0,0,0,0,0]],"effectBurn":[null,"2","20/35/50/65/80","20/25/30/35/40","2100","2","0","0","0","0","0"],"vars":[],"costType":" {{ abilityresourcename }}","maxammo":"-1","range":[2100,2100,2100,2100,2100],"rangeBurn":"2100","image":{"full":"QuinnW.png","sprite":"spell9.png","group":"spell","x":432,"y":48,"w":48,"h":48},"resource":"{{ cost }} {{ abilityresourcename }}"},{"id":"QuinnE","name":"Vault","description":"Quinn dashes to an enemy, dealing physical damage and slowing the target's Movement Speed. Upon reaching the target, she leaps off the target, briefly interrupting it, and lands near her maximum Attack Range away from the target.","tooltip":"Quinn dashes to an enemy, dealing {{ e2 }} <scaleAD>(+{{ a1 }})</scaleAD> physical damage while Valor marks it as <keywordMajor>Vulnerable</keywordMajor>.<br /><br />Upon reaching the target, Quinn leaps off, briefly displacing and slowing it by {{ e1 }}% (diminishing over {{ e3 }} seconds).","leveltip":{"label":["Damage","Cooldown"],"effect":["{{ e2 }} -> {{ e2NL }}","{{ cooldown }} -> {{ cooldownNL }}"]},"maxrank":5,"cooldown":[12,11,10,9,8],"cooldownBurn":"12/11/10/9/8","cost":[50,50,50,50,50],"costBurn":"50","datavalues":{},"effect":[null,[50,50,50,50,50],[40,70,100,130,160],[1.5,1.5,1.5,1.5,1.5],[0,0,0,0,0],[0,0,0,0,0],[0,0,0,0,0],[0,0,0,0,0],[0,0,0,0,0],[0,0,0,0,0],[0,0,0,0,0]],"effectBurn":[null,"50","40/70/100/130/160","1.5","0","0","0","0","0","0","0"],"vars":[{"link":"bonusattackdamage","coeff":0.2,"key":"a1"}],"costType":" {{ abilityresourcename }}","maxammo":"-1","range":[675,675,675,675,675],"rangeBurn":"675","image":{"full":"QuinnE.png","sprite":"spell9.png","group":"spell","x":0,"y":96,"w":48,"h":48},"resource":"{{ cost }} {{ abilityresourcename }}"},{"id":"QuinnR","name":"Behind Enemy Lines","description":"Quinn and Valor team up to fly around at great speed.  Ending the ability casts Skystrike, which deals damage to nearby enemies and marks champions as Vulnerable.","tooltip":"Quinn calls down Valor to assist her. After a 2 second channel, they unite, gaining {{ movementspeedmod*100 }}% Total Movement Speed and the ability to cast Skystrike by recasting this ability or taking offensive action.<br /><br /><span class=\"colorC8BA82\">Skystrike</span>: Quinn and Valor deal <physicalDamage>{{ damage }} physical damage</physicalDamage> to nearby enemies and mark champions with <keywordMajor>Vulnerable</keywordMajor>. Casting Skystrike or taking other offensive actions will end Behind Enemy Lines.<br /><br /><rules>Being damaged by non-minions removes the movement speed bonus for {{ slowduration }} seconds.</rules> ","leveltip":{"label":["Movement Speed","Mana Cost"],"effect":["{{ movementspeedmod*100.000000 }}% -> {{ movementspeedmodnl*100.000000 }}%","{{ basecost }} -> {{ basecostNL }}"]},"maxrank":3,"cooldown":[3,3,3],"cooldownBurn":"3","cost":[100,50,0],"costBurn":"100/50/0","datavalues":{},"effect":[null,[0,0,0],[0,0,0],[0,0,0],[0,0,0],[0,0,0],[0,0,0],[0,0,0],[0,0,0],[0,0,0],[0,0,0]],"effectBurn":[null,"0","0","0","0","0","0","0","0","0","0"],"vars":[],"costType":" {{ abilityresourcename }}","maxammo":"-1","range":[700,700,700],"rangeBurn":"700","image":{"full":"QuinnR.png","sprite":"spell9.png","group":"spell","x":48,"y":96,"w":48,"h":48},"resource":"{{ cost }} {{ abilityresourcename }}"}],"passive":{"name":"Harrier","description":"Valor, Quinn's Demacian eagle, periodically marks enemies as <font color='#FFF673'>Vulnerable</font>. Quinn's first basic attack against <font color='#FFF673'>Vulnerable</font> targets will deal bonus physical damage.","image":{"full":"Quinn_Passive.png","sprite":"passive3.png","group":"passive","x":48,"y":0,"w":48,"h":48}},"recommended":[{"champion":"Quinn","title":"Beginner","map":"SR","mode":"INTRO","type":"riot","customTag":"","extensionPage":false,"customPanel":null,"blocks":[{"type":"beginner_starter","recMath":false,"recSteps":false,"minSummonerLevel":-1,"maxSummonerLevel":4,"showIfSummonerSpell":"","hideIfSummonerSpell":"","items":[{"id":"1055","count":1,"hideCount":false},{"id":"2003","count":1,"hideCount":false}]},{"type":"beginner_starter","recMath":false,"recSteps":false,"minSummonerLevel":5,"maxSummonerLevel":-1,"showIfSummonerSpell":"","hideIfSummonerSpell":"","items":[{"id":"1055","count":1,"hideCount":false},{"id":"2003","count":1,"hideCount":false}]},{"type":"beginner_advanced","recMath":true,"recSteps":false,"minSummonerLevel":-1,"maxSummonerLevel":-1,"showIfSummonerSpell":"","hideIfSummonerSpell":"","items":[{"id":"1042","count":1,"hideCount":false},{"id":"1051","count":1,"hideCount":false},{"id":"3086","count":1,"hideCount":false}]},{"type":"beginner_movementspeed","recMath":true,"recSteps":false,"minSummonerLevel":-1,"maxSummonerLevel":-1,"showIfSummonerSpell":"","hideIfSummonerSpell":"","items":[{"id":"1001","count":1,"hideCount":false},{"id":"1042","count":1,"hideCount":false},{"id":"3006","count":1,"hideCount":false}]},{"type":"beginner_legendaryitem","recMath":true,"recSteps":false,"minSummonerLevel":-1,"maxSummonerLevel":-1,"showIfSummonerSpell":"","hideIfSummonerSpell":"","items":[{"id":"3086","count":1,"hideCount":false},{"id":"3044","count":1,"hideCount":false},{"id":"3078","count":1,"hideCount":false}]},{"type":"beginner_morelegendaryitems","recMath":false,"recSteps":false,"minSummonerLevel":-1,"maxSummonerLevel":-1,"showIfSummonerSpell":"","hideIfSummonerSpell":"","items":[{"id":"1038","count":1,"hideCount":false},{"id":"1037","count":1,"hideCount":false},{"id":"3031","count":1,"hideCount":false}]}]},{"champion":"Quinn","title":"QuinnARAM","map":"HA","mode":"ARAM","type":"riot","customTag":"","sortrank":0,"extensionPage":false,"useObviousCheckmark":false,"customPanel":null,"blocks":[{"type":"starting","recMath":false,"recSteps":false,"minSummonerLevel":-1,"maxSummonerLevel":-1,"showIfSummonerSpell":"","hideIfSummonerSpell":"SummonerSmite","appendAfterSection":"","visibleWithAllOf":[""],"hiddenWithAnyOf":[""],"items":[{"id":"3184","count":1,"hideCount":false},{"id":"1001","count":1,"hideCount":false},{"id":"2003","count":3,"hideCount":false}]},{"type":"essential","recMath":false,"recSteps":false,"minSummonerLevel":-1,"maxSummonerLevel":-1,"showIfSummonerSpell":"","hideIfSummonerSpell":"","appendAfterSection":"","visibleWithAllOf":[""],"hiddenWithAnyOf":[""],"items":[{"id":"3087","count":1,"hideCount":false},{"id":"3006","count":1,"hideCount":false},{"id":"3142","count":1,"hideCount":false}]},{"type":"offensive","recMath":false,"recSteps":false,"minSummonerLevel":-1,"maxSummonerLevel":-1,"showIfSummonerSpell":"","hideIfSummonerSpell":"","appendAfterSection":"","visibleWithAllOf":[""],"hiddenWithAnyOf":[""],"items":[{"id":"3094","count":1,"hideCount":false},{"id":"3031","count":1,"hideCount":false},{"id":"3046","count":1,"hideCount":false}]},{"type":"defensive","recMath":false,"recSteps":false,"minSummonerLevel":-1,"maxSummonerLevel":-1,"showIfSummonerSpell":"","hideIfSummonerSpell":"","appendAfterSection":"","visibleWithAllOf":[""],"hiddenWithAnyOf":[""],"items":[{"id":"3072","count":1,"hideCount":false},{"id":"3812","count":1,"hideCount":false}]},{"type":"consumables","recMath":false,"recSteps":false,"minSummonerLevel":-1,"maxSummonerLevel":-1,"showIfSummonerSpell":"","hideIfSummonerSpell":"","appendAfterSection":"","visibleWithAllOf":[""],"hiddenWithAnyOf":[""],"items":[{"id":"2003","count":1,"hideCount":true},{"id":"2140","count":1,"hideCount":true},{"id":"2033","count":1,"hideCount":false}]}]},{"champion":"Quinn","title":"QuinnFIRSTBLOOD","map":"HA","mode":"FIRSTBLOOD","type":"riot","customTag":"","sortrank":0,"extensionPage":false,"customPanel":null,"blocks":[{"type":"starting","recMath":false,"recSteps":false,"minSummonerLevel":-1,"maxSummonerLevel":-1,"showIfSummonerSpell":"","hideIfSummonerSpell":"","items":[{"id":"1055","count":1,"hideCount":false},{"id":"2003","count":1,"hideCount":false},{"id":"3340","count":1,"hideCount":false}]},{"type":"early","recMath":false,"recSteps":false,"minSummonerLevel":-1,"maxSummonerLevel":-1,"showIfSummonerSpell":"","hideIfSummonerSpell":"","items":[{"id":"1038","count":1,"hideCount":false},{"id":"3086","count":1,"hideCount":false},{"id":"1001","count":1,"hideCount":false}]},{"type":"essential","recMath":false,"recSteps":false,"minSummonerLevel":-1,"maxSummonerLevel":-1,"showIfSummonerSpell":"","hideIfSummonerSpell":"","items":[{"id":"3508","count":1,"hideCount":false},{"id":"3087","count":1,"hideCount":false},{"id":"3006","count":1,"hideCount":false}]},{"type":"offensive","recMath":false,"recSteps":false,"minSummonerLevel":-1,"maxSummonerLevel":-1,"showIfSummonerSpell":"","hideIfSummonerSpell":"","items":[{"id":"3072","count":1,"hideCount":false},{"id":"3031","count":1,"hideCount":false},{"id":"3036","count":1,"hideCount":false}]},{"type":"situational","recMath":false,"recSteps":false,"minSummonerLevel":-1,"maxSummonerLevel":-1,"showIfSummonerSpell":"","hideIfSummonerSpell":"","items":[{"id":"3156","count":1,"hideCount":false},{"id":"3026","count":1,"hideCount":false},{"id":"3153","count":1,"hideCount":false}]},{"type":"consumables","recMath":false,"recSteps":false,"minSummonerLevel":-1,"maxSummonerLevel":-1,"showIfSummonerSpell":"","hideIfSummonerSpell":"","items":[{"id":"2003","count":1,"hideCount":true},{"id":"2140","count":1,"hideCount":true}]}]},{"champion":"Quinn","title":"QuinnARAM","map":"HA","mode":"KINGPORO","type":"riot","customTag":"","sortrank":0,"extensionPage":false,"useObviousCheckmark":false,"customPanel":null,"blocks":[{"type":"KingPoroSnax","recMath":false,"recSteps":false,"minSummonerLevel":-1,"maxSummonerLevel":-1,"showIfSummonerSpell":"","hideIfSummonerSpell":"","items":[{"id":"3680","count":1,"hideCount":false},{"id":"3681","count":1,"hideCount":false},{"id":"3682","count":1,"hideCount":false},{"id":"3683","count":1,"hideCount":false},{"id":"3684","count":1,"hideCount":false},{"id":"3685","count":1,"hideCount":false}]},{"type":"starting","recMath":false,"recSteps":false,"minSummonerLevel":-1,"maxSummonerLevel":-1,"showIfSummonerSpell":"","hideIfSummonerSpell":"SummonerSmite","appendAfterSection":"","visibleWithAllOf":[""],"hiddenWithAnyOf":[""],"items":[{"id":"3086","count":1,"hideCount":false},{"id":"2003","count":4,"hideCount":false}]},{"type":"essential","recMath":false,"recSteps":false,"minSummonerLevel":-1,"maxSummonerLevel":-1,"showIfSummonerSpell":"","hideIfSummonerSpell":"","appendAfterSection":"","visibleWithAllOf":[""],"hiddenWithAnyOf":[""],"items":[{"id":"3087","count":1,"hideCount":false},{"id":"3006","count":1,"hideCount":false},{"id":"3142","count":1,"hideCount":false}]},{"type":"offensive","recMath":false,"recSteps":false,"minSummonerLevel":-1,"maxSummonerLevel":-1,"showIfSummonerSpell":"","hideIfSummonerSpell":"","appendAfterSection":"","visibleWithAllOf":[""],"hiddenWithAnyOf":[""],"items":[{"id":"3094","count":1,"hideCount":false},{"id":"3031","count":1,"hideCount":false},{"id":"3046","count":1,"hideCount":false}]},{"type":"defensive","recMath":false,"recSteps":false,"minSummonerLevel":-1,"maxSummonerLevel":-1,"showIfSummonerSpell":"","hideIfSummonerSpell":"","appendAfterSection":"","visibleWithAllOf":[""],"hiddenWithAnyOf":[""],"items":[{"id":"3072","count":1,"hideCount":false},{"id":"3812","count":1,"hideCount":false}]},{"type":"consumables","recMath":false,"recSteps":false,"minSummonerLevel":-1,"maxSummonerLevel":-1,"showIfSummonerSpell":"","hideIfSummonerSpell":"","appendAfterSection":"","visibleWithAllOf":[""],"hiddenWithAnyOf":[""],"items":[{"id":"2003","count":1,"hideCount":true},{"id":"2140","count":1,"hideCount":true},{"id":"2033","count":1,"hideCount":false}]}]},{"champion":"Quinn","title":"QuinnSL","map":"NB","mode":"NEXUSBLITZ","type":"riot","customTag":"","sortrank":0,"extensionPage":false,"useObviousCheckmark":false,"customPanel":null,"blocks":[{"type":"starting","recMath":false,"recSteps":false,"minSummonerLevel":-1,"maxSummonerLevel":-1,"showIfSummonerSpell":"","hideIfSummonerSpell":"SummonerSmite","appendAfterSection":"","visibleWithAllOf":[""],"hiddenWithAnyOf":[""],"items":[{"id":"4202","count":1,"hideCount":false},{"id":"2003","count":1,"hideCount":false},{"id":"3340","count":1,"hideCount":false}]},{"type":"early","recMath":false,"recSteps":false,"minSummonerLevel":-1,"maxSummonerLevel":-1,"showIfSummonerSpell":"","hideIfSummonerSpell":"SummonerSmite","appendAfterSection":"","visibleWithAllOf":[""],"hiddenWithAnyOf":[""],"items":[{"id":"1001","count":1,"hideCount":false},{"id":"3134","count":1,"hideCount":false},{"id":"3133","count":1,"hideCount":false}]},{"type":"essential","recMath":false,"recSteps":false,"minSummonerLevel":-1,"maxSummonerLevel":-1,"showIfSummonerSpell":"","hideIfSummonerSpell":"SummonerSmite","appendAfterSection":"","visibleWithAllOf":[""],"hiddenWithAnyOf":[""],"items":[{"id":"3006","count":1,"hideCount":false},{"id":"3142","count":1,"hideCount":false},{"id":"3087","count":1,"hideCount":false}]},{"type":"offensive","recMath":false,"recSteps":false,"minSummonerLevel":-1,"maxSummonerLevel":-1,"showIfSummonerSpell":"","hideIfSummonerSpell":"SummonerSmite","appendAfterSection":"","visibleWithAllOf":[""],"hiddenWithAnyOf":[""],"items":[{"id":"3147","count":1,"hideCount":false},{"id":"3095","count":1,"hideCount":false},{"id":"3036","count":1,"hideCount":false}]},{"type":"selective","recMath":false,"recSteps":false,"minSummonerLevel":-1,"maxSummonerLevel":-1,"showIfSummonerSpell":"","hideIfSummonerSpell":"SummonerSmite","appendAfterSection":"","visibleWithAllOf":[""],"hiddenWithAnyOf":[""],"items":[{"id":"3139","count":1,"hideCount":false},{"id":"3156","count":1,"hideCount":false}]},{"type":"startingjungle","recMath":false,"recSteps":false,"minSummonerLevel":-1,"maxSummonerLevel":-1,"showIfSummonerSpell":"SummonerSmite","hideIfSummonerSpell":"","appendAfterSection":"","visibleWithAllOf":[""],"hiddenWithAnyOf":[""],"items":[{"id":"4101","count":1,"hideCount":false},{"id":"2003","count":1,"hideCount":false},{"id":"3340","count":1,"hideCount":false}]},{"type":"earlyjungle","recMath":false,"recSteps":false,"minSummonerLevel":-1,"maxSummonerLevel":-1,"showIfSummonerSpell":"SummonerSmite","hideIfSummonerSpell":"","appendAfterSection":"","visibleWithAllOf":[""],"hiddenWithAnyOf":[""],"items":[{"id":"3133","count":1,"hideCount":false},{"id":"1001","count":1,"hideCount":false}]},{"type":"essentialjungle","recMath":false,"recSteps":false,"minSummonerLevel":-1,"maxSummonerLevel":-1,"showIfSummonerSpell":"SummonerSmite","hideIfSummonerSpell":"","appendAfterSection":"","visibleWithAllOf":[""],"hiddenWithAnyOf":[""],"items":[{"id":"3117","count":1,"hideCount":false},{"id":"4102","count":1,"hideCount":false},{"id":"3142","count":1,"hideCount":false}]},{"type":"offensive","recMath":false,"recSteps":false,"minSummonerLevel":-1,"maxSummonerLevel":-1,"showIfSummonerSpell":"SummonerSmite","hideIfSummonerSpell":"","appendAfterSection":"","visibleWithAllOf":[""],"hiddenWithAnyOf":[""],"items":[{"id":"3046","count":1,"hideCount":false},{"id":"3031","count":1,"hideCount":false},{"id":"3087","count":1,"hideCount":false}]},{"type":"situational","recMath":false,"recSteps":false,"minSummonerLevel":-1,"maxSummonerLevel":-1,"showIfSummonerSpell":"SummonerSmite","hideIfSummonerSpell":"","appendAfterSection":"","visibleWithAllOf":[""],"hiddenWithAnyOf":[""],"items":[{"id":"3156","count":1,"hideCount":false},{"id":"3139","count":1,"hideCount":false},{"id":"3814","count":1,"hideCount":false}]},{"type":"consumables","recMath":false,"recSteps":false,"minSummonerLevel":-1,"maxSummonerLevel":-1,"showIfSummonerSpell":"","hideIfSummonerSpell":"","appendAfterSection":"","visibleWithAllOf":[""],"hiddenWithAnyOf":[""],"items":[{"id":"2003","count":1,"hideCount":true},{"id":"2140","count":1,"hideCount":true}]}]},{"champion":"Quinn","title":"QuinnSR","map":"SR","mode":"CLASSIC","type":"riot","customTag":"","sortrank":0,"extensionPage":false,"useObviousCheckmark":false,"customPanel":null,"blocks":[{"type":"starting","recMath":false,"recSteps":false,"minSummonerLevel":-1,"maxSummonerLevel":-1,"showIfSummonerSpell":"","hideIfSummonerSpell":"SummonerSmite","appendAfterSection":"","visibleWithAllOf":[""],"hiddenWithAnyOf":[""],"items":[{"id":"1055","count":1,"hideCount":false},{"id":"2003","count":1,"hideCount":false},{"id":"3340","count":1,"hideCount":false}]},{"type":"early","recMath":false,"recSteps":false,"minSummonerLevel":-1,"maxSummonerLevel":-1,"showIfSummonerSpell":"","hideIfSummonerSpell":"SummonerSmite","appendAfterSection":"","visibleWithAllOf":[""],"hiddenWithAnyOf":[""],"items":[{"id":"1001","count":1,"hideCount":false},{"id":"3134","count":1,"hideCount":false},{"id":"3133","count":1,"hideCount":false}]},{"type":"essential","recMath":false,"recSteps":false,"minSummonerLevel":-1,"maxSummonerLevel":-1,"showIfSummonerSpell":"","hideIfSummonerSpell":"SummonerSmite","appendAfterSection":"","visibleWithAllOf":[""],"hiddenWithAnyOf":[""],"items":[{"id":"3006","count":1,"hideCount":false},{"id":"3142","count":1,"hideCount":false},{"id":"3087","count":1,"hideCount":false}]},{"type":"offensive","recMath":false,"recSteps":false,"minSummonerLevel":-1,"maxSummonerLevel":-1,"showIfSummonerSpell":"","hideIfSummonerSpell":"SummonerSmite","appendAfterSection":"","visibleWithAllOf":[""],"hiddenWithAnyOf":[""],"items":[{"id":"3031","count":1,"hideCount":false},{"id":"3046","count":1,"hideCount":false},{"id":"3036","count":1,"hideCount":false}]},{"type":"selective","recMath":false,"recSteps":false,"minSummonerLevel":-1,"maxSummonerLevel":-1,"showIfSummonerSpell":"","hideIfSummonerSpell":"SummonerSmite","appendAfterSection":"","visibleWithAllOf":[""],"hiddenWithAnyOf":[""],"items":[{"id":"3139","count":1,"hideCount":false},{"id":"3156","count":1,"hideCount":false},{"id":"3026","count":1,"hideCount":false}]},{"type":"startingjungle","recMath":false,"recSteps":false,"minSummonerLevel":-1,"maxSummonerLevel":-1,"showIfSummonerSpell":"SummonerSmite","hideIfSummonerSpell":"","appendAfterSection":"","visibleWithAllOf":[""],"hiddenWithAnyOf":[""],"items":[{"id":"1041","count":1,"hideCount":false},{"id":"2003","count":3,"hideCount":false},{"id":"3340","count":1,"hideCount":false}]},{"type":"earlyjungle","recMath":false,"recSteps":false,"minSummonerLevel":-1,"maxSummonerLevel":-1,"showIfSummonerSpell":"SummonerSmite","hideIfSummonerSpell":"","appendAfterSection":"","visibleWithAllOf":[""],"hiddenWithAnyOf":[""],"items":[{"id":"3715","count":1,"hideCount":false},{"id":"3133","count":1,"hideCount":false},{"id":"1001","count":1,"hideCount":false}]},{"type":"essentialjungle","recMath":false,"recSteps":false,"minSummonerLevel":-1,"maxSummonerLevel":-1,"showIfSummonerSpell":"SummonerSmite","hideIfSummonerSpell":"","appendAfterSection":"","visibleWithAllOf":[""],"hiddenWithAnyOf":[""],"items":[{"id":"3117","count":1,"hideCount":false},{"id":"1412","count":1,"hideCount":false},{"id":"3142","count":1,"hideCount":false}]},{"type":"offensive","recMath":false,"recSteps":false,"minSummonerLevel":-1,"maxSummonerLevel":-1,"showIfSummonerSpell":"SummonerSmite","hideIfSummonerSpell":"","appendAfterSection":"","visibleWithAllOf":[""],"hiddenWithAnyOf":[""],"items":[{"id":"3046","count":1,"hideCount":false},{"id":"3031","count":1,"hideCount":false},{"id":"3087","count":1,"hideCount":false}]},{"type":"situational","recMath":false,"recSteps":false,"minSummonerLevel":-1,"maxSummonerLevel":-1,"showIfSummonerSpell":"SummonerSmite","hideIfSummonerSpell":"","appendAfterSection":"","visibleWithAllOf":[""],"hiddenWithAnyOf":[""],"items":[{"id":"3181","count":1,"hideCount":false},{"id":"3156","count":1,"hideCount":false},{"id":"3139","count":1,"hideCount":false},{"id":"3814","count":1,"hideCount":false},{"id":"3179","count":1,"hideCount":false}]},{"type":"consumables","recMath":false,"recSteps":false,"minSummonerLevel":-1,"maxSummonerLevel":-1,"showIfSummonerSpell":"","hideIfSummonerSpell":"","appendAfterSection":"","visibleWithAllOf":[""],"hiddenWithAnyOf":[""],"items":[{"id":"2003","count":1,"hideCount":true},{"id":"2140","count":1,"hideCount":true}]}]}]}}}