{"type":"champion","format":"standAloneComplex","version":"10.15.1","data":{"Rammus":{"id":"Rammus","key":"33","name":"Rammus","title":"the Armordillo","image":{"full":"Rammus.png","sprite":"champion3.png","group":"champion","x":144,"y":0,"w":48,"h":48},"skins":[{"id":"33000","num":0,"name":"default","chromas":false},{"id":"33001","num":1,"name":"King Rammus","chromas":false},{"id":"33002","num":2,"name":"Chrome Rammus","chromas":false},{"id":"33003","num":3,"name":"Molten Rammus","chromas":false},{"id":"33004","num":4,"name":"Freljord Rammus","chromas":false},{"id":"33005","num":5,"name":"Ninja Rammus","chromas":false},{"id":"33006","num":6,"name":"Full Metal Rammus","chromas":false},{"id":"33007","num":7,"name":"Guardian of the Sands Rammus","chromas":false},{"id":"33008","num":8,"name":"Sweeper Rammus","chromas":true},{"id":"33016","num":16,"name":"Hextech Rammus","chromas":false}],"lore":"Idolized by many, dismissed by some, mystifying to all, the curious being Rammus is an enigma. Protected by a spiked shell, he inspires increasingly disparate theories on his origin wherever he goes—from demigod, to sacred oracle, to a mere beast transformed by magic. Whatever the truth may be, Rammus keeps his own counsel and stops for no one as he roams the Shuriman desert.","blurb":"Idolized by many, dismissed by some, mystifying to all, the curious being Rammus is an enigma. Protected by a spiked shell, he inspires increasingly disparate theories on his origin wherever he goes—from demigod, to sacred oracle, to a mere beast...","allytips":["Powerball can be used as an effective escape mechanism.","Using taunt on a champion by your tower can cause the tower to attack your enemy.","Tremors and Defensive Ball Curl can be used late in the game to obliterate towers. If you're bogged down in a team fight, it is often valuable to break off and attack the buildings."],"enemytips":["Pay particular attention to when his Defensive Ball Curl is off. Rammus has much lower stats than a normal tank when he's out of the stance.","Rammus often stacks high Armor, leaving him especially vulnerable to caster damage while not in Defensive Ball Curl."],"tags":["Tank","Fighter"],"partype":"Mana","info":{"attack":4,"defense":10,"magic":5,"difficulty":5},"stats":{"hp":564.48,"hpperlevel":95,"mp":310.44,"mpperlevel":33,"movespeed":335,"armor":36,"armorperlevel":4.3,"spellblock":32.1,"spellblockperlevel":1.25,"attackrange":125,"hpregen":8,"hpregenperlevel":0.55,"mpregen":7.84,"mpregenperlevel":0.5,"crit":0,"critperlevel":0,"attackdamage":55.88,"attackdamageperlevel":3.5,"attackspeedperlevel":2.215,"attackspeed":0.656},"spells":[{"id":"PowerBall","name":"Powerball","description":"Rammus accelerates in a ball towards his enemies, dealing damage and slowing targets affected by the impact.","tooltip":"Rammus accelerates in a ball, gaining up to <scaleLevel>{{ f2 }}%</scaleLevel> Movement Speed over {{ e4 }} seconds. On enemy collision, he stops, dealing {{ e1 }} <scaleAP>(+{{ a1 }})</scaleAP> magic damage to nearby enemies, knocking them back, and slowing them by {{ e2 }}% for {{ e3 }} second.<br /><br /><rules><span class=\"color8c8c8c\">Can be reactivated to end the effect early and put Powerball on cooldown.<br />Powerball is a channeled spell and is subject to interruption by spells that prevent casting.<br />Casting Powerball cancels Defensive Ball Curl and puts it on cooldown.</span></rules>","leveltip":{"label":["Damage","Slow","Cooldown"],"effect":["{{ e1 }} -> {{ e1NL }}","{{ e2 }}% -> {{ e2NL }}%","{{ cooldown }} -> {{ cooldownNL }}"]},"maxrank":5,"cooldown":[16,13.5,11,8.5,6],"cooldownBurn":"16/13.5/11/8.5/6","cost":[60,60,60,60,60],"costBurn":"60","datavalues":{},"effect":[null,[100,135,170,205,240],[40,50,60,70,80],[1,1,1,1,1],[6,6,6,6,6],[125,125,125,125,125],[0.35,0.35,0.35,0.35,0.35],[25,25,25,25,25],[0.25,0.25,0.25,0.25,0.25],[50,50,50,50,50],[1000,1000,1000,1000,1000]],"effectBurn":[null,"100/135/170/205/240","40/50/60/70/80","1","6","125","0.35","25","0.25","50","1000"],"vars":[{"link":"spelldamage","coeff":1,"key":"a1"}],"costType":" {{ abilityresourcename }}","maxammo":"-1","range":[300,300,300,300,300],"rangeBurn":"300","image":{"full":"PowerBall.png","sprite":"spell9.png","group":"spell","x":288,"y":96,"w":48,"h":48},"resource":"{{ cost }} {{ abilityresourcename }}"},{"id":"DefensiveBallCurl","name":"Defensive Ball Curl","description":"Rammus goes into a defensive formation, vastly increasing his Armor and Magic Resistance, amplifying Spiked Shells' damage, and returning damage to enemies that basic attack him, but he is also slowed during this time.","tooltip":"Rammus enters a defensive formation for up to {{ e3 }} seconds, increasing Armor by {{ e1 }} plus {{ e6 }}% <scaleArmor>({{ f1 }})</scaleArmor> and Magic Resist by {{ e8 }} plus {{ e7 }}% <span class=\"colorFF00FF\">({{ f2 }})</span> but becoming slowed by {{ e5 }}%.<br /><br />During this time, Spiked Shell deals {{ e4 }}% damage and also deals its damage to enemies that basic attack Rammus.<br /><br /><rules><span class=\"color8c8c8c\">Can be reactivated to end the effect early and put Defensive Ball Curl on cooldown.<br />Casting Defensive Ball Curl cancels Powerball and puts it on cooldown.</span></rules>","leveltip":{"label":["Percent Armor Bonus","Percent Magic Resist Bonus"],"effect":["{{ e6 }}% -> {{ e6NL }}%","{{ e7 }}% -> {{ e7NL }}%"]},"maxrank":5,"cooldown":[6,6,6,6,6],"cooldownBurn":"6","cost":[40,40,40,40,40],"costBurn":"40","datavalues":{},"effect":[null,[30,30,30,30,30],[25,35,45,55,65],[6,6,6,6,6],[150,150,150,150,150],[30,30,30,30,30],[60,70,80,90,100],[30,35,40,45,50],[10,10,10,10,10],[0,0,0,0,0],[0,0,0,0,0]],"effectBurn":[null,"30","25/35/45/55/65","6","150","30","60/70/80/90/100","30/35/40/45/50","10","0","0"],"vars":[{"link":"armor","coeff":0.1,"key":"f1"}],"costType":" {{ abilityresourcename }}","maxammo":"-1","range":[300,300,300,300,300],"rangeBurn":"300","image":{"full":"DefensiveBallCurl.png","sprite":"spell9.png","group":"spell","x":336,"y":96,"w":48,"h":48},"resource":"{{ cost }} {{ abilityresourcename }}"},{"id":"PuncturingTaunt","name":"Frenzying Taunt","description":"Rammus taunts an enemy champion or monster into a reckless assault against him. Additionally, he gains increased Attack Speed for a short time, but this bonus is extended by having any of his other spells active.","tooltip":"Taunt an enemy champion or monster for {{ e1 }} seconds and gain {{ e2 }}% Attack Speed for the same duration.<br /><br />While any of Rammus' other spells are active, Frenzying Taunt's Attack Speed bonus is refreshed.","leveltip":{"label":["Duration","Attack Speed","Cooldown"],"effect":["{{ e1 }} -> {{ e1NL }}","{{ e2 }}% -> {{ e2NL }}%","{{ cooldown }} -> {{ cooldownNL }}"]},"maxrank":5,"cooldown":[12,11.5,11,10.5,10],"cooldownBurn":"12/11.5/11/10.5/10","cost":[50,50,50,50,50],"costBurn":"50","datavalues":{},"effect":[null,[1.25,1.5,1.75,2,2.25],[20,25,30,35,40],[0,0,0,0,0],[0,0,0,0,0],[0,0,0,0,0],[0,0,0,0,0],[0,0,0,0,0],[0,0,0,0,0],[0,0,0,0,0],[0,0,0,0,0]],"effectBurn":[null,"1.25/1.5/1.75/2/2.25","20/25/30/35/40","0","0","0","0","0","0","0","0"],"vars":[],"costType":" {{ abilityresourcename }}","maxammo":"-1","range":[325,325,325,325,325],"rangeBurn":"325","image":{"full":"PuncturingTaunt.png","sprite":"spell9.png","group":"spell","x":384,"y":96,"w":48,"h":48},"resource":"{{ cost }} {{ abilityresourcename }}"},{"id":"Tremors2","name":"Tremors","description":"Rammus creates waves of destruction pulsing through the ground, causing damage to nearby enemies and slowing them. Turrets take double damage from Tremors.","tooltip":"Shake the earth for {{ duration }} seconds, dealing {{ damagecalc }} magic damage to nearby enemies and slowing them by {{ slowperstack*100 }}% for {{ slowduration }} seconds, stacking up to {{ numberofpulses }} times.<br /><br />Tremors deals {{ turretdamagemodifier*100 }}% damage to turrets.","leveltip":{"label":["Damage per Tremor","Slow per Tremor","Cooldown"],"effect":["{{ damageperpulse }} -> {{ damageperpulseNL }}","{{ slowperstack*100.000000 }}% -> {{ slowperstacknl*100.000000 }}%","{{ cooldown }} -> {{ cooldownNL }}"]},"maxrank":3,"cooldown":[100,80,60],"cooldownBurn":"100/80/60","cost":[100,100,100],"costBurn":"100","datavalues":{},"effect":[null,[0,0,0],[0,0,0],[0,0,0],[0,0,0],[0,0,0],[0,0,0],[0,0,0],[0,0,0],[0,0,0],[0,0,0]],"effectBurn":[null,"0","0","0","0","0","0","0","0","0","0"],"vars":[],"costType":" {{ abilityresourcename }}","maxammo":"-1","range":[375,375,375],"rangeBurn":"375","image":{"full":"Tremors2.png","sprite":"spell9.png","group":"spell","x":432,"y":96,"w":48,"h":48},"resource":"{{ cost }} {{ abilityresourcename }}"}],"passive":{"name":"Spiked Shell","description":"Rammus' basic attacks deal bonus magic damage, scaling with his Armor.","image":{"full":"Armordillo_ScavengeArmor.png","sprite":"passive3.png","group":"passive","x":144,"y":0,"w":48,"h":48}},"recommended":[{"champion":"Rammus","title":"RammusARAM","map":"HA","mode":"ARAM","type":"riot","customTag":"","sortrank":0,"extensionPage":false,"customPanel":null,"blocks":[{"type":"starting","recMath":false,"recSteps":false,"minSummonerLevel":-1,"maxSummonerLevel":-1,"showIfSummonerSpell":"","hideIfSummonerSpell":"","appendAfterSection":"","visibleWithAllOf":[""],"hiddenWithAnyOf":[""],"items":[{"id":"2051","count":1,"hideCount":false},{"id":"1001","count":1,"hideCount":false},{"id":"2003","count":3,"hideCount":false}]},{"type":"essential","recMath":false,"recSteps":false,"minSummonerLevel":-1,"maxSummonerLevel":-1,"showIfSummonerSpell":"","hideIfSummonerSpell":"","appendAfterSection":"","visibleWithAllOf":[""],"hiddenWithAnyOf":[""],"items":[{"id":"3068","count":1,"hideCount":false},{"id":"3047","count":1,"hideCount":false},{"id":"3075","count":1,"hideCount":false}]},{"type":"defensive","recMath":false,"recSteps":false,"minSummonerLevel":-1,"maxSummonerLevel":-1,"showIfSummonerSpell":"","hideIfSummonerSpell":"","appendAfterSection":"","visibleWithAllOf":[""],"hiddenWithAnyOf":[""],"items":[{"id":"3742","count":1,"hideCount":false},{"id":"3143","count":1,"hideCount":false},{"id":"3001","count":1,"hideCount":false}]},{"type":"situational","recMath":false,"recSteps":false,"minSummonerLevel":-1,"maxSummonerLevel":-1,"showIfSummonerSpell":"","hideIfSummonerSpell":"","appendAfterSection":"","visibleWithAllOf":[""],"hiddenWithAnyOf":[""],"items":[{"id":"3800","count":1,"hideCount":false},{"id":"3109","count":1,"hideCount":false},{"id":"3190","count":1,"hideCount":false}]},{"type":"consumables","recMath":false,"recSteps":false,"minSummonerLevel":-1,"maxSummonerLevel":-1,"showIfSummonerSpell":"","hideIfSummonerSpell":"","appendAfterSection":"","visibleWithAllOf":[""],"hiddenWithAnyOf":[""],"items":[{"id":"2003","count":1,"hideCount":true},{"id":"2138","count":1,"hideCount":true},{"id":"2033","count":1,"hideCount":false}]}]},{"champion":"Rammus","title":"RammusFIRSTBLOOD","map":"HA","mode":"FIRSTBLOOD","type":"riot","customTag":"","sortrank":0,"extensionPage":false,"customPanel":null,"blocks":[{"type":"starting","recMath":false,"recSteps":false,"minSummonerLevel":-1,"maxSummonerLevel":-1,"showIfSummonerSpell":"","hideIfSummonerSpell":"SummonerSmite","items":[{"id":"1054","count":1,"hideCount":false},{"id":"2003","count":1,"hideCount":false},{"id":"3340","count":1,"hideCount":false}]},{"type":"early","recMath":false,"recSteps":false,"minSummonerLevel":-1,"maxSummonerLevel":-1,"showIfSummonerSpell":"","hideIfSummonerSpell":"SummonerSmite","items":[{"id":"1001","count":1,"hideCount":false},{"id":"3751","count":1,"hideCount":false},{"id":"1031","count":1,"hideCount":false}]},{"type":"essential","recMath":false,"recSteps":false,"minSummonerLevel":-1,"maxSummonerLevel":-1,"showIfSummonerSpell":"","hideIfSummonerSpell":"SummonerSmite","items":[{"id":"3068","count":1,"hideCount":false},{"id":"3742","count":1,"hideCount":false},{"id":"3047","count":1,"hideCount":false}]},{"type":"defensive","recMath":false,"recSteps":false,"minSummonerLevel":-1,"maxSummonerLevel":-1,"showIfSummonerSpell":"","hideIfSummonerSpell":"SummonerSmite","items":[{"id":"3143","count":1,"hideCount":false},{"id":"3102","count":1,"hideCount":false},{"id":"3075","count":1,"hideCount":false}]},{"type":"situational","recMath":false,"recSteps":false,"minSummonerLevel":-1,"maxSummonerLevel":-1,"showIfSummonerSpell":"","hideIfSummonerSpell":"SummonerSmite","items":[{"id":"3800","count":1,"hideCount":false},{"id":"3116","count":1,"hideCount":false},{"id":"3001","count":1,"hideCount":false}]},{"type":"startingjungle","recMath":false,"recSteps":false,"minSummonerLevel":-1,"maxSummonerLevel":-1,"showIfSummonerSpell":"SummonerSmite","hideIfSummonerSpell":"","items":[{"id":"1039","count":1,"hideCount":false},{"id":"2031","count":1,"hideCount":false},{"id":"3340","count":1,"hideCount":false}]},{"type":"earlyjungle","recMath":false,"recSteps":false,"minSummonerLevel":-1,"maxSummonerLevel":-1,"showIfSummonerSpell":"SummonerSmite","hideIfSummonerSpell":"","items":[{"id":"3711","count":1,"hideCount":false},{"id":"3751","count":1,"hideCount":false},{"id":"1001","count":1,"hideCount":false}]},{"type":"essentialjungle","recMath":false,"recSteps":false,"minSummonerLevel":-1,"maxSummonerLevel":-1,"showIfSummonerSpell":"SummonerSmite","hideIfSummonerSpell":"","items":[{"id":"1409","count":1,"hideCount":false},{"id":"3742","count":1,"hideCount":false},{"id":"3047","count":1,"hideCount":false}]},{"type":"defensivejungle","recMath":false,"recSteps":false,"minSummonerLevel":-1,"maxSummonerLevel":-1,"showIfSummonerSpell":"SummonerSmite","hideIfSummonerSpell":"","items":[{"id":"3075","count":1,"hideCount":false},{"id":"3143","count":1,"hideCount":false},{"id":"3102","count":1,"hideCount":false}]},{"type":"situationaljungle","recMath":false,"recSteps":false,"minSummonerLevel":-1,"maxSummonerLevel":-1,"showIfSummonerSpell":"SummonerSmite","hideIfSummonerSpell":"","items":[{"id":"3800","count":1,"hideCount":false},{"id":"3116","count":1,"hideCount":false},{"id":"3001","count":1,"hideCount":false}]},{"type":"consumables","recMath":false,"recSteps":false,"minSummonerLevel":-1,"maxSummonerLevel":-1,"showIfSummonerSpell":"","hideIfSummonerSpell":"","items":[{"id":"2003","count":1,"hideCount":true},{"id":"2138","count":1,"hideCount":true}]}]},{"champion":"Rammus","title":"RammusARAM","map":"HA","mode":"KINGPORO","type":"riot","customTag":"","sortrank":0,"extensionPage":false,"customPanel":null,"blocks":[{"type":"KingPoroSnax","recMath":false,"recSteps":false,"minSummonerLevel":-1,"maxSummonerLevel":-1,"showIfSummonerSpell":"","hideIfSummonerSpell":"","items":[{"id":"3680","count":1,"hideCount":false},{"id":"3681","count":1,"hideCount":false},{"id":"3682","count":1,"hideCount":false},{"id":"3683","count":1,"hideCount":false},{"id":"3684","count":1,"hideCount":false},{"id":"3685","count":1,"hideCount":false}]},{"type":"starting","recMath":false,"recSteps":false,"minSummonerLevel":-1,"maxSummonerLevel":-1,"showIfSummonerSpell":"","hideIfSummonerSpell":"","appendAfterSection":"","visibleWithAllOf":[""],"hiddenWithAnyOf":[""],"items":[{"id":"2051","count":1,"hideCount":false},{"id":"1001","count":1,"hideCount":false},{"id":"2003","count":3,"hideCount":false}]},{"type":"essential","recMath":false,"recSteps":false,"minSummonerLevel":-1,"maxSummonerLevel":-1,"showIfSummonerSpell":"","hideIfSummonerSpell":"","appendAfterSection":"","visibleWithAllOf":[""],"hiddenWithAnyOf":[""],"items":[{"id":"3068","count":1,"hideCount":false},{"id":"3047","count":1,"hideCount":false},{"id":"3075","count":1,"hideCount":false}]},{"type":"defensive","recMath":false,"recSteps":false,"minSummonerLevel":-1,"maxSummonerLevel":-1,"showIfSummonerSpell":"","hideIfSummonerSpell":"","appendAfterSection":"","visibleWithAllOf":[""],"hiddenWithAnyOf":[""],"items":[{"id":"3742","count":1,"hideCount":false},{"id":"3143","count":1,"hideCount":false},{"id":"3001","count":1,"hideCount":false}]},{"type":"situational","recMath":false,"recSteps":false,"minSummonerLevel":-1,"maxSummonerLevel":-1,"showIfSummonerSpell":"","hideIfSummonerSpell":"","appendAfterSection":"","visibleWithAllOf":[""],"hiddenWithAnyOf":[""],"items":[{"id":"3800","count":1,"hideCount":false},{"id":"3109","count":1,"hideCount":false},{"id":"3190","count":1,"hideCount":false}]},{"type":"consumables","recMath":false,"recSteps":false,"minSummonerLevel":-1,"maxSummonerLevel":-1,"showIfSummonerSpell":"","hideIfSummonerSpell":"","appendAfterSection":"","visibleWithAllOf":[""],"hiddenWithAnyOf":[""],"items":[{"id":"2003","count":1,"hideCount":true},{"id":"2138","count":1,"hideCount":true},{"id":"2033","count":1,"hideCount":false}]}]},{"champion":"Rammus","title":"RammusSL","map":"NB","mode":"NEXUSBLITZ","type":"riot","customTag":"","sortrank":0,"extensionPage":false,"useObviousCheckmark":false,"customPanel":null,"blocks":[{"type":"starting","recMath":false,"recSteps":false,"minSummonerLevel":-1,"maxSummonerLevel":-1,"showIfSummonerSpell":"","hideIfSummonerSpell":"SummonerSmite","appendAfterSection":"","visibleWithAllOf":[""],"hiddenWithAnyOf":[""],"items":[{"id":"4201","count":1,"hideCount":false},{"id":"2003","count":1,"hideCount":false},{"id":"3340","count":1,"hideCount":false}]},{"type":"early","recMath":false,"recSteps":false,"minSummonerLevel":-1,"maxSummonerLevel":-1,"showIfSummonerSpell":"","hideIfSummonerSpell":"SummonerSmite","appendAfterSection":"","visibleWithAllOf":[""],"hiddenWithAnyOf":[""],"items":[{"id":"1001","count":1,"hideCount":false},{"id":"3751","count":1,"hideCount":false},{"id":"1031","count":1,"hideCount":false}]},{"type":"essential","recMath":false,"recSteps":false,"minSummonerLevel":-1,"maxSummonerLevel":-1,"showIfSummonerSpell":"","hideIfSummonerSpell":"SummonerSmite","appendAfterSection":"","visibleWithAllOf":[""],"hiddenWithAnyOf":[""],"items":[{"id":"3009","count":1,"hideCount":false},{"id":"3068","count":1,"hideCount":false}]},{"type":"defensive","recMath":false,"recSteps":false,"minSummonerLevel":-1,"maxSummonerLevel":-1,"showIfSummonerSpell":"","hideIfSummonerSpell":"SummonerSmite","appendAfterSection":"","visibleWithAllOf":[""],"hiddenWithAnyOf":[""],"items":[{"id":"3075","count":1,"hideCount":false},{"id":"3001","count":1,"hideCount":false},{"id":"3742","count":1,"hideCount":false}]},{"type":"situational","recMath":false,"recSteps":false,"minSummonerLevel":-1,"maxSummonerLevel":-1,"showIfSummonerSpell":"","hideIfSummonerSpell":"SummonerSmite","appendAfterSection":"","visibleWithAllOf":[""],"hiddenWithAnyOf":[""],"items":[{"id":"3110","count":1,"hideCount":false},{"id":"3143","count":1,"hideCount":false},{"id":"3193","count":1,"hideCount":false},{"id":"3800","count":1,"hideCount":false},{"id":"3194","count":1,"hideCount":false}]},{"type":"startingjungle","recMath":false,"recSteps":false,"minSummonerLevel":-1,"maxSummonerLevel":-1,"showIfSummonerSpell":"SummonerSmite","hideIfSummonerSpell":"","appendAfterSection":"","visibleWithAllOf":[""],"hiddenWithAnyOf":[""],"items":[{"id":"4101","count":1,"hideCount":false},{"id":"2003","count":1,"hideCount":false},{"id":"3340","count":1,"hideCount":false}]},{"type":"earlyjungle","recMath":false,"recSteps":false,"minSummonerLevel":-1,"maxSummonerLevel":-1,"showIfSummonerSpell":"SummonerSmite","hideIfSummonerSpell":"","appendAfterSection":"","visibleWithAllOf":[""],"hiddenWithAnyOf":[""],"items":[{"id":"1001","count":1,"hideCount":false},{"id":"3751","count":1,"hideCount":false}]},{"type":"essentialjungle","recMath":false,"recSteps":false,"minSummonerLevel":-1,"maxSummonerLevel":-1,"showIfSummonerSpell":"SummonerSmite","hideIfSummonerSpell":"","appendAfterSection":"","visibleWithAllOf":[""],"hiddenWithAnyOf":[""],"items":[{"id":"3009","count":1,"hideCount":false},{"id":"4103","count":1,"hideCount":false},{"id":"3364","count":1,"hideCount":false}]},{"type":"defensive","recMath":false,"recSteps":false,"minSummonerLevel":-1,"maxSummonerLevel":-1,"showIfSummonerSpell":"SummonerSmite","hideIfSummonerSpell":"","appendAfterSection":"","visibleWithAllOf":[""],"hiddenWithAnyOf":[""],"items":[{"id":"3075","count":1,"hideCount":false},{"id":"3742","count":1,"hideCount":false},{"id":"4401","count":1,"hideCount":false}]},{"type":"situational","recMath":false,"recSteps":false,"minSummonerLevel":-1,"maxSummonerLevel":-1,"showIfSummonerSpell":"SummonerSmite","hideIfSummonerSpell":"","appendAfterSection":"","visibleWithAllOf":[""],"hiddenWithAnyOf":[""],"items":[{"id":"3110","count":1,"hideCount":false},{"id":"3193","count":1,"hideCount":false},{"id":"3143","count":1,"hideCount":false},{"id":"3800","count":1,"hideCount":false},{"id":"3194","count":1,"hideCount":false}]},{"type":"consumables","recMath":false,"recSteps":false,"minSummonerLevel":-1,"maxSummonerLevel":-1,"showIfSummonerSpell":"","hideIfSummonerSpell":"","appendAfterSection":"","visibleWithAllOf":[""],"hiddenWithAnyOf":[""],"items":[{"id":"2003","count":1,"hideCount":true},{"id":"2138","count":1,"hideCount":true}]}]},{"champion":"Rammus","title":"RammusSR","map":"SR","mode":"CLASSIC","type":"riot","customTag":"","sortrank":0,"extensionPage":false,"customPanel":null,"blocks":[{"type":"starting","recMath":false,"recSteps":false,"minSummonerLevel":-1,"maxSummonerLevel":-1,"showIfSummonerSpell":"","hideIfSummonerSpell":"SummonerSmite","appendAfterSection":"","visibleWithAllOf":[""],"hiddenWithAnyOf":[""],"items":[{"id":"1054","count":1,"hideCount":false},{"id":"2003","count":1,"hideCount":false},{"id":"3340","count":1,"hideCount":false}]},{"type":"early","recMath":false,"recSteps":false,"minSummonerLevel":-1,"maxSummonerLevel":-1,"showIfSummonerSpell":"","hideIfSummonerSpell":"SummonerSmite","appendAfterSection":"","visibleWithAllOf":[""],"hiddenWithAnyOf":[""],"items":[{"id":"1001","count":1,"hideCount":false},{"id":"3751","count":1,"hideCount":false},{"id":"1031","count":1,"hideCount":false}]},{"type":"essential","recMath":false,"recSteps":false,"minSummonerLevel":-1,"maxSummonerLevel":-1,"showIfSummonerSpell":"","hideIfSummonerSpell":"SummonerSmite","appendAfterSection":"","visibleWithAllOf":[""],"hiddenWithAnyOf":[""],"items":[{"id":"3009","count":1,"hideCount":false},{"id":"3068","count":1,"hideCount":false}]},{"type":"defensive","recMath":false,"recSteps":false,"minSummonerLevel":-1,"maxSummonerLevel":-1,"showIfSummonerSpell":"","hideIfSummonerSpell":"SummonerSmite","appendAfterSection":"","visibleWithAllOf":[""],"hiddenWithAnyOf":[""],"items":[{"id":"3075","count":1,"hideCount":false},{"id":"3001","count":1,"hideCount":false},{"id":"3742","count":1,"hideCount":false}]},{"type":"situational","recMath":false,"recSteps":false,"minSummonerLevel":-1,"maxSummonerLevel":-1,"showIfSummonerSpell":"","hideIfSummonerSpell":"SummonerSmite","appendAfterSection":"","visibleWithAllOf":[""],"hiddenWithAnyOf":[""],"items":[{"id":"3110","count":1,"hideCount":false},{"id":"3143","count":1,"hideCount":false},{"id":"3193","count":1,"hideCount":false},{"id":"3800","count":1,"hideCount":false},{"id":"3194","count":1,"hideCount":false}]},{"type":"startingjungle","recMath":false,"recSteps":false,"minSummonerLevel":-1,"maxSummonerLevel":-1,"showIfSummonerSpell":"SummonerSmite","hideIfSummonerSpell":"","appendAfterSection":"","visibleWithAllOf":[""],"hiddenWithAnyOf":[""],"items":[{"id":"1039","count":1,"hideCount":false},{"id":"2031","count":1,"hideCount":false},{"id":"3340","count":1,"hideCount":false}]},{"type":"earlyjungle","recMath":false,"recSteps":false,"minSummonerLevel":-1,"maxSummonerLevel":-1,"showIfSummonerSpell":"SummonerSmite","hideIfSummonerSpell":"","appendAfterSection":"","visibleWithAllOf":[""],"hiddenWithAnyOf":[""],"items":[{"id":"1001","count":1,"hideCount":false},{"id":"3706","count":1,"hideCount":false},{"id":"3751","count":1,"hideCount":false}]},{"type":"essentialjungle","recMath":false,"recSteps":false,"minSummonerLevel":-1,"maxSummonerLevel":-1,"showIfSummonerSpell":"SummonerSmite","hideIfSummonerSpell":"","appendAfterSection":"","visibleWithAllOf":[""],"hiddenWithAnyOf":[""],"items":[{"id":"3009","count":1,"hideCount":false},{"id":"1401","count":1,"hideCount":false},{"id":"3364","count":1,"hideCount":false}]},{"type":"defensive","recMath":false,"recSteps":false,"minSummonerLevel":-1,"maxSummonerLevel":-1,"showIfSummonerSpell":"SummonerSmite","hideIfSummonerSpell":"","appendAfterSection":"","visibleWithAllOf":[""],"hiddenWithAnyOf":[""],"items":[{"id":"3075","count":1,"hideCount":false},{"id":"3001","count":1,"hideCount":false},{"id":"3742","count":1,"hideCount":false}]},{"type":"situational","recMath":false,"recSteps":false,"minSummonerLevel":-1,"maxSummonerLevel":-1,"showIfSummonerSpell":"SummonerSmite","hideIfSummonerSpell":"","appendAfterSection":"","visibleWithAllOf":[""],"hiddenWithAnyOf":[""],"items":[{"id":"3110","count":1,"hideCount":false},{"id":"3193","count":1,"hideCount":false},{"id":"3143","count":1,"hideCount":false},{"id":"3800","count":1,"hideCount":false},{"id":"3194","count":1,"hideCount":false}]},{"type":"consumables","recMath":false,"recSteps":false,"minSummonerLevel":-1,"maxSummonerLevel":-1,"showIfSummonerSpell":"","hideIfSummonerSpell":"","appendAfterSection":"","visibleWithAllOf":[""],"hiddenWithAnyOf":[""],"items":[{"id":"2003","count":1,"hideCount":true},{"id":"2138","count":1,"hideCount":true}]}]}]}}}