{"type":"champion","format":"standAloneComplex","version":"10.15.1","data":{"Renekton":{"id":"Renekton","key":"58","name":"Renekton","title":"the Butcher of the Sands","image":{"full":"Renekton.png","sprite":"champion3.png","group":"champion","x":240,"y":0,"w":48,"h":48},"skins":[{"id":"58000","num":0,"name":"default","chromas":false},{"id":"58001","num":1,"name":"Galactic Renekton","chromas":false},{"id":"58002","num":2,"name":"Outback Renekton","chromas":false},{"id":"58003","num":3,"name":"Bloodfury Renekton","chromas":false},{"id":"58004","num":4,"name":"Rune Wars Renekton","chromas":false},{"id":"58005","num":5,"name":"Scorched Earth Renekton","chromas":false},{"id":"58006","num":6,"name":"Pool Party Renekton","chromas":false},{"id":"58007","num":7,"name":"Prehistoric Renekton","chromas":false},{"id":"58008","num":8,"name":"SKT T1 Renekton","chromas":false},{"id":"58009","num":9,"name":"Renektoy","chromas":true},{"id":"58017","num":17,"name":"Hextech Renekton","chromas":false},{"id":"58018","num":18,"name":"Blackfrost Renekton","chromas":true}],"lore":"Renekton is a terrifying, rage-fueled Ascended being from the scorched deserts of Shurima. Once, he was his empire's most esteemed warrior, leading the nation's armies to countless victories. However, after the empire's fall, Renekton was entombed beneath the sands, and slowly, as the world turned and changed, he succumbed to insanity. Now free once more, he is utterly consumed with finding and killing his brother, Nasus, who he blames, in his madness, for the centuries he spent in darkness.","blurb":"Renekton is a terrifying, rage-fueled Ascended being from the scorched deserts of Shurima. Once, he was his empire's most esteemed warrior, leading the nation's armies to countless victories. However, after the empire's fall, Renekton was entombed...","allytips":["Slice and Dice excels at harassing maneuvers. Slice in, follow up with another skill and then Dice back out to safety.","Cull the Meek drains an enormous amount of life when used in the middle of the fray. You can use this to bait opponents into thinking you are weaker than you really are.","Cooldown reduction is especially good for Renekton, allowing him to both quickly build up and use his Fury."],"enemytips":["Pay close attention to Renekton's Fury gauge as that will usually signify when he is about to attack.","Keeping Renekton from being able to fight and gain Fury by continually harassing him will severely reduce the effectiveness of his abilities."],"tags":["Fighter","Tank"],"partype":"Fury","info":{"attack":8,"defense":5,"magic":2,"difficulty":3},"stats":{"hp":575,"hpperlevel":87,"mp":100,"mpperlevel":0,"movespeed":345,"armor":35,"armorperlevel":4,"spellblock":32.1,"spellblockperlevel":1.25,"attackrange":125,"hpregen":8,"hpregenperlevel":0.75,"mpregen":0,"mpregenperlevel":0,"crit":0,"critperlevel":0,"attackdamage":69,"attackdamageperlevel":3.75,"attackspeedperlevel":2.75,"attackspeed":0.665},"spells":[{"id":"RenektonCleave","name":"Cull the Meek","description":"Renekton swings his blade, dealing moderate physical damage to all targets around him, and heals for a small portion of the damage dealt. If he has more than 50 Fury, his damage and heal are increased.","tooltip":"Renekton swings his blade, dealing {{ e1 }} <scaleAD>(+{{ a1 }})</scaleAD> physical damage to nearby enemies and healing himself for {{ e2 }} <scaleAD>(+{{ f1 }})</scaleAD> Health for each non-champion hit and {{ f2 }} <scaleAD>(+{{ f3 }})</scaleAD> Health for each champion hit, up to {{ e4 }} Health.<br /><br />He generates <span class=\"colorFF6633\">2.5 Fury</span> for each non-champion hit and <span class=\"colorFF6633\">10 Fury</span> for each champion hit, up to a maximum of <span class=\"colorFF6633\">30 Fury</span>.<br /><br /><span class=\"colorFF6633\">50 Fury Bonus:</span> Damage increased to {{ e6 }} <scaleAD>(+{{ a2 }})</scaleAD>. Heal increased to {{ e7 }} <scaleAD>(+{{ f4 }})</scaleAD> per non-champion and {{ f5 }} <scaleAD>(+{{ f6 }})</scaleAD> per champion, up to {{ e9 }}. No longer generates <span class=\"colorFF6633\">Fury</span>.","leveltip":{"label":["Damage","Max Health Gain","Fury Damage"],"effect":["{{ e1 }} -> {{ e1NL }}","{{ e9 }} -> {{ e9NL }}","{{ e6 }} -> {{ e6NL }}"]},"maxrank":5,"cooldown":[8,8,8,8,8],"cooldownBurn":"8","cost":[0,0,0,0,0],"costBurn":"0","datavalues":{},"effect":[null,[65,100,135,170,205],[3,4.5,6,7.5,9],[0.04,0.04,0.04,0.04,0.04],[50,75,100,125,150],[400,400,400,400,400],[100,150,200,250,300],[9,13.5,18,22.5,27],[0.12,0.12,0.12,0.12,0.12],[200,300,400,500,600],[0,0,0,0,0]],"effectBurn":[null,"65/100/135/170/205","3/4.5/6/7.5/9","0.04","50/75/100/125/150","400","100/150/200/250/300","9/13.5/18/22.5/27","0.12","200/300/400/500/600","0"],"vars":[{"link":"bonusattackdamage","coeff":0.8,"key":"a1"},{"link":"bonusattackdamage","coeff":0.8,"key":"f1"},{"link":"bonusattackdamage","coeff":1.2,"key":"f2"},{"link":"bonusattackdamage","coeff":1.2,"key":"a2"}],"costType":" {{ abilityresourcename }}","maxammo":"-1","range":[325,325,325,325,325],"rangeBurn":"325","image":{"full":"RenektonCleave.png","sprite":"spell9.png","group":"spell","x":192,"y":144,"w":48,"h":48},"resource":"{{ cost }} {{ abilityresourcename }}"},{"id":"RenektonPreExecute","name":"Ruthless Predator","description":"Renekton slashes his target twice, dealing moderate physical damage and stuns them for 0.75 seconds. If Renekton has more than 50 Fury, he slashes his target three times, destroying damage shields on the target, dealing high physical damage, and stunning them for 1.5 seconds.","tooltip":"Renekton's next attack strikes twice, stunning his target for {{ e3 }} seconds and dealing {{ e1 }} <scaleAD>(+{{ f1 }})</scaleAD> physical damage per hit ({{ e5 }} <scaleAD>(+{{ f2 }})</scaleAD> total).<br /><br />Each strike applies on-hit effects and generates <span class=\"colorFF6633\">Fury</span>. Hitting a champion generates an additional <span class=\"colorFF6633\">{{ e7 }} Fury</span>.<br /><br /><span class=\"colorFF6633\">50 Fury Bonus:</span> Renekton attacks three times, instantly destroying damage shields on the target before dealing a total of {{ e6 }} <scaleAD>(+{{ f3 }})</scaleAD> damage and stunning his target for {{ e4 }} seconds. No longer generates <span class=\"colorFF6633\">Fury</span>.","leveltip":{"label":["Damage","Bonus Damage","Cooldown"],"effect":["{{ e5 }} -> {{ e5NL }}","{{ e6 }} -> {{ e6NL }}","{{ cooldown }} -> {{ cooldownNL }}"]},"maxrank":5,"cooldown":[13,12,11,10,9],"cooldownBurn":"13/12/11/10/9","cost":[0,0,0,0,0],"costBurn":"0","datavalues":{},"effect":[null,[5,15,25,35,45],[0.75,0.75,0.75,0.75,0.75],[0.75,0.75,0.75,0.75,0.75],[1.5,1.5,1.5,1.5,1.5],[10,30,50,70,90],[15,45,75,105,135],[10,10,10,10,10],[0,0,0,0,0],[0,0,0,0,0],[0,0,0,0,0]],"effectBurn":[null,"5/15/25/35/45","0.75","0.75","1.5","10/30/50/70/90","15/45/75/105/135","10","0","0","0"],"vars":[{"link":"attackdamage","coeff":1.5,"key":"f1"},{"link":"attackdamage","coeff":2.25,"key":"f2"}],"costType":" {{ abilityresourcename }}","maxammo":"-1","range":[300,300,300,300,300],"rangeBurn":"300","image":{"full":"RenektonPreExecute.png","sprite":"spell9.png","group":"spell","x":240,"y":144,"w":48,"h":48},"resource":"{{ cost }} {{ abilityresourcename }}"},{"id":"RenektonSliceAndDice","name":"Slice and Dice","description":"Renekton dashes, dealing damage to units along the way. Empowered, Renekton deals bonus damage and reduces the Armor of units hit.","tooltip":"<span class=\"colorFF6633\">Slice:</span> Renekton dashes, dealing {{ e1 }} <scaleAD>(+{{ f1 }})</scaleAD> physical damage to enemies he passes through. Hitting an enemy grants the ability to use Dice for {{ e8 }} seconds.<br /><br /><span class=\"colorFF6633\">Dice:</span> Renekton dashes, dealing {{ e1 }} <scaleAD>(+{{ f1 }})</scaleAD> physical damage to enemies he passes through.<br /><br />He generates <span class=\"colorFF6633\">{{ e4 }} Fury</span> for each non-champion hit and <span class=\"colorFF6633\">{{ e5 }} Fury</span> for each champion hit, up to a maximum of <span class=\"colorFF6633\">{{ e0 }} Fury</span>.<br /><br /><span class=\"colorFF6633\">Dice - 50 Fury Bonus:</span> Damage increased to {{ e3 }} <scaleAD>(+{{ f2 }})</scaleAD>. Enemies hit have {{ e2 }}% reduced Armor for {{ e9 }} seconds. No longer generates <span class=\"colorFF6633\">Fury</span>.","leveltip":{"label":["Bonus Damage","Armor Reduction %","Cooldown"],"effect":["{{ e1 }} -> {{ e1NL }}","{{ e2 }}% -> {{ e2NL }}%","{{ cooldown }} -> {{ cooldownNL }}"]},"maxrank":5,"cooldown":[18,17,16,15,14],"cooldownBurn":"18/17/16/15/14","cost":[0,0,0,0,0],"costBurn":"0","datavalues":{},"effect":[null,[40,70,100,130,160],[25,27.5,30,32.5,35],[70,115,160,205,250],[2,2,2,2,2],[10,10,10,10,10],[0.9,0.9,0.9,0.9,0.9],[1.35,1.35,1.35,1.35,1.35],[4,4,4,4,4],[4,4,4,4,4],[30,30,30,30,30]],"effectBurn":[null,"40/70/100/130/160","25/27.5/30/32.5/35","70/115/160/205/250","2","10","0.9","1.35","4","4","30"],"vars":[{"link":"bonusattackdamage","coeff":0.9,"key":"f1"},{"link":"bonusattackdamage","coeff":0.9,"key":"f1"},{"link":"bonusattackdamage","coeff":1.35,"key":"f2"}],"costType":" {{ abilityresourcename }}","maxammo":"-1","range":[450,450,450,450,450],"rangeBurn":"450","image":{"full":"RenektonSliceAndDice.png","sprite":"spell9.png","group":"spell","x":288,"y":144,"w":48,"h":48},"resource":"{{ cost }} {{ abilityresourcename }}"},{"id":"RenektonReignOfTheTyrant","name":"Dominus","description":"Renekton transforms into the Tyrant form, gaining bonus Health and dealing damage to enemies around him. While in this form, Renekton gains Fury periodically.","tooltip":"Renekton surrounds himself with dark energies for {{ buffduration }} seconds, gaining {{ healthgain }} Health and <span class=\"colorFF6633\">{{ furyoncast }} Fury</span>. While active, he deals <magicDamage>{{ totaldamagepersecond }} magic damage</magicDamage> to nearby enemies and gains <span class=\"colorFF6633\">{{ furypersecond }} Fury</span> per second.","leveltip":{"label":["Bonus Health","Damage Per Second"],"effect":["{{ healthgain }} -> {{ healthgainNL }}","{{ auradamagepersecond }} -> {{ auradamagepersecondNL }}"]},"maxrank":3,"cooldown":[120,120,120],"cooldownBurn":"120","cost":[0,0,0],"costBurn":"0","datavalues":{},"effect":[null,[0,0,0],[0,0,0],[0,0,0],[0,0,0],[0,0,0],[0,0,0],[0,0,0],[0,0,0],[0,0,0],[0,0,0]],"effectBurn":[null,"0","0","0","0","0","0","0","0","0","0"],"vars":[],"costType":" {{ abilityresourcename }}","maxammo":"-1","range":[20,20,20],"rangeBurn":"20","image":{"full":"RenektonReignOfTheTyrant.png","sprite":"spell9.png","group":"spell","x":336,"y":144,"w":48,"h":48},"resource":"{{ cost }} {{ abilityresourcename }}"}],"passive":{"name":"Reign of Anger","description":"Renekton's attacks generate Fury, increased when he is low on life. This Fury can empower his abilities with bonus effects.","image":{"full":"Renekton_Passive.png","sprite":"passive3.png","group":"passive","x":240,"y":0,"w":48,"h":48}},"recommended":[{"champion":"Renekton","title":"Beginner","map":"SR","mode":"INTRO","type":"riot","customTag":"","extensionPage":false,"customPanel":null,"blocks":[{"type":"beginner_starter","recMath":false,"recSteps":false,"minSummonerLevel":-1,"maxSummonerLevel":4,"showIfSummonerSpell":"","hideIfSummonerSpell":"","items":[{"id":"1055","count":1,"hideCount":false},{"id":"3340","count":1,"hideCount":false},{"id":"2003","count":1,"hideCount":false}]},{"type":"beginner_starter","recMath":false,"recSteps":false,"minSummonerLevel":5,"maxSummonerLevel":-1,"showIfSummonerSpell":"","hideIfSummonerSpell":"","items":[{"id":"1055","count":1,"hideCount":false},{"id":"2003","count":1,"hideCount":false},{"id":"3340","count":1,"hideCount":false}]},{"type":"beginner_advanced","recMath":true,"recSteps":false,"minSummonerLevel":-1,"maxSummonerLevel":-1,"showIfSummonerSpell":"","hideIfSummonerSpell":"","items":[{"id":"1028","count":1,"hideCount":false},{"id":"1036","count":1,"hideCount":false},{"id":"3044","count":1,"hideCount":false}]},{"type":"beginner_movementspeed","recMath":true,"recSteps":false,"minSummonerLevel":-1,"maxSummonerLevel":-1,"showIfSummonerSpell":"","hideIfSummonerSpell":"","items":[{"id":"1001","count":1,"hideCount":false},{"id":"1029","count":1,"hideCount":false},{"id":"3047","count":1,"hideCount":false}]},{"type":"beginner_legendaryitem","recMath":true,"recSteps":false,"minSummonerLevel":-1,"maxSummonerLevel":-1,"showIfSummonerSpell":"","hideIfSummonerSpell":"","items":[{"id":"3071","count":1,"hideCount":false}]},{"type":"beginner_morelegendaryitems","recMath":false,"recSteps":false,"minSummonerLevel":-1,"maxSummonerLevel":-1,"showIfSummonerSpell":"","hideIfSummonerSpell":"","items":[{"id":"3065","count":1,"hideCount":false},{"id":"3068","count":1,"hideCount":false},{"id":"3812","count":1,"hideCount":false}]}]},{"champion":"Renekton","title":"RenektonARAM","map":"HA","mode":"ARAM","type":"riot","customTag":"","sortrank":0,"extensionPage":false,"useObviousCheckmark":false,"customPanel":null,"blocks":[{"type":"starting","recMath":false,"recSteps":false,"minSummonerLevel":-1,"maxSummonerLevel":-1,"showIfSummonerSpell":"","hideIfSummonerSpell":"","appendAfterSection":"","visibleWithAllOf":[""],"hiddenWithAnyOf":[""],"items":[{"id":"2051","count":1,"hideCount":false},{"id":"1001","count":1,"hideCount":false},{"id":"2003","count":3,"hideCount":false}]},{"type":"essential","recMath":false,"recSteps":false,"minSummonerLevel":-1,"maxSummonerLevel":-1,"showIfSummonerSpell":"","hideIfSummonerSpell":"","appendAfterSection":"","visibleWithAllOf":[""],"hiddenWithAnyOf":[""],"items":[{"id":"3071","count":1,"hideCount":false},{"id":"3111","count":1,"hideCount":false},{"id":"3748","count":1,"hideCount":false}]},{"type":"offensive","recMath":false,"recSteps":false,"minSummonerLevel":-1,"maxSummonerLevel":-1,"showIfSummonerSpell":"","hideIfSummonerSpell":"","appendAfterSection":"","visibleWithAllOf":[""],"hiddenWithAnyOf":[""],"items":[{"id":"3156","count":1,"hideCount":false},{"id":"3053","count":1,"hideCount":false},{"id":"3161","count":1,"hideCount":false}]},{"type":"defensive","recMath":false,"recSteps":false,"minSummonerLevel":-1,"maxSummonerLevel":-1,"showIfSummonerSpell":"","hideIfSummonerSpell":"","appendAfterSection":"","visibleWithAllOf":[""],"hiddenWithAnyOf":[""],"items":[{"id":"3143","count":1,"hideCount":false},{"id":"3065","count":1,"hideCount":false},{"id":"3068","count":1,"hideCount":false}]},{"type":"offmeta","recMath":false,"recSteps":false,"minSummonerLevel":-1,"maxSummonerLevel":-1,"showIfSummonerSpell":"","hideIfSummonerSpell":"","appendAfterSection":"","visibleWithAllOf":[""],"hiddenWithAnyOf":[""],"items":[{"id":"3142","count":1,"hideCount":false},{"id":"3147","count":1,"hideCount":false},{"id":"3031","count":1,"hideCount":false}]},{"type":"consumables","recMath":false,"recSteps":false,"minSummonerLevel":-1,"maxSummonerLevel":-1,"showIfSummonerSpell":"","hideIfSummonerSpell":"","appendAfterSection":"","visibleWithAllOf":[""],"hiddenWithAnyOf":[""],"items":[{"id":"2003","count":1,"hideCount":true},{"id":"2140","count":1,"hideCount":true},{"id":"2033","count":1,"hideCount":false}]}]},{"champion":"Renekton","title":"RenektonFIRSTBLOOD","map":"HA","mode":"FIRSTBLOOD","type":"riot","customTag":"","sortrank":0,"extensionPage":false,"customPanel":null,"blocks":[{"type":"starting","recMath":false,"recSteps":false,"minSummonerLevel":-1,"maxSummonerLevel":-1,"showIfSummonerSpell":"","hideIfSummonerSpell":"","items":[{"id":"1055","count":1,"hideCount":false},{"id":"2003","count":1,"hideCount":false},{"id":"3340","count":1,"hideCount":false}]},{"type":"early","recMath":false,"recSteps":false,"minSummonerLevel":-1,"maxSummonerLevel":-1,"showIfSummonerSpell":"","hideIfSummonerSpell":"","items":[{"id":"3077","count":1,"hideCount":false},{"id":"3044","count":1,"hideCount":false},{"id":"1001","count":1,"hideCount":false}]},{"type":"essential","recMath":false,"recSteps":false,"minSummonerLevel":-1,"maxSummonerLevel":-1,"showIfSummonerSpell":"","hideIfSummonerSpell":"","items":[{"id":"3074","count":1,"hideCount":false},{"id":"3071","count":1,"hideCount":false},{"id":"3047","count":1,"hideCount":false}]},{"type":"offensive","recMath":false,"recSteps":false,"minSummonerLevel":-1,"maxSummonerLevel":-1,"showIfSummonerSpell":"","hideIfSummonerSpell":"","items":[{"id":"3156","count":1,"hideCount":false},{"id":"3142","count":1,"hideCount":false},{"id":"3053","count":1,"hideCount":false}]},{"type":"defensive","recMath":false,"recSteps":false,"minSummonerLevel":-1,"maxSummonerLevel":-1,"showIfSummonerSpell":"","hideIfSummonerSpell":"","items":[{"id":"3742","count":1,"hideCount":false},{"id":"3143","count":1,"hideCount":false},{"id":"3065","count":1,"hideCount":false}]},{"type":"consumables","recMath":false,"recSteps":false,"minSummonerLevel":-1,"maxSummonerLevel":-1,"showIfSummonerSpell":"","hideIfSummonerSpell":"","items":[{"id":"2003","count":1,"hideCount":true},{"id":"2140","count":1,"hideCount":true}]}]},{"champion":"Renekton","title":"RenektonARAM","map":"HA","mode":"KINGPORO","type":"riot","customTag":"","sortrank":0,"extensionPage":false,"useObviousCheckmark":false,"customPanel":null,"blocks":[{"type":"KingPoroSnax","recMath":false,"recSteps":false,"minSummonerLevel":-1,"maxSummonerLevel":-1,"showIfSummonerSpell":"","hideIfSummonerSpell":"","items":[{"id":"3680","count":1,"hideCount":false},{"id":"3681","count":1,"hideCount":false},{"id":"3682","count":1,"hideCount":false},{"id":"3683","count":1,"hideCount":false},{"id":"3684","count":1,"hideCount":false},{"id":"3685","count":1,"hideCount":false}]},{"type":"starting","recMath":false,"recSteps":false,"minSummonerLevel":-1,"maxSummonerLevel":-1,"showIfSummonerSpell":"","hideIfSummonerSpell":"","appendAfterSection":"","visibleWithAllOf":[""],"hiddenWithAnyOf":[""],"items":[{"id":"2051","count":1,"hideCount":false},{"id":"1001","count":1,"hideCount":false},{"id":"2003","count":3,"hideCount":false}]},{"type":"essential","recMath":false,"recSteps":false,"minSummonerLevel":-1,"maxSummonerLevel":-1,"showIfSummonerSpell":"","hideIfSummonerSpell":"","appendAfterSection":"","visibleWithAllOf":[""],"hiddenWithAnyOf":[""],"items":[{"id":"3071","count":1,"hideCount":false},{"id":"3111","count":1,"hideCount":false},{"id":"3748","count":1,"hideCount":false}]},{"type":"offensive","recMath":false,"recSteps":false,"minSummonerLevel":-1,"maxSummonerLevel":-1,"showIfSummonerSpell":"","hideIfSummonerSpell":"","appendAfterSection":"","visibleWithAllOf":[""],"hiddenWithAnyOf":[""],"items":[{"id":"3156","count":1,"hideCount":false},{"id":"3053","count":1,"hideCount":false},{"id":"3161","count":1,"hideCount":false}]},{"type":"defensive","recMath":false,"recSteps":false,"minSummonerLevel":-1,"maxSummonerLevel":-1,"showIfSummonerSpell":"","hideIfSummonerSpell":"","appendAfterSection":"","visibleWithAllOf":[""],"hiddenWithAnyOf":[""],"items":[{"id":"3143","count":1,"hideCount":false},{"id":"3065","count":1,"hideCount":false},{"id":"3068","count":1,"hideCount":false}]},{"type":"offmeta","recMath":false,"recSteps":false,"minSummonerLevel":-1,"maxSummonerLevel":-1,"showIfSummonerSpell":"","hideIfSummonerSpell":"","appendAfterSection":"","visibleWithAllOf":[""],"hiddenWithAnyOf":[""],"items":[{"id":"3142","count":1,"hideCount":false},{"id":"3147","count":1,"hideCount":false},{"id":"3031","count":1,"hideCount":false}]},{"type":"consumables","recMath":false,"recSteps":false,"minSummonerLevel":-1,"maxSummonerLevel":-1,"showIfSummonerSpell":"","hideIfSummonerSpell":"","appendAfterSection":"","visibleWithAllOf":[""],"hiddenWithAnyOf":[""],"items":[{"id":"2003","count":1,"hideCount":true},{"id":"2140","count":1,"hideCount":true},{"id":"2033","count":1,"hideCount":false}]}]},{"champion":"Renekton","title":"RenektonSL","map":"NB","mode":"NEXUSBLITZ","type":"riot","customTag":"","sortrank":0,"extensionPage":false,"useObviousCheckmark":false,"customPanel":null,"blocks":[{"type":"starting","recMath":false,"recSteps":false,"minSummonerLevel":-1,"maxSummonerLevel":-1,"showIfSummonerSpell":"","hideIfSummonerSpell":"SummonerSmite","appendAfterSection":"","visibleWithAllOf":[""],"hiddenWithAnyOf":[""],"items":[{"id":"4202","count":1,"hideCount":false},{"id":"2003","count":1,"hideCount":false},{"id":"3340","count":1,"hideCount":false}]},{"type":"startingjungle","recMath":false,"recSteps":false,"minSummonerLevel":-1,"maxSummonerLevel":-1,"showIfSummonerSpell":"SummonerSmite","hideIfSummonerSpell":"","appendAfterSection":"","visibleWithAllOf":[""],"hiddenWithAnyOf":[""],"items":[{"id":"4101","count":1,"hideCount":false},{"id":"2003","count":1,"hideCount":false},{"id":"3340","count":1,"hideCount":false}]},{"type":"early","recMath":false,"recSteps":false,"minSummonerLevel":-1,"maxSummonerLevel":-1,"showIfSummonerSpell":"","hideIfSummonerSpell":"SummonerSmite","appendAfterSection":"","visibleWithAllOf":[""],"hiddenWithAnyOf":[""],"items":[{"id":"3077","count":1,"hideCount":false},{"id":"3044","count":1,"hideCount":false},{"id":"1001","count":1,"hideCount":false}]},{"type":"earlyjungle","recMath":false,"recSteps":false,"minSummonerLevel":-1,"maxSummonerLevel":-1,"showIfSummonerSpell":"SummonerSmite","hideIfSummonerSpell":"","appendAfterSection":"","visibleWithAllOf":[""],"hiddenWithAnyOf":[""],"items":[{"id":"3133","count":1,"hideCount":false},{"id":"1001","count":1,"hideCount":false}]},{"type":"essential","recMath":false,"recSteps":false,"minSummonerLevel":-1,"maxSummonerLevel":-1,"showIfSummonerSpell":"","hideIfSummonerSpell":"SummonerSmite","appendAfterSection":"","visibleWithAllOf":[""],"hiddenWithAnyOf":[""],"items":[{"id":"3074","count":1,"hideCount":false},{"id":"3071","count":1,"hideCount":false},{"id":"3047","count":1,"hideCount":false}]},{"type":"essentialjungle","recMath":false,"recSteps":false,"minSummonerLevel":-1,"maxSummonerLevel":-1,"showIfSummonerSpell":"SummonerSmite","hideIfSummonerSpell":"","appendAfterSection":"","visibleWithAllOf":[""],"hiddenWithAnyOf":[""],"items":[{"id":"4102","count":1,"hideCount":false},{"id":"3071","count":1,"hideCount":false},{"id":"3047","count":1,"hideCount":false}]},{"type":"offensive","recMath":false,"recSteps":false,"minSummonerLevel":-1,"maxSummonerLevel":-1,"showIfSummonerSpell":"","hideIfSummonerSpell":"","appendAfterSection":"","visibleWithAllOf":[""],"hiddenWithAnyOf":[""],"items":[{"id":"3812","count":1,"hideCount":false},{"id":"3161","count":1,"hideCount":false},{"id":"3508","count":1,"hideCount":false}]},{"type":"defensive","recMath":false,"recSteps":false,"minSummonerLevel":-1,"maxSummonerLevel":-1,"showIfSummonerSpell":"","hideIfSummonerSpell":"","appendAfterSection":"","visibleWithAllOf":[""],"hiddenWithAnyOf":[""],"items":[{"id":"3053","count":1,"hideCount":false},{"id":"3742","count":1,"hideCount":false},{"id":"3065","count":1,"hideCount":false}]},{"type":"consumables","recMath":false,"recSteps":false,"minSummonerLevel":-1,"maxSummonerLevel":-1,"showIfSummonerSpell":"","hideIfSummonerSpell":"","appendAfterSection":"","visibleWithAllOf":[""],"hiddenWithAnyOf":[""],"items":[{"id":"2003","count":1,"hideCount":true},{"id":"2140","count":1,"hideCount":true}]}]},{"champion":"Renekton","title":"RenektonSR","map":"SR","mode":"CLASSIC","type":"riot","customTag":"","sortrank":0,"extensionPage":false,"useObviousCheckmark":false,"customPanel":null,"blocks":[{"type":"starting","recMath":false,"recSteps":false,"minSummonerLevel":-1,"maxSummonerLevel":-1,"showIfSummonerSpell":"","hideIfSummonerSpell":"","appendAfterSection":"","visibleWithAllOf":[""],"hiddenWithAnyOf":[""],"items":[{"id":"1055","count":1,"hideCount":false},{"id":"2003","count":1,"hideCount":false},{"id":"3340","count":1,"hideCount":false}]},{"type":"early","recMath":false,"recSteps":false,"minSummonerLevel":-1,"maxSummonerLevel":-1,"showIfSummonerSpell":"","hideIfSummonerSpell":"","appendAfterSection":"","visibleWithAllOf":[""],"hiddenWithAnyOf":[""],"items":[{"id":"3077","count":1,"hideCount":false},{"id":"3044","count":1,"hideCount":false},{"id":"1001","count":1,"hideCount":false}]},{"type":"essential","recMath":false,"recSteps":false,"minSummonerLevel":-1,"maxSummonerLevel":-1,"showIfSummonerSpell":"","hideIfSummonerSpell":"","appendAfterSection":"","visibleWithAllOf":[""],"hiddenWithAnyOf":[""],"items":[{"id":"3071","count":1,"hideCount":false},{"id":"3047","count":1,"hideCount":false},{"id":"3053","count":1,"hideCount":false}]},{"type":"offensive","recMath":false,"recSteps":false,"minSummonerLevel":-1,"maxSummonerLevel":-1,"showIfSummonerSpell":"","hideIfSummonerSpell":"","appendAfterSection":"","visibleWithAllOf":[""],"hiddenWithAnyOf":[""],"items":[{"id":"3026","count":1,"hideCount":false},{"id":"3748","count":1,"hideCount":false},{"id":"3812","count":1,"hideCount":false}]},{"type":"situational","recMath":false,"recSteps":false,"minSummonerLevel":-1,"maxSummonerLevel":-1,"showIfSummonerSpell":"","hideIfSummonerSpell":"","appendAfterSection":"","visibleWithAllOf":[""],"hiddenWithAnyOf":[""],"items":[{"id":"3075","count":1,"hideCount":false},{"id":"3065","count":1,"hideCount":false},{"id":"3074","count":1,"hideCount":false}]},{"type":"consumables","recMath":false,"recSteps":false,"minSummonerLevel":-1,"maxSummonerLevel":-1,"showIfSummonerSpell":"","hideIfSummonerSpell":"","appendAfterSection":"","visibleWithAllOf":[""],"hiddenWithAnyOf":[""],"items":[{"id":"2003","count":1,"hideCount":true},{"id":"2140","count":1,"hideCount":true}]}]}]}}}