{"type":"champion","format":"standAloneComplex","version":"10.15.1","data":{"Rengar":{"id":"Rengar","key":"107","name":"Rengar","title":"the Pridestalker","image":{"full":"Rengar.png","sprite":"champion3.png","group":"champion","x":288,"y":0,"w":48,"h":48},"skins":[{"id":"107000","num":0,"name":"default","chromas":false},{"id":"107001","num":1,"name":"Headhunter Rengar","chromas":true},{"id":"107002","num":2,"name":"Night Hunter Rengar","chromas":false},{"id":"107003","num":3,"name":"SSW Rengar","chromas":false},{"id":"107008","num":8,"name":"Mecha Rengar","chromas":true},{"id":"107015","num":15,"name":"Pretty Kitty Rengar","chromas":true},{"id":"107023","num":23,"name":"Guardian of the Sands Rengar","chromas":true}],"lore":"Rengar is a ferocious vastayan trophy hunter who lives for the thrill of tracking down and killing dangerous creatures. He scours the world for the most fearsome beasts he can find, especially seeking any trace of Kha'Zix, the void creature who scratched out his eye. Rengar stalks his prey neither for food nor glory, but for the sheer beauty of the pursuit.","blurb":"Rengar is a ferocious vastayan trophy hunter who lives for the thrill of tracking down and killing dangerous creatures. He scours the world for the most fearsome beasts he can find, especially seeking any trace of Kha'Zix, the void creature who...","allytips":["Use Rengar's ultimate to find and assassinate high priority targets in team fights and skirmishes.","A lot of Rengar's power comes from empowered abilities he uses at the right moment - choose wisely!","Make sure to take paths through brush when chasing opponents to take advantage of Rengar's passive."],"enemytips":["Rengar gains an empowered ability when his resource bar is full. Try to confront him when it's low.","Rengar's passive enables him to leap out of brush, so avoid fighting him when near bushes.","Rengar puts an indicator over the nearest enemy champion when he is camouflaged during his ultimate."],"tags":["Assassin","Fighter"],"partype":"Ferocity","info":{"attack":7,"defense":4,"magic":2,"difficulty":8},"stats":{"hp":585,"hpperlevel":90,"mp":4,"mpperlevel":0,"movespeed":345,"armor":34,"armorperlevel":3,"spellblock":32.1,"spellblockperlevel":1.25,"attackrange":125,"hpregen":7,"hpregenperlevel":0.5,"mpregen":0,"mpregenperlevel":0,"crit":0,"critperlevel":0,"attackdamage":68,"attackdamageperlevel":3,"attackspeedperlevel":3,"attackspeed":0.667},"spells":[{"id":"RengarQ","name":"Savagery","description":"Rengar's next attack brutally stabs his target for bonus damage.<br><br>Ferocity effect: deals increased damage and grants Attack Speed.","tooltip":"Rengar gains {{ e5 }}% Attack Speed for his next 2 attacks. The first attack deals {{ e1 }} <span class=\"colorF88017\">(+{{ f2 }})</span> physical damage.<br /><br /><span class=\"colorEDDA74\">Ferocity effect:</span><br />Savagery's damage is increased to <scaleLevel>{{ f3 }}</scaleLevel> <scaleAD>(+{{ a2 }})</scaleAD> and grants Rengar <scaleLevel>{{ f4 }}</scaleLevel>% Attack Speed for {{ e3 }} seconds.","leveltip":{"label":["Damage","Total AD Ratio","Cooldown"],"effect":["{{ e1 }} -> {{ e1NL }}","{{ e2 }}% -> {{ e2NL }}%","{{ ammorechargetime }} -> {{ ammorechargetimeNL }}"]},"maxrank":5,"cooldown":[0.25,0.25,0.25,0.25,0.25],"cooldownBurn":"0.25","cost":[0,0,0,0,0],"costBurn":"0","datavalues":{},"effect":[null,[30,60,90,120,150],[100,105,110,115,120],[5,5,5,5,5],[5,5,5,5,5],[40,40,40,40,40],[3,3,3,3,3],[0.2,0.3,0.4,0.5,0.6],[0,0,0,0,0],[0,0,0,0,0],[0,0,0,0,0]],"effectBurn":[null,"30/60/90/120/150","100/105/110/115/120","5","5","40","3","0.2/0.3/0.4/0.5/0.6","0","0","0"],"vars":[{"link":"attackdamage","coeff":1.4,"key":"a2"}],"costType":"Generates 1 Ferocity","maxammo":"1","range":[450,450,450,450,450],"rangeBurn":"450","image":{"full":"RengarQ.png","sprite":"spell9.png","group":"spell","x":384,"y":144,"w":48,"h":48},"resource":"Generates 1 Ferocity"},{"id":"RengarW","name":"Battle Roar","description":"Rengar lets out a battle roar, damaging enemies and healing for some of the recent damage he has taken.<br><br>Ferocity effect: additionally breaks crowd control effects.","tooltip":"Deals {{ e1 }} <scaleAP>(+{{ a1 }})</scaleAP> magic damage to nearby enemies and heals Rengar for {{ e2 }}% of the damage he took in the last {{ e3 }} seconds.<br /><br /><span class=\"colorEDDA74\">Ferocity effect: </span><br />Deals <scaleLevel>{{ f1 }}</scaleLevel> <scaleAP>(+{{ a1 }})</scaleAP> magic damage and removes existing crowd control effects, in addition to its normal effect.<br /><br /><rules><span class=\"color8c8c8c\">Damage healed from monster attacks is increased by {{ e5 }}%.</span></rules>","leveltip":{"label":["Damage","Cooldown"],"effect":["{{ e1 }} -> {{ e1NL }}","{{ ammorechargetime }} -> {{ ammorechargetimeNL }}"]},"maxrank":5,"cooldown":[0.25,0.25,0.25,0.25,0.25],"cooldownBurn":"0.25","cost":[0,0,0,0,0],"costBurn":"0","datavalues":{},"effect":[null,[50,80,110,140,170],[50,50,50,50,50],[1.5,1.5,1.5,1.5,1.5],[1.5,1.5,1.5,1.5,1.5],[50,50,50,50,50],[0,0,0,0,0],[0,0,0,0,0],[0,0,0,0,0],[0,0,0,0,0],[0,0,0,0,0]],"effectBurn":[null,"50/80/110/140/170","50","1.5","1.5","50","0","0","0","0","0"],"vars":[{"link":"spelldamage","coeff":0.8,"key":"a1"},{"link":"spelldamage","coeff":0.8,"key":"a1"}],"costType":"Generates 1 Ferocity","maxammo":"1","range":[450,450,450,450,450],"rangeBurn":"450","image":{"full":"RengarW.png","sprite":"spell9.png","group":"spell","x":432,"y":144,"w":48,"h":48},"resource":"Generates 1 Ferocity"},{"id":"RengarE","name":"Bola Strike","description":"Rengar throws a bola, slowing the first target hit for a short duration.<br><br>Ferocity effect: roots the target.","tooltip":"Throw a bola, dealing {{ e1 }}<span class=\"colorF88017\"> (+{{ a1 }})</span> physical damage and slowing the first enemy hit by {{ e2 }}% for {{ e3 }} seconds.<br /><br /><span class=\"colorEDDA74\">Ferocity effect:</span><br />Deals <scaleLevel>{{ f1 }}</scaleLevel> <span class=\"colorF88017\">(+{{ a1 }})</span> physical damage and roots the target for {{ e4 }} seconds.","leveltip":{"label":["Damage","Slow"],"effect":["{{ e1 }} -> {{ e1NL }}","{{ e2 }}% -> {{ e2NL }}%"]},"maxrank":5,"cooldown":[0.25,0.25,0.25,0.25,0.25],"cooldownBurn":"0.25","cost":[0,0,0,0,0],"costBurn":"0","datavalues":{},"effect":[null,[55,100,145,190,235],[30,45,60,75,90],[1.75,1.75,1.75,1.75,1.75],[1.75,1.75,1.75,1.75,1.75],[0,0,0,0,0],[0,0,0,0,0],[0,0,0,0,0],[0,0,0,0,0],[0,0,0,0,0],[0,0,0,0,0]],"effectBurn":[null,"55/100/145/190/235","30/45/60/75/90","1.75","1.75","0","0","0","0","0","0"],"vars":[{"link":"bonusattackdamage","coeff":0.8,"key":"a1"},{"link":"bonusattackdamage","coeff":0.8,"key":"a1"}],"costType":"Generates 1 Ferocity","maxammo":"1","range":[1000,1000,1000,1000,1000],"rangeBurn":"1000","image":{"full":"RengarE.png","sprite":"spell10.png","group":"spell","x":0,"y":0,"w":48,"h":48},"resource":"Generates 1 Ferocity"},{"id":"RengarR","name":"Thrill of the Hunt","description":"Rengar's predatory instincts take over, <font color='#cd90ee'>Camouflaging</font> him and revealing the nearest enemy champion in a large radius around him. During Thrill of the Hunt, Rengar gains Movement Speed and he can leap to the tracked enemy without being in brush, reducing their armor.","tooltip":"Rengar gains {{ stealthms }}% Movement Speed and <span class=\"coloree91d7\">True Sight</span> of the nearest enemy champion within {{ selfvisionrange }} range for {{ stealthduration }} seconds.<br /><br />After the first {{ fadetime }} seconds, Rengar becomes <span class=\"colorcd90ee\">Camouflaged</span> and can leap to an enemy without being in brush. Leaping to the nearest champion deals <physicalDamage>{{ bonusdamage }} physical damage</physicalDamage> and reduces their Armor by {{ armorshred }} for {{ armorshredduration }} seconds.<br /><br /><rules><span class=\"color8c8c8c\">Enemy champions within {{ enemydetectionrange }} range and their nearby allies can sense Rengar during Thrill of the Hunt.<br />Enemies revealed by Thrill of the Hunt stay revealed while they remain in tracking range.<br />Attacking or casting most spells ends Thrill of the Hunt.</span><br /><span class=\"colorcd90ee\"><u>Stealth - Camouflaged:</u></span><span class=\"color8c8c8c\"> This character is hidden from view. It is revealed by nearby enemy champions and turrets.</span></rules>","leveltip":{"label":["Cooldown","Duration","Movement Speed","Tracking Range","Cooldown"],"effect":["{{ armorshred }} -> {{ armorshredNL }}","{{ stealthduration }} -> {{ stealthdurationNL }}","{{ stealthms }}% -> {{ stealthmsNL }}%","{{ selfvisionrange }} -> {{ selfvisionrangeNL }}","{{ cooldown }} -> {{ cooldownNL }}"]},"maxrank":3,"cooldown":[110,90,70],"cooldownBurn":"110/90/70","cost":[0,0,0],"costBurn":"0","datavalues":{},"effect":[null,[0,0,0],[0,0,0],[0,0,0],[0,0,0],[0,0,0],[0,0,0],[0,0,0],[0,0,0],[0,0,0],[0,0,0]],"effectBurn":[null,"0","0","0","0","0","0","0","0","0","0"],"vars":[],"costType":"No Cost","maxammo":"-1","range":[2500,3000,3500],"rangeBurn":"2500/3000/3500","image":{"full":"RengarR.png","sprite":"spell10.png","group":"spell","x":48,"y":0,"w":48,"h":48},"resource":"No Cost"}],"passive":{"name":"Unseen Predator","description":"While in brush, Rengar leaps at his target with his basic attack. Leaping while at no Ferocity generates Ferocity.<br><br>At Max Ferocity, his next ability is empowered. Casting an empowered ability increases Rengar's Movement Speed for a few seconds.<br><br>Killing enemy champions awards trophies on Rengar's <font color='#BBFFFF'>Bonetooth Necklace</font>, granting bonus attack damage.","image":{"full":"Rengar_P.png","sprite":"passive3.png","group":"passive","x":288,"y":0,"w":48,"h":48}},"recommended":[{"champion":"Rengar","title":"Beginner","map":"SR","mode":"INTRO","type":"riot","customTag":"","extensionPage":false,"customPanel":null,"blocks":[{"type":"beginner_starter","recMath":false,"recSteps":false,"minSummonerLevel":-1,"maxSummonerLevel":4,"showIfSummonerSpell":"","hideIfSummonerSpell":"","items":[{"id":"1055","count":1,"hideCount":false}]},{"type":"beginner_starter","recMath":false,"recSteps":false,"minSummonerLevel":5,"maxSummonerLevel":-1,"showIfSummonerSpell":"","hideIfSummonerSpell":"","items":[{"id":"1055","count":1,"hideCount":false},{"id":"2003","count":1,"hideCount":false}]},{"type":"beginner_advanced","recMath":true,"recSteps":false,"minSummonerLevel":-1,"maxSummonerLevel":-1,"showIfSummonerSpell":"","hideIfSummonerSpell":"","items":[{"id":"1028","count":1,"hideCount":false},{"id":"1036","count":1,"hideCount":false},{"id":"3044","count":1,"hideCount":false}]},{"type":"beginner_movementspeed","recMath":true,"recSteps":false,"minSummonerLevel":-1,"maxSummonerLevel":-1,"showIfSummonerSpell":"","hideIfSummonerSpell":"","items":[{"id":"1001","count":1,"hideCount":false},{"id":"1029","count":1,"hideCount":false},{"id":"3047","count":1,"hideCount":false}]},{"type":"beginner_legendaryitem","recMath":true,"recSteps":false,"minSummonerLevel":-1,"maxSummonerLevel":-1,"showIfSummonerSpell":"","hideIfSummonerSpell":"","items":[{"id":"3044","count":1,"hideCount":false},{"id":"3057","count":1,"hideCount":false},{"id":"3086","count":1,"hideCount":false},{"id":"3078","count":1,"hideCount":false}]},{"type":"beginner_morelegendaryitems","recMath":false,"recSteps":false,"minSummonerLevel":-1,"maxSummonerLevel":-1,"showIfSummonerSpell":"","hideIfSummonerSpell":"","items":[{"id":"3071","count":1,"hideCount":false},{"id":"3068","count":1,"hideCount":false},{"id":"3074","count":1,"hideCount":false}]}]},{"champion":"Rengar","title":"RengarARAM","map":"HA","mode":"ARAM","type":"riot","customTag":"","sortrank":0,"extensionPage":false,"useObviousCheckmark":false,"customPanel":null,"blocks":[{"type":"starting","recMath":false,"recSteps":false,"minSummonerLevel":-1,"maxSummonerLevel":-1,"showIfSummonerSpell":"","hideIfSummonerSpell":"","appendAfterSection":"","visibleWithAllOf":[""],"hiddenWithAnyOf":[""],"items":[{"id":"3134","count":1,"hideCount":false},{"id":"1001","count":1,"hideCount":false}]},{"type":"essential","recMath":false,"recSteps":false,"minSummonerLevel":-1,"maxSummonerLevel":-1,"showIfSummonerSpell":"","hideIfSummonerSpell":"","appendAfterSection":"","visibleWithAllOf":[""],"hiddenWithAnyOf":[""],"items":[{"id":"3147","count":1,"hideCount":false},{"id":"3111","count":1,"hideCount":false},{"id":"3071","count":1,"hideCount":false}]},{"type":"offensive","recMath":false,"recSteps":false,"minSummonerLevel":-1,"maxSummonerLevel":-1,"showIfSummonerSpell":"","hideIfSummonerSpell":"","appendAfterSection":"","visibleWithAllOf":[""],"hiddenWithAnyOf":[""],"items":[{"id":"3142","count":1,"hideCount":false},{"id":"3078","count":1,"hideCount":false},{"id":"3074","count":1,"hideCount":false}]},{"type":"defensive","recMath":false,"recSteps":false,"minSummonerLevel":-1,"maxSummonerLevel":-1,"showIfSummonerSpell":"","hideIfSummonerSpell":"","appendAfterSection":"","visibleWithAllOf":[""],"hiddenWithAnyOf":[""],"items":[{"id":"3053","count":1,"hideCount":false},{"id":"3156","count":1,"hideCount":false},{"id":"3161","count":1,"hideCount":false}]},{"type":"consumables","recMath":false,"recSteps":false,"minSummonerLevel":-1,"maxSummonerLevel":-1,"showIfSummonerSpell":"","hideIfSummonerSpell":"","appendAfterSection":"","visibleWithAllOf":[""],"hiddenWithAnyOf":[""],"items":[{"id":"2003","count":1,"hideCount":true},{"id":"2140","count":1,"hideCount":true}]}]},{"champion":"Rengar","title":"RengarFIRSTBLOOD","map":"HA","mode":"FIRSTBLOOD","type":"riot","customTag":"","sortrank":0,"extensionPage":false,"customPanel":null,"blocks":[{"type":"starting","recMath":false,"recSteps":false,"minSummonerLevel":-1,"maxSummonerLevel":-1,"showIfSummonerSpell":"","hideIfSummonerSpell":"SummonerSmite","items":[{"id":"1055","count":1,"hideCount":false},{"id":"2003","count":1,"hideCount":false},{"id":"3340","count":1,"hideCount":false}]},{"type":"early","recMath":false,"recSteps":false,"minSummonerLevel":-1,"maxSummonerLevel":-1,"showIfSummonerSpell":"","hideIfSummonerSpell":"SummonerSmite","items":[{"id":"3133","count":1,"hideCount":false},{"id":"3077","count":1,"hideCount":false},{"id":"1001","count":1,"hideCount":false}]},{"type":"essential","recMath":false,"recSteps":false,"minSummonerLevel":-1,"maxSummonerLevel":-1,"showIfSummonerSpell":"","hideIfSummonerSpell":"SummonerSmite","items":[{"id":"3074","count":1,"hideCount":false},{"id":"3071","count":1,"hideCount":false},{"id":"3047","count":1,"hideCount":false}]},{"type":"offensive","recMath":false,"recSteps":false,"minSummonerLevel":-1,"maxSummonerLevel":-1,"showIfSummonerSpell":"","hideIfSummonerSpell":"SummonerSmite","items":[{"id":"3142","count":1,"hideCount":false},{"id":"3031","count":1,"hideCount":false},{"id":"3147","count":1,"hideCount":false}]},{"type":"defensive","recMath":false,"recSteps":false,"minSummonerLevel":-1,"maxSummonerLevel":-1,"showIfSummonerSpell":"","hideIfSummonerSpell":"SummonerSmite","items":[{"id":"3156","count":1,"hideCount":false},{"id":"3814","count":1,"hideCount":false},{"id":"3026","count":1,"hideCount":false}]},{"type":"startingjungle","recMath":false,"recSteps":false,"minSummonerLevel":-1,"maxSummonerLevel":-1,"showIfSummonerSpell":"SummonerSmite","hideIfSummonerSpell":"","items":[{"id":"1041","count":1,"hideCount":false},{"id":"2031","count":1,"hideCount":false},{"id":"3340","count":1,"hideCount":false}]},{"type":"earlyjungle","recMath":false,"recSteps":false,"minSummonerLevel":-1,"maxSummonerLevel":-1,"showIfSummonerSpell":"SummonerSmite","hideIfSummonerSpell":"","items":[{"id":"3706","count":1,"hideCount":false},{"id":"3133","count":1,"hideCount":false},{"id":"1001","count":1,"hideCount":false}]},{"type":"essentialjungle","recMath":false,"recSteps":false,"minSummonerLevel":-1,"maxSummonerLevel":-1,"showIfSummonerSpell":"SummonerSmite","hideIfSummonerSpell":"","items":[{"id":"1400","count":1,"hideCount":false},{"id":"3117","count":1,"hideCount":false},{"id":"3074","count":1,"hideCount":false}]},{"type":"offensive","recMath":false,"recSteps":false,"minSummonerLevel":-1,"maxSummonerLevel":-1,"showIfSummonerSpell":"SummonerSmite","hideIfSummonerSpell":"","items":[{"id":"3142","count":1,"hideCount":false},{"id":"3031","count":1,"hideCount":false},{"id":"3147","count":1,"hideCount":false}]},{"type":"defensive","recMath":false,"recSteps":false,"minSummonerLevel":-1,"maxSummonerLevel":-1,"showIfSummonerSpell":"SummonerSmite","hideIfSummonerSpell":"","items":[{"id":"3814","count":1,"hideCount":false},{"id":"3156","count":1,"hideCount":false},{"id":"3026","count":1,"hideCount":false}]},{"type":"consumables","recMath":false,"recSteps":false,"minSummonerLevel":-1,"maxSummonerLevel":-1,"showIfSummonerSpell":"","hideIfSummonerSpell":"","items":[{"id":"2031","count":1,"hideCount":true},{"id":"2140","count":1,"hideCount":true}]}]},{"champion":"Rengar","title":"RengarARAM","map":"HA","mode":"KINGPORO","type":"riot","customTag":"","sortrank":0,"extensionPage":false,"useObviousCheckmark":false,"customPanel":null,"blocks":[{"type":"KingPoroSnax","recMath":false,"recSteps":false,"minSummonerLevel":-1,"maxSummonerLevel":-1,"showIfSummonerSpell":"","hideIfSummonerSpell":"","items":[{"id":"3680","count":1,"hideCount":false},{"id":"3681","count":1,"hideCount":false},{"id":"3682","count":1,"hideCount":false},{"id":"3683","count":1,"hideCount":false},{"id":"3684","count":1,"hideCount":false},{"id":"3685","count":1,"hideCount":false}]},{"type":"starting","recMath":false,"recSteps":false,"minSummonerLevel":-1,"maxSummonerLevel":-1,"showIfSummonerSpell":"","hideIfSummonerSpell":"","appendAfterSection":"","visibleWithAllOf":[""],"hiddenWithAnyOf":[""],"items":[{"id":"3134","count":1,"hideCount":false},{"id":"1001","count":1,"hideCount":false}]},{"type":"essential","recMath":false,"recSteps":false,"minSummonerLevel":-1,"maxSummonerLevel":-1,"showIfSummonerSpell":"","hideIfSummonerSpell":"","appendAfterSection":"","visibleWithAllOf":[""],"hiddenWithAnyOf":[""],"items":[{"id":"3147","count":1,"hideCount":false},{"id":"3111","count":1,"hideCount":false},{"id":"3071","count":1,"hideCount":false}]},{"type":"offensive","recMath":false,"recSteps":false,"minSummonerLevel":-1,"maxSummonerLevel":-1,"showIfSummonerSpell":"","hideIfSummonerSpell":"","appendAfterSection":"","visibleWithAllOf":[""],"hiddenWithAnyOf":[""],"items":[{"id":"3142","count":1,"hideCount":false},{"id":"3078","count":1,"hideCount":false},{"id":"3074","count":1,"hideCount":false}]},{"type":"defensive","recMath":false,"recSteps":false,"minSummonerLevel":-1,"maxSummonerLevel":-1,"showIfSummonerSpell":"","hideIfSummonerSpell":"","appendAfterSection":"","visibleWithAllOf":[""],"hiddenWithAnyOf":[""],"items":[{"id":"3053","count":1,"hideCount":false},{"id":"3156","count":1,"hideCount":false},{"id":"3161","count":1,"hideCount":false}]},{"type":"consumables","recMath":false,"recSteps":false,"minSummonerLevel":-1,"maxSummonerLevel":-1,"showIfSummonerSpell":"","hideIfSummonerSpell":"","appendAfterSection":"","visibleWithAllOf":[""],"hiddenWithAnyOf":[""],"items":[{"id":"2003","count":1,"hideCount":true},{"id":"2140","count":1,"hideCount":true}]}]},{"champion":"Rengar","title":"RengarSL","map":"NB","mode":"NEXUSBLITZ","type":"riot","customTag":"","sortrank":0,"extensionPage":false,"useObviousCheckmark":false,"customPanel":null,"blocks":[{"type":"starting","recMath":false,"recSteps":false,"minSummonerLevel":-1,"maxSummonerLevel":-1,"showIfSummonerSpell":"","hideIfSummonerSpell":"SummonerSmite","appendAfterSection":"","visibleWithAllOf":[""],"hiddenWithAnyOf":[""],"items":[{"id":"4202","count":1,"hideCount":false},{"id":"2003","count":1,"hideCount":false},{"id":"3340","count":1,"hideCount":false}]},{"type":"early","recMath":false,"recSteps":false,"minSummonerLevel":-1,"maxSummonerLevel":-1,"showIfSummonerSpell":"","hideIfSummonerSpell":"SummonerSmite","appendAfterSection":"","visibleWithAllOf":[""],"hiddenWithAnyOf":[""],"items":[{"id":"3077","count":1,"hideCount":false},{"id":"1001","count":1,"hideCount":false},{"id":"3133","count":1,"hideCount":false}]},{"type":"essential","recMath":false,"recSteps":false,"minSummonerLevel":-1,"maxSummonerLevel":-1,"showIfSummonerSpell":"","hideIfSummonerSpell":"SummonerSmite","appendAfterSection":"","visibleWithAllOf":[""],"hiddenWithAnyOf":[""],"items":[{"id":"3147","count":1,"hideCount":false},{"id":"3111","count":1,"hideCount":false},{"id":"3071","count":1,"hideCount":false}]},{"type":"offensive","recMath":false,"recSteps":false,"minSummonerLevel":-1,"maxSummonerLevel":-1,"showIfSummonerSpell":"","hideIfSummonerSpell":"SummonerSmite","appendAfterSection":"","visibleWithAllOf":[""],"hiddenWithAnyOf":[""],"items":[{"id":"3074","count":1,"hideCount":false},{"id":"3142","count":1,"hideCount":false},{"id":"3814","count":1,"hideCount":false}]},{"type":"defensive","recMath":false,"recSteps":false,"minSummonerLevel":-1,"maxSummonerLevel":-1,"showIfSummonerSpell":"","hideIfSummonerSpell":"SummonerSmite","appendAfterSection":"","visibleWithAllOf":[""],"hiddenWithAnyOf":[""],"items":[{"id":"3156","count":1,"hideCount":false},{"id":"3161","count":1,"hideCount":false},{"id":"3053","count":1,"hideCount":false}]},{"type":"startingjungle","recMath":false,"recSteps":false,"minSummonerLevel":-1,"maxSummonerLevel":-1,"showIfSummonerSpell":"SummonerSmite","hideIfSummonerSpell":"","appendAfterSection":"","visibleWithAllOf":[""],"hiddenWithAnyOf":[""],"items":[{"id":"4101","count":1,"hideCount":false},{"id":"2003","count":1,"hideCount":false},{"id":"3340","count":1,"hideCount":false}]},{"type":"earlyjungle","recMath":false,"recSteps":false,"minSummonerLevel":-1,"maxSummonerLevel":-1,"showIfSummonerSpell":"SummonerSmite","hideIfSummonerSpell":"","appendAfterSection":"","visibleWithAllOf":[""],"hiddenWithAnyOf":[""],"items":[{"id":"1001","count":1,"hideCount":false},{"id":"3077","count":1,"hideCount":false}]},{"type":"essentialjungle","recMath":false,"recSteps":false,"minSummonerLevel":-1,"maxSummonerLevel":-1,"showIfSummonerSpell":"SummonerSmite","hideIfSummonerSpell":"","appendAfterSection":"","visibleWithAllOf":[""],"hiddenWithAnyOf":[""],"items":[{"id":"4102","count":1,"hideCount":false},{"id":"3047","count":1,"hideCount":false},{"id":"3147","count":1,"hideCount":false}]},{"type":"offensive","recMath":false,"recSteps":false,"minSummonerLevel":-1,"maxSummonerLevel":-1,"showIfSummonerSpell":"SummonerSmite","hideIfSummonerSpell":"","appendAfterSection":"","visibleWithAllOf":[""],"hiddenWithAnyOf":[""],"items":[{"id":"3071","count":1,"hideCount":false},{"id":"3142","count":1,"hideCount":false},{"id":"3074","count":1,"hideCount":false}]},{"type":"defensive","recMath":false,"recSteps":false,"minSummonerLevel":-1,"maxSummonerLevel":-1,"showIfSummonerSpell":"SummonerSmite","hideIfSummonerSpell":"","appendAfterSection":"","visibleWithAllOf":[""],"hiddenWithAnyOf":[""],"items":[{"id":"3053","count":1,"hideCount":false},{"id":"3156","count":1,"hideCount":false},{"id":"3161","count":1,"hideCount":false}]},{"type":"consumables","recMath":false,"recSteps":false,"minSummonerLevel":-1,"maxSummonerLevel":-1,"showIfSummonerSpell":"","hideIfSummonerSpell":"","appendAfterSection":"","visibleWithAllOf":[""],"hiddenWithAnyOf":[""],"items":[{"id":"2031","count":1,"hideCount":true},{"id":"2140","count":1,"hideCount":true}]}]},{"champion":"Rengar","title":"RengarSR","map":"SR","mode":"CLASSIC","type":"riot","customTag":"","sortrank":0,"extensionPage":false,"useObviousCheckmark":false,"customPanel":null,"blocks":[{"type":"starting","recMath":false,"recSteps":false,"minSummonerLevel":-1,"maxSummonerLevel":-1,"showIfSummonerSpell":"","hideIfSummonerSpell":"SummonerSmite","appendAfterSection":"","visibleWithAllOf":[""],"hiddenWithAnyOf":[""],"items":[{"id":"1055","count":1,"hideCount":false},{"id":"2003","count":1,"hideCount":false},{"id":"3340","count":1,"hideCount":false}]},{"type":"early","recMath":false,"recSteps":false,"minSummonerLevel":-1,"maxSummonerLevel":-1,"showIfSummonerSpell":"","hideIfSummonerSpell":"SummonerSmite","appendAfterSection":"","visibleWithAllOf":[""],"hiddenWithAnyOf":[""],"items":[{"id":"3077","count":1,"hideCount":false},{"id":"1001","count":1,"hideCount":false},{"id":"3133","count":1,"hideCount":false}]},{"type":"essential","recMath":false,"recSteps":false,"minSummonerLevel":-1,"maxSummonerLevel":-1,"showIfSummonerSpell":"","hideIfSummonerSpell":"SummonerSmite","appendAfterSection":"","visibleWithAllOf":[""],"hiddenWithAnyOf":[""],"items":[{"id":"3147","count":1,"hideCount":false},{"id":"3111","count":1,"hideCount":false},{"id":"3071","count":1,"hideCount":false}]},{"type":"offensive","recMath":false,"recSteps":false,"minSummonerLevel":-1,"maxSummonerLevel":-1,"showIfSummonerSpell":"","hideIfSummonerSpell":"SummonerSmite","appendAfterSection":"","visibleWithAllOf":[""],"hiddenWithAnyOf":[""],"items":[{"id":"3074","count":1,"hideCount":false},{"id":"3142","count":1,"hideCount":false},{"id":"3078","count":1,"hideCount":false}]},{"type":"defensive","recMath":false,"recSteps":false,"minSummonerLevel":-1,"maxSummonerLevel":-1,"showIfSummonerSpell":"","hideIfSummonerSpell":"SummonerSmite","appendAfterSection":"","visibleWithAllOf":[""],"hiddenWithAnyOf":[""],"items":[{"id":"3026","count":1,"hideCount":false},{"id":"3065","count":1,"hideCount":false},{"id":"3156","count":1,"hideCount":false}]},{"type":"startingjungle","recMath":false,"recSteps":false,"minSummonerLevel":-1,"maxSummonerLevel":-1,"showIfSummonerSpell":"SummonerSmite","hideIfSummonerSpell":"","appendAfterSection":"","visibleWithAllOf":[""],"hiddenWithAnyOf":[""],"items":[{"id":"1041","count":1,"hideCount":false},{"id":"2031","count":1,"hideCount":false},{"id":"3340","count":1,"hideCount":false}]},{"type":"earlyjungle","recMath":false,"recSteps":false,"minSummonerLevel":-1,"maxSummonerLevel":-1,"showIfSummonerSpell":"SummonerSmite","hideIfSummonerSpell":"","appendAfterSection":"","visibleWithAllOf":[""],"hiddenWithAnyOf":[""],"items":[{"id":"3077","count":1,"hideCount":false},{"id":"1001","count":1,"hideCount":false},{"id":"3706","count":1,"hideCount":false}]},{"type":"essentialjungle","recMath":false,"recSteps":false,"minSummonerLevel":-1,"maxSummonerLevel":-1,"showIfSummonerSpell":"SummonerSmite","hideIfSummonerSpell":"","appendAfterSection":"","visibleWithAllOf":[""],"hiddenWithAnyOf":[""],"items":[{"id":"3147","count":1,"hideCount":false},{"id":"3047","count":1,"hideCount":false},{"id":"3142","count":1,"hideCount":false}]},{"type":"offensive","recMath":false,"recSteps":false,"minSummonerLevel":-1,"maxSummonerLevel":-1,"showIfSummonerSpell":"SummonerSmite","hideIfSummonerSpell":"","appendAfterSection":"","visibleWithAllOf":[""],"hiddenWithAnyOf":[""],"items":[{"id":"3814","count":1,"hideCount":false},{"id":"3179","count":1,"hideCount":false},{"id":"3181","count":1,"hideCount":false}]},{"type":"defensive","recMath":false,"recSteps":false,"minSummonerLevel":-1,"maxSummonerLevel":-1,"showIfSummonerSpell":"SummonerSmite","hideIfSummonerSpell":"","appendAfterSection":"","visibleWithAllOf":[""],"hiddenWithAnyOf":[""],"items":[{"id":"3026","count":1,"hideCount":false},{"id":"3156","count":1,"hideCount":false},{"id":"3071","count":1,"hideCount":false}]},{"type":"consumables","recMath":false,"recSteps":false,"minSummonerLevel":-1,"maxSummonerLevel":-1,"showIfSummonerSpell":"","hideIfSummonerSpell":"","appendAfterSection":"","visibleWithAllOf":[""],"hiddenWithAnyOf":[""],"items":[{"id":"2031","count":1,"hideCount":true},{"id":"2140","count":1,"hideCount":true}]}]}]}}}