{"type":"champion","format":"standAloneComplex","version":"10.15.1","data":{"Riven":{"id":"Riven","key":"92","name":"Riven","title":"the Exile","image":{"full":"Riven.png","sprite":"champion3.png","group":"champion","x":336,"y":0,"w":48,"h":48},"skins":[{"id":"92000","num":0,"name":"default","chromas":false},{"id":"92001","num":1,"name":"Redeemed Riven","chromas":false},{"id":"92002","num":2,"name":"Crimson Elite Riven","chromas":false},{"id":"92003","num":3,"name":"Battle Bunny Riven","chromas":true},{"id":"92004","num":4,"name":"Championship Riven","chromas":false},{"id":"92005","num":5,"name":"Dragonblade Riven","chromas":true},{"id":"92006","num":6,"name":"Arcade Riven","chromas":true},{"id":"92007","num":7,"name":"Championship Riven 2016","chromas":true},{"id":"92016","num":16,"name":"Dawnbringer Riven","chromas":true},{"id":"92018","num":18,"name":"Pulsefire Riven","chromas":true},{"id":"92020","num":20,"name":"Valiant Sword Riven","chromas":false},{"id":"92022","num":22,"name":"Valiant Sword Riven Prestige Edition","chromas":false}],"lore":"Once a swordmaster in the warhosts of Noxus, Riven is an expatriate in a land she previously tried to conquer. She rose through the ranks on the strength of her conviction and brutal efficiency, and was rewarded with a legendary runic blade and a warband of her own. However, on the Ionian front, Riven's faith in her homeland was tested and ultimately broken. Having severed all ties to the empire, she now seeks to find her place in a shattered world, even as rumors abound that Noxus itself has been reforged...","blurb":"Once a swordmaster in the warhosts of Noxus, Riven is an expatriate in a land she previously tried to conquer. She rose through the ranks on the strength of her conviction and brutal efficiency, and was rewarded with a legendary runic blade and a...","allytips":["Riven's Broken Wings locks onto the champion your cursor is over at the time of cast. If you want to move past your opponent, make sure that your cursor is past your opponent as well.","Riven lacks a source of healing or strong defense and must compensate with burst combos. Lead into fights with Broken Wings and Ki Burst, while using Valor to escape and absorb counter-harass."],"enemytips":["Riven has a great deal of mobility but she cannot move very far with any one skill. Rooting or silencing her during her combo will greatly reduce her effectiveness.","All of Riven's damage is physical, prioritize high Armor if an opposing Riven gets out of control.","Riven excels at dueling multiple melee attackers at once, as she will be on an almost equal footing damage-wise. If pairing up against Riven, don't go in as double melee until she has expended her full combo."],"tags":["Fighter","Assassin"],"partype":"None","info":{"attack":8,"defense":5,"magic":1,"difficulty":8},"stats":{"hp":560,"hpperlevel":86,"mp":0,"mpperlevel":0,"movespeed":340,"armor":33,"armorperlevel":3.2,"spellblock":32.1,"spellblockperlevel":1.25,"attackrange":125,"hpregen":8.5,"hpregenperlevel":0.5,"mpregen":0,"mpregenperlevel":0,"crit":0,"critperlevel":0,"attackdamage":64,"attackdamageperlevel":3,"attackspeedperlevel":3.5,"attackspeed":0.625},"spells":[{"id":"RivenTriCleave","name":"Broken Wings","description":"Riven lashes out in a series of strikes. This ability can be reactivated three times in a short time frame with the third hit knocking back nearby enemies.","tooltip":"Riven strikes out in front of her in a short line. This ability may be re-cast {{ e4 }} additional times.<br /><br /><span class=\"colorDDDD77\">1st and 2nd Use:</span> Slashes forward, dealing {{ e1 }} <scaleAD>(+{{ f1 }})</scaleAD> physical damage to all units she comes in contact with.<br /><span class=\"colorDDDD77\">3rd Use:</span> Leaps forward and slams the ground dealing {{ e1 }} <scaleAD>(+{{ f1 }})</scaleAD> physical damage and knocking nearby enemies up. This leap can cross unpathable terrain.<br /><br /><span class=\"colorDDDD77\">Riven will target the unit your cursor is hovering over, or if no targets are present, Riven will simply strike the direction she is currently facing.</span>","leveltip":{"label":["Damage","Attack Damage Ratio"],"effect":["{{ e1 }} -> {{ e1NL }}","{{ e5 }}% -> {{ e5NL }}%"]},"maxrank":5,"cooldown":[13,13,13,13,13],"cooldownBurn":"13","cost":[0,0,0,0,0],"costBurn":"0","datavalues":{},"effect":[null,[15,35,55,75,95],[30,55,80,105,130],[150,225,300,375,450],[2,2,2,2,2],[45,50,55,60,65],[0,0,0,0,0],[0,0,0,0,0],[0,0,0,0,0],[0,0,0,0,0],[0,0,0,0,0]],"effectBurn":[null,"15/35/55/75/95","30/55/80/105/130","150/225/300/375/450","2","45/50/55/60/65","0","0","0","0","0"],"vars":[{"link":"attackdamage","coeff":[0.4,0.45,0.5,0.55,0.6],"key":"f1"},{"link":"attackdamage","coeff":[0.4,0.45,0.5,0.55,0.6],"key":"f1"}],"costType":"No Cost","maxammo":"-1","range":[275,275,275,275,275],"rangeBurn":"275","image":{"full":"RivenTriCleave.png","sprite":"spell10.png","group":"spell","x":96,"y":0,"w":48,"h":48},"resource":"No Cost"},{"id":"RivenMartyr","name":"Ki Burst","description":"Riven emits a Ki Burst, damaging and stunning nearby enemies.","tooltip":"Riven's sword emits a burst of runic energy that shocks nearby enemies, dealing {{ e1 }} <scaleAD>(+{{ f1 }})</scaleAD> physical damage and stunning them for {{ e5 }} seconds.","leveltip":{"label":["Damage","Cooldown"],"effect":["{{ e1 }} -> {{ e1NL }}","{{ cooldown }} -> {{ cooldownNL }}"]},"maxrank":5,"cooldown":[11,10,9,8,7],"cooldownBurn":"11/10/9/8/7","cost":[0,0,0,0,0],"costBurn":"0","datavalues":{},"effect":[null,[55,85,115,145,175],[40,70,100,130,160],[3,3,3,3,3],[0.75,0.75,0.75,0.75,0.75],[0.75,0.75,0.75,0.75,0.75],[0,0,0,0,0],[0,0,0,0,0],[0,0,0,0,0],[0,0,0,0,0],[0,0,0,0,0]],"effectBurn":[null,"55/85/115/145/175","40/70/100/130/160","3","0.75","0.75","0","0","0","0","0"],"vars":[{"link":"bonusattackdamage","coeff":1,"key":"f1"}],"costType":"No Cost","maxammo":"-1","range":[260,260,260,260,260],"rangeBurn":"260","image":{"full":"RivenMartyr.png","sprite":"spell10.png","group":"spell","x":144,"y":0,"w":48,"h":48},"resource":"No Cost"},{"id":"RivenFeint","name":"Valor","description":"Riven steps forward a short distance and blocks incoming damage.","tooltip":"Riven does a quick dash in the direction of your cursor and becomes shielded, blocking up to {{ e2 }} <scaleAD>(+{{ f1 }})</scaleAD> incoming damage for 1.5 seconds.","leveltip":{"label":["Shield Amount","Cooldown"],"effect":["{{ e2 }} -> {{ e2NL }}","{{ cooldown }} -> {{ cooldownNL }}"]},"maxrank":5,"cooldown":[12,11,10,9,8],"cooldownBurn":"12/11/10/9/8","cost":[0,0,0,0,0],"costBurn":"0","datavalues":{},"effect":[null,[95,125,155,185,215],[95,125,155,185,215],[4,4,4,4,4],[800,800,800,800,800],[1.5,1.5,1.5,1.5,1.5],[0,0,0,0,0],[0,0,0,0,0],[0,0,0,0,0],[0,0,0,0,0],[0,0,0,0,0]],"effectBurn":[null,"95/125/155/185/215","95/125/155/185/215","4","800","1.5","0","0","0","0","0"],"vars":[{"link":"bonusattackdamage","coeff":1,"key":"f1"}],"costType":"No Cost","maxammo":"-1","range":[250,250,250,250,250],"rangeBurn":"250","image":{"full":"RivenFeint.png","sprite":"spell10.png","group":"spell","x":192,"y":0,"w":48,"h":48},"resource":"No Cost"},{"id":"RivenFengShuiEngine","name":"Blade of the Exile","description":"Riven empowers her keepsake weapon with energy, and gains Attack Damage and Range. During this time, she also gains the ability to use Wind Slash, a powerful ranged attack, once.","tooltip":"Riven's weapon surges with spiritual energy for {{ duration }} seconds, granting her {{ percentbonusad*100 }}% extra Attack Damage ({{ bonusad }}), increased Range on her damaging spells and attacks, and the ability to use Wind Slash once.<br /><br /><span class=\"colorDDDD77\">Wind Slash:</span> Riven fires a shockwave that deals from <physicalDamage>{{ mindamage }}</physicalDamage> to <physicalDamage>{{ maxdamage }} physical damage</physicalDamage> to all enemies hit, increasing based on how much Health they are missing.","leveltip":{"label":["Minimum Shockwave Damage","Maximum Shockwave Damage","Cooldown"],"effect":["{{ minbase }} -> {{ minbaseNL }}","{{ maxbase }} -> {{ maxbaseNL }}","{{ cooldown }} -> {{ cooldownNL }}"]},"maxrank":3,"cooldown":[120,90,60],"cooldownBurn":"120/90/60","cost":[0,0,0],"costBurn":"0","datavalues":{},"effect":[null,[100,150,200],[300,450,600],[20,20,20],[15,15,15],[20,20,20],[0,0,0],[0,0,0],[0,0,0],[0,0,0],[0,0,0]],"effectBurn":[null,"100/150/200","300/450/600","20","15","20","0","0","0","0","0"],"vars":[],"costType":"No Cost","maxammo":"-1","range":[200,200,200],"rangeBurn":"200","image":{"full":"RivenFengShuiEngine.png","sprite":"spell10.png","group":"spell","x":240,"y":0,"w":48,"h":48},"resource":"No Cost"}],"passive":{"name":"Runic Blade","description":"Riven's abilities charge her blade, and her basic attacks expend charges to deal an additional damage.","image":{"full":"RivenRunicBlades.png","sprite":"passive3.png","group":"passive","x":336,"y":0,"w":48,"h":48}},"recommended":[{"champion":"Riven","title":"Beginner","map":"SR","mode":"INTRO","type":"riot","customTag":"","extensionPage":false,"customPanel":null,"blocks":[{"type":"beginner_starter","recMath":false,"recSteps":false,"minSummonerLevel":-1,"maxSummonerLevel":4,"showIfSummonerSpell":"","hideIfSummonerSpell":"","items":[{"id":"1055","count":1,"hideCount":false}]},{"type":"beginner_starter","recMath":false,"recSteps":false,"minSummonerLevel":5,"maxSummonerLevel":-1,"showIfSummonerSpell":"","hideIfSummonerSpell":"","items":[{"id":"1055","count":1,"hideCount":false},{"id":"2003","count":1,"hideCount":false}]},{"type":"beginner_advanced","recMath":true,"recSteps":false,"minSummonerLevel":-1,"maxSummonerLevel":-1,"showIfSummonerSpell":"","hideIfSummonerSpell":"","items":[{"id":"1036","count":2,"hideCount":false},{"id":"3133","count":1,"hideCount":false}]},{"type":"beginner_movementspeed","recMath":true,"recSteps":false,"minSummonerLevel":-1,"maxSummonerLevel":-1,"showIfSummonerSpell":"","hideIfSummonerSpell":"","items":[{"id":"1001","count":1,"hideCount":false},{"id":"1029","count":1,"hideCount":false},{"id":"3047","count":1,"hideCount":false}]},{"type":"beginner_legendaryitem","recMath":true,"recSteps":false,"minSummonerLevel":-1,"maxSummonerLevel":-1,"showIfSummonerSpell":"","hideIfSummonerSpell":"","items":[{"id":"1053","count":1,"hideCount":false},{"id":"1037","count":1,"hideCount":false},{"id":"3133","count":1,"hideCount":false},{"id":"3812","count":1,"hideCount":false}]},{"type":"beginner_morelegendaryitems","recMath":false,"recSteps":false,"minSummonerLevel":-1,"maxSummonerLevel":-1,"showIfSummonerSpell":"","hideIfSummonerSpell":"","items":[{"id":"3072","count":1,"hideCount":false},{"id":"3156","count":1,"hideCount":false},{"id":"3071","count":1,"hideCount":false},{"id":"3026","count":1,"hideCount":false}]}]},{"champion":"Riven","title":"RivenARAM","map":"HA","mode":"ARAM","type":"riot","customTag":"","sortrank":0,"extensionPage":false,"useObviousCheckmark":false,"customPanel":null,"blocks":[{"type":"starting","recMath":false,"recSteps":false,"minSummonerLevel":-1,"maxSummonerLevel":-1,"showIfSummonerSpell":"","hideIfSummonerSpell":"","appendAfterSection":"","visibleWithAllOf":[""],"hiddenWithAnyOf":[""],"items":[{"id":"3044","count":1,"hideCount":false},{"id":"2003","count":3,"hideCount":false}]},{"type":"essential","recMath":false,"recSteps":false,"minSummonerLevel":-1,"maxSummonerLevel":-1,"showIfSummonerSpell":"","hideIfSummonerSpell":"","appendAfterSection":"","visibleWithAllOf":[""],"hiddenWithAnyOf":[""],"items":[{"id":"3071","count":1,"hideCount":false},{"id":"3158","count":1,"hideCount":false},{"id":"3074","count":1,"hideCount":false}]},{"type":"offensive","recMath":false,"recSteps":false,"minSummonerLevel":-1,"maxSummonerLevel":-1,"showIfSummonerSpell":"","hideIfSummonerSpell":"","appendAfterSection":"","visibleWithAllOf":[""],"hiddenWithAnyOf":[""],"items":[{"id":"3142","count":1,"hideCount":false},{"id":"3812","count":1,"hideCount":false},{"id":"3036","count":1,"hideCount":false}]},{"type":"defensive","recMath":false,"recSteps":false,"minSummonerLevel":-1,"maxSummonerLevel":-1,"showIfSummonerSpell":"","hideIfSummonerSpell":"","appendAfterSection":"","visibleWithAllOf":[""],"hiddenWithAnyOf":[""],"items":[{"id":"3139","count":1,"hideCount":false},{"id":"3053","count":1,"hideCount":false},{"id":"3161","count":1,"hideCount":false}]},{"type":"consumables","recMath":false,"recSteps":false,"minSummonerLevel":-1,"maxSummonerLevel":-1,"showIfSummonerSpell":"","hideIfSummonerSpell":"","appendAfterSection":"","visibleWithAllOf":[""],"hiddenWithAnyOf":[""],"items":[{"id":"2003","count":1,"hideCount":true},{"id":"2140","count":1,"hideCount":true}]}]},{"champion":"Riven","title":"RivenFIRSTBLOOD","map":"HA","mode":"FIRSTBLOOD","type":"riot","customTag":"","sortrank":0,"extensionPage":false,"customPanel":null,"blocks":[{"type":"starting","recMath":false,"recSteps":false,"minSummonerLevel":-1,"maxSummonerLevel":-1,"showIfSummonerSpell":"","hideIfSummonerSpell":"SummonerSmite","items":[{"id":"1036","count":1,"hideCount":false},{"id":"2003","count":3,"hideCount":false},{"id":"3340","count":1,"hideCount":false}]},{"type":"startingjungle","recMath":false,"recSteps":false,"minSummonerLevel":-1,"maxSummonerLevel":-1,"showIfSummonerSpell":"SummonerSmite","hideIfSummonerSpell":"","items":[{"id":"1039","count":1,"hideCount":false},{"id":"3340","count":1,"hideCount":false},{"id":"2031","count":1,"hideCount":false}]},{"type":"essential","recMath":false,"recSteps":false,"minSummonerLevel":-1,"maxSummonerLevel":-1,"showIfSummonerSpell":"","hideIfSummonerSpell":"SummonerSmite","items":[{"id":"3158","count":1,"hideCount":false},{"id":"3071","count":1,"hideCount":false},{"id":"3074","count":1,"hideCount":false}]},{"type":"essentialjungle","recMath":false,"recSteps":false,"minSummonerLevel":-1,"maxSummonerLevel":-1,"showIfSummonerSpell":"SummonerSmite","hideIfSummonerSpell":"","items":[{"id":"3158","count":1,"hideCount":false},{"id":"1412","count":1,"hideCount":false},{"id":"3071","count":1,"hideCount":false}]},{"type":"offensive","recMath":false,"recSteps":false,"minSummonerLevel":-1,"maxSummonerLevel":-1,"showIfSummonerSpell":"","hideIfSummonerSpell":"","items":[{"id":"3142","count":1,"hideCount":false},{"id":"3812","count":1,"hideCount":false},{"id":"3036","count":1,"hideCount":false}]},{"type":"defensive","recMath":false,"recSteps":false,"minSummonerLevel":-1,"maxSummonerLevel":-1,"showIfSummonerSpell":"","hideIfSummonerSpell":"","items":[{"id":"3156","count":1,"hideCount":false},{"id":"3139","count":1,"hideCount":false},{"id":"3026","count":1,"hideCount":false}]},{"type":"consumables","recMath":false,"recSteps":false,"minSummonerLevel":-1,"maxSummonerLevel":-1,"showIfSummonerSpell":"","hideIfSummonerSpell":"SummonerSmite","items":[{"id":"2003","count":1,"hideCount":true},{"id":"2140","count":1,"hideCount":true}]},{"type":"consumables","recMath":false,"recSteps":false,"minSummonerLevel":-1,"maxSummonerLevel":-1,"showIfSummonerSpell":"SummonerSmite","hideIfSummonerSpell":"","items":[{"id":"2003","count":1,"hideCount":true},{"id":"2032","count":1,"hideCount":true},{"id":"2140","count":1,"hideCount":true}]}]},{"champion":"Riven","title":"RivenARAM","map":"HA","mode":"KINGPORO","type":"riot","customTag":"","sortrank":0,"extensionPage":false,"useObviousCheckmark":false,"customPanel":null,"blocks":[{"type":"KingPoroSnax","recMath":false,"recSteps":false,"minSummonerLevel":-1,"maxSummonerLevel":-1,"showIfSummonerSpell":"","hideIfSummonerSpell":"","items":[{"id":"3680","count":1,"hideCount":false},{"id":"3681","count":1,"hideCount":false},{"id":"3682","count":1,"hideCount":false},{"id":"3683","count":1,"hideCount":false},{"id":"3684","count":1,"hideCount":false},{"id":"3685","count":1,"hideCount":false}]},{"type":"starting","recMath":false,"recSteps":false,"minSummonerLevel":-1,"maxSummonerLevel":-1,"showIfSummonerSpell":"","hideIfSummonerSpell":"","appendAfterSection":"","visibleWithAllOf":[""],"hiddenWithAnyOf":[""],"items":[{"id":"3044","count":1,"hideCount":false},{"id":"2003","count":3,"hideCount":false}]},{"type":"essential","recMath":false,"recSteps":false,"minSummonerLevel":-1,"maxSummonerLevel":-1,"showIfSummonerSpell":"","hideIfSummonerSpell":"","appendAfterSection":"","visibleWithAllOf":[""],"hiddenWithAnyOf":[""],"items":[{"id":"3071","count":1,"hideCount":false},{"id":"3158","count":1,"hideCount":false},{"id":"3074","count":1,"hideCount":false}]},{"type":"offensive","recMath":false,"recSteps":false,"minSummonerLevel":-1,"maxSummonerLevel":-1,"showIfSummonerSpell":"","hideIfSummonerSpell":"","appendAfterSection":"","visibleWithAllOf":[""],"hiddenWithAnyOf":[""],"items":[{"id":"3142","count":1,"hideCount":false},{"id":"3812","count":1,"hideCount":false},{"id":"3036","count":1,"hideCount":false}]},{"type":"defensive","recMath":false,"recSteps":false,"minSummonerLevel":-1,"maxSummonerLevel":-1,"showIfSummonerSpell":"","hideIfSummonerSpell":"","appendAfterSection":"","visibleWithAllOf":[""],"hiddenWithAnyOf":[""],"items":[{"id":"3139","count":1,"hideCount":false},{"id":"3053","count":1,"hideCount":false},{"id":"3161","count":1,"hideCount":false}]},{"type":"consumables","recMath":false,"recSteps":false,"minSummonerLevel":-1,"maxSummonerLevel":-1,"showIfSummonerSpell":"","hideIfSummonerSpell":"","appendAfterSection":"","visibleWithAllOf":[""],"hiddenWithAnyOf":[""],"items":[{"id":"2003","count":1,"hideCount":true},{"id":"2140","count":1,"hideCount":true}]}]},{"champion":"Riven","title":"RivenSL","map":"NB","mode":"NEXUSBLITZ","type":"riot","customTag":"","sortrank":0,"extensionPage":false,"useObviousCheckmark":false,"customPanel":null,"blocks":[{"type":"starting","recMath":false,"recSteps":false,"minSummonerLevel":-1,"maxSummonerLevel":-1,"showIfSummonerSpell":"","hideIfSummonerSpell":"SummonerSmite","appendAfterSection":"","visibleWithAllOf":[""],"hiddenWithAnyOf":[""],"items":[{"id":"1036","count":1,"hideCount":false},{"id":"2003","count":3,"hideCount":false},{"id":"3340","count":1,"hideCount":false}]},{"type":"startingjungle","recMath":false,"recSteps":false,"minSummonerLevel":-1,"maxSummonerLevel":-1,"showIfSummonerSpell":"SummonerSmite","hideIfSummonerSpell":"","appendAfterSection":"","visibleWithAllOf":[""],"hiddenWithAnyOf":[""],"items":[{"id":"4101","count":1,"hideCount":false},{"id":"2003","count":1,"hideCount":false},{"id":"3340","count":1,"hideCount":false}]},{"type":"early","recMath":false,"recSteps":false,"minSummonerLevel":-1,"maxSummonerLevel":-1,"showIfSummonerSpell":"","hideIfSummonerSpell":"SummonerPoroRecall","appendAfterSection":"","visibleWithAllOf":[""],"hiddenWithAnyOf":[""],"items":[{"id":"1001","count":1,"hideCount":false},{"id":"3133","count":1,"hideCount":false},{"id":"3044","count":1,"hideCount":false}]},{"type":"earlyjungle","recMath":false,"recSteps":false,"minSummonerLevel":-1,"maxSummonerLevel":-1,"showIfSummonerSpell":"SummonerTeleport","hideIfSummonerSpell":"","appendAfterSection":"","visibleWithAllOf":[""],"hiddenWithAnyOf":[""],"items":[{"id":"3133","count":1,"hideCount":false},{"id":"1001","count":1,"hideCount":false}]},{"type":"essential","recMath":false,"recSteps":false,"minSummonerLevel":-1,"maxSummonerLevel":-1,"showIfSummonerSpell":"","hideIfSummonerSpell":"SummonerSmite","appendAfterSection":"","visibleWithAllOf":[""],"hiddenWithAnyOf":[""],"items":[{"id":"3158","count":1,"hideCount":false},{"id":"3071","count":1,"hideCount":false},{"id":"3161","count":1,"hideCount":false}]},{"type":"essentialjungle","recMath":false,"recSteps":false,"minSummonerLevel":-1,"maxSummonerLevel":-1,"showIfSummonerSpell":"SummonerSmite","hideIfSummonerSpell":"","appendAfterSection":"","visibleWithAllOf":[""],"hiddenWithAnyOf":[""],"items":[{"id":"4102","count":1,"hideCount":false},{"id":"3158","count":1,"hideCount":false},{"id":"3071","count":1,"hideCount":false}]},{"type":"offensive","recMath":false,"recSteps":false,"minSummonerLevel":-1,"maxSummonerLevel":-1,"showIfSummonerSpell":"","hideIfSummonerSpell":"","appendAfterSection":"","visibleWithAllOf":[""],"hiddenWithAnyOf":[""],"items":[{"id":"3142","count":1,"hideCount":false},{"id":"3812","count":1,"hideCount":false},{"id":"3036","count":1,"hideCount":false}]},{"type":"defensive","recMath":false,"recSteps":false,"minSummonerLevel":-1,"maxSummonerLevel":-1,"showIfSummonerSpell":"","hideIfSummonerSpell":"","appendAfterSection":"","visibleWithAllOf":[""],"hiddenWithAnyOf":[""],"items":[{"id":"3053","count":1,"hideCount":false},{"id":"3161","count":1,"hideCount":false},{"id":"3156","count":1,"hideCount":false}]},{"type":"consumables","recMath":false,"recSteps":false,"minSummonerLevel":-1,"maxSummonerLevel":-1,"showIfSummonerSpell":"","hideIfSummonerSpell":"","appendAfterSection":"","visibleWithAllOf":[""],"hiddenWithAnyOf":[""],"items":[{"id":"2003","count":1,"hideCount":true},{"id":"2140","count":1,"hideCount":true}]}]},{"champion":"Riven","title":"RivenSR","map":"SR","mode":"CLASSIC","type":"riot","customTag":"","sortrank":0,"extensionPage":false,"useObviousCheckmark":false,"customPanel":null,"blocks":[{"type":"starting","recMath":false,"recSteps":false,"minSummonerLevel":-1,"maxSummonerLevel":-1,"showIfSummonerSpell":"","hideIfSummonerSpell":"SummonerSmite","appendAfterSection":"","visibleWithAllOf":[""],"hiddenWithAnyOf":[""],"items":[{"id":"1036","count":1,"hideCount":false},{"id":"2003","count":3,"hideCount":false},{"id":"3340","count":1,"hideCount":false}]},{"type":"startingjungle","recMath":false,"recSteps":false,"minSummonerLevel":-1,"maxSummonerLevel":-1,"showIfSummonerSpell":"SummonerSmite","hideIfSummonerSpell":"","appendAfterSection":"","visibleWithAllOf":[""],"hiddenWithAnyOf":[""],"items":[{"id":"1041","count":1,"hideCount":false},{"id":"2003","count":3,"hideCount":false},{"id":"3340","count":1,"hideCount":false}]},{"type":"early","recMath":false,"recSteps":false,"minSummonerLevel":-1,"maxSummonerLevel":-1,"showIfSummonerSpell":"","hideIfSummonerSpell":"SummonerSmite","appendAfterSection":"","visibleWithAllOf":[""],"hiddenWithAnyOf":[""],"items":[{"id":"1001","count":1,"hideCount":false},{"id":"3133","count":1,"hideCount":false},{"id":"3044","count":1,"hideCount":false}]},{"type":"earlyjungle","recMath":false,"recSteps":false,"minSummonerLevel":-1,"maxSummonerLevel":-1,"showIfSummonerSpell":"SummonerSmite","hideIfSummonerSpell":"","appendAfterSection":"","visibleWithAllOf":[""],"hiddenWithAnyOf":[""],"items":[{"id":"3706","count":1,"hideCount":false},{"id":"3133","count":1,"hideCount":false},{"id":"1001","count":1,"hideCount":false}]},{"type":"essential","recMath":false,"recSteps":false,"minSummonerLevel":-1,"maxSummonerLevel":-1,"showIfSummonerSpell":"","hideIfSummonerSpell":"SummonerSmite","appendAfterSection":"","visibleWithAllOf":[""],"hiddenWithAnyOf":[""],"items":[{"id":"3071","count":1,"hideCount":false},{"id":"3111","count":1,"hideCount":false},{"id":"3812","count":1,"hideCount":false}]},{"type":"essentialjungle","recMath":false,"recSteps":false,"minSummonerLevel":-1,"maxSummonerLevel":-1,"showIfSummonerSpell":"SummonerSmite","hideIfSummonerSpell":"","appendAfterSection":"","visibleWithAllOf":[""],"hiddenWithAnyOf":[""],"items":[{"id":"1400","count":1,"hideCount":false},{"id":"3158","count":1,"hideCount":false},{"id":"3071","count":1,"hideCount":false}]},{"type":"offensive","recMath":false,"recSteps":false,"minSummonerLevel":-1,"maxSummonerLevel":-1,"showIfSummonerSpell":"","hideIfSummonerSpell":"","appendAfterSection":"","visibleWithAllOf":[""],"hiddenWithAnyOf":[""],"items":[{"id":"3142","count":1,"hideCount":false},{"id":"3026","count":1,"hideCount":false},{"id":"3074","count":1,"hideCount":false}]},{"type":"defensive","recMath":false,"recSteps":false,"minSummonerLevel":-1,"maxSummonerLevel":-1,"showIfSummonerSpell":"","hideIfSummonerSpell":"","appendAfterSection":"","visibleWithAllOf":[""],"hiddenWithAnyOf":[""],"items":[{"id":"3053","count":1,"hideCount":false},{"id":"3139","count":1,"hideCount":false},{"id":"3814","count":1,"hideCount":false}]},{"type":"consumables","recMath":false,"recSteps":false,"minSummonerLevel":-1,"maxSummonerLevel":-1,"showIfSummonerSpell":"","hideIfSummonerSpell":"","appendAfterSection":"","visibleWithAllOf":[""],"hiddenWithAnyOf":[""],"items":[{"id":"2003","count":1,"hideCount":true},{"id":"2140","count":1,"hideCount":true}]}]}]}}}