{"type":"champion","format":"standAloneComplex","version":"10.15.1","data":{"Rumble":{"id":"Rumble","key":"68","name":"Rumble","title":"the Mechanized Menace","image":{"full":"Rumble.png","sprite":"champion3.png","group":"champion","x":384,"y":0,"w":48,"h":48},"skins":[{"id":"68000","num":0,"name":"default","chromas":false},{"id":"68001","num":1,"name":"Rumble in the Jungle","chromas":false},{"id":"68002","num":2,"name":"Bilgerat Rumble","chromas":false},{"id":"68003","num":3,"name":"Super Galaxy Rumble","chromas":false},{"id":"68004","num":4,"name":"Badlands Baron Rumble","chromas":true}],"lore":"Rumble is a young inventor with a temper. Using nothing more than his own two hands and a heap of scrap, the feisty yordle constructed a colossal mech suit outfitted with an arsenal of electrified harpoons and incendiary rockets. Though others may scoff and sneer at his junkyard creations, Rumble doesn't mind—after all, he's the one with the flamespitter.","blurb":"Rumble is a young inventor with a temper. Using nothing more than his own two hands and a heap of scrap, the feisty yordle constructed a colossal mech suit outfitted with an arsenal of electrified harpoons and incendiary rockets. Though others may scoff...","allytips":["Try and pace yourself to stay in the Danger Zone to maximize your effectiveness. It is easy to overheat if you rapidly use your abilities.","Try and keep targets in the range of your Flamespitter. It can deal a lot of damage overtime.","If you are winning a fight you can use your ultimate to wall off an escape path."],"enemytips":["Watch Rumble's Heat bar carefully. If you see him Overheat, go in for the kill while his skills are disabled.","Rumble's ultimate can deal a lot of damage if you stay inside the area of effect. When you see the missiles falling, move out of the way as quickly as possible.","Rumble deals almost entirely magic damage. Build some Magic Resistance to reduce his damage."],"tags":["Fighter","Mage"],"partype":"Heat","info":{"attack":3,"defense":6,"magic":8,"difficulty":10},"stats":{"hp":589,"hpperlevel":85,"mp":100,"mpperlevel":0,"movespeed":345,"armor":31,"armorperlevel":3.5,"spellblock":32.1,"spellblockperlevel":1.25,"attackrange":125,"hpregen":8,"hpregenperlevel":0.6,"mpregen":0,"mpregenperlevel":0,"crit":0,"critperlevel":0,"attackdamage":61,"attackdamageperlevel":3.2,"attackspeedperlevel":1.85,"attackspeed":0.644},"spells":[{"id":"RumbleFlameThrower","name":"Flamespitter","description":"Rumble torches opponents in front of him, dealing magic damage in a cone for 3 seconds. While in Danger Zone this damage is increased.","tooltip":"Rumble torches his opponents, dealing {{ e1 }} <scaleAP>(+{{ a1 }})</scaleAP> magic damage in a cone over {{ e9 }} seconds. This spell deals {{ e4 }}% damage to minions.<br /><br /><keywordCaution>Danger Zone Bonus:</keywordCaution> Deals {{ e5 }}% damage.","leveltip":{"label":["Damage","Cooldown","Damage to minions"],"effect":["{{ e1 }} -> {{ e1NL }}","{{ cooldown }} -> {{ cooldownNL }}","{{ effect4amount*100.000000 }}% -> {{ effect4amountnl*100.000000 }}%"]},"maxrank":5,"cooldown":[10,9,8,7,6],"cooldownBurn":"10/9/8/7/6","cost":[0,0,0,0,0],"costBurn":"0","datavalues":{},"effect":[null,[175,210,245,280,315],[20,20,20,20,20],[0,0,0,0,0],[60,65,70,75,80],[150,150,150,150,150],[12,12,12,12,12],[0.25,0.25,0.25,0.25,0.25],[3,3,3,3,3],[3,3,3,3,3],[0,0,0,0,0]],"effectBurn":[null,"175/210/245/280/315","20","0","60/65/70/75/80","150","12","0.25","3","3","0"],"vars":[{"link":"spelldamage","coeff":1.1,"key":"a1"}],"costType":" Heat","maxammo":"-1","range":[600,600,600,600,600],"rangeBurn":"600","image":{"full":"RumbleFlameThrower.png","sprite":"spell10.png","group":"spell","x":288,"y":0,"w":48,"h":48},"resource":"{{ e2 }} Heat"},{"id":"RumbleShield","name":"Scrap Shield","description":"Rumble pulls up a shield, protecting him from damage and granting him a quick burst of speed. While in Danger Zone, the shield strength and speed bonus is increased.","tooltip":"Rumble tosses up a shield for {{ e5 }} seconds that absorbs {{ e1 }} <scaleAP>(+{{ a1 }})</scaleAP> damage. Rumble also gains an additional {{ e2 }}% Movement Speed for {{ e6 }} second.<br /><br /><keywordCaution>Danger Zone Bonus:</keywordCaution> 50% increase in shield health and Movement Speed.","leveltip":{"label":["Shield Amount","Movement Speed"],"effect":["{{ e1 }} -> {{ e1NL }}","{{ e2 }}% -> {{ e2NL }}%"]},"maxrank":5,"cooldown":[6,6,6,6,6],"cooldownBurn":"6","cost":[0,0,0,0,0],"costBurn":"0","datavalues":{},"effect":[null,[60,95,130,165,200],[15,20,25,30,35],[20,20,20,20,20],[0,0,0,0,0],[1.5,1.5,1.5,1.5,1.5],[1,1,1,1,1],[0,0,0,0,0],[0,0,0,0,0],[0,0,0,0,0],[0,0,0,0,0]],"effectBurn":[null,"60/95/130/165/200","15/20/25/30/35","20","0","1.5","1","0","0","0","0"],"vars":[{"link":"spelldamage","coeff":0.5,"key":"a1"}],"costType":" Heat","maxammo":"-1","range":[20,20,20,20,20],"rangeBurn":"20","image":{"full":"RumbleShield.png","sprite":"spell10.png","group":"spell","x":336,"y":0,"w":48,"h":48},"resource":"{{ e3 }} Heat"},{"id":"RumbleGrenade","name":"Electro Harpoon","description":"Rumble launches a harpoon, electrocuting his target with magic damage and slowing their Movement Speed. Rumble can carry 2 harpoons at a time. While in Danger Zone the damage and slow percentage is increased.","tooltip":"Rumble launches an electrified harpoon, dealing {{ e1 }}<scaleAP> (+{{ a1 }})</scaleAP> magic damage and applying a stacking slow of {{ e2 }}% for {{ e7 }} seconds. Rumble can store up to two harpoons at a time, which recharge once every {{ ammorechargetime }} seconds (modified by cooldown reduction).<br /><br /><keywordCaution>Danger Zone Bonus:</keywordCaution> Damage and slow percentage increased by 50%.","leveltip":{"label":["Damage","Slow"],"effect":["{{ e1 }} -> {{ e1NL }}","{{ e2 }}% -> {{ e2NL }}%"]},"maxrank":5,"cooldown":[0.5,0.5,0.5,0.5,0.5],"cooldownBurn":"0.5","cost":[0,0,0,0,0],"costBurn":"0","datavalues":{},"effect":[null,[60,85,110,135,160],[15,20,25,30,35],[10,10,10,10,10],[0,0,0,0,0],[0,0,0,0,0],[0,0,0,0,0],[2,2,2,2,2],[30,40,50,60,70],[0,0,0,0,0],[0,0,0,0,0]],"effectBurn":[null,"60/85/110/135/160","15/20/25/30/35","10","0","0","0","2","30/40/50/60/70","0","0"],"vars":[{"link":"spelldamage","coeff":0.4,"key":"a1"}],"costType":" Heat","maxammo":"2","range":[850,850,850,850,850],"rangeBurn":"850","image":{"full":"RumbleGrenade.png","sprite":"spell10.png","group":"spell","x":384,"y":0,"w":48,"h":48},"resource":"{{ e3 }} Heat"},{"id":"RumbleCarpetBomb","name":"The Equalizer","description":"Rumble fires off a group of rockets, creating a wall of flames that damages and slows enemies.","tooltip":"Rumble launches a line of rockets that creates a burning trail for {{ trailduration }} seconds. Enemies in the area have their Movement Speed slowed by {{ slowamount }}% and take <magicDamage>{{ damagepersecond }} magic damage</magicDamage> each second.<br /><br /><specialRules>You can control the placement of this attack by clicking and dragging your mouse in a line.</specialRules>","leveltip":{"label":["Damage Per Second","Cooldown"],"effect":["{{ basedamagepersecond }} -> {{ basedamagepersecondNL }}","{{ cooldown }} -> {{ cooldownNL }}"]},"maxrank":3,"cooldown":[100,85,70],"cooldownBurn":"100/85/70","cost":[0,0,0],"costBurn":"0","datavalues":{},"effect":[null,[0,0,0],[0,0,0],[0,0,0],[0,0,0],[0,0,0],[6,6,6],[0,0,0],[0,0,0],[0,0,0],[0,0,0]],"effectBurn":[null,"0","0","0","0","0","6","0","0","0","0"],"vars":[],"costType":"No Cost","maxammo":"-1","range":[1750,1750,1750],"rangeBurn":"1750","image":{"full":"RumbleCarpetBomb.png","sprite":"spell10.png","group":"spell","x":432,"y":0,"w":48,"h":48},"resource":"No Cost"}],"passive":{"name":"Junkyard Titan","description":"Every spell Rumble casts gives him Heat. When he reaches 50% Heat he reaches Danger Zone, granting all his basic abilities bonus effects. When he reaches 100% Heat, he starts Overheating, granting his basic attacks bonus damage, but making him unable to cast spells for a few seconds.","image":{"full":"Rumble_JunkyardTitan1.png","sprite":"passive3.png","group":"passive","x":384,"y":0,"w":48,"h":48}},"recommended":[{"champion":"Rumble","title":"Beginner","map":"SR","mode":"INTRO","type":"riot","customTag":"","sortrank":0,"extensionPage":false,"customPanel":null,"blocks":[{"type":"beginner_starter","recMath":false,"recSteps":false,"minSummonerLevel":-1,"maxSummonerLevel":4,"showIfSummonerSpell":"","hideIfSummonerSpell":"","appendAfterSection":"","visibleWithAllOf":[""],"hiddenWithAnyOf":[""],"items":[{"id":"1054","count":1,"hideCount":false}]},{"type":"beginner_starter","recMath":false,"recSteps":false,"minSummonerLevel":5,"maxSummonerLevel":-1,"showIfSummonerSpell":"","hideIfSummonerSpell":"","appendAfterSection":"","visibleWithAllOf":[""],"hiddenWithAnyOf":[""],"items":[{"id":"1054","count":1,"hideCount":false},{"id":"2003","count":1,"hideCount":false}]},{"type":"beginner_advanced","recMath":true,"recSteps":false,"minSummonerLevel":-1,"maxSummonerLevel":-1,"showIfSummonerSpell":"","hideIfSummonerSpell":"","appendAfterSection":"","visibleWithAllOf":[""],"hiddenWithAnyOf":[""],"items":[{"id":"1028","count":1,"hideCount":false},{"id":"1052","count":1,"hideCount":false},{"id":"3136","count":1,"hideCount":false}]},{"type":"beginner_movementspeed","recMath":true,"recSteps":false,"minSummonerLevel":-1,"maxSummonerLevel":-1,"showIfSummonerSpell":"","hideIfSummonerSpell":"","appendAfterSection":"","visibleWithAllOf":[""],"hiddenWithAnyOf":[""],"items":[{"id":"1001","count":1,"hideCount":false},{"id":"3020","count":1,"hideCount":false}]},{"type":"beginner_legendaryitem","recMath":true,"recSteps":false,"minSummonerLevel":-1,"maxSummonerLevel":-1,"showIfSummonerSpell":"","hideIfSummonerSpell":"","appendAfterSection":"","visibleWithAllOf":[""],"hiddenWithAnyOf":[""],"items":[{"id":"3136","count":1,"hideCount":false},{"id":"1026","count":1,"hideCount":false},{"id":"3151","count":1,"hideCount":false}]},{"type":"beginner_morelegendaryitems","recMath":false,"recSteps":false,"minSummonerLevel":-1,"maxSummonerLevel":-1,"showIfSummonerSpell":"","hideIfSummonerSpell":"","appendAfterSection":"","visibleWithAllOf":[""],"hiddenWithAnyOf":[""],"items":[{"id":"3116","count":1,"hideCount":false},{"id":"3089","count":1,"hideCount":false},{"id":"3135","count":1,"hideCount":false}]}]},{"champion":"Rumble","title":"RumbleARAM","map":"HA","mode":"ARAM","type":"riot","customTag":"","sortrank":0,"extensionPage":false,"customPanel":null,"blocks":[{"type":"starting","recMath":false,"recSteps":false,"minSummonerLevel":-1,"maxSummonerLevel":-1,"showIfSummonerSpell":"","hideIfSummonerSpell":"","appendAfterSection":"","visibleWithAllOf":[""],"hiddenWithAnyOf":[""],"items":[{"id":"1026","count":1,"hideCount":false},{"id":"1001","count":1,"hideCount":false},{"id":"2003","count":5,"hideCount":false}]},{"type":"essential","recMath":false,"recSteps":false,"minSummonerLevel":-1,"maxSummonerLevel":-1,"showIfSummonerSpell":"","hideIfSummonerSpell":"","appendAfterSection":"","visibleWithAllOf":[""],"hiddenWithAnyOf":[""],"items":[{"id":"3151","count":1,"hideCount":false},{"id":"3020","count":1,"hideCount":false},{"id":"3165","count":1,"hideCount":false}]},{"type":"offensive","recMath":false,"recSteps":false,"minSummonerLevel":-1,"maxSummonerLevel":-1,"showIfSummonerSpell":"","hideIfSummonerSpell":"","appendAfterSection":"","visibleWithAllOf":[""],"hiddenWithAnyOf":[""],"items":[{"id":"3089","count":1,"hideCount":false},{"id":"3152","count":1,"hideCount":false},{"id":"3135","count":1,"hideCount":false}]},{"type":"defensive","recMath":false,"recSteps":false,"minSummonerLevel":-1,"maxSummonerLevel":-1,"showIfSummonerSpell":"","hideIfSummonerSpell":"","appendAfterSection":"","visibleWithAllOf":[""],"hiddenWithAnyOf":[""],"items":[{"id":"2065","count":1,"hideCount":false},{"id":"3157","count":1,"hideCount":false},{"id":"3102","count":1,"hideCount":false}]},{"type":"consumables","recMath":false,"recSteps":false,"minSummonerLevel":-1,"maxSummonerLevel":-1,"showIfSummonerSpell":"","hideIfSummonerSpell":"","appendAfterSection":"","visibleWithAllOf":[""],"hiddenWithAnyOf":[""],"items":[{"id":"2003","count":1,"hideCount":true},{"id":"2139","count":1,"hideCount":true}]}]},{"champion":"Rumble","title":"RumbleFIRSTBLOOD","map":"HA","mode":"FIRSTBLOOD","type":"riot","customTag":"","sortrank":0,"extensionPage":false,"customPanel":null,"blocks":[{"type":"starting","recMath":false,"recSteps":false,"minSummonerLevel":-1,"maxSummonerLevel":-1,"showIfSummonerSpell":"","hideIfSummonerSpell":"","items":[{"id":"1054","count":1,"hideCount":false},{"id":"2003","count":1,"hideCount":false},{"id":"3340","count":1,"hideCount":false}]},{"type":"early","recMath":false,"recSteps":false,"minSummonerLevel":-1,"maxSummonerLevel":-1,"showIfSummonerSpell":"","hideIfSummonerSpell":"","items":[{"id":"1001","count":1,"hideCount":false},{"id":"1058","count":1,"hideCount":false},{"id":"3136","count":1,"hideCount":false}]},{"type":"essential","recMath":false,"recSteps":false,"minSummonerLevel":-1,"maxSummonerLevel":-1,"showIfSummonerSpell":"","hideIfSummonerSpell":"","items":[{"id":"3020","count":1,"hideCount":false},{"id":"3157","count":1,"hideCount":false},{"id":"3151","count":1,"hideCount":false}]},{"type":"standard","recMath":false,"recSteps":false,"minSummonerLevel":-1,"maxSummonerLevel":-1,"showIfSummonerSpell":"","hideIfSummonerSpell":"","items":[{"id":"3116","count":1,"hideCount":false},{"id":"3135","count":1,"hideCount":false},{"id":"3089","count":1,"hideCount":false}]},{"type":"situational","recMath":false,"recSteps":false,"minSummonerLevel":-1,"maxSummonerLevel":-1,"showIfSummonerSpell":"","hideIfSummonerSpell":"","items":[{"id":"3001","count":1,"hideCount":false},{"id":"3152","count":1,"hideCount":false},{"id":"3026","count":1,"hideCount":false}]},{"type":"consumables","recMath":false,"recSteps":false,"minSummonerLevel":-1,"maxSummonerLevel":-1,"showIfSummonerSpell":"","hideIfSummonerSpell":"","items":[{"id":"2003","count":1,"hideCount":true},{"id":"2139","count":1,"hideCount":true}]}]},{"champion":"Rumble","title":"RumbleARAM","map":"HA","mode":"KINGPORO","type":"riot","customTag":"","sortrank":0,"extensionPage":false,"customPanel":null,"blocks":[{"type":"KingPoroSnax","recMath":false,"recSteps":false,"minSummonerLevel":-1,"maxSummonerLevel":-1,"showIfSummonerSpell":"","hideIfSummonerSpell":"","items":[{"id":"3680","count":1,"hideCount":false},{"id":"3681","count":1,"hideCount":false},{"id":"3682","count":1,"hideCount":false},{"id":"3683","count":1,"hideCount":false},{"id":"3684","count":1,"hideCount":false},{"id":"3685","count":1,"hideCount":false}]},{"type":"starting","recMath":false,"recSteps":false,"minSummonerLevel":-1,"maxSummonerLevel":-1,"showIfSummonerSpell":"","hideIfSummonerSpell":"","appendAfterSection":"","visibleWithAllOf":[""],"hiddenWithAnyOf":[""],"items":[{"id":"1026","count":1,"hideCount":false},{"id":"1001","count":1,"hideCount":false},{"id":"2003","count":5,"hideCount":false}]},{"type":"essential","recMath":false,"recSteps":false,"minSummonerLevel":-1,"maxSummonerLevel":-1,"showIfSummonerSpell":"","hideIfSummonerSpell":"","appendAfterSection":"","visibleWithAllOf":[""],"hiddenWithAnyOf":[""],"items":[{"id":"3151","count":1,"hideCount":false},{"id":"3020","count":1,"hideCount":false},{"id":"3165","count":1,"hideCount":false}]},{"type":"offensive","recMath":false,"recSteps":false,"minSummonerLevel":-1,"maxSummonerLevel":-1,"showIfSummonerSpell":"","hideIfSummonerSpell":"","appendAfterSection":"","visibleWithAllOf":[""],"hiddenWithAnyOf":[""],"items":[{"id":"3089","count":1,"hideCount":false},{"id":"3152","count":1,"hideCount":false},{"id":"3135","count":1,"hideCount":false}]},{"type":"defensive","recMath":false,"recSteps":false,"minSummonerLevel":-1,"maxSummonerLevel":-1,"showIfSummonerSpell":"","hideIfSummonerSpell":"","appendAfterSection":"","visibleWithAllOf":[""],"hiddenWithAnyOf":[""],"items":[{"id":"2065","count":1,"hideCount":false},{"id":"3157","count":1,"hideCount":false},{"id":"3102","count":1,"hideCount":false}]},{"type":"consumables","recMath":false,"recSteps":false,"minSummonerLevel":-1,"maxSummonerLevel":-1,"showIfSummonerSpell":"","hideIfSummonerSpell":"","appendAfterSection":"","visibleWithAllOf":[""],"hiddenWithAnyOf":[""],"items":[{"id":"2003","count":1,"hideCount":true},{"id":"2139","count":1,"hideCount":true}]}]},{"champion":"Rumble","title":"RumbleSL","map":"NB","mode":"NEXUSBLITZ","type":"riot","customTag":"","sortrank":0,"extensionPage":false,"useObviousCheckmark":false,"customPanel":null,"blocks":[{"type":"starting","recMath":false,"recSteps":false,"minSummonerLevel":-1,"maxSummonerLevel":-1,"showIfSummonerSpell":"","hideIfSummonerSpell":"SummonerSmite","appendAfterSection":"","visibleWithAllOf":[""],"hiddenWithAnyOf":[""],"items":[{"id":"4201","count":1,"hideCount":false},{"id":"2003","count":1,"hideCount":false},{"id":"3340","count":1,"hideCount":false}]},{"type":"startingjungle","recMath":false,"recSteps":false,"minSummonerLevel":-1,"maxSummonerLevel":-1,"showIfSummonerSpell":"SummonerSmite","hideIfSummonerSpell":"","appendAfterSection":"","visibleWithAllOf":[""],"hiddenWithAnyOf":[""],"items":[{"id":"4101","count":1,"hideCount":false},{"id":"2003","count":1,"hideCount":false},{"id":"3340","count":1,"hideCount":false}]},{"type":"early","recMath":false,"recSteps":false,"minSummonerLevel":-1,"maxSummonerLevel":-1,"showIfSummonerSpell":"","hideIfSummonerSpell":"SummonerSmite","appendAfterSection":"","visibleWithAllOf":[""],"hiddenWithAnyOf":[""],"items":[{"id":"1001","count":1,"hideCount":false},{"id":"3916","count":1,"hideCount":false},{"id":"3136","count":1,"hideCount":false}]},{"type":"earlyjungle","recMath":false,"recSteps":false,"minSummonerLevel":-1,"maxSummonerLevel":-1,"showIfSummonerSpell":"SummonerSmite","hideIfSummonerSpell":"","appendAfterSection":"","visibleWithAllOf":[""],"hiddenWithAnyOf":[""],"items":[{"id":"1001","count":1,"hideCount":false},{"id":"3802","count":1,"hideCount":false}]},{"type":"essential","recMath":false,"recSteps":false,"minSummonerLevel":-1,"maxSummonerLevel":-1,"showIfSummonerSpell":"","hideIfSummonerSpell":"SummonerSmite","appendAfterSection":"","visibleWithAllOf":[""],"hiddenWithAnyOf":[""],"items":[{"id":"3020","count":1,"hideCount":false},{"id":"3116","count":1,"hideCount":false},{"id":"3151","count":1,"hideCount":false}]},{"type":"essentialjungle","recMath":false,"recSteps":false,"minSummonerLevel":-1,"maxSummonerLevel":-1,"showIfSummonerSpell":"SummonerSmite","hideIfSummonerSpell":"","appendAfterSection":"","visibleWithAllOf":[""],"hiddenWithAnyOf":[""],"items":[{"id":"4104","count":1,"hideCount":false},{"id":"3020","count":1,"hideCount":false},{"id":"3116","count":1,"hideCount":false}]},{"type":"standard","recMath":false,"recSteps":false,"minSummonerLevel":-1,"maxSummonerLevel":-1,"showIfSummonerSpell":"SummonerSmite","hideIfSummonerSpell":"","appendAfterSection":"","visibleWithAllOf":[""],"hiddenWithAnyOf":[""],"items":[{"id":"3151","count":1,"hideCount":false},{"id":"3157","count":1,"hideCount":false},{"id":"3135","count":1,"hideCount":false}]},{"type":"standard","recMath":false,"recSteps":false,"minSummonerLevel":-1,"maxSummonerLevel":-1,"showIfSummonerSpell":"","hideIfSummonerSpell":"SummonerSmite","appendAfterSection":"","visibleWithAllOf":[""],"hiddenWithAnyOf":[""],"items":[{"id":"3157","count":1,"hideCount":false},{"id":"3135","count":1,"hideCount":false},{"id":"3089","count":1,"hideCount":false}]},{"type":"situational","recMath":false,"recSteps":false,"minSummonerLevel":-1,"maxSummonerLevel":-1,"showIfSummonerSpell":"","hideIfSummonerSpell":"SummonerSmite","appendAfterSection":"","visibleWithAllOf":[""],"hiddenWithAnyOf":[""],"items":[{"id":"3165","count":1,"hideCount":false},{"id":"3152","count":1,"hideCount":false},{"id":"3102","count":1,"hideCount":false}]},{"type":"situational","recMath":false,"recSteps":false,"minSummonerLevel":-1,"maxSummonerLevel":-1,"showIfSummonerSpell":"SummonerSmite","hideIfSummonerSpell":"","appendAfterSection":"","visibleWithAllOf":[""],"hiddenWithAnyOf":[""],"items":[{"id":"3165","count":1,"hideCount":false},{"id":"3152","count":1,"hideCount":false},{"id":"3102","count":1,"hideCount":false}]},{"type":"consumables","recMath":false,"recSteps":false,"minSummonerLevel":-1,"maxSummonerLevel":-1,"showIfSummonerSpell":"","hideIfSummonerSpell":"","appendAfterSection":"","visibleWithAllOf":[""],"hiddenWithAnyOf":[""],"items":[{"id":"2003","count":1,"hideCount":true},{"id":"2139","count":1,"hideCount":true}]}]},{"champion":"Rumble","title":"RumbleSR","map":"SR","mode":"CLASSIC","type":"riot","customTag":"","sortrank":0,"extensionPage":false,"useObviousCheckmark":false,"customPanel":null,"blocks":[{"type":"starting","recMath":false,"recSteps":false,"minSummonerLevel":-1,"maxSummonerLevel":-1,"showIfSummonerSpell":"","hideIfSummonerSpell":"SummonerSmite","appendAfterSection":"","visibleWithAllOf":[""],"hiddenWithAnyOf":[""],"items":[{"id":"1054","count":1,"hideCount":false},{"id":"2003","count":1,"hideCount":false},{"id":"3340","count":1,"hideCount":false}]},{"type":"startingjungle","recMath":false,"recSteps":false,"minSummonerLevel":-1,"maxSummonerLevel":-1,"showIfSummonerSpell":"SummonerSmite","hideIfSummonerSpell":"","appendAfterSection":"","visibleWithAllOf":[""],"hiddenWithAnyOf":[""],"items":[{"id":"1039","count":1,"hideCount":false},{"id":"2031","count":1,"hideCount":false},{"id":"3340","count":1,"hideCount":false}]},{"type":"early","recMath":false,"recSteps":false,"minSummonerLevel":-1,"maxSummonerLevel":-1,"showIfSummonerSpell":"","hideIfSummonerSpell":"SummonerSmite","appendAfterSection":"","visibleWithAllOf":[""],"hiddenWithAnyOf":[""],"items":[{"id":"1001","count":1,"hideCount":false},{"id":"3916","count":1,"hideCount":false},{"id":"3136","count":1,"hideCount":false}]},{"type":"earlyjungle","recMath":false,"recSteps":false,"minSummonerLevel":-1,"maxSummonerLevel":-1,"showIfSummonerSpell":"SummonerSmite","hideIfSummonerSpell":"","appendAfterSection":"","visibleWithAllOf":[""],"hiddenWithAnyOf":[""],"items":[{"id":"1001","count":1,"hideCount":false},{"id":"3706","count":1,"hideCount":false},{"id":"3108","count":1,"hideCount":false}]},{"type":"essential","recMath":false,"recSteps":false,"minSummonerLevel":-1,"maxSummonerLevel":-1,"showIfSummonerSpell":"","hideIfSummonerSpell":"SummonerSmite","appendAfterSection":"","visibleWithAllOf":[""],"hiddenWithAnyOf":[""],"items":[{"id":"3020","count":1,"hideCount":false},{"id":"3151","count":1,"hideCount":false},{"id":"3165","count":1,"hideCount":false}]},{"type":"essentialjungle","recMath":false,"recSteps":false,"minSummonerLevel":-1,"maxSummonerLevel":-1,"showIfSummonerSpell":"SummonerSmite","hideIfSummonerSpell":"","appendAfterSection":"","visibleWithAllOf":[""],"hiddenWithAnyOf":[""],"items":[{"id":"1402","count":1,"hideCount":false},{"id":"3020","count":1,"hideCount":false},{"id":"3151","count":1,"hideCount":false}]},{"type":"standard","recMath":false,"recSteps":false,"minSummonerLevel":-1,"maxSummonerLevel":-1,"showIfSummonerSpell":"SummonerSmite","hideIfSummonerSpell":"","appendAfterSection":"","visibleWithAllOf":[""],"hiddenWithAnyOf":[""],"items":[{"id":"3157","count":1,"hideCount":false},{"id":"3116","count":1,"hideCount":false},{"id":"3135","count":1,"hideCount":false}]},{"type":"standard","recMath":false,"recSteps":false,"minSummonerLevel":-1,"maxSummonerLevel":-1,"showIfSummonerSpell":"","hideIfSummonerSpell":"SummonerSmite","appendAfterSection":"","visibleWithAllOf":[""],"hiddenWithAnyOf":[""],"items":[{"id":"3157","count":1,"hideCount":false},{"id":"3135","count":1,"hideCount":false},{"id":"3089","count":1,"hideCount":false}]},{"type":"situational","recMath":false,"recSteps":false,"minSummonerLevel":-1,"maxSummonerLevel":-1,"showIfSummonerSpell":"","hideIfSummonerSpell":"SummonerSmite","appendAfterSection":"","visibleWithAllOf":[""],"hiddenWithAnyOf":[""],"items":[{"id":"3152","count":1,"hideCount":false},{"id":"3102","count":1,"hideCount":false},{"id":"3116","count":1,"hideCount":false}]},{"type":"situational","recMath":false,"recSteps":false,"minSummonerLevel":-1,"maxSummonerLevel":-1,"showIfSummonerSpell":"SummonerSmite","hideIfSummonerSpell":"","appendAfterSection":"","visibleWithAllOf":[""],"hiddenWithAnyOf":[""],"items":[{"id":"3165","count":1,"hideCount":false},{"id":"3152","count":1,"hideCount":false},{"id":"3102","count":1,"hideCount":false}]},{"type":"consumables","recMath":false,"recSteps":false,"minSummonerLevel":-1,"maxSummonerLevel":-1,"showIfSummonerSpell":"","hideIfSummonerSpell":"","appendAfterSection":"","visibleWithAllOf":[""],"hiddenWithAnyOf":[""],"items":[{"id":"2003","count":1,"hideCount":true},{"id":"2139","count":1,"hideCount":true}]}]}]}}}