{"type":"champion","format":"standAloneComplex","version":"10.15.1","data":{"Ryze":{"id":"Ryze","key":"13","name":"Ryze","title":"the Rune Mage","image":{"full":"Ryze.png","sprite":"champion3.png","group":"champion","x":432,"y":0,"w":48,"h":48},"skins":[{"id":"13000","num":0,"name":"default","chromas":false},{"id":"13001","num":1,"name":"Young Ryze","chromas":false},{"id":"13002","num":2,"name":"Tribal Ryze","chromas":false},{"id":"13003","num":3,"name":"Uncle Ryze","chromas":false},{"id":"13004","num":4,"name":"Triumphant Ryze","chromas":false},{"id":"13005","num":5,"name":"Professor Ryze","chromas":false},{"id":"13006","num":6,"name":"Zombie Ryze","chromas":false},{"id":"13007","num":7,"name":"Dark Crystal Ryze","chromas":false},{"id":"13008","num":8,"name":"Pirate Ryze","chromas":false},{"id":"13009","num":9,"name":"Ryze Whitebeard","chromas":false},{"id":"13010","num":10,"name":"SKT T1 Ryze","chromas":false},{"id":"13011","num":11,"name":"Championship Ryze","chromas":true},{"id":"13013","num":13,"name":"Guardian of the Sands Ryze","chromas":true}],"lore":"Widely considered one of the most adept sorcerers on Runeterra, Ryze is an ancient, hard-bitten archmage with an impossibly heavy burden to bear. Armed with immense arcane power and a boundless constitution, he tirelessly hunts for World Runes—fragments of the raw magic that once shaped the world from nothingness. He must retrieve these artifacts before they fall into the wrong hands, for Ryze understands the horrors they could unleash on Runeterra.","blurb":"Widely considered one of the most adept sorcerers on Runeterra, Ryze is an ancient, hard-bitten archmage with an impossibly heavy burden to bear. Armed with immense arcane power and a boundless constitution, he tirelessly hunts for World Runes—fragments...","allytips":["Use Overload's passive to optimize for maximum damage or maximum speed.","Spell Flux's short cooldown allows it to be used to spread Flux to many enemies.","Ryze can move and cast other spells while Realm Warp is charging without cancelling the portal."],"enemytips":["Ryze is especially dangerous to opponents that are marked with Flux.","Use Realm Warp's windup time to figure out how to deal with what may be coming out of the portal.","Crowd controlling Ryze during Realm Warp's windup will cancel the portal."],"tags":["Mage","Fighter"],"partype":"Mana","info":{"attack":2,"defense":2,"magic":10,"difficulty":7},"stats":{"hp":575,"hpperlevel":98,"mp":300,"mpperlevel":50,"movespeed":340,"armor":22,"armorperlevel":3,"spellblock":36,"spellblockperlevel":0.5,"attackrange":550,"hpregen":8,"hpregenperlevel":0.8,"mpregen":8,"mpregenperlevel":1,"crit":0,"critperlevel":0,"attackdamage":58,"attackdamageperlevel":3,"attackspeedperlevel":2.112,"attackspeed":0.625},"spells":[{"id":"RyzeQWrapper","name":"Overload","description":"Passively, Ryze's other basic abilities reset the cooldown of Overload and charge a rune. When Ryze casts Overload with 2 runes charged, he gains a brief burst of Movement Speed.<br><br>On cast, Ryze throws a charge of pure energy in a line, dealing damage to the first enemy struck. If the target has Flux on it, Overload deals extra damage and bounces to nearby enemies with Flux.","tooltip":"<spellPassive>Passive:</spellPassive> Rune Prison and Spell Flux reset Overload's cooldown and charge a rune (up to {{ maximumrunes }}) for {{ runeduration }} seconds. Overload discharges all runes, granting {{ movementspeedamount }}% Movement Speed for {{ movementspeedduration }} seconds if {{ maximumrunes }} runes are charged.<br /><br /><spellActive>Active:</spellActive> Unleash a blast that deals {{ qdamagecalc }} magic damage to the first enemy struck. If the target has <keywordMajor>Flux</keywordMajor> on it, Overload consumes it, dealing {{ spell.ryzer:overloaddamagebonus }}% increased damage and bouncing to nearby enemies with <keywordMajor>Flux</keywordMajor>.","leveltip":{"label":["Damage","Movement Speed"],"effect":["{{ basedamage }} -> {{ basedamageNL }}","{{ movementspeedamount }}% -> {{ movementspeedamountNL }}%"]},"maxrank":5,"cooldown":[6,6,6,6,6],"cooldownBurn":"6","cost":[40,40,40,40,40],"costBurn":"40","datavalues":{},"effect":[null,[60,100,140,180,220],[25,40,55,70,85],[50,75,100,125,150],[25,28,31,24,37],[2,2,2,2,2],[2,2,2,2,2],[3,3,3,3,3],[0.015,0.015,0.015,0.015,0.015],[2,2,2,2,2],[0,0,0,0,0]],"effectBurn":[null,"60/100/140/180/220","25/40/55/70/85","50/75/100/125/150","25/28/31/24/37","2","2","3","0.01","2","0"],"vars":[],"costType":" {{ abilityresourcename }}","maxammo":"-1","range":[1000,1000,1000,1000,1000],"rangeBurn":"1000","image":{"full":"RyzeQWrapper.png","sprite":"spell10.png","group":"spell","x":0,"y":48,"w":48,"h":48},"resource":"{{ cost }} {{ abilityresourcename }}"},{"id":"RyzeW","name":"Rune Prison","description":"Ryze traps a target in a cage of runes, damaging them and slowing their movement. If the target has Flux on it, they are instead rooted.","tooltip":"Instantly deal {{ wdamagecalc }} magic damage and slow an enemy by {{ slowamount*100 }}% for {{ ccduration }} seconds. If the target has <keywordMajor>Flux</keywordMajor> on it, it is rooted instead, consuming <keywordMajor>Flux</keywordMajor> in the process.","leveltip":{"label":["Damage","Cooldown","Mana Cost"],"effect":["{{ basedamage }} -> {{ basedamageNL }}","{{ cooldown }} -> {{ cooldownNL }}","{{ cost }} -> {{ costNL }}"]},"maxrank":5,"cooldown":[13,12,11,10,9],"cooldownBurn":"13/12/11/10/9","cost":[40,55,70,85,100],"costBurn":"40/55/70/85/100","datavalues":{},"effect":[null,[1.5,1.5,1.5,1.5,1.5],[80,110,140,170,200],[0.3,0.3,0.3,0.3,0.3],[0,0,0,0,0],[0,0,0,0,0],[0,0,0,0,0],[0,0,0,0,0],[0,0,0,0,0],[0,0,0,0,0],[0,0,0,0,0]],"effectBurn":[null,"1.5","80/110/140/170/200","0.3","0","0","0","0","0","0","0"],"vars":[],"costType":" {{ abilityresourcename }}","maxammo":"-1","range":[615,615,615,615,615],"rangeBurn":"615","image":{"full":"RyzeW.png","sprite":"spell10.png","group":"spell","x":48,"y":48,"w":48,"h":48},"resource":"{{ cost }} {{ abilityresourcename }}"},{"id":"RyzeE","name":"Spell Flux","description":"Ryze releases an orb of pure magical power that damages an enemy and debuffs all nearby enemies. Ryze's spells have additional effects against the debuffed enemy.","tooltip":"Fire an orb that deals {{ edamagecalc }} magic damage, spreading <keywordMajor>Flux</keywordMajor> to the target and all nearby enemies for {{ debuffduration }} seconds.<br /><br />If attempting to apply <keywordMajor>Flux</keywordMajor> to an enemy that already has it, it further spreads.<br />","leveltip":{"label":["Damage","Cooldown","Mana Cost"],"effect":["{{ basedamage }} -> {{ basedamageNL }}","{{ cooldown }} -> {{ cooldownNL }}","{{ cost }} -> {{ costNL }}"]},"maxrank":5,"cooldown":[3.25,3,2.75,2.5,2.25],"cooldownBurn":"3.25/3/2.75/2.5/2.25","cost":[40,55,70,85,100],"costBurn":"40/55/70/85/100","datavalues":{},"effect":[null,[80,90,100,110,120],[40,50,60,70,80],[100,100,100,100,100],[0.1,0.1,0.1,0.1,0.1],[1.5,1.5,1.5,1.5,1.5],[1.5,1.5,1.5,1.5,1.5],[4,4,4,4,4],[1,1,1,1,1],[0,0,0,0,0],[0,0,0,0,0]],"effectBurn":[null,"80/90/100/110/120","40/50/60/70/80","100","0.1","1.5","1.5","4","1","0","0"],"vars":[],"costType":" {{ abilityresourcename }}","maxammo":"-1","range":[615,615,615,615,615],"rangeBurn":"615","image":{"full":"RyzeE.png","sprite":"spell10.png","group":"spell","x":96,"y":48,"w":48,"h":48},"resource":"{{ cost }} {{ abilityresourcename }}"},{"id":"RyzeR","name":"Realm Warp","description":"Passively, Overload deals even more damage against targets with Flux.<br><br>On cast, Ryze creates a portal to a nearby location. After a few seconds, allies standing near the portal are teleported to the target location.","tooltip":"<spellPassive>Passive:</spellPassive> Overload damage bonus against targets with <keywordMajor>Flux</keywordMajor> increased to {{ overloaddamagebonus }}%.<br /><br /><spellActive>Active:</spellActive> Ryze opens a portal to another location. After {{ chargetimetooltip }} seconds, all allies near the portal are teleported to that location.<br /><br /><rules>If Ryze becomes unable to cast or move, Realm Warp is cancelled.</rules>","leveltip":{"label":["Cooldown","Overload Damage Increase"],"effect":["{{ cooldown }} -> {{ cooldownNL }}","{{ overloaddamagebonus }}% -> {{ overloaddamagebonusNL }}%"]},"maxrank":3,"cooldown":[210,180,150],"cooldownBurn":"210/180/150","cost":[100,100,100],"costBurn":"100","datavalues":{},"effect":[null,[0,0,0],[0,0,0],[0,0,0],[0,0,0],[0,0,0],[6,6,6],[0,0,0],[0,0,0],[0,0,0],[0,0,0]],"effectBurn":[null,"0","0","0","0","0","6","0","0","0","0"],"vars":[],"costType":" {{ abilityresourcename }}","maxammo":"-1","range":[3000,3000,3000],"rangeBurn":"3000","image":{"full":"RyzeR.png","sprite":"spell10.png","group":"spell","x":144,"y":48,"w":48,"h":48},"resource":"{{ cost }} {{ abilityresourcename }}"}],"passive":{"name":"Arcane Mastery","description":"<mainText>Ryze's spells deal extra damage based on his Bonus Mana, and he gains a percentage increase to his maximum Mana based on his Ability Power.</mainText>","image":{"full":"Ryze_P.png","sprite":"passive3.png","group":"passive","x":432,"y":0,"w":48,"h":48}},"recommended":[{"champion":"Ryze","title":"Beginner","map":"SR","mode":"INTRO","type":"riot","customTag":"","extensionPage":false,"customPanel":null,"blocks":[{"type":"beginner_starter","recMath":false,"recSteps":false,"minSummonerLevel":-1,"maxSummonerLevel":4,"showIfSummonerSpell":"","hideIfSummonerSpell":"","items":[{"id":"1056","count":1,"hideCount":false},{"id":"2003","count":2,"hideCount":false}]},{"type":"beginner_starter","recMath":false,"recSteps":false,"minSummonerLevel":5,"maxSummonerLevel":-1,"showIfSummonerSpell":"","hideIfSummonerSpell":"","items":[{"id":"1056","count":1,"hideCount":false},{"id":"2003","count":2,"hideCount":false}]},{"type":"beginner_advanced","recMath":true,"recSteps":false,"minSummonerLevel":-1,"maxSummonerLevel":-1,"showIfSummonerSpell":"","hideIfSummonerSpell":"","items":[{"id":"1027","count":1,"hideCount":false},{"id":"3070","count":1,"hideCount":false}]},{"type":"beginner_movementspeed","recMath":true,"recSteps":false,"minSummonerLevel":-1,"maxSummonerLevel":-1,"showIfSummonerSpell":"","hideIfSummonerSpell":"","items":[{"id":"1001","count":1,"hideCount":false},{"id":"3020","count":1,"hideCount":false}]},{"type":"beginner_legendaryitem","recMath":true,"recSteps":false,"minSummonerLevel":-1,"maxSummonerLevel":-1,"showIfSummonerSpell":"","hideIfSummonerSpell":"","items":[{"id":"3070","count":1,"hideCount":false},{"id":"1058","count":1,"hideCount":false},{"id":"3003","count":1,"hideCount":false}]},{"type":"beginner_morelegendaryitems","recMath":false,"recSteps":false,"minSummonerLevel":-1,"maxSummonerLevel":-1,"showIfSummonerSpell":"","hideIfSummonerSpell":"","items":[{"id":"3010","count":1,"hideCount":false},{"id":"1026","count":1,"hideCount":false},{"id":"3027","count":1,"hideCount":false}]}]},{"champion":"Ryze","title":"RyzeARAM","map":"HA","mode":"ARAM","type":"riot","customTag":"","sortrank":0,"extensionPage":false,"customPanel":null,"blocks":[{"type":"starting","recMath":false,"recSteps":false,"minSummonerLevel":-1,"maxSummonerLevel":-1,"showIfSummonerSpell":"","hideIfSummonerSpell":"","appendAfterSection":"","visibleWithAllOf":[""],"hiddenWithAnyOf":[""],"items":[{"id":"3073","count":1,"hideCount":false},{"id":"1028","count":1,"hideCount":false},{"id":"2003","count":5,"hideCount":false}]},{"type":"essential","recMath":false,"recSteps":false,"minSummonerLevel":-1,"maxSummonerLevel":-1,"showIfSummonerSpell":"","hideIfSummonerSpell":"","appendAfterSection":"","visibleWithAllOf":[""],"hiddenWithAnyOf":[""],"items":[{"id":"3029","count":1,"hideCount":false},{"id":"3007","count":1,"hideCount":false},{"id":"3158","count":1,"hideCount":false}]},{"type":"offensive","recMath":false,"recSteps":false,"minSummonerLevel":-1,"maxSummonerLevel":-1,"showIfSummonerSpell":"","hideIfSummonerSpell":"","appendAfterSection":"","visibleWithAllOf":[""],"hiddenWithAnyOf":[""],"items":[{"id":"3135","count":1,"hideCount":false},{"id":"3089","count":1,"hideCount":false},{"id":"3907","count":1,"hideCount":false}]},{"type":"defensive","recMath":false,"recSteps":false,"minSummonerLevel":-1,"maxSummonerLevel":-1,"showIfSummonerSpell":"","hideIfSummonerSpell":"","appendAfterSection":"","visibleWithAllOf":[""],"hiddenWithAnyOf":[""],"items":[{"id":"3116","count":1,"hideCount":false},{"id":"3157","count":1,"hideCount":false},{"id":"3102","count":1,"hideCount":false}]},{"type":"consumables","recMath":false,"recSteps":false,"minSummonerLevel":-1,"maxSummonerLevel":-1,"showIfSummonerSpell":"","hideIfSummonerSpell":"","appendAfterSection":"","visibleWithAllOf":[""],"hiddenWithAnyOf":[""],"items":[{"id":"2003","count":1,"hideCount":true},{"id":"2139","count":1,"hideCount":true}]}]},{"champion":"Ryze","title":"RyzeBT","map":"SR","mode":"TUTORIAL","type":"riot","customTag":"","sortrank":0,"extensionPage":false,"customPanel":null,"blocks":[{"type":"starting","recMath":false,"recSteps":false,"minSummonerLevel":-1,"maxSummonerLevel":-1,"showIfSummonerSpell":"","hideIfSummonerSpell":"","items":[{"id":"1027","count":1,"hideCount":false},{"id":"2003","count":3,"hideCount":false}]},{"type":"essential","recMath":false,"recSteps":false,"minSummonerLevel":-1,"maxSummonerLevel":-1,"showIfSummonerSpell":"","hideIfSummonerSpell":"","items":[{"id":"3070","count":1,"hideCount":false},{"id":"3020","count":1,"hideCount":false},{"id":"3010","count":1,"hideCount":false}]},{"type":"offensive","recMath":false,"recSteps":false,"minSummonerLevel":-1,"maxSummonerLevel":-1,"showIfSummonerSpell":"","hideIfSummonerSpell":"","items":[{"id":"3027","count":1,"hideCount":false},{"id":"3003","count":1,"hideCount":false},{"id":"3135","count":1,"hideCount":false}]},{"type":"defensive","recMath":false,"recSteps":false,"minSummonerLevel":-1,"maxSummonerLevel":-1,"showIfSummonerSpell":"","hideIfSummonerSpell":"","items":[{"id":"3110","count":1,"hideCount":false},{"id":"3001","count":1,"hideCount":false},{"id":"3157","count":1,"hideCount":false}]},{"type":"consumables","recMath":false,"recSteps":false,"minSummonerLevel":-1,"maxSummonerLevel":-1,"showIfSummonerSpell":"","hideIfSummonerSpell":"","items":[{"id":"2003","count":1,"hideCount":false}]}]},{"champion":"Ryze","title":"RyzeFIRSTBLOOD","map":"HA","mode":"FIRSTBLOOD","type":"riot","customTag":"","sortrank":0,"extensionPage":false,"customPanel":null,"blocks":[{"type":"starting","recMath":false,"recSteps":false,"minSummonerLevel":-1,"maxSummonerLevel":-1,"showIfSummonerSpell":"","hideIfSummonerSpell":"","items":[{"id":"1056","count":1,"hideCount":false},{"id":"2003","count":2,"hideCount":false},{"id":"3340","count":1,"hideCount":false}]},{"type":"essential","recMath":false,"recSteps":false,"minSummonerLevel":-1,"maxSummonerLevel":-1,"showIfSummonerSpell":"","hideIfSummonerSpell":"","items":[{"id":"3027","count":1,"hideCount":false},{"id":"3158","count":1,"hideCount":false},{"id":"3003","count":1,"hideCount":false}]},{"type":"offensive","recMath":false,"recSteps":false,"minSummonerLevel":-1,"maxSummonerLevel":-1,"showIfSummonerSpell":"","hideIfSummonerSpell":"","items":[{"id":"3165","count":1,"hideCount":false},{"id":"3135","count":1,"hideCount":false},{"id":"3089","count":1,"hideCount":false}]},{"type":"defensive","recMath":false,"recSteps":false,"minSummonerLevel":-1,"maxSummonerLevel":-1,"showIfSummonerSpell":"","hideIfSummonerSpell":"","items":[{"id":"3001","count":1,"hideCount":false},{"id":"3116","count":1,"hideCount":false},{"id":"3157","count":1,"hideCount":false}]},{"type":"consumables","recMath":false,"recSteps":false,"minSummonerLevel":-1,"maxSummonerLevel":-1,"showIfSummonerSpell":"","hideIfSummonerSpell":"","items":[{"id":"2003","count":1,"hideCount":false},{"id":"2139","count":1,"hideCount":false}]}]},{"champion":"Ryze","title":"RyzeARAM","map":"HA","mode":"KINGPORO","type":"riot","customTag":"","sortrank":0,"extensionPage":false,"customPanel":null,"blocks":[{"type":"KingPoroSnax","recMath":false,"recSteps":false,"minSummonerLevel":-1,"maxSummonerLevel":-1,"showIfSummonerSpell":"","hideIfSummonerSpell":"","items":[{"id":"3680","count":1,"hideCount":false},{"id":"3681","count":1,"hideCount":false},{"id":"3682","count":1,"hideCount":false},{"id":"3683","count":1,"hideCount":false},{"id":"3684","count":1,"hideCount":false},{"id":"3685","count":1,"hideCount":false}]},{"type":"starting","recMath":false,"recSteps":false,"minSummonerLevel":-1,"maxSummonerLevel":-1,"showIfSummonerSpell":"","hideIfSummonerSpell":"","appendAfterSection":"","visibleWithAllOf":[""],"hiddenWithAnyOf":[""],"items":[{"id":"3073","count":1,"hideCount":false},{"id":"1028","count":1,"hideCount":false},{"id":"2003","count":5,"hideCount":false}]},{"type":"essential","recMath":false,"recSteps":false,"minSummonerLevel":-1,"maxSummonerLevel":-1,"showIfSummonerSpell":"","hideIfSummonerSpell":"","appendAfterSection":"","visibleWithAllOf":[""],"hiddenWithAnyOf":[""],"items":[{"id":"3029","count":1,"hideCount":false},{"id":"3007","count":1,"hideCount":false},{"id":"3158","count":1,"hideCount":false}]},{"type":"offensive","recMath":false,"recSteps":false,"minSummonerLevel":-1,"maxSummonerLevel":-1,"showIfSummonerSpell":"","hideIfSummonerSpell":"","appendAfterSection":"","visibleWithAllOf":[""],"hiddenWithAnyOf":[""],"items":[{"id":"3135","count":1,"hideCount":false},{"id":"3089","count":1,"hideCount":false},{"id":"3907","count":1,"hideCount":false}]},{"type":"defensive","recMath":false,"recSteps":false,"minSummonerLevel":-1,"maxSummonerLevel":-1,"showIfSummonerSpell":"","hideIfSummonerSpell":"","appendAfterSection":"","visibleWithAllOf":[""],"hiddenWithAnyOf":[""],"items":[{"id":"3116","count":1,"hideCount":false},{"id":"3157","count":1,"hideCount":false},{"id":"3102","count":1,"hideCount":false}]},{"type":"consumables","recMath":false,"recSteps":false,"minSummonerLevel":-1,"maxSummonerLevel":-1,"showIfSummonerSpell":"","hideIfSummonerSpell":"","appendAfterSection":"","visibleWithAllOf":[""],"hiddenWithAnyOf":[""],"items":[{"id":"2003","count":1,"hideCount":true},{"id":"2139","count":1,"hideCount":true}]}]},{"champion":"Ryze","title":"RyzeSL","map":"NB","mode":"NEXUSBLITZ","type":"riot","customTag":"","sortrank":0,"extensionPage":false,"useObviousCheckmark":false,"customPanel":null,"blocks":[{"type":"starting","recMath":false,"recSteps":false,"minSummonerLevel":-1,"maxSummonerLevel":-1,"showIfSummonerSpell":"","hideIfSummonerSpell":"SummonerSmite","appendAfterSection":"","visibleWithAllOf":[""],"hiddenWithAnyOf":[""],"items":[{"id":"4203","count":1,"hideCount":false},{"id":"2003","count":2,"hideCount":false},{"id":"3340","count":1,"hideCount":false}]},{"type":"startingjungle","recMath":false,"recSteps":false,"minSummonerLevel":-1,"maxSummonerLevel":-1,"showIfSummonerSpell":"SummonerSmite","hideIfSummonerSpell":"","appendAfterSection":"","visibleWithAllOf":[""],"hiddenWithAnyOf":[""],"items":[{"id":"4101","count":1,"hideCount":false},{"id":"2003","count":1,"hideCount":false},{"id":"3340","count":1,"hideCount":false}]},{"type":"early","recMath":false,"recSteps":false,"minSummonerLevel":-1,"maxSummonerLevel":-1,"showIfSummonerSpell":"","hideIfSummonerSpell":"SummonerSmite","appendAfterSection":"","visibleWithAllOf":[""],"hiddenWithAnyOf":[""],"items":[{"id":"3073","count":1,"hideCount":false},{"id":"1001","count":1,"hideCount":false},{"id":"3010","count":1,"hideCount":false}]},{"type":"earlyjungle","recMath":false,"recSteps":false,"minSummonerLevel":-1,"maxSummonerLevel":-1,"showIfSummonerSpell":"SummonerSmite","hideIfSummonerSpell":"","appendAfterSection":"","visibleWithAllOf":[""],"hiddenWithAnyOf":[""],"items":[{"id":"1001","count":1,"hideCount":false},{"id":"3108","count":1,"hideCount":false},{"id":"1027","count":1,"hideCount":false}]},{"type":"essential","recMath":false,"recSteps":false,"minSummonerLevel":-1,"maxSummonerLevel":-1,"showIfSummonerSpell":"","hideIfSummonerSpell":"SummonerSmite","appendAfterSection":"","visibleWithAllOf":[""],"hiddenWithAnyOf":[""],"items":[{"id":"3158","count":1,"hideCount":false},{"id":"3029","count":1,"hideCount":false},{"id":"3007","count":1,"hideCount":false}]},{"type":"essentialjungle","recMath":false,"recSteps":false,"minSummonerLevel":-1,"maxSummonerLevel":-1,"showIfSummonerSpell":"SummonerSmite","hideIfSummonerSpell":"","appendAfterSection":"","visibleWithAllOf":[""],"hiddenWithAnyOf":[""],"items":[{"id":"3158","count":1,"hideCount":false},{"id":"4104","count":1,"hideCount":false},{"id":"3007","count":1,"hideCount":false}]},{"type":"standard","recMath":false,"recSteps":false,"minSummonerLevel":-1,"maxSummonerLevel":-1,"showIfSummonerSpell":"","hideIfSummonerSpell":"","appendAfterSection":"","visibleWithAllOf":[""],"hiddenWithAnyOf":[""],"items":[{"id":"3165","count":1,"hideCount":false},{"id":"3157","count":1,"hideCount":false},{"id":"3089","count":1,"hideCount":false}]},{"type":"situational","recMath":false,"recSteps":false,"minSummonerLevel":-1,"maxSummonerLevel":-1,"showIfSummonerSpell":"","hideIfSummonerSpell":"","appendAfterSection":"","visibleWithAllOf":[""],"hiddenWithAnyOf":[""],"items":[{"id":"3102","count":1,"hideCount":false},{"id":"3135","count":1,"hideCount":false},{"id":"3151","count":1,"hideCount":false}]},{"type":"consumables","recMath":false,"recSteps":false,"minSummonerLevel":-1,"maxSummonerLevel":-1,"showIfSummonerSpell":"","hideIfSummonerSpell":"","appendAfterSection":"","visibleWithAllOf":[""],"hiddenWithAnyOf":[""],"items":[{"id":"2003","count":1,"hideCount":false},{"id":"2139","count":1,"hideCount":true}]}]},{"champion":"Ryze","title":"RyzeSR","map":"SR","mode":"CLASSIC","type":"riot","customTag":"","sortrank":0,"extensionPage":false,"useObviousCheckmark":false,"customPanel":null,"blocks":[{"type":"starting","recMath":false,"recSteps":false,"minSummonerLevel":-1,"maxSummonerLevel":-1,"showIfSummonerSpell":"","hideIfSummonerSpell":"","appendAfterSection":"","visibleWithAllOf":[""],"hiddenWithAnyOf":[""],"items":[{"id":"1027","count":1,"hideCount":false},{"id":"2031","count":1,"hideCount":false},{"id":"3340","count":1,"hideCount":false}]},{"type":"early","recMath":false,"recSteps":false,"minSummonerLevel":-1,"maxSummonerLevel":-1,"showIfSummonerSpell":"","hideIfSummonerSpell":"","appendAfterSection":"","visibleWithAllOf":[""],"hiddenWithAnyOf":[""],"items":[{"id":"3070","count":1,"hideCount":false},{"id":"3073","count":1,"hideCount":false},{"id":"1001","count":1,"hideCount":false},{"id":"3802","count":1,"hideCount":false}]},{"type":"essential","recMath":false,"recSteps":false,"minSummonerLevel":-1,"maxSummonerLevel":-1,"showIfSummonerSpell":"","hideIfSummonerSpell":"","appendAfterSection":"","visibleWithAllOf":[""],"hiddenWithAnyOf":[""],"items":[{"id":"3020","count":1,"hideCount":false},{"id":"3003","count":1,"hideCount":false},{"id":"3007","count":1,"hideCount":false}]},{"type":"standard","recMath":false,"recSteps":false,"minSummonerLevel":-1,"maxSummonerLevel":-1,"showIfSummonerSpell":"","hideIfSummonerSpell":"","appendAfterSection":"","visibleWithAllOf":[""],"hiddenWithAnyOf":[""],"items":[{"id":"3165","count":1,"hideCount":false},{"id":"3089","count":1,"hideCount":false},{"id":"3135","count":1,"hideCount":false}]},{"type":"situational","recMath":false,"recSteps":false,"minSummonerLevel":-1,"maxSummonerLevel":-1,"showIfSummonerSpell":"","hideIfSummonerSpell":"","appendAfterSection":"","visibleWithAllOf":[""],"hiddenWithAnyOf":[""],"items":[{"id":"3116","count":1,"hideCount":false},{"id":"3800","count":1,"hideCount":false},{"id":"3001","count":1,"hideCount":false}]},{"type":"consumables","recMath":false,"recSteps":false,"minSummonerLevel":-1,"maxSummonerLevel":-1,"showIfSummonerSpell":"","hideIfSummonerSpell":"","appendAfterSection":"","visibleWithAllOf":[""],"hiddenWithAnyOf":[""],"items":[{"id":"2139","count":1,"hideCount":true}]}]}]}}}