{"type":"champion","format":"standAloneComplex","version":"10.15.1","data":{"Senna":{"id":"Senna","key":"235","name":"Senna","title":"the Redeemer","image":{"full":"Senna.png","sprite":"champion3.png","group":"champion","x":48,"y":48,"w":48,"h":48},"skins":[{"id":"235000","num":0,"name":"default","chromas":false},{"id":"235001","num":1,"name":"True Damage Senna","chromas":true},{"id":"235009","num":9,"name":"True Damage Senna Prestige Edition","chromas":false},{"id":"235010","num":10,"name":"High Noon Senna","chromas":true}],"lore":"Cursed from childhood to be haunted by the supernatural Black Mist, Senna joined a sacred order known as the Sentinels of Light, and fiercely fought back—only to be killed, her soul imprisoned in a lantern by the cruel wraith Thresh. But refusing to lose hope, within the lantern Senna learned to use the Mist, and reemerged to new life, forever changed. Now wielding darkness along with light, Senna seeks to end the Black Mist by turning it against itself—with every blast of her relic weapon, redeeming the souls lost within.","blurb":"Cursed from childhood to be haunted by the supernatural Black Mist, Senna joined a sacred order known as the Sentinels of Light, and fiercely fought back—only to be killed, her soul imprisoned in a lantern by the cruel wraith Thresh. But refusing to...","allytips":[],"enemytips":[],"tags":["Marksman","Support"],"partype":"Mana","info":{"attack":7,"defense":2,"magic":6,"difficulty":7},"stats":{"hp":520,"hpperlevel":75,"mp":350,"mpperlevel":45,"movespeed":330,"armor":28,"armorperlevel":3.5,"spellblock":30,"spellblockperlevel":0.5,"attackrange":600,"hpregen":3.5,"hpregenperlevel":0.55,"mpregen":11.5,"mpregenperlevel":0.4,"crit":0,"critperlevel":0,"attackdamage":50,"attackdamageperlevel":0,"attackspeedperlevel":4,"attackspeed":0.625},"spells":[{"id":"SennaQ","name":"Piercing Darkness","description":"From the twin barrels of her Relic Cannon, Senna fires a unified beam of light and shadow through a target, healing allies and damaging enemies.","tooltip":"Senna shoots a bolt of piercing shadow through an ally or enemy. Enemies hit take <physicalDamage>{{ totaldamage }} physical damage</physicalDamage>. Allied champions hit are healed for <healing>{{ totalheal }}</healing> health. <br /><br /><rules>Basic attacks reduce Piercing Darkness's cooldown by {{ cdreductiononhit }} seconds.</rules>","leveltip":{"label":["Damage","Healing","@AbilityResourceName@ Cost"],"effect":["{{ basedamage }} -> {{ basedamageNL }}","{{ baseheal }} -> {{ basehealNL }}","{{ cost }} -> {{ costNL }}"]},"maxrank":5,"cooldown":[15,15,15,15,15],"cooldownBurn":"15","cost":[70,80,90,100,110],"costBurn":"70/80/90/100/110","datavalues":{},"effect":[null,[0,0,0,0,0],[0,0,0,0,0],[0,0,0,0,0],[0,0,0,0,0],[0,0,0,0,0],[0,0,0,0,0],[0,0,0,0,0],[0,0,0,0,0],[0,0,0,0,0],[0,0,0,0,0]],"effectBurn":[null,"0","0","0","0","0","0","0","0","0","0"],"vars":[],"costType":" {{ abilityresourcename }}","maxammo":"-1","range":[600,600,600,600,600],"rangeBurn":"600","image":{"full":"SennaQ.png","sprite":"spell10.png","group":"spell","x":384,"y":48,"w":48,"h":48},"resource":"{{ cost }} {{ abilityresourcename }}"},{"id":"SennaW","name":"Last Embrace","description":"Senna sends forth a wave of Black Mist. If it hits an enemy it latches onto them hungrily, rooting them and everything nearby after a brief delay.","tooltip":"Senna sends forth the Black Mist, dealing <physicalDamage>{{ damage }} physical damage</physicalDamage> to the first enemy hit. After a {{ delaytime }} second delay the target and other nearby enemies are rooted for {{ rootduration }} seconds.","leveltip":{"label":["Damage","Root Duration","@AbilityResourceName@ Cost"],"effect":["{{ basedamage }} -> {{ basedamageNL }}","{{ rootduration }} -> {{ rootdurationNL }}","{{ cost }} -> {{ costNL }}"]},"maxrank":5,"cooldown":[11,11,11,11,11],"cooldownBurn":"11","cost":[50,55,60,65,70],"costBurn":"50/55/60/65/70","datavalues":{},"effect":[null,[0,0,0,0,0],[0,0,0,0,0],[0,0,0,0,0],[0,0,0,0,0],[0,0,0,0,0],[0,0,0,0,0],[0,0,0,0,0],[0,0,0,0,0],[0,0,0,0,0],[0,0,0,0,0]],"effectBurn":[null,"0","0","0","0","0","0","0","0","0","0"],"vars":[],"costType":" {{ abilityresourcename }}","maxammo":"-1","range":[1250,1250,1250,1250,1250],"rangeBurn":"1250","image":{"full":"SennaW.png","sprite":"spell10.png","group":"spell","x":432,"y":48,"w":48,"h":48},"resource":"{{ cost }} {{ abilityresourcename }}"},{"id":"SennaE","name":"Curse of the Black Mist","description":"Senna draws the Mist she has stored in her weapon into a storm around her, embracing darkness and becoming a wraith within. Allies who enter the area are camouflaged and also appear as wraiths as the Mist shrouds them. Wraiths gain increased movement speed, are unselectable, and hide their identities.","tooltip":"Senna dissolves into a cloud of Mist for {{ buffduration }} seconds, becoming a <span class=\"color90b2ee\">wraith</span>. Allied champions who enter the Mist are <span class=\"colorcd90ee\">Camouflaged</span> and become <span class=\"color90b2ee\">wraiths</span> when they leave. <span class=\"color90b2ee\">Wraiths</span> gain {{ totalms }} Movement Speed. They are unselectable and hide their identities as long as no enemy champions are nearby. ","leveltip":{"label":["Duration","Cooldown"],"effect":["{{ buffduration }} -> {{ buffdurationNL }}","{{ cooldown }} -> {{ cooldownNL }}"]},"maxrank":5,"cooldown":[26,24.5,23,21.5,20],"cooldownBurn":"26/24.5/23/21.5/20","cost":[70,70,70,70,70],"costBurn":"70","datavalues":{},"effect":[null,[0,0,0,0,0],[0,0,0,0,0],[0,0,0,0,0],[0,0,0,0,0],[0,0,0,0,0],[0,0,0,0,0],[0,0,0,0,0],[0,0,0,0,0],[0,0,0,0,0],[0,0,0,0,0]],"effectBurn":[null,"0","0","0","0","0","0","0","0","0","0"],"vars":[],"costType":" {{ abilityresourcename }}","maxammo":"-1","range":[400,400,400,400,400],"rangeBurn":"400","image":{"full":"SennaE.png","sprite":"spell10.png","group":"spell","x":0,"y":96,"w":48,"h":48},"resource":"{{ cost }} {{ abilityresourcename }}"},{"id":"SennaR","name":"Dawning Shadow","description":"Senna calls upon the relic stones of fallen Sentinels, splitting her relic cannon into a holy array of shadow and light. She then fires a global beam that shields allies from harm, while damaging enemies caught in the center.","tooltip":"Senna fires a blast of light with global range. Enemy champions hit take <physicalDamage>{{ totaldamage }} physical damage</physicalDamage>. Allied champions hit in a wider area receive a shield for {{ shieldduration }} seconds that absorbs {{ totalshield }} damage. The shield's power scales with the amount of <span class=\"color0bf7de\">Mist</span> Senna has collected.","leveltip":{"label":["Damage","Shield Amount","Cooldown"],"effect":["{{ damage }} -> {{ damageNL }}","{{ shield }} -> {{ shieldNL }}","{{ cooldown }} -> {{ cooldownNL }}"]},"maxrank":3,"cooldown":[160,140,120],"cooldownBurn":"160/140/120","cost":[100,100,100],"costBurn":"100","datavalues":{},"effect":[null,[0,0,0],[0,0,0],[0,0,0],[0,0,0],[0,0,0],[0,0,0],[0,0,0],[0,0,0],[0,0,0],[0,0,0]],"effectBurn":[null,"0","0","0","0","0","0","0","0","0","0"],"vars":[],"costType":" {{ abilityresourcename }}","maxammo":"-1","range":[25000,25000,25000],"rangeBurn":"25000","image":{"full":"SennaR.png","sprite":"spell10.png","group":"spell","x":48,"y":96,"w":48,"h":48},"resource":"{{ cost }} {{ abilityresourcename }}"}],"passive":{"name":"Absolution","description":"When units die near Senna, their souls are periodically trapped by the Black Mist. Senna can attack these souls to free them, absorbing the Mist that held them in death. Mist fuels her Relic Cannon's power with increased Attack Damage, Attack Range, and Critical Strike Chance. <br><br>Attacks from Senna's Relic Cannon take longer to fire, deals bonus damage , and briefly grant her a portion of her target's Movement Speed.","image":{"full":"Senna_Passive.Senna.png","sprite":"passive3.png","group":"passive","x":48,"y":48,"w":48,"h":48}},"recommended":[{"champion":"Senna","title":"Beginner","map":"SR","mode":"INTRO","type":"riot","customTag":"","sortrank":0,"extensionPage":false,"useObviousCheckmark":false,"customPanel":null,"blocks":[{"type":"beginner_starter","recMath":false,"recSteps":false,"minSummonerLevel":-1,"maxSummonerLevel":4,"showIfSummonerSpell":"","hideIfSummonerSpell":"","appendAfterSection":"","visibleWithAllOf":[""],"hiddenWithAnyOf":[""],"items":[{"id":"1055","count":1,"hideCount":false},{"id":"2003","count":1,"hideCount":false}]},{"type":"beginner_starter","recMath":false,"recSteps":false,"minSummonerLevel":5,"maxSummonerLevel":-1,"showIfSummonerSpell":"","hideIfSummonerSpell":"","appendAfterSection":"","visibleWithAllOf":[""],"hiddenWithAnyOf":[""],"items":[{"id":"1055","count":1,"hideCount":false},{"id":"2003","count":1,"hideCount":false}]},{"type":"beginner_advanced","recMath":true,"recSteps":false,"minSummonerLevel":-1,"maxSummonerLevel":-1,"showIfSummonerSpell":"","hideIfSummonerSpell":"","appendAfterSection":"","visibleWithAllOf":[""],"hiddenWithAnyOf":[""],"items":[{"id":"1036","count":1,"hideCount":false},{"id":"1053","count":1,"hideCount":false}]},{"type":"beginner_movementspeed","recMath":true,"recSteps":false,"minSummonerLevel":-1,"maxSummonerLevel":-1,"showIfSummonerSpell":"","hideIfSummonerSpell":"","appendAfterSection":"","visibleWithAllOf":[""],"hiddenWithAnyOf":[""],"items":[{"id":"1001","count":1,"hideCount":false},{"id":"3006","count":1,"hideCount":false}]},{"type":"beginner_legendaryitem","recMath":true,"recSteps":false,"minSummonerLevel":-1,"maxSummonerLevel":-1,"showIfSummonerSpell":"","hideIfSummonerSpell":"","appendAfterSection":"","visibleWithAllOf":[""],"hiddenWithAnyOf":[""],"items":[{"id":"1053","count":1,"hideCount":false},{"id":"1038","count":1,"hideCount":false},{"id":"1036","count":1,"hideCount":false},{"id":"3072","count":1,"hideCount":false}]},{"type":"beginner_morelegendaryitems","recMath":false,"recSteps":false,"minSummonerLevel":-1,"maxSummonerLevel":-1,"showIfSummonerSpell":"","hideIfSummonerSpell":"","appendAfterSection":"","visibleWithAllOf":[""],"hiddenWithAnyOf":[""],"items":[{"id":"3031","count":1,"hideCount":false},{"id":"3036","count":1,"hideCount":false},{"id":"3508","count":1,"hideCount":false}]}]},{"champion":"Senna","title":"SennaARAM","map":"HA","mode":"ARAM","type":"riot","customTag":"","sortrank":0,"extensionPage":false,"useObviousCheckmark":false,"customPanel":null,"blocks":[{"type":"starting","recMath":false,"recSteps":false,"minSummonerLevel":-1,"maxSummonerLevel":-1,"showIfSummonerSpell":"","hideIfSummonerSpell":"","appendAfterSection":"","visibleWithAllOf":[""],"hiddenWithAnyOf":[""],"items":[{"id":"1038","count":1,"hideCount":false},{"id":"2003","count":2,"hideCount":false}]},{"type":"essential","recMath":false,"recSteps":false,"minSummonerLevel":-1,"maxSummonerLevel":-1,"showIfSummonerSpell":"","hideIfSummonerSpell":"","appendAfterSection":"","visibleWithAllOf":[""],"hiddenWithAnyOf":[""],"items":[{"id":"3031","count":1,"hideCount":false},{"id":"3009","count":1,"hideCount":false},{"id":"3033","count":1,"hideCount":false}]},{"type":"offensive","recMath":false,"recSteps":false,"minSummonerLevel":-1,"maxSummonerLevel":-1,"showIfSummonerSpell":"","hideIfSummonerSpell":"","appendAfterSection":"","visibleWithAllOf":[""],"hiddenWithAnyOf":[""],"items":[{"id":"3812","count":1,"hideCount":false},{"id":"3508","count":1,"hideCount":false},{"id":"3085","count":1,"hideCount":false}]},{"type":"support","recMath":false,"recSteps":false,"minSummonerLevel":-1,"maxSummonerLevel":-1,"showIfSummonerSpell":"","hideIfSummonerSpell":"","appendAfterSection":"","visibleWithAllOf":[""],"hiddenWithAnyOf":[""],"items":[{"id":"3174","count":1,"hideCount":false},{"id":"3504","count":1,"hideCount":false},{"id":"3107","count":1,"hideCount":false}]},{"type":"consumables","recMath":false,"recSteps":false,"minSummonerLevel":-1,"maxSummonerLevel":-1,"showIfSummonerSpell":"","hideIfSummonerSpell":"","appendAfterSection":"","visibleWithAllOf":[""],"hiddenWithAnyOf":[""],"items":[{"id":"2003","count":1,"hideCount":false},{"id":"2033","count":1,"hideCount":false},{"id":"2140","count":1,"hideCount":false}]}]},{"champion":"Senna","title":"SennaARAM","map":"HA","mode":"KINGPORO","type":"riot","customTag":"","sortrank":0,"extensionPage":false,"useObviousCheckmark":false,"customPanel":null,"blocks":[{"type":"KingPoroSnax","recMath":false,"recSteps":false,"minSummonerLevel":-1,"maxSummonerLevel":-1,"showIfSummonerSpell":"","hideIfSummonerSpell":"","items":[{"id":"3680","count":1,"hideCount":false},{"id":"3681","count":1,"hideCount":false},{"id":"3682","count":1,"hideCount":false},{"id":"3683","count":1,"hideCount":false},{"id":"3684","count":1,"hideCount":false},{"id":"3685","count":1,"hideCount":false}]},{"type":"starting","recMath":false,"recSteps":false,"minSummonerLevel":-1,"maxSummonerLevel":-1,"showIfSummonerSpell":"","hideIfSummonerSpell":"","appendAfterSection":"","visibleWithAllOf":[""],"hiddenWithAnyOf":[""],"items":[{"id":"1038","count":1,"hideCount":false},{"id":"2003","count":2,"hideCount":false}]},{"type":"essential","recMath":false,"recSteps":false,"minSummonerLevel":-1,"maxSummonerLevel":-1,"showIfSummonerSpell":"","hideIfSummonerSpell":"","appendAfterSection":"","visibleWithAllOf":[""],"hiddenWithAnyOf":[""],"items":[{"id":"3031","count":1,"hideCount":false},{"id":"3009","count":1,"hideCount":false},{"id":"3033","count":1,"hideCount":false}]},{"type":"offensive","recMath":false,"recSteps":false,"minSummonerLevel":-1,"maxSummonerLevel":-1,"showIfSummonerSpell":"","hideIfSummonerSpell":"","appendAfterSection":"","visibleWithAllOf":[""],"hiddenWithAnyOf":[""],"items":[{"id":"3812","count":1,"hideCount":false},{"id":"3508","count":1,"hideCount":false},{"id":"3085","count":1,"hideCount":false}]},{"type":"support","recMath":false,"recSteps":false,"minSummonerLevel":-1,"maxSummonerLevel":-1,"showIfSummonerSpell":"","hideIfSummonerSpell":"","appendAfterSection":"","visibleWithAllOf":[""],"hiddenWithAnyOf":[""],"items":[{"id":"3174","count":1,"hideCount":false},{"id":"3504","count":1,"hideCount":false},{"id":"3107","count":1,"hideCount":false}]},{"type":"consumables","recMath":false,"recSteps":false,"minSummonerLevel":-1,"maxSummonerLevel":-1,"showIfSummonerSpell":"","hideIfSummonerSpell":"","appendAfterSection":"","visibleWithAllOf":[""],"hiddenWithAnyOf":[""],"items":[{"id":"2003","count":1,"hideCount":false},{"id":"2033","count":1,"hideCount":false},{"id":"2140","count":1,"hideCount":false}]}]},{"champion":"Senna","title":"SennaNB","map":"NB","mode":"NEXUSBLITZ","type":"riot-support","customTag":"","sortrank":5,"extensionPage":false,"useObviousCheckmark":false,"customPanel":null,"blocks":[{"type":"starting","recMath":false,"recSteps":false,"minSummonerLevel":-1,"maxSummonerLevel":-1,"showIfSummonerSpell":"","hideIfSummonerSpell":"","appendAfterSection":"","visibleWithAllOf":[""],"hiddenWithAnyOf":[""],"items":[{"id":"4202","count":1,"hideCount":false},{"id":"2003","count":2,"hideCount":false},{"id":"3340","count":1,"hideCount":false}]},{"type":"early","recMath":false,"recSteps":false,"minSummonerLevel":-1,"maxSummonerLevel":-1,"showIfSummonerSpell":"","hideIfSummonerSpell":"","appendAfterSection":"","visibleWithAllOf":[""],"hiddenWithAnyOf":[""],"items":[{"id":"3028","count":1,"hideCount":false},{"id":"1001","count":1,"hideCount":false},{"id":"3134","count":1,"hideCount":false}]},{"type":"essential","recMath":false,"recSteps":false,"minSummonerLevel":-1,"maxSummonerLevel":-1,"showIfSummonerSpell":"","hideIfSummonerSpell":"","appendAfterSection":"","visibleWithAllOf":[""],"hiddenWithAnyOf":[""],"items":[{"id":"3179","count":1,"hideCount":false},{"id":"3009","count":1,"hideCount":false},{"id":"3174","count":1,"hideCount":false}]},{"type":"support","recMath":false,"recSteps":false,"minSummonerLevel":-1,"maxSummonerLevel":-1,"showIfSummonerSpell":"","hideIfSummonerSpell":"","appendAfterSection":"","visibleWithAllOf":[""],"hiddenWithAnyOf":[""],"items":[{"id":"3504","count":1,"hideCount":false},{"id":"3107","count":1,"hideCount":false},{"id":"3071","count":1,"hideCount":false}]},{"type":"offensive","recMath":false,"recSteps":false,"minSummonerLevel":-1,"maxSummonerLevel":-1,"showIfSummonerSpell":"","hideIfSummonerSpell":"","appendAfterSection":"","visibleWithAllOf":[""],"hiddenWithAnyOf":[""],"items":[{"id":"3147","count":1,"hideCount":false},{"id":"3142","count":1,"hideCount":false},{"id":"3031","count":1,"hideCount":false}]},{"type":"selective","recMath":false,"recSteps":false,"minSummonerLevel":-1,"maxSummonerLevel":-1,"showIfSummonerSpell":"","hideIfSummonerSpell":"","appendAfterSection":"","visibleWithAllOf":[""],"hiddenWithAnyOf":[""],"items":[{"id":"3026","count":1,"hideCount":false},{"id":"3814","count":1,"hideCount":false},{"id":"3033","count":1,"hideCount":false}]},{"type":"consumables","recMath":false,"recSteps":false,"minSummonerLevel":-1,"maxSummonerLevel":-1,"showIfSummonerSpell":"","hideIfSummonerSpell":"","appendAfterSection":"","visibleWithAllOf":[""],"hiddenWithAnyOf":[""],"items":[{"id":"2003","count":1,"hideCount":true},{"id":"2140","count":1,"hideCount":true}]}]},{"champion":"Senna","title":"SennaSR","map":"SR","mode":"CLASSIC","type":"riot-support","customTag":"","sortrank":5,"extensionPage":false,"useObviousCheckmark":false,"customPanel":null,"blocks":[{"type":"starting","recMath":false,"recSteps":false,"minSummonerLevel":-1,"maxSummonerLevel":-1,"showIfSummonerSpell":"","hideIfSummonerSpell":"","appendAfterSection":"","visibleWithAllOf":[""],"hiddenWithAnyOf":[""],"items":[{"id":"3862","count":1,"hideCount":false},{"id":"2003","count":2,"hideCount":false},{"id":"3340","count":1,"hideCount":false}]},{"type":"early","recMath":false,"recSteps":false,"minSummonerLevel":-1,"maxSummonerLevel":-1,"showIfSummonerSpell":"","hideIfSummonerSpell":"","appendAfterSection":"","visibleWithAllOf":[""],"hiddenWithAnyOf":[""],"items":[{"id":"3134","count":1,"hideCount":false},{"id":"1001","count":1,"hideCount":false},{"id":"3044","count":1,"hideCount":false}]},{"type":"essential","recMath":false,"recSteps":false,"minSummonerLevel":-1,"maxSummonerLevel":-1,"showIfSummonerSpell":"","hideIfSummonerSpell":"","appendAfterSection":"","visibleWithAllOf":[""],"hiddenWithAnyOf":[""],"items":[{"id":"3179","count":1,"hideCount":false},{"id":"3009","count":1,"hideCount":false},{"id":"3071","count":1,"hideCount":false}]},{"type":"support","recMath":false,"recSteps":false,"minSummonerLevel":-1,"maxSummonerLevel":-1,"showIfSummonerSpell":"","hideIfSummonerSpell":"","appendAfterSection":"","visibleWithAllOf":[""],"hiddenWithAnyOf":[""],"items":[{"id":"3022","count":1,"hideCount":false},{"id":"3174","count":1,"hideCount":false},{"id":"3504","count":1,"hideCount":false}]},{"type":"offensive","recMath":false,"recSteps":false,"minSummonerLevel":-1,"maxSummonerLevel":-1,"showIfSummonerSpell":"","hideIfSummonerSpell":"","appendAfterSection":"","visibleWithAllOf":[""],"hiddenWithAnyOf":[""],"items":[{"id":"3147","count":1,"hideCount":false},{"id":"3142","count":1,"hideCount":false},{"id":"3031","count":1,"hideCount":false}]},{"type":"selective","recMath":false,"recSteps":false,"minSummonerLevel":-1,"maxSummonerLevel":-1,"showIfSummonerSpell":"","hideIfSummonerSpell":"","appendAfterSection":"","visibleWithAllOf":[""],"hiddenWithAnyOf":[""],"items":[{"id":"3026","count":1,"hideCount":false},{"id":"3814","count":1,"hideCount":false},{"id":"3033","count":1,"hideCount":false}]},{"type":"consumables","recMath":false,"recSteps":false,"minSummonerLevel":-1,"maxSummonerLevel":-1,"showIfSummonerSpell":"","hideIfSummonerSpell":"","appendAfterSection":"","visibleWithAllOf":[""],"hiddenWithAnyOf":[""],"items":[{"id":"2003","count":1,"hideCount":true},{"id":"2140","count":1,"hideCount":true}]}]},{"champion":"Senna","title":"SennaSRBottom","map":"SR","mode":"CLASSIC","type":"riot","customTag":"","sortrank":0,"extensionPage":false,"useObviousCheckmark":false,"customPanel":null,"blocks":[{"type":"starting","recMath":false,"recSteps":false,"minSummonerLevel":-1,"maxSummonerLevel":-1,"showIfSummonerSpell":"","hideIfSummonerSpell":"","appendAfterSection":"","visibleWithAllOf":[""],"hiddenWithAnyOf":[""],"items":[{"id":"1055","count":1,"hideCount":false},{"id":"2003","count":1,"hideCount":false},{"id":"3340","count":1,"hideCount":false}]},{"type":"early","recMath":false,"recSteps":false,"minSummonerLevel":-1,"maxSummonerLevel":-1,"showIfSummonerSpell":"","hideIfSummonerSpell":"","appendAfterSection":"","visibleWithAllOf":[""],"hiddenWithAnyOf":[""],"items":[{"id":"1037","count":1,"hideCount":false},{"id":"1001","count":1,"hideCount":false},{"id":"3070","count":1,"hideCount":false}]},{"type":"essential","recMath":false,"recSteps":false,"minSummonerLevel":-1,"maxSummonerLevel":-1,"showIfSummonerSpell":"","hideIfSummonerSpell":"","appendAfterSection":"","visibleWithAllOf":[""],"hiddenWithAnyOf":[""],"items":[{"id":"3004","count":1,"hideCount":false},{"id":"3009","count":1,"hideCount":false},{"id":"3147","count":1,"hideCount":false}]},{"type":"offensive","recMath":false,"recSteps":false,"minSummonerLevel":-1,"maxSummonerLevel":-1,"showIfSummonerSpell":"","hideIfSummonerSpell":"","appendAfterSection":"","visibleWithAllOf":[""],"hiddenWithAnyOf":[""],"items":[{"id":"3094","count":1,"hideCount":false},{"id":"3142","count":1,"hideCount":false},{"id":"3031","count":1,"hideCount":false}]},{"type":"selective","recMath":false,"recSteps":false,"minSummonerLevel":-1,"maxSummonerLevel":-1,"showIfSummonerSpell":"","hideIfSummonerSpell":"","appendAfterSection":"","visibleWithAllOf":[""],"hiddenWithAnyOf":[""],"items":[{"id":"3026","count":1,"hideCount":false},{"id":"3814","count":1,"hideCount":false},{"id":"3036","count":1,"hideCount":false}]},{"type":"consumables","recMath":false,"recSteps":false,"minSummonerLevel":-1,"maxSummonerLevel":-1,"showIfSummonerSpell":"","hideIfSummonerSpell":"","appendAfterSection":"","visibleWithAllOf":[""],"hiddenWithAnyOf":[""],"items":[{"id":"2003","count":1,"hideCount":true},{"id":"2140","count":1,"hideCount":true}]}]}]}}}