{"type":"champion","format":"standAloneComplex","version":"10.15.1","data":{"Shaco":{"id":"Shaco","key":"35","name":"Shaco","title":"the Demon Jester","image":{"full":"Shaco.png","sprite":"champion3.png","group":"champion","x":144,"y":48,"w":48,"h":48},"skins":[{"id":"35000","num":0,"name":"default","chromas":false},{"id":"35001","num":1,"name":"Mad Hatter Shaco","chromas":false},{"id":"35002","num":2,"name":"Royal Shaco","chromas":false},{"id":"35003","num":3,"name":"Nutcracko","chromas":false},{"id":"35004","num":4,"name":"Workshop Shaco","chromas":false},{"id":"35005","num":5,"name":"Asylum Shaco","chromas":false},{"id":"35006","num":6,"name":"Masked Shaco","chromas":false},{"id":"35007","num":7,"name":"Wild Card Shaco","chromas":false},{"id":"35008","num":8,"name":"Dark Star Shaco","chromas":true},{"id":"35015","num":15,"name":"Arcanist Shaco","chromas":true}],"lore":"Crafted long ago as a plaything for a lonely prince, the enchanted marionette Shaco now delights in murder and mayhem. Corrupted by dark magic and the loss of his beloved charge, the once-kind puppet finds pleasure only in the misery of the poor souls he torments. He uses toys and simple tricks to deadly effect, finding the results of his bloody “games” hilarious—and for those who hear a dark chuckle in the dead of night, the Demon Jester may have marked them as his next plaything.","blurb":"Crafted long ago as a plaything for a lonely prince, the enchanted marionette Shaco now delights in murder and mayhem. Corrupted by dark magic and the loss of his beloved charge, the once-kind puppet finds pleasure only in the misery of the poor souls...","allytips":["Using Deceive over terrain can help you make a clean escape.","Try getting items with on-hit effects. These will also benefit your Hallucination clone.","Backstab's damage can be increased with increased Critical Damage effects like Infinity Edge."],"enemytips":["If Shaco is doing well early-game, it is worth the investment to place Stealth Wards near his Jungle camps.","If Shaco uses Deceive to enter a fight he won't be able to quickly use it again to get away. Work with your team to quickly focus him down."],"tags":["Assassin"],"partype":"Mana","info":{"attack":8,"defense":4,"magic":6,"difficulty":9},"stats":{"hp":587,"hpperlevel":89,"mp":297.2,"mpperlevel":40,"movespeed":350,"armor":30,"armorperlevel":3.5,"spellblock":32.1,"spellblockperlevel":1.25,"attackrange":125,"hpregen":8.5,"hpregenperlevel":0.55,"mpregen":7.156,"mpregenperlevel":0.45,"crit":0,"critperlevel":0,"attackdamage":63,"attackdamageperlevel":3,"attackspeedperlevel":3,"attackspeed":0.694},"spells":[{"id":"Deceive","name":"Deceive","description":"Shaco becomes Invisible and teleports to target location.<br><br>His first attack while Invisible is empowered, dealing bonus damage and critically striking if he attacks from behind.","tooltip":"Shaco teleports nearby and becomes <span class=\"color91d7ee\">Invisible</span> for {{ stealthduration }} seconds. Shaco remains <span class=\"color91d7ee\">Invisible</span> even if he uses Jack in the Box or Hallucinate. <br /><br />His next basic attack during <span class=\"color91d7ee\">Invisibility</span> deals <physicalDamage>{{ totaldamage }}</physicalDamage> bonus physical damage (this damage can crit). If attacking from behind, this attack also critically strikes for {{ f1 }}% damage.<br /><br /><u><span class=\"size16 color91d7ee\">Stealth - Invisible</span></u><span class=\"size16 colorb3b3b3\">: Shaco can only be revealed by nearby enemy Turrets or <span class=\"size16 coloree91d7\">True Sight</span>.</span>","leveltip":{"label":["Damage","Stealth Duration","Cooldown"],"effect":["{{ basedamage }} -> {{ basedamageNL }}","{{ stealthduration }} -> {{ stealthdurationNL }}","{{ cooldown }} -> {{ cooldownNL }}"]},"maxrank":5,"cooldown":[12,11.5,11,10.5,10],"cooldownBurn":"12/11.5/11/10.5/10","cost":[60,60,60,60,60],"costBurn":"60","datavalues":{},"effect":[null,[0,0,0,0,0],[0,0,0,0,0],[0,0,0,0,0],[0,0,0,0,0],[0,0,0,0,0],[0,0,0,0,0],[0,0,0,0,0],[0,0,0,0,0],[0,0,0,0,0],[0,0,0,0,0]],"effectBurn":[null,"0","0","0","0","0","0","0","0","0","0"],"vars":[],"costType":" {{ abilityresourcename }}","maxammo":"-1","range":[400,400,400,400,400],"rangeBurn":"400","image":{"full":"Deceive.png","sprite":"spell10.png","group":"spell","x":288,"y":96,"w":48,"h":48},"resource":"{{ cost }} {{ abilityresourcename }}"},{"id":"JackInTheBox","name":"Jack In The Box","description":"Shaco creates a hidden animated Jack-in-the-Box. When triggered, it will fear and attack nearby enemies.","tooltip":"Shaco creates a Jack in the Box that hides from view after {{ e5 }} seconds. It pops out when an enemy comes near or when uncovered by a ward or trinket, making nearby enemies flee very slowly for {{ e3 }} seconds ({{ minionfearduration }} seconds for minions and monsters).<br /><br />It attacks all nearby enemies for {{ aoedamage }} magic damage, increased to {{ e1 }} <scaleAP>(+{{ a1 }})</scaleAP> if it is attacking only one enemy. It lasts for {{ e4 }} <scaleAP>(+{{ a2 }})</scaleAP> seconds while hidden or 5 seconds while firing. ","leveltip":{"label":["Damage","Fear Duration","@AbilityResourceName@ Cost"],"effect":["{{ e1 }} -> {{ e1NL }}","{{ e3 }} -> {{ e3NL }}","{{ cost }} -> {{ costNL }}"]},"maxrank":5,"cooldown":[16,16,16,16,16],"cooldownBurn":"16","cost":[50,55,60,65,70],"costBurn":"50/55/60/65/70","datavalues":{},"effect":[null,[35,50,65,80,95],[200,300,400,500,600],[0.5,0.75,1,1.25,1.5],[40,40,40,40,40],[2,2,2,2,2],[0,0,0,0,0],[0,0,0,0,0],[0,0,0,0,0],[0,0,0,0,0],[0,0,0,0,0]],"effectBurn":[null,"35/50/65/80/95","200/300/400/500/600","0.5/0.75/1/1.25/1.5","40","2","0","0","0","0","0"],"vars":[{"link":"spelldamage","coeff":0.2,"key":"a1"},{"link":"spelldamage","coeff":0.05,"key":"a2"}],"costType":" {{ abilityresourcename }}","maxammo":"-1","range":[500,500,500,500,500],"rangeBurn":"500","image":{"full":"JackInTheBox.png","sprite":"spell10.png","group":"spell","x":336,"y":96,"w":48,"h":48},"resource":"{{ cost }} {{ abilityresourcename }}"},{"id":"TwoShivPoison","name":"Two-Shiv Poison","description":"Shaco's Shivs passively poison targets on hit, slowing their movement speed. He can throw his Shivs to deal damage and poison the target. The thrown Shiv deals bonus damage if the target is below 30% health.","tooltip":"<spellPassive>Passive:</spellPassive> While Two-Shiv Poison is ready to cast, Shaco's basic attacks reduce the target's Movement Speed by {{ slowamount*-100 }}% for {{ slowdurationpassive }} seconds.<br /><br /><spellActive>Active:</spellActive> Shaco throws a shiv that deals {{ totaldamage }} magic damage and reduces the target's Movement Speed by {{ slowamount*-100 }}% for {{ slowdurationactive }} seconds. If the target has less than {{ executehealththreshold*100 }}% health, the shiv deals {{ executedamagepercent*100 }}% damage ({{ totalexecutedamage }} total).","leveltip":{"label":["Damage","Slow"],"effect":["{{ basedamage }} -> {{ basedamageNL }}","{{ slowamount*-100.000000 }}% -> {{ slowamountnl*-100.000000 }}%"]},"maxrank":5,"cooldown":[8,8,8,8,8],"cooldownBurn":"8","cost":[65,65,65,65,65],"costBurn":"65","datavalues":{},"effect":[null,[0,0,0,0,0],[0,0,0,0,0],[0,0,0,0,0],[0,0,0,0,0],[0,0,0,0,0],[0,0,0,0,0],[0,0,0,0,0],[0,0,0,0,0],[0,0,0,0,0],[0,0,0,0,0]],"effectBurn":[null,"0","0","0","0","0","0","0","0","0","0"],"vars":[],"costType":" {{ abilityresourcename }}","maxammo":"-1","range":[625,625,625,625,625],"rangeBurn":"625","image":{"full":"TwoShivPoison.png","sprite":"spell10.png","group":"spell","x":384,"y":96,"w":48,"h":48},"resource":"{{ cost }} {{ abilityresourcename }}"},{"id":"HallucinateFull","name":"Hallucinate","description":"Shaco creates an illusion of himself near him, which can attack nearby enemies (Deals reduced damage to turrets).  Upon death, it explodes, spawning three mini Jack in the Boxes and dealing damage to nearby enemies.","tooltip":"Shaco vanishes briefly and reappears with a clone. The clone lasts up to {{ clonelifetime }} seconds and detonates when it dies, dealing <magicDamage>{{ explosiontotaldamage }} magic damage</magicDamage> to nearby enemies and spawning three mini Jack in the Boxes that trigger immediately. <br /><br /><ul><li>Mini boxes deal {{ aoedamage }} damage ({{ stdamage }} if attacking only one enemy) and make enemies flee for {{ boxfearduration }} second(s).</li><li>Clone deals {{ cloneaadamagepercent*100 }}% of Shaco's damage and receives {{ cloneincomingdamagepercent*100 }}% increased damage.</li></ul><br /><scaleAP>The clone can be controlled by holding the Alt key and using the Right Mouse button or by reactivating this ability.</scaleAP>","leveltip":{"label":["On Death Damage","Mini Box Damage","Cooldown"],"effect":["{{ explosionbasedamage }} -> {{ explosionbasedamageNL }}","{{ stbasedamage }} -> {{ stbasedamageNL }}","{{ cooldown }} -> {{ cooldownNL }}"]},"maxrank":3,"cooldown":[100,90,80],"cooldownBurn":"100/90/80","cost":[100,100,100],"costBurn":"100","datavalues":{},"effect":[null,[0,0,0],[0,0,0],[0,0,0],[0,0,0],[6,6,6],[0,0,0],[0,0,0],[0,0,0],[0,0,0],[0,0,0]],"effectBurn":[null,"0","0","0","0","6","0","0","0","0","0"],"vars":[],"costType":" {{ abilityresourcename }}","maxammo":"-1","range":[200,200,200],"rangeBurn":"200","image":{"full":"HallucinateFull.png","sprite":"spell10.png","group":"spell","x":432,"y":96,"w":48,"h":48},"resource":"{{ cost }} {{ abilityresourcename }}"}],"passive":{"name":"Backstab","description":"Shaco's basic attacks and Two-Shiv Poison deal additional damage when striking from behind.","image":{"full":"Jester_CarefulStrikes.png","sprite":"passive3.png","group":"passive","x":144,"y":48,"w":48,"h":48}},"recommended":[{"champion":"Shaco","title":"Beginner","map":"SR","mode":"INTRO","type":"riot","customTag":"","extensionPage":false,"customPanel":null,"blocks":[{"type":"beginner_starter","recMath":false,"recSteps":false,"minSummonerLevel":-1,"maxSummonerLevel":4,"showIfSummonerSpell":"","hideIfSummonerSpell":"","items":[{"id":"1054","count":1,"hideCount":false}]},{"type":"beginner_starter","recMath":false,"recSteps":false,"minSummonerLevel":5,"maxSummonerLevel":-1,"showIfSummonerSpell":"","hideIfSummonerSpell":"","items":[{"id":"1054","count":1,"hideCount":false},{"id":"2003","count":1,"hideCount":false}]},{"type":"beginner_advanced","recMath":true,"recSteps":false,"minSummonerLevel":-1,"maxSummonerLevel":-1,"showIfSummonerSpell":"","hideIfSummonerSpell":"","items":[{"id":"3086","count":1,"hideCount":false},{"id":"2015","count":1,"hideCount":false}]},{"type":"beginner_movementspeed","recMath":true,"recSteps":false,"minSummonerLevel":-1,"maxSummonerLevel":-1,"showIfSummonerSpell":"","hideIfSummonerSpell":"","items":[{"id":"1001","count":1,"hideCount":false},{"id":"1042","count":1,"hideCount":false},{"id":"3006","count":1,"hideCount":false}]},{"type":"beginner_legendaryitem","recMath":true,"recSteps":false,"minSummonerLevel":-1,"maxSummonerLevel":-1,"showIfSummonerSpell":"","hideIfSummonerSpell":"","items":[{"id":"3087","count":1,"hideCount":false},{"id":"3031","count":1,"hideCount":false}]},{"type":"beginner_morelegendaryitems","recMath":false,"recSteps":false,"minSummonerLevel":-1,"maxSummonerLevel":-1,"showIfSummonerSpell":"","hideIfSummonerSpell":"","items":[{"id":"3078","count":1,"hideCount":false},{"id":"3026","count":1,"hideCount":false}]}]},{"champion":"Shaco","title":"ShacoARAM","map":"HA","mode":"ARAM","type":"riot","customTag":"","sortrank":0,"extensionPage":false,"customPanel":null,"blocks":[{"type":"starting","recMath":false,"recSteps":false,"minSummonerLevel":-1,"maxSummonerLevel":-1,"showIfSummonerSpell":"","hideIfSummonerSpell":"","appendAfterSection":"","visibleWithAllOf":[""],"hiddenWithAnyOf":[""],"items":[{"id":"3802","count":1,"hideCount":false},{"id":"2003","count":2,"hideCount":false}]},{"type":"essential","recMath":false,"recSteps":false,"minSummonerLevel":-1,"maxSummonerLevel":-1,"showIfSummonerSpell":"","hideIfSummonerSpell":"","appendAfterSection":"","visibleWithAllOf":[""],"hiddenWithAnyOf":[""],"items":[{"id":"3285","count":1,"hideCount":false},{"id":"3020","count":1,"hideCount":false},{"id":"3100","count":1,"hideCount":false}]},{"type":"offensive","recMath":false,"recSteps":false,"minSummonerLevel":-1,"maxSummonerLevel":-1,"showIfSummonerSpell":"","hideIfSummonerSpell":"","appendAfterSection":"","visibleWithAllOf":[""],"hiddenWithAnyOf":[""],"items":[{"id":"3089","count":1,"hideCount":false},{"id":"3152","count":1,"hideCount":false},{"id":"3135","count":1,"hideCount":false}]},{"type":"defensive","recMath":false,"recSteps":false,"minSummonerLevel":-1,"maxSummonerLevel":-1,"showIfSummonerSpell":"","hideIfSummonerSpell":"","appendAfterSection":"","visibleWithAllOf":[""],"hiddenWithAnyOf":[""],"items":[{"id":"3151","count":1,"hideCount":false},{"id":"3116","count":1,"hideCount":false},{"id":"3157","count":1,"hideCount":false}]},{"type":"offmeta","recMath":false,"recSteps":false,"minSummonerLevel":-1,"maxSummonerLevel":-1,"showIfSummonerSpell":"","hideIfSummonerSpell":"","appendAfterSection":"","visibleWithAllOf":[""],"hiddenWithAnyOf":[""],"items":[{"id":"3147","count":1,"hideCount":false},{"id":"3078","count":1,"hideCount":false},{"id":"3031","count":1,"hideCount":false}]},{"type":"consumables","recMath":false,"recSteps":false,"minSummonerLevel":-1,"maxSummonerLevel":-1,"showIfSummonerSpell":"","hideIfSummonerSpell":"","appendAfterSection":"","visibleWithAllOf":[""],"hiddenWithAnyOf":[""],"items":[{"id":"2003","count":1,"hideCount":true},{"id":"2139","count":1,"hideCount":false},{"id":"2033","count":1,"hideCount":false}]}]},{"champion":"Shaco","title":"ShacoFIRSTBLOOD","map":"HA","mode":"FIRSTBLOOD","type":"riot","customTag":"","sortrank":0,"extensionPage":false,"customPanel":null,"blocks":[{"type":"starting","recMath":false,"recSteps":false,"minSummonerLevel":-1,"maxSummonerLevel":-1,"showIfSummonerSpell":"","hideIfSummonerSpell":"SummonerSmite","items":[{"id":"2033","count":1,"hideCount":false},{"id":"3340","count":1,"hideCount":false}]},{"type":"early","recMath":false,"recSteps":false,"minSummonerLevel":-1,"maxSummonerLevel":-1,"showIfSummonerSpell":"","hideIfSummonerSpell":"SummonerSmite","items":[{"id":"3077","count":1,"hideCount":false},{"id":"1053","count":1,"hideCount":false},{"id":"1001","count":1,"hideCount":false}]},{"type":"essential","recMath":false,"recSteps":false,"minSummonerLevel":-1,"maxSummonerLevel":-1,"showIfSummonerSpell":"","hideIfSummonerSpell":"SummonerSmite","items":[{"id":"3074","count":1,"hideCount":false},{"id":"3031","count":1,"hideCount":false},{"id":"3006","count":1,"hideCount":false}]},{"type":"offensive","recMath":false,"recSteps":false,"minSummonerLevel":-1,"maxSummonerLevel":-1,"showIfSummonerSpell":"","hideIfSummonerSpell":"SummonerSmite","items":[{"id":"3812","count":1,"hideCount":false},{"id":"3087","count":1,"hideCount":false},{"id":"3033","count":1,"hideCount":false}]},{"type":"defensive","recMath":false,"recSteps":false,"minSummonerLevel":-1,"maxSummonerLevel":-1,"showIfSummonerSpell":"","hideIfSummonerSpell":"SummonerSmite","items":[{"id":"3026","count":1,"hideCount":false},{"id":"3102","count":1,"hideCount":false},{"id":"3156","count":1,"hideCount":false}]},{"type":"startingjungle","recMath":false,"recSteps":false,"minSummonerLevel":-1,"maxSummonerLevel":-1,"showIfSummonerSpell":"SummonerSmite","hideIfSummonerSpell":"","items":[{"id":"1041","count":1,"hideCount":false},{"id":"2031","count":1,"hideCount":false},{"id":"3340","count":1,"hideCount":false}]},{"type":"earlyjungle","recMath":false,"recSteps":false,"minSummonerLevel":-1,"maxSummonerLevel":-1,"showIfSummonerSpell":"SummonerSmite","hideIfSummonerSpell":"","items":[{"id":"2032","count":1,"hideCount":false},{"id":"3706","count":1,"hideCount":false},{"id":"1001","count":1,"hideCount":false}]},{"type":"essentialjungle","recMath":false,"recSteps":false,"minSummonerLevel":-1,"maxSummonerLevel":-1,"showIfSummonerSpell":"SummonerSmite","hideIfSummonerSpell":"","items":[{"id":"3074","count":1,"hideCount":false},{"id":"3117","count":1,"hideCount":false},{"id":"1400","count":1,"hideCount":false}]},{"type":"offensive","recMath":false,"recSteps":false,"minSummonerLevel":-1,"maxSummonerLevel":-1,"showIfSummonerSpell":"SummonerSmite","hideIfSummonerSpell":"","items":[{"id":"3031","count":1,"hideCount":false},{"id":"3087","count":1,"hideCount":false},{"id":"3812","count":1,"hideCount":false}]},{"type":"defensive","recMath":false,"recSteps":false,"minSummonerLevel":-1,"maxSummonerLevel":-1,"showIfSummonerSpell":"SummonerSmite","hideIfSummonerSpell":"","items":[{"id":"3026","count":1,"hideCount":false},{"id":"3102","count":1,"hideCount":false},{"id":"3156","count":1,"hideCount":false}]},{"type":"consumables","recMath":false,"recSteps":false,"minSummonerLevel":-1,"maxSummonerLevel":-1,"showIfSummonerSpell":"","hideIfSummonerSpell":"","items":[{"id":"2140","count":1,"hideCount":true}]}]},{"champion":"Shaco","title":"ShacoARAM","map":"HA","mode":"KINGPORO","type":"riot","customTag":"","sortrank":0,"extensionPage":false,"customPanel":null,"blocks":[{"type":"KingPoroSnax","recMath":false,"recSteps":false,"minSummonerLevel":-1,"maxSummonerLevel":-1,"showIfSummonerSpell":"","hideIfSummonerSpell":"","items":[{"id":"3680","count":1,"hideCount":false},{"id":"3681","count":1,"hideCount":false},{"id":"3682","count":1,"hideCount":false},{"id":"3683","count":1,"hideCount":false},{"id":"3684","count":1,"hideCount":false},{"id":"3685","count":1,"hideCount":false}]},{"type":"starting","recMath":false,"recSteps":false,"minSummonerLevel":-1,"maxSummonerLevel":-1,"showIfSummonerSpell":"","hideIfSummonerSpell":"","appendAfterSection":"","visibleWithAllOf":[""],"hiddenWithAnyOf":[""],"items":[{"id":"3802","count":1,"hideCount":false},{"id":"2003","count":2,"hideCount":false}]},{"type":"essential","recMath":false,"recSteps":false,"minSummonerLevel":-1,"maxSummonerLevel":-1,"showIfSummonerSpell":"","hideIfSummonerSpell":"","appendAfterSection":"","visibleWithAllOf":[""],"hiddenWithAnyOf":[""],"items":[{"id":"3285","count":1,"hideCount":false},{"id":"3020","count":1,"hideCount":false},{"id":"3100","count":1,"hideCount":false}]},{"type":"offensive","recMath":false,"recSteps":false,"minSummonerLevel":-1,"maxSummonerLevel":-1,"showIfSummonerSpell":"","hideIfSummonerSpell":"","appendAfterSection":"","visibleWithAllOf":[""],"hiddenWithAnyOf":[""],"items":[{"id":"3089","count":1,"hideCount":false},{"id":"3152","count":1,"hideCount":false},{"id":"3135","count":1,"hideCount":false}]},{"type":"defensive","recMath":false,"recSteps":false,"minSummonerLevel":-1,"maxSummonerLevel":-1,"showIfSummonerSpell":"","hideIfSummonerSpell":"","appendAfterSection":"","visibleWithAllOf":[""],"hiddenWithAnyOf":[""],"items":[{"id":"3151","count":1,"hideCount":false},{"id":"3116","count":1,"hideCount":false},{"id":"3157","count":1,"hideCount":false}]},{"type":"offmeta","recMath":false,"recSteps":false,"minSummonerLevel":-1,"maxSummonerLevel":-1,"showIfSummonerSpell":"","hideIfSummonerSpell":"","appendAfterSection":"","visibleWithAllOf":[""],"hiddenWithAnyOf":[""],"items":[{"id":"3147","count":1,"hideCount":false},{"id":"3078","count":1,"hideCount":false},{"id":"3031","count":1,"hideCount":false}]},{"type":"consumables","recMath":false,"recSteps":false,"minSummonerLevel":-1,"maxSummonerLevel":-1,"showIfSummonerSpell":"","hideIfSummonerSpell":"","appendAfterSection":"","visibleWithAllOf":[""],"hiddenWithAnyOf":[""],"items":[{"id":"2003","count":1,"hideCount":true},{"id":"2139","count":1,"hideCount":false},{"id":"2033","count":1,"hideCount":false}]}]},{"champion":"Shaco","title":"ShacoSL","map":"NB","mode":"NEXUSBLITZ","type":"riot","customTag":"","sortrank":0,"extensionPage":false,"useObviousCheckmark":false,"customPanel":null,"blocks":[{"type":"starting","recMath":false,"recSteps":false,"minSummonerLevel":-1,"maxSummonerLevel":-1,"showIfSummonerSpell":"","hideIfSummonerSpell":"SummonerSmite","appendAfterSection":"","visibleWithAllOf":[""],"hiddenWithAnyOf":[""],"items":[{"id":"4201","count":1,"hideCount":false},{"id":"3340","count":1,"hideCount":false},{"id":"2003","count":1,"hideCount":false}]},{"type":"early","recMath":false,"recSteps":false,"minSummonerLevel":-1,"maxSummonerLevel":-1,"showIfSummonerSpell":"","hideIfSummonerSpell":"SummonerSmite","appendAfterSection":"","visibleWithAllOf":[""],"hiddenWithAnyOf":[""],"items":[{"id":"1001","count":1,"hideCount":false},{"id":"3134","count":1,"hideCount":false},{"id":"3133","count":1,"hideCount":false}]},{"type":"essential","recMath":false,"recSteps":false,"minSummonerLevel":-1,"maxSummonerLevel":-1,"showIfSummonerSpell":"","hideIfSummonerSpell":"SummonerSmite","appendAfterSection":"","visibleWithAllOf":[""],"hiddenWithAnyOf":[""],"items":[{"id":"3006","count":1,"hideCount":false},{"id":"3142","count":1,"hideCount":false},{"id":"3147","count":1,"hideCount":false}]},{"type":"offensive","recMath":false,"recSteps":false,"minSummonerLevel":-1,"maxSummonerLevel":-1,"showIfSummonerSpell":"","hideIfSummonerSpell":"SummonerSmite","appendAfterSection":"","visibleWithAllOf":[""],"hiddenWithAnyOf":[""],"items":[{"id":"3031","count":1,"hideCount":false},{"id":"3071","count":1,"hideCount":false},{"id":"3036","count":1,"hideCount":false}]},{"type":"selective","recMath":false,"recSteps":false,"minSummonerLevel":-1,"maxSummonerLevel":-1,"showIfSummonerSpell":"","hideIfSummonerSpell":"SummonerSmite","appendAfterSection":"","visibleWithAllOf":[""],"hiddenWithAnyOf":[""],"items":[{"id":"3814","count":1,"hideCount":false},{"id":"3139","count":1,"hideCount":false},{"id":"3026","count":1,"hideCount":false}]},{"type":"startingjungle","recMath":false,"recSteps":false,"minSummonerLevel":-1,"maxSummonerLevel":-1,"showIfSummonerSpell":"SummonerSmite","hideIfSummonerSpell":"","appendAfterSection":"","visibleWithAllOf":[""],"hiddenWithAnyOf":[""],"items":[{"id":"4101","count":1,"hideCount":false},{"id":"2003","count":1,"hideCount":false},{"id":"3340","count":1,"hideCount":false}]},{"type":"earlyjungle","recMath":false,"recSteps":false,"minSummonerLevel":-1,"maxSummonerLevel":-1,"showIfSummonerSpell":"SummonerSmite","hideIfSummonerSpell":"","appendAfterSection":"","visibleWithAllOf":[""],"hiddenWithAnyOf":[""],"items":[{"id":"3133","count":1,"hideCount":false},{"id":"1001","count":1,"hideCount":false}]},{"type":"essentialjungle","recMath":false,"recSteps":false,"minSummonerLevel":-1,"maxSummonerLevel":-1,"showIfSummonerSpell":"SummonerSmite","hideIfSummonerSpell":"","appendAfterSection":"","visibleWithAllOf":[""],"hiddenWithAnyOf":[""],"items":[{"id":"3117","count":1,"hideCount":false},{"id":"4102","count":1,"hideCount":false},{"id":"3147","count":1,"hideCount":false}]},{"type":"offensive","recMath":false,"recSteps":false,"minSummonerLevel":-1,"maxSummonerLevel":-1,"showIfSummonerSpell":"SummonerSmite","hideIfSummonerSpell":"","appendAfterSection":"","visibleWithAllOf":[""],"hiddenWithAnyOf":[""],"items":[{"id":"3142","count":1,"hideCount":false},{"id":"3031","count":1,"hideCount":false},{"id":"3095","count":1,"hideCount":false}]},{"type":"selective","recMath":false,"recSteps":false,"minSummonerLevel":-1,"maxSummonerLevel":-1,"showIfSummonerSpell":"SummonerSmite","hideIfSummonerSpell":"","appendAfterSection":"","visibleWithAllOf":[""],"hiddenWithAnyOf":[""],"items":[{"id":"3036","count":1,"hideCount":false},{"id":"3814","count":1,"hideCount":false},{"id":"3156","count":1,"hideCount":false}]},{"type":"consumables","recMath":false,"recSteps":false,"minSummonerLevel":-1,"maxSummonerLevel":-1,"showIfSummonerSpell":"","hideIfSummonerSpell":"","appendAfterSection":"","visibleWithAllOf":[""],"hiddenWithAnyOf":[""],"items":[{"id":"2031","count":1,"hideCount":false},{"id":"2140","count":1,"hideCount":true}]}]},{"champion":"Shaco","title":"ShacoSR","map":"SR","mode":"CLASSIC","type":"riot","customTag":"","sortrank":0,"extensionPage":false,"useObviousCheckmark":false,"customPanel":null,"blocks":[{"type":"starting","recMath":false,"recSteps":false,"minSummonerLevel":-1,"maxSummonerLevel":-1,"showIfSummonerSpell":"","hideIfSummonerSpell":"SummonerSmite","appendAfterSection":"","visibleWithAllOf":[""],"hiddenWithAnyOf":[""],"items":[{"id":"2033","count":1,"hideCount":false},{"id":"3340","count":1,"hideCount":false}]},{"type":"early","recMath":false,"recSteps":false,"minSummonerLevel":-1,"maxSummonerLevel":-1,"showIfSummonerSpell":"","hideIfSummonerSpell":"SummonerSmite","appendAfterSection":"","visibleWithAllOf":[""],"hiddenWithAnyOf":[""],"items":[{"id":"1001","count":1,"hideCount":false},{"id":"3802","count":1,"hideCount":false},{"id":"3145","count":1,"hideCount":false}]},{"type":"essential","recMath":false,"recSteps":false,"minSummonerLevel":-1,"maxSummonerLevel":-1,"showIfSummonerSpell":"","hideIfSummonerSpell":"SummonerSmite","appendAfterSection":"","visibleWithAllOf":[""],"hiddenWithAnyOf":[""],"items":[{"id":"3020","count":1,"hideCount":false},{"id":"3152","count":1,"hideCount":false},{"id":"3285","count":1,"hideCount":false}]},{"type":"offensive","recMath":false,"recSteps":false,"minSummonerLevel":-1,"maxSummonerLevel":-1,"showIfSummonerSpell":"","hideIfSummonerSpell":"SummonerSmite","appendAfterSection":"","visibleWithAllOf":[""],"hiddenWithAnyOf":[""],"items":[{"id":"3151","count":1,"hideCount":false},{"id":"3135","count":1,"hideCount":false},{"id":"3089","count":1,"hideCount":false}]},{"type":"situational","recMath":false,"recSteps":false,"minSummonerLevel":-1,"maxSummonerLevel":-1,"showIfSummonerSpell":"","hideIfSummonerSpell":"SummonerSmite","appendAfterSection":"","visibleWithAllOf":[""],"hiddenWithAnyOf":[""],"items":[{"id":"3165","count":1,"hideCount":false},{"id":"3157","count":1,"hideCount":false},{"id":"3102","count":1,"hideCount":false}]},{"type":"startingjungle","recMath":false,"recSteps":false,"minSummonerLevel":-1,"maxSummonerLevel":-1,"showIfSummonerSpell":"SummonerSmite","hideIfSummonerSpell":"","appendAfterSection":"","visibleWithAllOf":[""],"hiddenWithAnyOf":[""],"items":[{"id":"1039","count":1,"hideCount":false},{"id":"2031","count":1,"hideCount":false},{"id":"3340","count":1,"hideCount":false}]},{"type":"earlyjungle","recMath":false,"recSteps":false,"minSummonerLevel":-1,"maxSummonerLevel":-1,"showIfSummonerSpell":"SummonerSmite","hideIfSummonerSpell":"","appendAfterSection":"","visibleWithAllOf":[""],"hiddenWithAnyOf":[""],"items":[{"id":"3077","count":1,"hideCount":false},{"id":"3706","count":1,"hideCount":false},{"id":"1001","count":1,"hideCount":false}]},{"type":"essentialjungle","recMath":false,"recSteps":false,"minSummonerLevel":-1,"maxSummonerLevel":-1,"showIfSummonerSpell":"SummonerSmite","hideIfSummonerSpell":"","appendAfterSection":"","visibleWithAllOf":[""],"hiddenWithAnyOf":[""],"items":[{"id":"3117","count":1,"hideCount":false},{"id":"1400","count":1,"hideCount":false},{"id":"3147","count":1,"hideCount":false}]},{"type":"offensive","recMath":false,"recSteps":false,"minSummonerLevel":-1,"maxSummonerLevel":-1,"showIfSummonerSpell":"SummonerSmite","hideIfSummonerSpell":"","appendAfterSection":"","visibleWithAllOf":[""],"hiddenWithAnyOf":[""],"items":[{"id":"3142","count":1,"hideCount":false},{"id":"3074","count":1,"hideCount":false},{"id":"3179","count":1,"hideCount":false}]},{"type":"situational","recMath":false,"recSteps":false,"minSummonerLevel":-1,"maxSummonerLevel":-1,"showIfSummonerSpell":"SummonerSmite","hideIfSummonerSpell":"","appendAfterSection":"","visibleWithAllOf":[""],"hiddenWithAnyOf":[""],"items":[{"id":"3026","count":1,"hideCount":false},{"id":"3181","count":1,"hideCount":false},{"id":"3031","count":1,"hideCount":false}]},{"type":"consumables","recMath":false,"recSteps":false,"minSummonerLevel":-1,"maxSummonerLevel":-1,"showIfSummonerSpell":"","hideIfSummonerSpell":"","appendAfterSection":"","visibleWithAllOf":[""],"hiddenWithAnyOf":[""],"items":[{"id":"2140","count":1,"hideCount":true},{"id":"2139","count":1,"hideCount":true}]}]},{"champion":"Shaco","title":"ShacoSupport","map":"SR","mode":"CLASSIC","type":"riot-support","customTag":"","sortrank":0,"extensionPage":false,"useObviousCheckmark":false,"customPanel":null,"blocks":[{"type":"starting","recMath":false,"recSteps":false,"minSummonerLevel":-1,"maxSummonerLevel":-1,"showIfSummonerSpell":"","hideIfSummonerSpell":"","appendAfterSection":"","visibleWithAllOf":[""],"hiddenWithAnyOf":[""],"items":[{"id":"3850","count":1,"hideCount":false},{"id":"2003","count":2,"hideCount":false},{"id":"3340","count":1,"hideCount":false}]},{"type":"early","recMath":false,"recSteps":false,"minSummonerLevel":-1,"maxSummonerLevel":-1,"showIfSummonerSpell":"","hideIfSummonerSpell":"","appendAfterSection":"","visibleWithAllOf":[""],"hiddenWithAnyOf":[""],"items":[{"id":"1001","count":1,"hideCount":false},{"id":"3802","count":1,"hideCount":false}]},{"type":"essential","recMath":false,"recSteps":false,"minSummonerLevel":-1,"maxSummonerLevel":-1,"showIfSummonerSpell":"","hideIfSummonerSpell":"","appendAfterSection":"","visibleWithAllOf":[""],"hiddenWithAnyOf":[""],"items":[{"id":"3030","count":1,"hideCount":false},{"id":"3151","count":1,"hideCount":false}]},{"type":"aggressive","recMath":false,"recSteps":false,"minSummonerLevel":-1,"maxSummonerLevel":-1,"showIfSummonerSpell":"","hideIfSummonerSpell":"","appendAfterSection":"","visibleWithAllOf":[""],"hiddenWithAnyOf":[""],"items":[{"id":"3165","count":1,"hideCount":false},{"id":"3135","count":1,"hideCount":false},{"id":"3089","count":1,"hideCount":false}]},{"type":"situational","recMath":false,"recSteps":false,"minSummonerLevel":-1,"maxSummonerLevel":-1,"showIfSummonerSpell":"","hideIfSummonerSpell":"","appendAfterSection":"","visibleWithAllOf":[""],"hiddenWithAnyOf":[""],"items":[{"id":"3157","count":1,"hideCount":false},{"id":"3102","count":1,"hideCount":false}]},{"type":"consumables","recMath":false,"recSteps":false,"minSummonerLevel":-1,"maxSummonerLevel":-1,"showIfSummonerSpell":"","hideIfSummonerSpell":"","appendAfterSection":"","visibleWithAllOf":[""],"hiddenWithAnyOf":[""],"items":[{"id":"2003","count":1,"hideCount":true},{"id":"2139","count":1,"hideCount":true}]}]}]}}}