{"type":"champion","format":"standAloneComplex","version":"10.15.1","data":{"Shen":{"id":"Shen","key":"98","name":"Shen","title":"the Eye of Twilight","image":{"full":"Shen.png","sprite":"champion3.png","group":"champion","x":192,"y":48,"w":48,"h":48},"skins":[{"id":"98000","num":0,"name":"default","chromas":false},{"id":"98001","num":1,"name":"Frozen Shen","chromas":false},{"id":"98002","num":2,"name":"Yellow Jacket Shen","chromas":false},{"id":"98003","num":3,"name":"Surgeon Shen","chromas":true},{"id":"98004","num":4,"name":"Blood Moon Shen","chromas":false},{"id":"98005","num":5,"name":"Warlord Shen","chromas":true},{"id":"98006","num":6,"name":"TPA Shen","chromas":false},{"id":"98015","num":15,"name":"Pulsefire Shen","chromas":true},{"id":"98016","num":16,"name":"Infernal Shen","chromas":true}],"lore":"Among the secretive, Ionian warriors known as the Kinkou, Shen serves as their leader, the Eye of Twilight. He longs to remain free from the confusion of emotion, prejudice, and ego, and walks the unseen path of dispassionate judgment between the spirit realm and the physical world. Tasked with enforcing the equilibrium between them, Shen wields blades of steel and arcane energy against any who would threaten it.","blurb":"Among the secretive, Ionian warriors known as the Kinkou, Shen serves as their leader, the Eye of Twilight. He longs to remain free from the confusion of emotion, prejudice, and ego, and walks the unseen path of dispassionate judgment between the spirit...","allytips":["Keep an eye on allies and be ready to save them with your teleport.","Leverage your Energy to get a long-term advantage over Mana users."],"enemytips":["Be ready to dodge Shen's taunt and punish him if he misses.","Once Shen reaches level 6, watch out for his global-range ultimate, which can turn fights quickly."],"tags":["Tank"],"partype":"Energy","info":{"attack":3,"defense":9,"magic":3,"difficulty":4},"stats":{"hp":540,"hpperlevel":85,"mp":400,"mpperlevel":0,"movespeed":340,"armor":34,"armorperlevel":3,"spellblock":32.1,"spellblockperlevel":1.25,"attackrange":125,"hpregen":8.5,"hpregenperlevel":0.75,"mpregen":50,"mpregenperlevel":0,"crit":0,"critperlevel":0,"attackdamage":60,"attackdamageperlevel":3,"attackspeedperlevel":3,"attackspeed":0.751},"spells":[{"id":"ShenQ","name":"Twilight Assault","description":"Shen recalls his spirit blade to attack with it, dealing damage based on the target's max health. The attacks are greatly empowered if it collides with an enemy champion, and all collided enemies are slowed while running away from Shen.","tooltip":"Shen recalls his <span class=\"colorBB77FF\">spirit blade</span> and draws it. Enemies it collides with are slowed by {{ e4 }}% when moving away from Shen for the next {{ e5 }} seconds.<br /><br />Shen's next {{ e3 }} attacks deal <scaleLevel>{{ f1 }}</scaleLevel> plus {{ e2 }} <scaleAP>(+{{ charabilitypower*.01 }})</scaleAP>% of their target's max health as bonus magic damage. If the <span class=\"colorBB77FF\">spirit blade</span> collided with an enemy champion, those attacks deal <scaleLevel>{{ f2 }}</scaleLevel> plus {{ e6 }} <scaleAP>(+{{ charabilitypower2*.01 }})</scaleAP>% instead and have +{{ e9 }}% Attack Speed.<br /><br /><rules>Each attack deals {{ e1 }}% increased damage to monsters (capped at {{ e7 }}).</rules>","leveltip":{"label":["Base Percent Damage","Enhanced Percent Damage","Slow","@AbilityResourceName@ Cost","Monster Damage Cap","Cooldown"],"effect":["{{ e2 }}% -> {{ e2NL }}%","{{ e6 }}% -> {{ e6NL }}%","{{ e4 }}% -> {{ e4NL }}%","{{ cost }} -> {{ costNL }}","{{ e7 }} -> {{ e7NL }}","{{ cooldown }} -> {{ cooldownNL }}"]},"maxrank":5,"cooldown":[8,7.25,6.5,5.75,5],"cooldownBurn":"8/7.25/6.5/5.75/5","cost":[140,130,120,110,100],"costBurn":"140/130/120/110/100","datavalues":{},"effect":[null,[100,100,100,100,100],[2,2.5,3,3.5,4],[3,3,3,3,3],[15,20,25,30,35],[2,2,2,2,2],[5,5.5,6,6.5,7],[120,140,160,180,200],[8,8,8,8,8],[50,50,50,50,50],[75,75,75,75,75]],"effectBurn":[null,"100","2/2.5/3/3.5/4","3","15/20/25/30/35","2","5/5.5/6/6.5/7","120/140/160/180/200","8","50","75"],"vars":[],"costType":" {{ abilityresourcename }}","maxammo":"-1","range":[400,400,400,400,400],"rangeBurn":"400","image":{"full":"ShenQ.png","sprite":"spell10.png","group":"spell","x":0,"y":144,"w":48,"h":48},"resource":"{{ cost }} {{ abilityresourcename }}"},{"id":"ShenW","name":"Spirit's Refuge","description":"Attacks that would hit Shen or his allies near his spirit blade are blocked.","tooltip":"Shen's <span class=\"colorBB77FF\">spirit blade</span> creates a defensive zone for {{ e1 }} seconds. Basic attacks that would hit Shen or an allied champion in the zone are blocked.<br /><br />If there are no champions to protect in the zone when it starts, the <span class=\"colorBB77FF\">spirit blade</span> will not activate until one enters or {{ e2 }} seconds pass.","leveltip":{"label":["Cooldown"],"effect":["{{ cooldown }} -> {{ cooldownNL }}"]},"maxrank":5,"cooldown":[18,16.5,15,13.5,11],"cooldownBurn":"18/16.5/15/13.5/11","cost":[40,40,40,40,40],"costBurn":"40","datavalues":{},"effect":[null,[1.75,1.75,1.75,1.75,1.75],[2,2,2,2,2],[0,0,0,0,0],[0,0,0,0,0],[0,0,0,0,0],[0,0,0,0,0],[0,0,0,0,0],[0,0,0,0,0],[0,0,0,0,0],[0,0,0,0,0]],"effectBurn":[null,"1.75","2","0","0","0","0","0","0","0","0"],"vars":[],"costType":" {{ abilityresourcename }}","maxammo":"-1","range":[400,400,400,400,400],"rangeBurn":"400","image":{"full":"ShenW.png","sprite":"spell10.png","group":"spell","x":48,"y":144,"w":48,"h":48},"resource":"{{ cost }} {{ abilityresourcename }}"},{"id":"ShenE","name":"Shadow Dash","description":"Shen dashes in a direction, taunting enemies in his path.","tooltip":"<spellPassive>Passive:</spellPassive> Dealing damage with Shadow Dash or Twilight Assault recovers <scaleLevel>{{ f1 }}</scaleLevel> Energy.<br /><br /><spellPassive>Active:</spellPassive> Shen dashes in a direction, dealing {{ e2 }} <span class=\"colorCC3300\">[+{{ f2 }}]</span> physical damage to enemy champions and neutral monsters in his path and taunting them for {{ e1 }} seconds.","leveltip":{"label":["Damage","Cooldown"],"effect":["{{ e2 }} -> {{ e2NL }}","{{ cooldown }} -> {{ cooldownNL }}"]},"maxrank":5,"cooldown":[18,16,14,12,10],"cooldownBurn":"18/16/14/12/10","cost":[150,150,150,150,150],"costBurn":"150","datavalues":{},"effect":[null,[1.5,1.5,1.5,1.5,1.5],[60,85,110,135,160],[25,25,25,25,25],[300,300,300,300,300],[125,125,125,125,125],[150,150,150,150,150],[800,800,800,800,800],[0,0,0,0,0],[0,0,0,0,0],[0,0,0,0,0]],"effectBurn":[null,"1.5","60/85/110/135/160","25","300","125","150","800","0","0","0"],"vars":[],"costType":" {{ abilityresourcename }}","maxammo":"-1","range":[600,600,600,600,600],"rangeBurn":"600","image":{"full":"ShenE.png","sprite":"spell10.png","group":"spell","x":96,"y":144,"w":48,"h":48},"resource":"{{ cost }} {{ abilityresourcename }}"},{"id":"ShenR","name":"Stand United","description":"Shen shields target allied champion from incoming damage, and soon after teleports to their location.","tooltip":"Shen grants a shield to a target allied champion that lasts {{ shieldduration }} seconds and absorbs up to {{ shield }} to {{ maxshield }} damage based on their missing health. After channeling for {{ channelduration }} seconds, Shen and his <span class=\"colorBB77FF\">spirit blade</span> teleport to the ally's location.","leveltip":{"label":["Minimum Shield Health","Maximum Shield Health","Cooldown"],"effect":["{{ baseshieldamount }} -> {{ baseshieldamountNL }}","{{ baseshieldmax_tooltip }} -> {{ baseshieldmax_tooltipNL }}","{{ cooldown }} -> {{ cooldownNL }}"]},"maxrank":3,"cooldown":[200,180,160],"cooldownBurn":"200/180/160","cost":[0,0,0],"costBurn":"0","datavalues":{},"effect":[null,[0,0,0],[0,0,0],[0,0,0],[0,0,0],[0,0,0],[0,0,0],[0,0,0],[0,0,0],[0,0,0],[0,0,0]],"effectBurn":[null,"0","0","0","0","0","0","0","0","0","0"],"vars":[],"costType":"No Cost","maxammo":"-1","range":[35000,35000,35000],"rangeBurn":"35000","image":{"full":"ShenR.png","sprite":"spell10.png","group":"spell","x":144,"y":144,"w":48,"h":48},"resource":"No Cost"}],"passive":{"name":"Ki Barrier","description":"After casting a spell, Shen gets a shield. Affecting other champions reduces the cooldown of this effect.","image":{"full":"Shen_Passive.png","sprite":"passive3.png","group":"passive","x":192,"y":48,"w":48,"h":48}},"recommended":[{"champion":"Shen","title":"Beginner","type":"riot","map":"SR","mode":"INTRO","priority":false,"blocks":[{"type":"beginner_Starter","maxSummonerLevel":4,"items":[{"id":"1054","count":1}]},{"type":"beginner_Starter","minSummonerLevel":5,"items":[{"id":"1054","count":1},{"id":"2003","count":1}]},{"type":"beginner_Advanced","recMath":true,"items":[{"id":"1028","count":1},{"id":"1036","count":1},{"id":"3044","count":1}]},{"type":"beginner_MovementSpeed","recMath":true,"items":[{"id":"1001","count":1},{"id":"1029","count":1},{"id":"3047","count":1}]},{"type":"beginner_LegendaryItem","recMath":true,"items":[{"id":"3044","count":1},{"id":"3057","count":1},{"id":"3086","count":1},{"id":"3078","count":1}]},{"type":"beginner_MoreLegendaryItems","items":[{"id":"3068","count":1},{"id":"3091","count":1},{"id":"3065","count":1},{"id":"3083","count":1}]}]},{"champion":"Shen","title":"ShenARAM","map":"HA","mode":"ARAM","type":"riot","customTag":"","sortrank":0,"extensionPage":false,"useObviousCheckmark":false,"customPanel":null,"blocks":[{"type":"starting","recMath":false,"recSteps":false,"minSummonerLevel":-1,"maxSummonerLevel":-1,"showIfSummonerSpell":"","hideIfSummonerSpell":"","appendAfterSection":"","visibleWithAllOf":[""],"hiddenWithAnyOf":[""],"items":[{"id":"2051","count":1,"hideCount":false},{"id":"1001","count":1,"hideCount":false},{"id":"2003","count":3,"hideCount":false}]},{"type":"essential","recMath":false,"recSteps":false,"minSummonerLevel":-1,"maxSummonerLevel":-1,"showIfSummonerSpell":"","hideIfSummonerSpell":"","appendAfterSection":"","visibleWithAllOf":[""],"hiddenWithAnyOf":[""],"items":[{"id":"3748","count":1,"hideCount":false},{"id":"3111","count":1,"hideCount":false},{"id":"3068","count":1,"hideCount":false}]},{"type":"offensive","recMath":false,"recSteps":false,"minSummonerLevel":-1,"maxSummonerLevel":-1,"showIfSummonerSpell":"","hideIfSummonerSpell":"","appendAfterSection":"","visibleWithAllOf":[""],"hiddenWithAnyOf":[""],"items":[{"id":"3022","count":1,"hideCount":false},{"id":"3091","count":1,"hideCount":false},{"id":"3005","count":1,"hideCount":false}]},{"type":"defensive","recMath":false,"recSteps":false,"minSummonerLevel":-1,"maxSummonerLevel":-1,"showIfSummonerSpell":"","hideIfSummonerSpell":"","appendAfterSection":"","visibleWithAllOf":[""],"hiddenWithAnyOf":[""],"items":[{"id":"3109","count":1,"hideCount":false},{"id":"3742","count":1,"hideCount":false},{"id":"3190","count":1,"hideCount":false}]},{"type":"consumables","recMath":false,"recSteps":false,"minSummonerLevel":-1,"maxSummonerLevel":-1,"showIfSummonerSpell":"","hideIfSummonerSpell":"","appendAfterSection":"","visibleWithAllOf":[""],"hiddenWithAnyOf":[""],"items":[{"id":"2003","count":1,"hideCount":true},{"id":"2138","count":1,"hideCount":true}]}]},{"champion":"Shen","title":"ShenFIRSTBLOOD","map":"HA","mode":"FIRSTBLOOD","type":"riot","customTag":"","sortrank":0,"extensionPage":false,"customPanel":null,"blocks":[{"type":"starting","recMath":false,"recSteps":false,"minSummonerLevel":-1,"maxSummonerLevel":-1,"showIfSummonerSpell":"","hideIfSummonerSpell":"SummonerSmite","items":[{"id":"1054","count":1,"hideCount":false},{"id":"2003","count":1,"hideCount":false},{"id":"3340","count":1,"hideCount":false}]},{"type":"","recMath":false,"recSteps":false,"minSummonerLevel":-1,"maxSummonerLevel":-1,"showIfSummonerSpell":"SummonerSmite","hideIfSummonerSpell":"","items":[{"id":"1041","count":1,"hideCount":false},{"id":"2003","count":3,"hideCount":false},{"id":"3340","count":1,"hideCount":false}]},{"type":"essential","recMath":false,"recSteps":false,"minSummonerLevel":-1,"maxSummonerLevel":-1,"showIfSummonerSpell":"","hideIfSummonerSpell":"SummonerSmite","items":[{"id":"3047","count":1,"hideCount":false},{"id":"3211","count":1,"hideCount":false},{"id":"3068","count":1,"hideCount":false}]},{"type":"essentialjungle","recMath":false,"recSteps":false,"minSummonerLevel":-1,"maxSummonerLevel":-1,"showIfSummonerSpell":"SummonerSmite","hideIfSummonerSpell":"","items":[{"id":"3047","count":1,"hideCount":false},{"id":"1401","count":1,"hideCount":false},{"id":"3211","count":1,"hideCount":false}]},{"type":"offensive","recMath":false,"recSteps":false,"minSummonerLevel":-1,"maxSummonerLevel":-1,"showIfSummonerSpell":"","hideIfSummonerSpell":"","items":[{"id":"3078","count":1,"hideCount":false},{"id":"3091","count":1,"hideCount":false},{"id":"3748","count":1,"hideCount":false}]},{"type":"defensive","recMath":false,"recSteps":false,"minSummonerLevel":-1,"maxSummonerLevel":-1,"showIfSummonerSpell":"","hideIfSummonerSpell":"","items":[{"id":"3143","count":1,"hideCount":false},{"id":"3065","count":1,"hideCount":false},{"id":"3102","count":1,"hideCount":false},{"id":"3075","count":1,"hideCount":false}]},{"type":"consumables","recMath":false,"recSteps":false,"minSummonerLevel":-1,"maxSummonerLevel":-1,"showIfSummonerSpell":"","hideIfSummonerSpell":"","items":[{"id":"2003","count":1,"hideCount":false}]}]},{"champion":"Shen","title":"ShenARAM","map":"HA","mode":"KINGPORO","type":"riot","customTag":"","sortrank":0,"extensionPage":false,"useObviousCheckmark":false,"customPanel":null,"blocks":[{"type":"KingPoroSnax","recMath":false,"recSteps":false,"minSummonerLevel":-1,"maxSummonerLevel":-1,"showIfSummonerSpell":"","hideIfSummonerSpell":"","items":[{"id":"3680","count":1,"hideCount":false},{"id":"3681","count":1,"hideCount":false},{"id":"3682","count":1,"hideCount":false},{"id":"3683","count":1,"hideCount":false},{"id":"3684","count":1,"hideCount":false},{"id":"3685","count":1,"hideCount":false}]},{"type":"starting","recMath":false,"recSteps":false,"minSummonerLevel":-1,"maxSummonerLevel":-1,"showIfSummonerSpell":"","hideIfSummonerSpell":"","appendAfterSection":"","visibleWithAllOf":[""],"hiddenWithAnyOf":[""],"items":[{"id":"2051","count":1,"hideCount":false},{"id":"1001","count":1,"hideCount":false},{"id":"2003","count":3,"hideCount":false}]},{"type":"essential","recMath":false,"recSteps":false,"minSummonerLevel":-1,"maxSummonerLevel":-1,"showIfSummonerSpell":"","hideIfSummonerSpell":"","appendAfterSection":"","visibleWithAllOf":[""],"hiddenWithAnyOf":[""],"items":[{"id":"3748","count":1,"hideCount":false},{"id":"3111","count":1,"hideCount":false},{"id":"3068","count":1,"hideCount":false}]},{"type":"offensive","recMath":false,"recSteps":false,"minSummonerLevel":-1,"maxSummonerLevel":-1,"showIfSummonerSpell":"","hideIfSummonerSpell":"","appendAfterSection":"","visibleWithAllOf":[""],"hiddenWithAnyOf":[""],"items":[{"id":"3022","count":1,"hideCount":false},{"id":"3091","count":1,"hideCount":false},{"id":"3005","count":1,"hideCount":false}]},{"type":"defensive","recMath":false,"recSteps":false,"minSummonerLevel":-1,"maxSummonerLevel":-1,"showIfSummonerSpell":"","hideIfSummonerSpell":"","appendAfterSection":"","visibleWithAllOf":[""],"hiddenWithAnyOf":[""],"items":[{"id":"3109","count":1,"hideCount":false},{"id":"3742","count":1,"hideCount":false},{"id":"3190","count":1,"hideCount":false}]},{"type":"consumables","recMath":false,"recSteps":false,"minSummonerLevel":-1,"maxSummonerLevel":-1,"showIfSummonerSpell":"","hideIfSummonerSpell":"","appendAfterSection":"","visibleWithAllOf":[""],"hiddenWithAnyOf":[""],"items":[{"id":"2003","count":1,"hideCount":true},{"id":"2138","count":1,"hideCount":true}]}]},{"champion":"Shen","title":"ShenSL","map":"NB","mode":"NEXUSBLITZ","type":"riot","customTag":"","sortrank":0,"extensionPage":false,"useObviousCheckmark":false,"customPanel":null,"blocks":[{"type":"starting","recMath":false,"recSteps":false,"minSummonerLevel":-1,"maxSummonerLevel":-1,"showIfSummonerSpell":"","hideIfSummonerSpell":"SummonerSmite","appendAfterSection":"","visibleWithAllOf":[""],"hiddenWithAnyOf":[""],"items":[{"id":"4201","count":1,"hideCount":false},{"id":"2003","count":1,"hideCount":false},{"id":"3340","count":1,"hideCount":false}]},{"type":"startingjungle","recMath":false,"recSteps":false,"minSummonerLevel":-1,"maxSummonerLevel":-1,"showIfSummonerSpell":"SummonerSmite","hideIfSummonerSpell":"","appendAfterSection":"","visibleWithAllOf":[""],"hiddenWithAnyOf":[""],"items":[{"id":"4101","count":1,"hideCount":false},{"id":"2003","count":1,"hideCount":false},{"id":"3340","count":1,"hideCount":false}]},{"type":"early","recMath":false,"recSteps":false,"minSummonerLevel":-1,"maxSummonerLevel":-1,"showIfSummonerSpell":"","hideIfSummonerSpell":"SummonerSmite","appendAfterSection":"","visibleWithAllOf":[""],"hiddenWithAnyOf":[""],"items":[{"id":"1001","count":1,"hideCount":false},{"id":"3751","count":1,"hideCount":false},{"id":"3077","count":1,"hideCount":false}]},{"type":"earlyjungle","recMath":false,"recSteps":false,"minSummonerLevel":-1,"maxSummonerLevel":-1,"showIfSummonerSpell":"SummonerSmite","hideIfSummonerSpell":"","appendAfterSection":"","visibleWithAllOf":[""],"hiddenWithAnyOf":[""],"items":[{"id":"1001","count":1,"hideCount":false},{"id":"3751","count":1,"hideCount":false}]},{"type":"essential","recMath":false,"recSteps":false,"minSummonerLevel":-1,"maxSummonerLevel":-1,"showIfSummonerSpell":"","hideIfSummonerSpell":"SummonerSmite","appendAfterSection":"","visibleWithAllOf":[""],"hiddenWithAnyOf":[""],"items":[{"id":"3111","count":1,"hideCount":false},{"id":"3068","count":1,"hideCount":false},{"id":"3748","count":1,"hideCount":false}]},{"type":"essentialjungle","recMath":false,"recSteps":false,"minSummonerLevel":-1,"maxSummonerLevel":-1,"showIfSummonerSpell":"SummonerSmite","hideIfSummonerSpell":"","appendAfterSection":"","visibleWithAllOf":[""],"hiddenWithAnyOf":[""],"items":[{"id":"3111","count":1,"hideCount":false},{"id":"3748","count":1,"hideCount":false},{"id":"4103","count":1,"hideCount":false}]},{"type":"defensive","recMath":false,"recSteps":false,"minSummonerLevel":-1,"maxSummonerLevel":-1,"showIfSummonerSpell":"","hideIfSummonerSpell":"","appendAfterSection":"","visibleWithAllOf":[""],"hiddenWithAnyOf":[""],"items":[{"id":"3083","count":1,"hideCount":false},{"id":"3065","count":1,"hideCount":false},{"id":"3143","count":1,"hideCount":false}]},{"type":"situational","recMath":false,"recSteps":false,"minSummonerLevel":-1,"maxSummonerLevel":-1,"showIfSummonerSpell":"","hideIfSummonerSpell":"","appendAfterSection":"","visibleWithAllOf":[""],"hiddenWithAnyOf":[""],"items":[{"id":"3143","count":1,"hideCount":false},{"id":"3194","count":1,"hideCount":false},{"id":"3005","count":1,"hideCount":false}]},{"type":"consumables","recMath":false,"recSteps":false,"minSummonerLevel":-1,"maxSummonerLevel":-1,"showIfSummonerSpell":"","hideIfSummonerSpell":"","appendAfterSection":"","visibleWithAllOf":[""],"hiddenWithAnyOf":[""],"items":[{"id":"2003","count":1,"hideCount":true},{"id":"2138","count":1,"hideCount":true}]}]},{"champion":"Shen","title":"ShenSR","map":"SR","mode":"CLASSIC","type":"riot","customTag":"","sortrank":0,"extensionPage":false,"useObviousCheckmark":false,"customPanel":null,"blocks":[{"type":"starting","recMath":false,"recSteps":false,"minSummonerLevel":-1,"maxSummonerLevel":-1,"showIfSummonerSpell":"","hideIfSummonerSpell":"SummonerSmite","appendAfterSection":"","visibleWithAllOf":[""],"hiddenWithAnyOf":[""],"items":[{"id":"1054","count":1,"hideCount":false},{"id":"2003","count":1,"hideCount":false},{"id":"3340","count":1,"hideCount":false}]},{"type":"startingjungle","recMath":false,"recSteps":false,"minSummonerLevel":-1,"maxSummonerLevel":-1,"showIfSummonerSpell":"SummonerSmite","hideIfSummonerSpell":"","appendAfterSection":"","visibleWithAllOf":[""],"hiddenWithAnyOf":[""],"items":[{"id":"1041","count":1,"hideCount":false},{"id":"2003","count":3,"hideCount":false},{"id":"3340","count":1,"hideCount":false}]},{"type":"early","recMath":false,"recSteps":false,"minSummonerLevel":-1,"maxSummonerLevel":-1,"showIfSummonerSpell":"","hideIfSummonerSpell":"SummonerSmite","appendAfterSection":"","visibleWithAllOf":[""],"hiddenWithAnyOf":[""],"items":[{"id":"1001","count":1,"hideCount":false},{"id":"3751","count":1,"hideCount":false},{"id":"1031","count":1,"hideCount":false}]},{"type":"earlyjungle","recMath":false,"recSteps":false,"minSummonerLevel":-1,"maxSummonerLevel":-1,"showIfSummonerSpell":"SummonerSmite","hideIfSummonerSpell":"","appendAfterSection":"","visibleWithAllOf":[""],"hiddenWithAnyOf":[""],"items":[{"id":"1001","count":1,"hideCount":false},{"id":"3751","count":1,"hideCount":false},{"id":"3715","count":1,"hideCount":false}]},{"type":"essential","recMath":false,"recSteps":false,"minSummonerLevel":-1,"maxSummonerLevel":-1,"showIfSummonerSpell":"","hideIfSummonerSpell":"SummonerSmite","appendAfterSection":"","visibleWithAllOf":[""],"hiddenWithAnyOf":[""],"items":[{"id":"3111","count":1,"hideCount":false},{"id":"3068","count":1,"hideCount":false},{"id":"3748","count":1,"hideCount":false}]},{"type":"essentialjungle","recMath":false,"recSteps":false,"minSummonerLevel":-1,"maxSummonerLevel":-1,"showIfSummonerSpell":"SummonerSmite","hideIfSummonerSpell":"","appendAfterSection":"","visibleWithAllOf":[""],"hiddenWithAnyOf":[""],"items":[{"id":"3111","count":1,"hideCount":false},{"id":"1413","count":1,"hideCount":false},{"id":"3748","count":1,"hideCount":false}]},{"type":"defensive","recMath":false,"recSteps":false,"minSummonerLevel":-1,"maxSummonerLevel":-1,"showIfSummonerSpell":"","hideIfSummonerSpell":"","appendAfterSection":"","visibleWithAllOf":[""],"hiddenWithAnyOf":[""],"items":[{"id":"3742","count":1,"hideCount":false},{"id":"3083","count":1,"hideCount":false},{"id":"3065","count":1,"hideCount":false}]},{"type":"situational","recMath":false,"recSteps":false,"minSummonerLevel":-1,"maxSummonerLevel":-1,"showIfSummonerSpell":"","hideIfSummonerSpell":"","appendAfterSection":"","visibleWithAllOf":[""],"hiddenWithAnyOf":[""],"items":[{"id":"3143","count":1,"hideCount":false},{"id":"3194","count":1,"hideCount":false},{"id":"3005","count":1,"hideCount":false}]},{"type":"consumables","recMath":false,"recSteps":false,"minSummonerLevel":-1,"maxSummonerLevel":-1,"showIfSummonerSpell":"","hideIfSummonerSpell":"","appendAfterSection":"","visibleWithAllOf":[""],"hiddenWithAnyOf":[""],"items":[{"id":"2003","count":1,"hideCount":true},{"id":"2138","count":1,"hideCount":true}]}]}]}}}