{"type":"champion","format":"standAloneComplex","version":"10.15.1","data":{"Shyvana":{"id":"Shyvana","key":"102","name":"Shyvana","title":"the Half-Dragon","image":{"full":"Shyvana.png","sprite":"champion3.png","group":"champion","x":240,"y":48,"w":48,"h":48},"skins":[{"id":"102000","num":0,"name":"default","chromas":false},{"id":"102001","num":1,"name":"Ironscale Shyvana","chromas":false},{"id":"102002","num":2,"name":"Boneclaw Shyvana","chromas":false},{"id":"102003","num":3,"name":"Darkflame Shyvana","chromas":false},{"id":"102004","num":4,"name":"Ice Drake Shyvana","chromas":false},{"id":"102005","num":5,"name":"Championship Shyvana","chromas":true},{"id":"102006","num":6,"name":"Super Galaxy Shyvana","chromas":false}],"lore":"Shyvana is a creature with the magic of a rune shard burning within her heart. Though she often appears humanoid, she can take her true form as a fearsome dragon, incinerating her foes with fiery breath. Having saved the life of the crown prince Jarvan IV, Shyvana now serves uneasily in his royal guard, struggling to find acceptance among the suspicious people of Demacia.","blurb":"Shyvana is a creature with the magic of a rune shard burning within her heart. Though she often appears humanoid, she can take her true form as a fearsome dragon, incinerating her foes with fiery breath. Having saved the life of the crown prince Jarvan...","allytips":["Shyvana's abilities all benefit from attacking units. As a result, Attack Speed items are more valuable on her than most champions.","Flame Breath is great to level-up against difficult lane opponents.","Burnout is an ideal choice for jungling. Monsters will be hit by the full duration, and the speed boost improves her ganking potential.","It can be valuable to purchase one of the items that can slow enemies: Frozen Mallet, Dead Man's Plate, or Entropy."],"enemytips":["A significant portion of Shyvana's power is generated through aggression, making her weak against opponents who are able to keep their distance.","All of Shyvana's basic abilities hit multiple enemies in dragon form. It's important for opposing champions to not cluster while fighting her.","Shyvana's Fury Bar indicate her ultimate can be activated. Harassing her when she's low on Fury can be very effective."],"tags":["Fighter","Tank"],"partype":"Fury","info":{"attack":8,"defense":6,"magic":3,"difficulty":4},"stats":{"hp":595,"hpperlevel":95,"mp":100,"mpperlevel":0,"movespeed":350,"armor":38,"armorperlevel":3.35,"spellblock":32.1,"spellblockperlevel":1.25,"attackrange":125,"hpregen":8.5,"hpregenperlevel":0.8,"mpregen":0,"mpregenperlevel":0,"crit":0,"critperlevel":0,"attackdamage":66,"attackdamageperlevel":3.4,"attackspeedperlevel":2.5,"attackspeed":0.658},"spells":[{"id":"ShyvanaDoubleAttack","name":"Twin Bite","description":"Shyvana strikes twice on her next attack. Basic attacks reduce the cooldown of Twin Bite by 0.5 seconds.<br><br><font color='#FF3300'>Dragon Form: </font>Twin Bite cleaves all units in front of Shyvana.","tooltip":"Shyvana strikes twice on her next attack, dealing <physicalDamage>{{ firsthitdamagecalc }}</physicalDamage> and <physicalDamage>{{ secondhitdamagecalc }} physical damage</physicalDamage> on the first and second hits respectively.<br /><br />While Twin Bite is on cooldown, basic attacks reduce the remaining cooldown duration by {{ cdreductiononhit }} seconds.<br /><br /><scaleHealth>Dragon Form: </scaleHealth>Twin Bite cleaves all units in front Shyvana.<br /><br /><span class=\"color919191\"><i>Twin Bite's second hit damage is equal to {{ secondhitdamage*100 }}% of Shyvana's attack damage.</i></span>","leveltip":{"label":["Bonus Damage","Cooldown"],"effect":["{{ secondhitdamage*100.000000 }}% -> {{ secondhitdamagenl*100.000000 }}%","{{ cooldown }} -> {{ cooldownNL }}"]},"maxrank":5,"cooldown":[9,8,7,6,5],"cooldownBurn":"9/8/7/6/5","cost":[0,0,0,0,0],"costBurn":"0","datavalues":{},"effect":[null,[0,0,0,0,0],[0,0,0,0,0],[0,0,0,0,0],[0,0,0,0,0],[0,0,0,0,0],[0,0,0,0,0],[0,0,0,0,0],[0,0,0,0,0],[0,0,0,0,0],[0,0,0,0,0]],"effectBurn":[null,"0","0","0","0","0","0","0","0","0","0"],"vars":[],"costType":"No Cost","maxammo":"-1","range":[650,650,650,650,650],"rangeBurn":"650","image":{"full":"ShyvanaDoubleAttack.png","sprite":"spell10.png","group":"spell","x":192,"y":144,"w":48,"h":48},"resource":"No Cost"},{"id":"ShyvanaImmolationAura","name":"Burnout","description":"Shyvana surrounds herself in fire, dealing magic damage per second to nearby enemies and moving faster for 3 seconds, part of this damage is applied again when Shyvana basic attacks an enemy with Burnout active. The Movement Speed reduces over the duration of the spell. Basic attacks extend the duration of Burnout. <br><br><font color='#FF3300'>Dragon Form: </font>Burnout grows in size.","tooltip":"Shyvana deals <magicDamage>{{ damagepertickcalc }} magic damage</magicDamage> per second to nearby enemies and gains a bonus {{ mspercent*100 }}% movement speed that decays over {{ baseduration }} seconds.<br /><br />While Burnout is active, basic attacks deal <magicDamage>{{ damageonhitcalc }} magic damage</magicDamage> to nearby enemies and extend its duration by {{ bonusdurationonhit }} second.<br /><br /><scaleHealth>Dragon Form: </scaleHealth>Burnout grows in size.<br /><br /><span class=\"color919191\"><i>Burnout has a maximum duration of {{ maxbuffduration }} seconds.</i></span>","leveltip":{"label":["Damage (aura)","Damage (on hit)","Movement Speed"],"effect":["{{ damagepertick }} -> {{ damagepertickNL }}","{{ damagepertick*0.250000 }} -> {{ damageperticknl*0.250000 }}","{{ mspercent*100.000000 }}% -> {{ mspercentnl*100.000000 }}%"]},"maxrank":5,"cooldown":[12,12,12,12,12],"cooldownBurn":"12","cost":[0,0,0,0,0],"costBurn":"0","datavalues":{},"effect":[null,[0,0,0,0,0],[0,0,0,0,0],[0,0,0,0,0],[0,0,0,0,0],[0,0,0,0,0],[0,0,0,0,0],[0,0,0,0,0],[0,0,0,0,0],[0,0,0,0,0],[0,0,0,0,0]],"effectBurn":[null,"0","0","0","0","0","0","0","0","0","0"],"vars":[],"costType":"No Cost","maxammo":"-1","range":[325,325,325,325,325],"rangeBurn":"325","image":{"full":"ShyvanaImmolationAura.png","sprite":"spell10.png","group":"spell","x":240,"y":144,"w":48,"h":48},"resource":"No Cost"},{"id":"ShyvanaFireball","name":"Flame Breath","description":"Shyvana unleashes a fireball that deals damage to all enemies it encounters and leaves cinders on the target, marking them for 5 seconds. Shyvana's basic attacks on marked targets deal a percentage of their maximum Health as damage on-hit.<br><br><font color='#FF3300'>Dragon Form: </font>Flame Breath explodes on impact or at target location, dealing bonus damage and scorching the earth for a short duration.","tooltip":"Shyvana unleashes a fireball that stops after hitting a champion. All enemies hit take <magicDamage>{{ damagecalc }} magic damage</magicDamage> and are marked for {{ markduration }} seconds.<br /><br />Shyvana's basic attacks against marked targets deal {{ percenthpdamage*100 }}% of their maximum health as magic damage on hit.<br /><br /><scaleHealth>Dragon Form: </scaleHealth>Flame Breath explodes on impact or at target location, dealing <magicDamage>{{ dragonexplosioncalc }} bonus magic damage</magicDamage> and scorching the earth for 4 seconds. Enemies on scorched earth take <magicDamage>{{ dragondamagepertickcalc }} magic damage</magicDamage> per second.<br /><br /><span class=\"color919191\"><i>Flame Breath's on-hit damage against monsters is capped at {{ maxdamagevsmonsters }} damage per hit.</i></span>","leveltip":{"label":["Damage","Cooldown"],"effect":["{{ basedamage }} -> {{ basedamageNL }}","{{ cooldown }} -> {{ cooldownNL }}"]},"maxrank":5,"cooldown":[12,11,10,9,8],"cooldownBurn":"12/11/10/9/8","cost":[0,0,0,0,0],"costBurn":"0","datavalues":{},"effect":[null,[0,0,0,0,0],[0,0,0,0,0],[0,0,0,0,0],[0,0,0,0,0],[0,0,0,0,0],[60,100,140,180,220],[0,0,0,0,0],[0,0,0,0,0],[0,0,0,0,0],[0,0,0,0,0]],"effectBurn":[null,"0","0","0","0","0","60/100/140/180/220","0","0","0","0"],"vars":[],"costType":"No Cost","maxammo":"-1","range":[925,925,925,925,925],"rangeBurn":"925","image":{"full":"ShyvanaFireball.png","sprite":"spell10.png","group":"spell","x":288,"y":144,"w":48,"h":48},"resource":"No Cost"},{"id":"ShyvanaTransformCast","name":"Dragon's Descent","description":"Shyvana transforms into a dragon and takes flight to a target location. Enemies along her path take damage and are knocked toward her target location.<br><br>Shyvana passively gains Fury per second and gains 2 Fury on basic attack.","tooltip":"<spellPassive>Active: </spellPassive>Shyvana transforms into a dragon, gaining {{ bonushp }} Health and flying to target location. Enemies along her path take <magicDamage>{{ damagecalc }} magic damage</magicDamage> and are knocked toward her target location.<br /><br /><spellPassive>Passive: </spellPassive>Shyvana generates {{ furygainpertick }} Fury every second. Basic Attacks generate {{ furygainonhit }} Fury.","leveltip":{"label":["Passive Fury Gain","Bonus Health","Flight Damage"],"effect":["{{ furygainpertick }} -> {{ furygainpertickNL }}","{{ bonushp }} -> {{ bonushpNL }}","{{ damage }} -> {{ damageNL }}"]},"maxrank":3,"cooldown":[0,0,0],"cooldownBurn":"0","cost":[0,0,0],"costBurn":"0","datavalues":{},"effect":[null,[0,0,0],[0,0,0],[0,0,0],[0,0,0],[0,0,0],[0,0,0],[0,0,0],[0,0,0],[0,0,0],[0,0,0]],"effectBurn":[null,"0","0","0","0","0","0","0","0","0","0"],"vars":[],"costType":" Fury a Second","maxammo":"-1","range":[850,850,850],"rangeBurn":"850","image":{"full":"ShyvanaTransformCast.png","sprite":"spell10.png","group":"spell","x":336,"y":144,"w":48,"h":48},"resource":"{{ furydrainpersecond }} Fury a Second"}],"passive":{"name":"Fury of the Dragonborn","description":"<mainText>Shyvana deals bonus damage to dragons and gains Armor and Magic Resistance. As Shyvana and her allies slay more dragons, she gains more bonus Armor and Magic Resistance.</mainText>","image":{"full":"ShyvanaReinforcedScales.png","sprite":"passive3.png","group":"passive","x":240,"y":48,"w":48,"h":48}},"recommended":[{"champion":"Shyvana","title":"Beginner","map":"SR","mode":"INTRO","type":"riot","customTag":"","extensionPage":false,"customPanel":null,"blocks":[{"type":"beginner_starter","recMath":false,"recSteps":false,"minSummonerLevel":-1,"maxSummonerLevel":4,"showIfSummonerSpell":"","hideIfSummonerSpell":"","items":[{"id":"1054","count":1,"hideCount":false}]},{"type":"beginner_starter","recMath":false,"recSteps":false,"minSummonerLevel":5,"maxSummonerLevel":-1,"showIfSummonerSpell":"","hideIfSummonerSpell":"","items":[{"id":"1054","count":1,"hideCount":false},{"id":"2003","count":1,"hideCount":false}]},{"type":"beginner_advanced","recMath":true,"recSteps":false,"minSummonerLevel":-1,"maxSummonerLevel":-1,"showIfSummonerSpell":"","hideIfSummonerSpell":"","items":[{"id":"1036","count":1,"hideCount":false},{"id":"1028","count":1,"hideCount":false},{"id":"3044","count":1,"hideCount":false}]},{"type":"beginner_movementspeed","recMath":true,"recSteps":false,"minSummonerLevel":-1,"maxSummonerLevel":-1,"showIfSummonerSpell":"","hideIfSummonerSpell":"","items":[{"id":"1001","count":1,"hideCount":false},{"id":"1029","count":1,"hideCount":false},{"id":"3047","count":1,"hideCount":false}]},{"type":"beginner_legendaryitem","recMath":true,"recSteps":false,"minSummonerLevel":-1,"maxSummonerLevel":-1,"showIfSummonerSpell":"","hideIfSummonerSpell":"","items":[{"id":"3044","count":1,"hideCount":false},{"id":"3133","count":1,"hideCount":false},{"id":"3071","count":1,"hideCount":false}]},{"type":"beginner_morelegendaryitems","recMath":false,"recSteps":false,"minSummonerLevel":-1,"maxSummonerLevel":-1,"showIfSummonerSpell":"","hideIfSummonerSpell":"","items":[{"id":"3068","count":1,"hideCount":false},{"id":"3065","count":1,"hideCount":false},{"id":"3022","count":1,"hideCount":false},{"id":"3083","count":1,"hideCount":false}]}]},{"champion":"Shyvana","title":"ShyvanaARAM","map":"HA","mode":"ARAM","type":"riot","customTag":"","sortrank":0,"extensionPage":false,"useObviousCheckmark":false,"customPanel":null,"blocks":[{"type":"starting","recMath":false,"recSteps":false,"minSummonerLevel":-1,"maxSummonerLevel":-1,"showIfSummonerSpell":"","hideIfSummonerSpell":"","appendAfterSection":"","visibleWithAllOf":[""],"hiddenWithAnyOf":[""],"items":[{"id":"2051","count":1,"hideCount":false},{"id":"1001","count":1,"hideCount":false},{"id":"2003","count":3,"hideCount":false}]},{"type":"essential","recMath":false,"recSteps":false,"minSummonerLevel":-1,"maxSummonerLevel":-1,"showIfSummonerSpell":"","hideIfSummonerSpell":"","appendAfterSection":"","visibleWithAllOf":[""],"hiddenWithAnyOf":[""],"items":[{"id":"3748","count":1,"hideCount":false},{"id":"3111","count":1,"hideCount":false},{"id":"3742","count":1,"hideCount":false}]},{"type":"offensive","recMath":false,"recSteps":false,"minSummonerLevel":-1,"maxSummonerLevel":-1,"showIfSummonerSpell":"","hideIfSummonerSpell":"","appendAfterSection":"","visibleWithAllOf":[""],"hiddenWithAnyOf":[""],"items":[{"id":"3153","count":1,"hideCount":false},{"id":"3022","count":1,"hideCount":false},{"id":"3005","count":1,"hideCount":false}]},{"type":"defensive","recMath":false,"recSteps":false,"minSummonerLevel":-1,"maxSummonerLevel":-1,"showIfSummonerSpell":"","hideIfSummonerSpell":"","appendAfterSection":"","visibleWithAllOf":[""],"hiddenWithAnyOf":[""],"items":[{"id":"3065","count":1,"hideCount":false},{"id":"3068","count":1,"hideCount":false},{"id":"3143","count":1,"hideCount":false}]},{"type":"offmeta","recMath":false,"recSteps":false,"minSummonerLevel":-1,"maxSummonerLevel":-1,"showIfSummonerSpell":"","hideIfSummonerSpell":"","appendAfterSection":"","visibleWithAllOf":[""],"hiddenWithAnyOf":[""],"items":[{"id":"3285","count":1,"hideCount":false},{"id":"3089","count":1,"hideCount":false},{"id":"3151","count":1,"hideCount":false}]},{"type":"consumables","recMath":false,"recSteps":false,"minSummonerLevel":-1,"maxSummonerLevel":-1,"showIfSummonerSpell":"","hideIfSummonerSpell":"","appendAfterSection":"","visibleWithAllOf":[""],"hiddenWithAnyOf":[""],"items":[{"id":"2003","count":1,"hideCount":true},{"id":"2138","count":1,"hideCount":true}]}]},{"champion":"Shyvana","title":"ShyvanaFIRSTBLOOD","map":"HA","mode":"FIRSTBLOOD","type":"riot","customTag":"","sortrank":0,"extensionPage":false,"customPanel":null,"blocks":[{"type":"starting","recMath":false,"recSteps":false,"minSummonerLevel":-1,"maxSummonerLevel":-1,"showIfSummonerSpell":"","hideIfSummonerSpell":"SummonerSmite","items":[{"id":"2003","count":1,"hideCount":false},{"id":"3340","count":1,"hideCount":false},{"id":"1054","count":1,"hideCount":false}]},{"type":"early","recMath":false,"recSteps":false,"minSummonerLevel":-1,"maxSummonerLevel":-1,"showIfSummonerSpell":"","hideIfSummonerSpell":"SummonerSmite","items":[{"id":"1001","count":1,"hideCount":false},{"id":"3144","count":1,"hideCount":false},{"id":"1011","count":1,"hideCount":false}]},{"type":"essential","recMath":false,"recSteps":false,"minSummonerLevel":-1,"maxSummonerLevel":-1,"showIfSummonerSpell":"","hideIfSummonerSpell":"SummonerSmite","items":[{"id":"3047","count":1,"hideCount":false},{"id":"3153","count":1,"hideCount":false},{"id":"3742","count":1,"hideCount":false}]},{"type":"offensive","recMath":false,"recSteps":false,"minSummonerLevel":-1,"maxSummonerLevel":-1,"showIfSummonerSpell":"","hideIfSummonerSpell":"SummonerSmite","items":[{"id":"3748","count":1,"hideCount":false},{"id":"3022","count":1,"hideCount":false},{"id":"3068","count":1,"hideCount":false}]},{"type":"defensive","recMath":false,"recSteps":false,"minSummonerLevel":-1,"maxSummonerLevel":-1,"showIfSummonerSpell":"","hideIfSummonerSpell":"SummonerSmite","items":[{"id":"3083","count":1,"hideCount":false},{"id":"3143","count":1,"hideCount":false},{"id":"3065","count":1,"hideCount":false}]},{"type":"startingjungle","recMath":false,"recSteps":false,"minSummonerLevel":-1,"maxSummonerLevel":-1,"showIfSummonerSpell":"SummonerSmite","hideIfSummonerSpell":"","items":[{"id":"1039","count":1,"hideCount":false},{"id":"2031","count":1,"hideCount":false},{"id":"3340","count":1,"hideCount":false}]},{"type":"earlyjungle","recMath":false,"recSteps":false,"minSummonerLevel":-1,"maxSummonerLevel":-1,"showIfSummonerSpell":"SummonerSmite","hideIfSummonerSpell":"","items":[{"id":"3706","count":1,"hideCount":false},{"id":"3751","count":1,"hideCount":false},{"id":"1001","count":1,"hideCount":false}]},{"type":"essentialjungle","recMath":false,"recSteps":false,"minSummonerLevel":-1,"maxSummonerLevel":-1,"showIfSummonerSpell":"SummonerSmite","hideIfSummonerSpell":"","items":[{"id":"1401","count":1,"hideCount":false},{"id":"3047","count":1,"hideCount":false},{"id":"3742","count":1,"hideCount":false}]},{"type":"offensive","recMath":false,"recSteps":false,"minSummonerLevel":-1,"maxSummonerLevel":-1,"showIfSummonerSpell":"SummonerSmite","hideIfSummonerSpell":"","items":[{"id":"3153","count":1,"hideCount":false},{"id":"3748","count":1,"hideCount":false},{"id":"3022","count":1,"hideCount":false}]},{"type":"defensive","recMath":false,"recSteps":false,"minSummonerLevel":-1,"maxSummonerLevel":-1,"showIfSummonerSpell":"SummonerSmite","hideIfSummonerSpell":"","items":[{"id":"3065","count":1,"hideCount":false},{"id":"3075","count":1,"hideCount":false},{"id":"3083","count":1,"hideCount":false}]},{"type":"consumables","recMath":false,"recSteps":false,"minSummonerLevel":-1,"maxSummonerLevel":-1,"showIfSummonerSpell":"","hideIfSummonerSpell":"","items":[{"id":"2003","count":1,"hideCount":true},{"id":"2138","count":1,"hideCount":true}]}]},{"champion":"Shyvana","title":"ShyvanaARAM","map":"HA","mode":"KINGPORO","type":"riot","customTag":"","sortrank":0,"extensionPage":false,"useObviousCheckmark":false,"customPanel":null,"blocks":[{"type":"KingPoroSnax","recMath":false,"recSteps":false,"minSummonerLevel":-1,"maxSummonerLevel":-1,"showIfSummonerSpell":"","hideIfSummonerSpell":"","items":[{"id":"3680","count":1,"hideCount":false},{"id":"3681","count":1,"hideCount":false},{"id":"3682","count":1,"hideCount":false},{"id":"3683","count":1,"hideCount":false},{"id":"3684","count":1,"hideCount":false},{"id":"3685","count":1,"hideCount":false}]},{"type":"starting","recMath":false,"recSteps":false,"minSummonerLevel":-1,"maxSummonerLevel":-1,"showIfSummonerSpell":"","hideIfSummonerSpell":"","appendAfterSection":"","visibleWithAllOf":[""],"hiddenWithAnyOf":[""],"items":[{"id":"2051","count":1,"hideCount":false},{"id":"1001","count":1,"hideCount":false},{"id":"2003","count":3,"hideCount":false}]},{"type":"essential","recMath":false,"recSteps":false,"minSummonerLevel":-1,"maxSummonerLevel":-1,"showIfSummonerSpell":"","hideIfSummonerSpell":"","appendAfterSection":"","visibleWithAllOf":[""],"hiddenWithAnyOf":[""],"items":[{"id":"3748","count":1,"hideCount":false},{"id":"3111","count":1,"hideCount":false},{"id":"3742","count":1,"hideCount":false}]},{"type":"offensive","recMath":false,"recSteps":false,"minSummonerLevel":-1,"maxSummonerLevel":-1,"showIfSummonerSpell":"","hideIfSummonerSpell":"","appendAfterSection":"","visibleWithAllOf":[""],"hiddenWithAnyOf":[""],"items":[{"id":"3153","count":1,"hideCount":false},{"id":"3022","count":1,"hideCount":false},{"id":"3005","count":1,"hideCount":false}]},{"type":"defensive","recMath":false,"recSteps":false,"minSummonerLevel":-1,"maxSummonerLevel":-1,"showIfSummonerSpell":"","hideIfSummonerSpell":"","appendAfterSection":"","visibleWithAllOf":[""],"hiddenWithAnyOf":[""],"items":[{"id":"3065","count":1,"hideCount":false},{"id":"3068","count":1,"hideCount":false},{"id":"3143","count":1,"hideCount":false}]},{"type":"offmeta","recMath":false,"recSteps":false,"minSummonerLevel":-1,"maxSummonerLevel":-1,"showIfSummonerSpell":"","hideIfSummonerSpell":"","appendAfterSection":"","visibleWithAllOf":[""],"hiddenWithAnyOf":[""],"items":[{"id":"3285","count":1,"hideCount":false},{"id":"3089","count":1,"hideCount":false},{"id":"3151","count":1,"hideCount":false}]},{"type":"consumables","recMath":false,"recSteps":false,"minSummonerLevel":-1,"maxSummonerLevel":-1,"showIfSummonerSpell":"","hideIfSummonerSpell":"","appendAfterSection":"","visibleWithAllOf":[""],"hiddenWithAnyOf":[""],"items":[{"id":"2003","count":1,"hideCount":true},{"id":"2138","count":1,"hideCount":true}]}]},{"champion":"Shyvana","title":"ShyvanaSL","map":"NB","mode":"NEXUSBLITZ","type":"riot","customTag":"","sortrank":0,"extensionPage":false,"useObviousCheckmark":false,"customPanel":null,"blocks":[{"type":"starting","recMath":false,"recSteps":false,"minSummonerLevel":-1,"maxSummonerLevel":-1,"showIfSummonerSpell":"","hideIfSummonerSpell":"SummonerSmite","appendAfterSection":"","visibleWithAllOf":[""],"hiddenWithAnyOf":[""],"items":[{"id":"4201","count":1,"hideCount":false},{"id":"2003","count":1,"hideCount":false},{"id":"3340","count":1,"hideCount":false}]},{"type":"early","recMath":false,"recSteps":false,"minSummonerLevel":-1,"maxSummonerLevel":-1,"showIfSummonerSpell":"","hideIfSummonerSpell":"SummonerSmite","appendAfterSection":"","visibleWithAllOf":[""],"hiddenWithAnyOf":[""],"items":[{"id":"1001","count":1,"hideCount":false},{"id":"3077","count":1,"hideCount":false},{"id":"3052","count":1,"hideCount":false}]},{"type":"essential","recMath":false,"recSteps":false,"minSummonerLevel":-1,"maxSummonerLevel":-1,"showIfSummonerSpell":"","hideIfSummonerSpell":"SummonerSmite","appendAfterSection":"","visibleWithAllOf":[""],"hiddenWithAnyOf":[""],"items":[{"id":"3047","count":1,"hideCount":false},{"id":"3748","count":1,"hideCount":false},{"id":"3742","count":1,"hideCount":false}]},{"type":"offensive","recMath":false,"recSteps":false,"minSummonerLevel":-1,"maxSummonerLevel":-1,"showIfSummonerSpell":"","hideIfSummonerSpell":"SummonerSmite","appendAfterSection":"","visibleWithAllOf":[""],"hiddenWithAnyOf":[""],"items":[{"id":"3022","count":1,"hideCount":false},{"id":"3153","count":1,"hideCount":false},{"id":"3005","count":1,"hideCount":false}]},{"type":"defensive","recMath":false,"recSteps":false,"minSummonerLevel":-1,"maxSummonerLevel":-1,"showIfSummonerSpell":"","hideIfSummonerSpell":"SummonerSmite","appendAfterSection":"","visibleWithAllOf":[""],"hiddenWithAnyOf":[""],"items":[{"id":"3083","count":1,"hideCount":false},{"id":"3143","count":1,"hideCount":false},{"id":"3065","count":1,"hideCount":false}]},{"type":"startingjungle","recMath":false,"recSteps":false,"minSummonerLevel":-1,"maxSummonerLevel":-1,"showIfSummonerSpell":"SummonerSmite","hideIfSummonerSpell":"","appendAfterSection":"","visibleWithAllOf":[""],"hiddenWithAnyOf":[""],"items":[{"id":"4101","count":1,"hideCount":false},{"id":"2003","count":1,"hideCount":false},{"id":"3340","count":1,"hideCount":false}]},{"type":"earlyjungle","recMath":false,"recSteps":false,"minSummonerLevel":-1,"maxSummonerLevel":-1,"showIfSummonerSpell":"SummonerSmite","hideIfSummonerSpell":"","appendAfterSection":"","visibleWithAllOf":[""],"hiddenWithAnyOf":[""],"items":[{"id":"1043","count":1,"hideCount":false},{"id":"1001","count":1,"hideCount":false}]},{"type":"essentialjungle","recMath":false,"recSteps":false,"minSummonerLevel":-1,"maxSummonerLevel":-1,"showIfSummonerSpell":"SummonerSmite","hideIfSummonerSpell":"","appendAfterSection":"","visibleWithAllOf":[""],"hiddenWithAnyOf":[""],"items":[{"id":"4105","count":1,"hideCount":false},{"id":"3111","count":1,"hideCount":false},{"id":"3748","count":1,"hideCount":false}]},{"type":"offensive","recMath":false,"recSteps":false,"minSummonerLevel":-1,"maxSummonerLevel":-1,"showIfSummonerSpell":"SummonerSmite","hideIfSummonerSpell":"","appendAfterSection":"","visibleWithAllOf":[""],"hiddenWithAnyOf":[""],"items":[{"id":"3022","count":1,"hideCount":false},{"id":"3153","count":1,"hideCount":false},{"id":"3005","count":1,"hideCount":false}]},{"type":"defensive","recMath":false,"recSteps":false,"minSummonerLevel":-1,"maxSummonerLevel":-1,"showIfSummonerSpell":"SummonerSmite","hideIfSummonerSpell":"","appendAfterSection":"","visibleWithAllOf":[""],"hiddenWithAnyOf":[""],"items":[{"id":"3742","count":1,"hideCount":false},{"id":"3065","count":1,"hideCount":false},{"id":"3075","count":1,"hideCount":false}]},{"type":"consumables","recMath":false,"recSteps":false,"minSummonerLevel":-1,"maxSummonerLevel":-1,"showIfSummonerSpell":"","hideIfSummonerSpell":"","appendAfterSection":"","visibleWithAllOf":[""],"hiddenWithAnyOf":[""],"items":[{"id":"2003","count":1,"hideCount":true},{"id":"2138","count":1,"hideCount":true}]}]},{"champion":"Shyvana","title":"ShyvanaSR","map":"SR","mode":"CLASSIC","type":"riot","customTag":"","sortrank":0,"extensionPage":false,"useObviousCheckmark":false,"customPanel":null,"blocks":[{"type":"starting","recMath":false,"recSteps":false,"minSummonerLevel":-1,"maxSummonerLevel":-1,"showIfSummonerSpell":"","hideIfSummonerSpell":"SummonerSmite","appendAfterSection":"","visibleWithAllOf":[""],"hiddenWithAnyOf":[""],"items":[{"id":"1054","count":1,"hideCount":false},{"id":"2003","count":1,"hideCount":false},{"id":"3340","count":1,"hideCount":false}]},{"type":"early","recMath":false,"recSteps":false,"minSummonerLevel":-1,"maxSummonerLevel":-1,"showIfSummonerSpell":"","hideIfSummonerSpell":"SummonerSmite","appendAfterSection":"","visibleWithAllOf":[""],"hiddenWithAnyOf":[""],"items":[{"id":"1001","count":1,"hideCount":false},{"id":"3077","count":1,"hideCount":false},{"id":"3052","count":1,"hideCount":false}]},{"type":"essential","recMath":false,"recSteps":false,"minSummonerLevel":-1,"maxSummonerLevel":-1,"showIfSummonerSpell":"","hideIfSummonerSpell":"SummonerSmite","appendAfterSection":"","visibleWithAllOf":[""],"hiddenWithAnyOf":[""],"items":[{"id":"3047","count":1,"hideCount":false},{"id":"3748","count":1,"hideCount":false},{"id":"3742","count":1,"hideCount":false}]},{"type":"offensive","recMath":false,"recSteps":false,"minSummonerLevel":-1,"maxSummonerLevel":-1,"showIfSummonerSpell":"","hideIfSummonerSpell":"SummonerSmite","appendAfterSection":"","visibleWithAllOf":[""],"hiddenWithAnyOf":[""],"items":[{"id":"3022","count":1,"hideCount":false},{"id":"3153","count":1,"hideCount":false},{"id":"3091","count":1,"hideCount":false}]},{"type":"defensive","recMath":false,"recSteps":false,"minSummonerLevel":-1,"maxSummonerLevel":-1,"showIfSummonerSpell":"","hideIfSummonerSpell":"SummonerSmite","appendAfterSection":"","visibleWithAllOf":[""],"hiddenWithAnyOf":[""],"items":[{"id":"3083","count":1,"hideCount":false},{"id":"3143","count":1,"hideCount":false},{"id":"3065","count":1,"hideCount":false}]},{"type":"startingjungle","recMath":false,"recSteps":false,"minSummonerLevel":-1,"maxSummonerLevel":-1,"showIfSummonerSpell":"SummonerSmite","hideIfSummonerSpell":"","appendAfterSection":"","visibleWithAllOf":[""],"hiddenWithAnyOf":[""],"items":[{"id":"1041","count":1,"hideCount":false},{"id":"2031","count":1,"hideCount":false},{"id":"3340","count":1,"hideCount":false}]},{"type":"earlyjungle","recMath":false,"recSteps":false,"minSummonerLevel":-1,"maxSummonerLevel":-1,"showIfSummonerSpell":"SummonerSmite","hideIfSummonerSpell":"","appendAfterSection":"","visibleWithAllOf":[""],"hiddenWithAnyOf":[""],"items":[{"id":"3706","count":1,"hideCount":false},{"id":"1043","count":1,"hideCount":false},{"id":"1001","count":1,"hideCount":false}]},{"type":"essentialjungle","recMath":false,"recSteps":false,"minSummonerLevel":-1,"maxSummonerLevel":-1,"showIfSummonerSpell":"SummonerSmite","hideIfSummonerSpell":"","appendAfterSection":"","visibleWithAllOf":[""],"hiddenWithAnyOf":[""],"items":[{"id":"1416","count":1,"hideCount":false},{"id":"3111","count":1,"hideCount":false},{"id":"3748","count":1,"hideCount":false}]},{"type":"offensive","recMath":false,"recSteps":false,"minSummonerLevel":-1,"maxSummonerLevel":-1,"showIfSummonerSpell":"SummonerSmite","hideIfSummonerSpell":"","appendAfterSection":"","visibleWithAllOf":[""],"hiddenWithAnyOf":[""],"items":[{"id":"3022","count":1,"hideCount":false},{"id":"3153","count":1,"hideCount":false},{"id":"3091","count":1,"hideCount":false}]},{"type":"defensive","recMath":false,"recSteps":false,"minSummonerLevel":-1,"maxSummonerLevel":-1,"showIfSummonerSpell":"SummonerSmite","hideIfSummonerSpell":"","appendAfterSection":"","visibleWithAllOf":[""],"hiddenWithAnyOf":[""],"items":[{"id":"3742","count":1,"hideCount":false},{"id":"3065","count":1,"hideCount":false},{"id":"3075","count":1,"hideCount":false}]},{"type":"consumables","recMath":false,"recSteps":false,"minSummonerLevel":-1,"maxSummonerLevel":-1,"showIfSummonerSpell":"","hideIfSummonerSpell":"","appendAfterSection":"","visibleWithAllOf":[""],"hiddenWithAnyOf":[""],"items":[{"id":"2003","count":1,"hideCount":true},{"id":"2138","count":1,"hideCount":true}]}]}]}}}