{"type":"champion","format":"standAloneComplex","version":"10.15.1","data":{"Sion":{"id":"Sion","key":"14","name":"Sion","title":"The Undead Juggernaut","image":{"full":"Sion.png","sprite":"champion3.png","group":"champion","x":336,"y":48,"w":48,"h":48},"skins":[{"id":"14000","num":0,"name":"default","chromas":false},{"id":"14001","num":1,"name":"Hextech Sion","chromas":false},{"id":"14002","num":2,"name":"Barbarian Sion","chromas":false},{"id":"14003","num":3,"name":"Lumberjack Sion","chromas":false},{"id":"14004","num":4,"name":"Warmonger Sion","chromas":false},{"id":"14005","num":5,"name":"Mecha Zero Sion","chromas":true},{"id":"14014","num":14,"name":"Worldbreaker Sion","chromas":true}],"lore":"A war hero from a bygone era, Sion was revered in Noxus for choking the life out of a Demacian king with his bare hands—but, denied oblivion, he was resurrected to serve his empire even in death. His indiscriminate slaughter claimed all who stood in his way, regardless of allegiance, proving he no longer retained his former humanity. Even so, with crude armor bolted onto rotten flesh, Sion continues to charge into battle with reckless abandon, struggling to remember his true self between the swings of his mighty axe.","blurb":"A war hero from a bygone era, Sion was revered in Noxus for choking the life out of a Demacian king with his bare hands—but, denied oblivion, he was resurrected to serve his empire even in death. His indiscriminate slaughter claimed all who stood in his...","allytips":["You only have very slight turning ability during Unstoppable Onslaught, so make sure to use it in straight paths.","Roar of the Slayer is a great setup ability to land a very powerful Decimating Smash.","The Soul Furnace buff displays how much shield strength is remaining, use this information to time its explosion perfectly."],"enemytips":["Even if Sion still hits a Decimating Smash, making him release the charge earlier reduces its impact.","Use the time after Sion has died to reposition and prepare for his return."],"tags":["Tank","Fighter"],"partype":"Mana","info":{"attack":5,"defense":9,"magic":3,"difficulty":5},"stats":{"hp":545,"hpperlevel":73,"mp":330,"mpperlevel":42,"movespeed":345,"armor":32,"armorperlevel":3,"spellblock":32.1,"spellblockperlevel":1.25,"attackrange":175,"hpregen":7.5,"hpregenperlevel":0.8,"mpregen":8,"mpregenperlevel":0.6,"crit":0,"critperlevel":0,"attackdamage":68,"attackdamageperlevel":4,"attackspeedperlevel":1.3,"attackspeed":0.679},"spells":[{"id":"SionQ","name":"Decimating Smash","description":"Sion charges a powerful swing in an area in front of himself that will deal damage to enemies when released. If he charges for enough time, enemies hit by the swing will also be knocked up and stunned.","tooltip":"Sion charges up a heavy blow for up to 2 seconds. When released, he deals {{ e1 }} <scaleAD>(+{{ f1 }})</scaleAD> to {{ e4 }} <scaleAD>(+{{ f2 }})</scaleAD> physical damage to enemies hit ({{ e8 }}% damage to minions) and briefly slows them.<br /><br />If Sion charges for at least 1 second, enemies are knocked up and stunned for 1.25 to 2.25 seconds.","leveltip":{"label":["Minimum Damage","Maximum Damage","Attack Damage Ratio","Cooldown"],"effect":["{{ e1 }} -> {{ e1NL }}","{{ e4 }} -> {{ e4NL }}","{{ effect3amount*100.000000 }}% -> {{ effect3amountnl*100.000000 }}%","{{ cooldown }} -> {{ cooldownNL }}"]},"maxrank":5,"cooldown":[10,9,8,7,6],"cooldownBurn":"10/9/8/7/6","cost":[45,45,45,45,45],"costBurn":"45","datavalues":{},"effect":[null,[30,50,70,90,110],[1.25,1.25,1.25,1.25,1.25],[0.45,0.525,0.6,0.675,0.75],[70,135,200,265,330],[2.5,2.5,2.5,2.5,2.5],[1.35,1.575,1.8,2.025,2.25],[7.5,7.5,7.5,7.5,7.5],[60,60,60,60,60],[100,100,100,100,100],[-0.8,-0.8,-0.8,-0.8,-0.8]],"effectBurn":[null,"30/50/70/90/110","1.25","0.45/0.525/0.6/0.675/0.75","70/135/200/265/330","2.5","1.35/1.575/1.8/2.025/2.25","7.5","60","100","-0.8"],"vars":[{"link":"attackdamage","coeff":0.6,"key":"f1"},{"link":"attackdamage","coeff":1.8,"key":"f2"}],"costType":" {{ abilityresourcename }}","maxammo":"-1","range":[10000,10000,10000,10000,10000],"rangeBurn":"10000","image":{"full":"SionQ.png","sprite":"spell11.png","group":"spell","x":96,"y":0,"w":48,"h":48},"resource":"{{ cost }} {{ abilityresourcename }}"},{"id":"SionW","name":"Soul Furnace","description":"Sion shields himself and can reactivate after 3 seconds to deal Magic Damage to enemies nearby. When Sion kills enemies, he passively gains maximum Health.","tooltip":"<span class=\"colorFFE076\">Passive:</span> Sion gains {{ e5 }} maximum Health when he kills a unit ({{ e6 }} for champion kills, assists, large minions and large monsters). <scaleHealth>Current Bonus: {{ f1 }} </scaleHealth><br /><br /><span class=\"colorFFE076\">Active:</span> Sion shields himself for {{ e1 }} <scaleAP>(+{{ a1 }})</scaleAP> <scaleHealth>(+{{ f2 }})</scaleHealth> ({{ e3 }}% of maximum Health) for 6 seconds. After {{ e7 }} seconds, while the shield holds, Sion can reactivate to deal {{ e2 }} <scaleAP>(+{{ a1 }})</scaleAP> plus {{ e4 }}% of the target's maximum Health as magic damage to nearby enemies. Max 400 bonus damage to minions and monsters.","leveltip":{"label":["Shield Amount","Damage","Maximum Health Damage","Max Health Shield Ratio","@AbilityResourceName@ Cost","Cooldown"],"effect":["{{ e1 }} -> {{ e1NL }}","{{ e2 }} -> {{ e2NL }}","{{ e4 }}% -> {{ e4NL }}%","{{ e3 }}% -> {{ e3NL }}%","{{ cost }} -> {{ costNL }}","{{ cooldown }} -> {{ cooldownNL }}"]},"maxrank":5,"cooldown":[15,14,13,12,11],"cooldownBurn":"15/14/13/12/11","cost":[65,70,75,80,85],"costBurn":"65/70/75/80/85","datavalues":{},"effect":[null,[50,75,100,125,150],[40,65,90,115,140],[8,9,10,11,12],[10,11,12,13,14],[4,4,4,4,4],[15,15,15,15,15],[3,3,3,3,3],[15,15,15,15,15],[6,6,6,6,6],[0,0,0,0,0]],"effectBurn":[null,"50/75/100/125/150","40/65/90/115/140","8/9/10/11/12","10/11/12/13/14","4","15","3","15","6","0"],"vars":[{"link":"health","coeff":0.1,"key":"f1"},{"link":"spelldamage","coeff":0.4,"key":"a1"},{"link":"spelldamage","coeff":0.4,"key":"a1"}],"costType":" {{ abilityresourcename }}","maxammo":"-1","range":[500,500,500,500,500],"rangeBurn":"500","image":{"full":"SionW.png","sprite":"spell11.png","group":"spell","x":144,"y":0,"w":48,"h":48},"resource":"{{ cost }} {{ abilityresourcename }}"},{"id":"SionE","name":"Roar of the Slayer","description":"Sion fires a short range shockwave that damages and slows and reduces the Armor of the first enemy hit. If the shockwave hits a minion or monster, it will be knocked back, damaging, slowing, and reducing the Armor of all enemies that it passes through.","tooltip":"Sion fires a shockwave, dealing {{ e1 }} <scaleAP>(+{{ a1 }})</scaleAP> magic damage to the first enemy hit and knocking it back if it is not a champion (significantly increasing its range). <br /><br />Targets hit by the shockwave or the knocked back unit take the same damage and are slowed by {{ e2 }}% for {{ e8 }} seconds and have their Armor reduced by {{ e5 }}% for {{ e7 }} seconds.","leveltip":{"label":["Damage","Slow","Cooldown","@AbilityResourceName@ Cost"],"effect":["{{ e1 }} -> {{ e1NL }}","{{ e2 }}% -> {{ e2NL }}%","{{ cooldown }} -> {{ cooldownNL }}","{{ cost }} -> {{ costNL }}"]},"maxrank":5,"cooldown":[12,11,10,9,8],"cooldownBurn":"12/11/10/9/8","cost":[35,40,45,50,55],"costBurn":"35/40/45/50/55","datavalues":{},"effect":[null,[65,100,135,170,205],[40,45,50,55,60],[5,5,5,5,5],[40,45,50,55,60],[20,20,20,20,20],[30,30,30,30,30],[4,4,4,4,4],[2.5,2.5,2.5,2.5,2.5],[0,0,0,0,0],[0,0,0,0,0]],"effectBurn":[null,"65/100/135/170/205","40/45/50/55/60","5","40/45/50/55/60","20","30","4","2.5","0","0"],"vars":[{"link":"spelldamage","coeff":0.55,"key":"a1"}],"costType":" {{ abilityresourcename }}","maxammo":"-1","range":[800,800,800,800,800],"rangeBurn":"800","image":{"full":"SionE.png","sprite":"spell11.png","group":"spell","x":192,"y":0,"w":48,"h":48},"resource":"{{ cost }} {{ abilityresourcename }}"},{"id":"SionR","name":"Unstoppable Onslaught","description":"Sion charges in a direction, ramping up speed over time. He can steer his charge slightly with the mouse cursor location. When he collides with an enemy he deals damage and knocks them up based on the distance he has charged.","tooltip":"Sion charges in a direction for 8 seconds and can steer slowly towards the mouse cursor. While charging, Sion is immune to all Crowd Control. Reactivating will cancel Sion's charge early.<br /><br />When Sion collides with an enemy champion or wall, he deals {{ mindamagetotal }} physical damage and knocks up enemies in a small area for {{ minstunduration }} seconds. Enemies in a larger area take the same damage and are slowed by {{ slowamount }}% for 3 seconds.<br /><br />The damage increases to {{ maxdamagetotal }} and the stun increases to {{ maxstunduration }} seconds as Sion charges farther.","leveltip":{"label":["Minimum Damage","Maximum Damage","Slow","Cooldown"],"effect":["{{ mindamage }} -> {{ mindamageNL }}","{{ maxdamage }} -> {{ maxdamageNL }}","{{ slowamount }}% -> {{ slowamountNL }}%","{{ cooldown }} -> {{ cooldownNL }}"]},"maxrank":3,"cooldown":[140,100,60],"cooldownBurn":"140/100/60","cost":[100,100,100],"costBurn":"100","datavalues":{},"effect":[null,[0,0,0],[0,0,0],[0,0,0],[0,0,0],[0,0,0],[0,0,0],[0,0,0],[0,0,0],[0,0,0],[0,0,0]],"effectBurn":[null,"0","0","0","0","0","0","0","0","0","0"],"vars":[],"costType":" {{ abilityresourcename }}","maxammo":"-1","range":[7500,7500,7500],"rangeBurn":"7500","image":{"full":"SionR.png","sprite":"spell11.png","group":"spell","x":240,"y":0,"w":48,"h":48},"resource":"{{ cost }} {{ abilityresourcename }}"}],"passive":{"name":"Glory in Death","description":"After being killed, Sion will temporarily reanimate with rapidly decaying Health. His attacks become very rapid, heal him, and deal bonus damage based on his target's maximum Health.","image":{"full":"Sion_Passive1.png","sprite":"passive3.png","group":"passive","x":336,"y":48,"w":48,"h":48}},"recommended":[{"champion":"Sion","title":"SionARAM","map":"HA","mode":"ARAM","type":"riot","customTag":"","sortrank":0,"extensionPage":false,"useObviousCheckmark":false,"customPanel":null,"blocks":[{"type":"starting","recMath":false,"recSteps":false,"minSummonerLevel":-1,"maxSummonerLevel":-1,"showIfSummonerSpell":"","hideIfSummonerSpell":"","appendAfterSection":"","visibleWithAllOf":[""],"hiddenWithAnyOf":[""],"items":[{"id":"2051","count":1,"hideCount":false},{"id":"1001","count":1,"hideCount":false},{"id":"2003","count":3,"hideCount":false}]},{"type":"essential","recMath":false,"recSteps":false,"minSummonerLevel":-1,"maxSummonerLevel":-1,"showIfSummonerSpell":"","hideIfSummonerSpell":"","appendAfterSection":"","visibleWithAllOf":[""],"hiddenWithAnyOf":[""],"items":[{"id":"3068","count":1,"hideCount":false},{"id":"3111","count":1,"hideCount":false},{"id":"3065","count":1,"hideCount":false}]},{"type":"defensive","recMath":false,"recSteps":false,"minSummonerLevel":-1,"maxSummonerLevel":-1,"showIfSummonerSpell":"","hideIfSummonerSpell":"","appendAfterSection":"","visibleWithAllOf":[""],"hiddenWithAnyOf":[""],"items":[{"id":"3025","count":1,"hideCount":false},{"id":"3001","count":1,"hideCount":false},{"id":"3143","count":1,"hideCount":false}]},{"type":"situational","recMath":false,"recSteps":false,"minSummonerLevel":-1,"maxSummonerLevel":-1,"showIfSummonerSpell":"","hideIfSummonerSpell":"","appendAfterSection":"","visibleWithAllOf":[""],"hiddenWithAnyOf":[""],"items":[{"id":"3075","count":1,"hideCount":false},{"id":"3194","count":1,"hideCount":false},{"id":"3005","count":1,"hideCount":false}]},{"type":"offmeta","recMath":false,"recSteps":false,"minSummonerLevel":-1,"maxSummonerLevel":-1,"showIfSummonerSpell":"","hideIfSummonerSpell":"","appendAfterSection":"","visibleWithAllOf":[""],"hiddenWithAnyOf":[""],"items":[{"id":"3078","count":1,"hideCount":false},{"id":"3053","count":1,"hideCount":false},{"id":"3071","count":1,"hideCount":false}]},{"type":"consumables","recMath":false,"recSteps":false,"minSummonerLevel":-1,"maxSummonerLevel":-1,"showIfSummonerSpell":"","hideIfSummonerSpell":"","appendAfterSection":"","visibleWithAllOf":[""],"hiddenWithAnyOf":[""],"items":[{"id":"2003","count":1,"hideCount":true},{"id":"2033","count":1,"hideCount":false},{"id":"2138","count":1,"hideCount":true}]}]},{"champion":"Sion","title":"SionFIRSTBLOOD","map":"HA","mode":"FIRSTBLOOD","type":"riot","customTag":"","sortrank":0,"extensionPage":false,"customPanel":null,"blocks":[{"type":"starting","recMath":false,"recSteps":false,"minSummonerLevel":-1,"maxSummonerLevel":-1,"showIfSummonerSpell":"","hideIfSummonerSpell":"SummonerSmite","items":[{"id":"1054","count":1,"hideCount":false},{"id":"2003","count":1,"hideCount":false},{"id":"3340","count":1,"hideCount":false}]},{"type":"startingjungle","recMath":false,"recSteps":false,"minSummonerLevel":-1,"maxSummonerLevel":-1,"showIfSummonerSpell":"SummonerSmite","hideIfSummonerSpell":"","items":[{"id":"1039","count":1,"hideCount":false},{"id":"2003","count":3,"hideCount":false},{"id":"3340","count":1,"hideCount":false}]},{"type":"essential","recMath":false,"recSteps":false,"minSummonerLevel":-1,"maxSummonerLevel":-1,"showIfSummonerSpell":"","hideIfSummonerSpell":"SummonerSmite","items":[{"id":"3047","count":1,"hideCount":false},{"id":"3211","count":1,"hideCount":false},{"id":"3110","count":1,"hideCount":false}]},{"type":"essentialjungle","recMath":false,"recSteps":false,"minSummonerLevel":-1,"maxSummonerLevel":-1,"showIfSummonerSpell":"SummonerSmite","hideIfSummonerSpell":"","items":[{"id":"3117","count":1,"hideCount":false},{"id":"3800","count":1,"hideCount":false}]},{"type":"offensive","recMath":false,"recSteps":false,"minSummonerLevel":-1,"maxSummonerLevel":-1,"showIfSummonerSpell":"","hideIfSummonerSpell":"","items":[{"id":"3074","count":1,"hideCount":false},{"id":"3071","count":1,"hideCount":false},{"id":"3156","count":1,"hideCount":false}]},{"type":"defensive","recMath":false,"recSteps":false,"minSummonerLevel":-1,"maxSummonerLevel":-1,"showIfSummonerSpell":"","hideIfSummonerSpell":"","items":[{"id":"3102","count":1,"hideCount":false},{"id":"3083","count":1,"hideCount":false},{"id":"3742","count":1,"hideCount":false}]},{"type":"consumables","recMath":false,"recSteps":false,"minSummonerLevel":-1,"maxSummonerLevel":-1,"showIfSummonerSpell":"","hideIfSummonerSpell":"","items":[{"id":"2003","count":1,"hideCount":false},{"id":"2138","count":1,"hideCount":false},{"id":"3361","count":1,"hideCount":false}]}]},{"champion":"Sion","title":"SionARAM","map":"HA","mode":"KINGPORO","type":"riot","customTag":"","sortrank":0,"extensionPage":false,"useObviousCheckmark":false,"customPanel":null,"blocks":[{"type":"KingPoroSnax","recMath":false,"recSteps":false,"minSummonerLevel":-1,"maxSummonerLevel":-1,"showIfSummonerSpell":"","hideIfSummonerSpell":"","items":[{"id":"3680","count":1,"hideCount":false},{"id":"3681","count":1,"hideCount":false},{"id":"3682","count":1,"hideCount":false},{"id":"3683","count":1,"hideCount":false},{"id":"3684","count":1,"hideCount":false},{"id":"3685","count":1,"hideCount":false}]},{"type":"starting","recMath":false,"recSteps":false,"minSummonerLevel":-1,"maxSummonerLevel":-1,"showIfSummonerSpell":"","hideIfSummonerSpell":"","appendAfterSection":"","visibleWithAllOf":[""],"hiddenWithAnyOf":[""],"items":[{"id":"2051","count":1,"hideCount":false},{"id":"1001","count":1,"hideCount":false},{"id":"2003","count":3,"hideCount":false}]},{"type":"essential","recMath":false,"recSteps":false,"minSummonerLevel":-1,"maxSummonerLevel":-1,"showIfSummonerSpell":"","hideIfSummonerSpell":"","appendAfterSection":"","visibleWithAllOf":[""],"hiddenWithAnyOf":[""],"items":[{"id":"3068","count":1,"hideCount":false},{"id":"3111","count":1,"hideCount":false},{"id":"3065","count":1,"hideCount":false}]},{"type":"defensive","recMath":false,"recSteps":false,"minSummonerLevel":-1,"maxSummonerLevel":-1,"showIfSummonerSpell":"","hideIfSummonerSpell":"","appendAfterSection":"","visibleWithAllOf":[""],"hiddenWithAnyOf":[""],"items":[{"id":"3025","count":1,"hideCount":false},{"id":"3001","count":1,"hideCount":false},{"id":"3143","count":1,"hideCount":false}]},{"type":"situational","recMath":false,"recSteps":false,"minSummonerLevel":-1,"maxSummonerLevel":-1,"showIfSummonerSpell":"","hideIfSummonerSpell":"","appendAfterSection":"","visibleWithAllOf":[""],"hiddenWithAnyOf":[""],"items":[{"id":"3075","count":1,"hideCount":false},{"id":"3194","count":1,"hideCount":false},{"id":"3005","count":1,"hideCount":false}]},{"type":"offmeta","recMath":false,"recSteps":false,"minSummonerLevel":-1,"maxSummonerLevel":-1,"showIfSummonerSpell":"","hideIfSummonerSpell":"","appendAfterSection":"","visibleWithAllOf":[""],"hiddenWithAnyOf":[""],"items":[{"id":"3078","count":1,"hideCount":false},{"id":"3053","count":1,"hideCount":false},{"id":"3071","count":1,"hideCount":false}]},{"type":"consumables","recMath":false,"recSteps":false,"minSummonerLevel":-1,"maxSummonerLevel":-1,"showIfSummonerSpell":"","hideIfSummonerSpell":"","appendAfterSection":"","visibleWithAllOf":[""],"hiddenWithAnyOf":[""],"items":[{"id":"2003","count":1,"hideCount":true},{"id":"2033","count":1,"hideCount":false},{"id":"2138","count":1,"hideCount":true}]}]},{"champion":"Sion","title":"SionSL","map":"NB","mode":"NEXUSBLITZ","type":"riot","customTag":"","sortrank":0,"extensionPage":false,"useObviousCheckmark":false,"customPanel":null,"blocks":[{"type":"starting","recMath":false,"recSteps":false,"minSummonerLevel":-1,"maxSummonerLevel":-1,"showIfSummonerSpell":"","hideIfSummonerSpell":"SummonerSmite","appendAfterSection":"","visibleWithAllOf":[""],"hiddenWithAnyOf":[""],"items":[{"id":"4201","count":1,"hideCount":false},{"id":"2003","count":1,"hideCount":false},{"id":"3340","count":1,"hideCount":false}]},{"type":"early","recMath":false,"recSteps":false,"minSummonerLevel":-1,"maxSummonerLevel":-1,"showIfSummonerSpell":"","hideIfSummonerSpell":"SummonerSmite","appendAfterSection":"","visibleWithAllOf":[""],"hiddenWithAnyOf":[""],"items":[{"id":"1001","count":1,"hideCount":false},{"id":"3751","count":1,"hideCount":false}]},{"type":"essential","recMath":false,"recSteps":false,"minSummonerLevel":-1,"maxSummonerLevel":-1,"showIfSummonerSpell":"","hideIfSummonerSpell":"SummonerSmite","appendAfterSection":"","visibleWithAllOf":[""],"hiddenWithAnyOf":[""],"items":[{"id":"3047","count":1,"hideCount":false},{"id":"3068","count":1,"hideCount":false}]},{"type":"startingjungle","recMath":false,"recSteps":false,"minSummonerLevel":-1,"maxSummonerLevel":-1,"showIfSummonerSpell":"SummonerSmite","hideIfSummonerSpell":"","appendAfterSection":"","visibleWithAllOf":[""],"hiddenWithAnyOf":[""],"items":[{"id":"4101","count":1,"hideCount":false},{"id":"2003","count":1,"hideCount":false},{"id":"3340","count":1,"hideCount":false}]},{"type":"earlyjungle","recMath":false,"recSteps":false,"minSummonerLevel":-1,"maxSummonerLevel":-1,"showIfSummonerSpell":"SummonerSmite","hideIfSummonerSpell":"","appendAfterSection":"","visibleWithAllOf":[""],"hiddenWithAnyOf":[""],"items":[{"id":"3751","count":1,"hideCount":false},{"id":"1001","count":1,"hideCount":false}]},{"type":"essentialjungle","recMath":false,"recSteps":false,"minSummonerLevel":-1,"maxSummonerLevel":-1,"showIfSummonerSpell":"SummonerSmite","hideIfSummonerSpell":"","appendAfterSection":"","visibleWithAllOf":[""],"hiddenWithAnyOf":[""],"items":[{"id":"4103","count":1,"hideCount":false},{"id":"3047","count":1,"hideCount":false}]},{"type":"defensive","recMath":false,"recSteps":false,"minSummonerLevel":-1,"maxSummonerLevel":-1,"showIfSummonerSpell":"","hideIfSummonerSpell":"","appendAfterSection":"","visibleWithAllOf":[""],"hiddenWithAnyOf":[""],"items":[{"id":"3110","count":1,"hideCount":false},{"id":"4401","count":1,"hideCount":false},{"id":"3193","count":1,"hideCount":false}]},{"type":"situational","recMath":false,"recSteps":false,"minSummonerLevel":-1,"maxSummonerLevel":-1,"showIfSummonerSpell":"","hideIfSummonerSpell":"","appendAfterSection":"","visibleWithAllOf":[""],"hiddenWithAnyOf":[""],"items":[{"id":"3194","count":1,"hideCount":false},{"id":"3075","count":1,"hideCount":false},{"id":"3143","count":1,"hideCount":false}]},{"type":"consumables","recMath":false,"recSteps":false,"minSummonerLevel":-1,"maxSummonerLevel":-1,"showIfSummonerSpell":"","hideIfSummonerSpell":"S5_SummonerSmiteDuel","appendAfterSection":"","visibleWithAllOf":[""],"hiddenWithAnyOf":[""],"items":[{"id":"2031","count":1,"hideCount":false},{"id":"2138","count":1,"hideCount":true}]}]},{"champion":"Sion","title":"SionSR","map":"SR","mode":"CLASSIC","type":"riot","customTag":"","sortrank":0,"extensionPage":false,"useObviousCheckmark":false,"customPanel":null,"blocks":[{"type":"starting","recMath":false,"recSteps":false,"minSummonerLevel":-1,"maxSummonerLevel":-1,"showIfSummonerSpell":"","hideIfSummonerSpell":"SummonerSmite","appendAfterSection":"","visibleWithAllOf":[""],"hiddenWithAnyOf":[""],"items":[{"id":"1054","count":1,"hideCount":false},{"id":"2003","count":1,"hideCount":false},{"id":"3340","count":1,"hideCount":false}]},{"type":"early","recMath":false,"recSteps":false,"minSummonerLevel":-1,"maxSummonerLevel":-1,"showIfSummonerSpell":"","hideIfSummonerSpell":"SummonerSmite","appendAfterSection":"","visibleWithAllOf":[""],"hiddenWithAnyOf":[""],"items":[{"id":"1001","count":1,"hideCount":false},{"id":"3751","count":1,"hideCount":false},{"id":"3211","count":1,"hideCount":false}]},{"type":"essential","recMath":false,"recSteps":false,"minSummonerLevel":-1,"maxSummonerLevel":-1,"showIfSummonerSpell":"","hideIfSummonerSpell":"SummonerSmite","appendAfterSection":"","visibleWithAllOf":[""],"hiddenWithAnyOf":[""],"items":[{"id":"3047","count":1,"hideCount":false},{"id":"3068","count":1,"hideCount":false},{"id":"3065","count":1,"hideCount":false}]},{"type":"startingjungle","recMath":false,"recSteps":false,"minSummonerLevel":-1,"maxSummonerLevel":-1,"showIfSummonerSpell":"SummonerSmite","hideIfSummonerSpell":"","appendAfterSection":"","visibleWithAllOf":[""],"hiddenWithAnyOf":[""],"items":[{"id":"1039","count":1,"hideCount":false},{"id":"2031","count":1,"hideCount":false},{"id":"3340","count":1,"hideCount":false}]},{"type":"earlyjungle","recMath":false,"recSteps":false,"minSummonerLevel":-1,"maxSummonerLevel":-1,"showIfSummonerSpell":"SummonerSmite","hideIfSummonerSpell":"","appendAfterSection":"","visibleWithAllOf":[""],"hiddenWithAnyOf":[""],"items":[{"id":"3706","count":1,"hideCount":false},{"id":"3751","count":1,"hideCount":false},{"id":"1001","count":1,"hideCount":false}]},{"type":"essentialjungle","recMath":false,"recSteps":false,"minSummonerLevel":-1,"maxSummonerLevel":-1,"showIfSummonerSpell":"SummonerSmite","hideIfSummonerSpell":"","appendAfterSection":"","visibleWithAllOf":[""],"hiddenWithAnyOf":[""],"items":[{"id":"1401","count":1,"hideCount":false},{"id":"3047","count":1,"hideCount":false},{"id":"3065","count":1,"hideCount":false}]},{"type":"defensive","recMath":false,"recSteps":false,"minSummonerLevel":-1,"maxSummonerLevel":-1,"showIfSummonerSpell":"","hideIfSummonerSpell":"","appendAfterSection":"","visibleWithAllOf":[""],"hiddenWithAnyOf":[""],"items":[{"id":"3110","count":1,"hideCount":false},{"id":"3143","count":1,"hideCount":false},{"id":"3193","count":1,"hideCount":false}]},{"type":"situational","recMath":false,"recSteps":false,"minSummonerLevel":-1,"maxSummonerLevel":-1,"showIfSummonerSpell":"","hideIfSummonerSpell":"","appendAfterSection":"","visibleWithAllOf":[""],"hiddenWithAnyOf":[""],"items":[{"id":"3025","count":1,"hideCount":false},{"id":"3194","count":1,"hideCount":false},{"id":"3005","count":1,"hideCount":false}]},{"type":"consumables","recMath":false,"recSteps":false,"minSummonerLevel":-1,"maxSummonerLevel":-1,"showIfSummonerSpell":"","hideIfSummonerSpell":"S5_SummonerSmiteDuel","appendAfterSection":"","visibleWithAllOf":[""],"hiddenWithAnyOf":[""],"items":[{"id":"2031","count":1,"hideCount":false},{"id":"2138","count":1,"hideCount":true}]}]}]}}}