{"type":"champion","format":"standAloneComplex","version":"10.15.1","data":{"Sivir":{"id":"Sivir","key":"15","name":"Sivir","title":"the Battle Mistress","image":{"full":"Sivir.png","sprite":"champion3.png","group":"champion","x":384,"y":48,"w":48,"h":48},"skins":[{"id":"15000","num":0,"name":"default","chromas":false},{"id":"15001","num":1,"name":"Warrior Princess Sivir","chromas":false},{"id":"15002","num":2,"name":"Spectacular Sivir","chromas":false},{"id":"15003","num":3,"name":"Huntress Sivir","chromas":false},{"id":"15004","num":4,"name":"Bandit Sivir","chromas":false},{"id":"15005","num":5,"name":"PAX Sivir","chromas":false},{"id":"15006","num":6,"name":"Snowstorm Sivir","chromas":true},{"id":"15007","num":7,"name":"Warden Sivir","chromas":false},{"id":"15008","num":8,"name":"Victorious Sivir","chromas":false},{"id":"15009","num":9,"name":"Neo PAX Sivir","chromas":false},{"id":"15010","num":10,"name":"Pizza Delivery Sivir","chromas":true},{"id":"15016","num":16,"name":"Blood Moon Sivir","chromas":true}],"lore":"Sivir is a renowned fortune hunter and mercenary captain who plies her trade in the deserts of Shurima. Armed with her legendary jeweled crossblade, she has fought and won countless battles for those who can afford her exorbitant price. Known for her fearless resolve and endless ambition, she prides herself on recovering buried treasures from the perilous tombs of Shurima—for a generous bounty. With ancient forces stirring the very bones of Shurima, Sivir finds herself torn between conflicting destinies.","blurb":"Sivir is a renowned fortune hunter and mercenary captain who plies her trade in the deserts of Shurima. Armed with her legendary jeweled crossblade, she has fought and won countless battles for those who can afford her exorbitant price. Known for her...","allytips":["Sivir's Boomerang Blade returns to her after reaching the max range, so you can shift position to hit enemies who would otherwise have evaded it.","Ricochet resets Sivir's basic attack timer on activation, so activating this immediately after landing a normal basic attack will maximize damage output.","Try saving Spell Shield for enemy abilities that can disable you such as stuns and roots."],"enemytips":["Boomerang Blade costs a lot of mana to cast, so dodging it sets Sivir back. If it hits you on the way out, avoid its path on the way back.","Sivir is a powerful pushing champion, so leaving her unattended in a lane for too long will often result in your turrets being destroyed.","When laning against Sivir, it is possible to throw off the timing of her Spell Shield by faking an advance, then backing off."],"tags":["Marksman"],"partype":"Mana","info":{"attack":9,"defense":3,"magic":1,"difficulty":4},"stats":{"hp":562,"hpperlevel":90,"mp":284,"mpperlevel":50,"movespeed":335,"armor":26,"armorperlevel":3.25,"spellblock":30,"spellblockperlevel":0.5,"attackrange":500,"hpregen":3.25,"hpregenperlevel":0.55,"mpregen":8,"mpregenperlevel":0.9,"crit":0,"critperlevel":0,"attackdamage":63,"attackdamageperlevel":3,"attackspeedperlevel":1.6,"attackspeed":0.625},"spells":[{"id":"SivirQ","name":"Boomerang Blade","description":"Sivir hurls her crossblade like a boomerang, dealing damage each way.","tooltip":"Sivir hurls her crossblade like a boomerang, dealing <physicalDamage>{{ totaldamage }} physical damage</physicalDamage> to all enemies it cuts through.<br /><br />Hitting non-Champions reduces the damage to subsequent targets by {{ falloffratio*100 }}%, down to a minimum of {{ falloffminimum*100 }}%.","leveltip":{"label":["Damage","Attack Damage Ratio","@AbilityResourceName@ Cost"],"effect":["{{ basedamage }} -> {{ basedamageNL }}","{{ tadratio*100.000000 }}% -> {{ tadrationl*100.000000 }}%","{{ cost }} -> {{ costNL }}"]},"maxrank":5,"cooldown":[7,7,7,7,7],"cooldownBurn":"7","cost":[70,80,90,100,110],"costBurn":"70/80/90/100/110","datavalues":{},"effect":[null,[0,0,0,0,0],[0,0,0,0,0],[0,0,0,0,0],[0,0,0,0,0],[0,0,0,0,0],[0,0,0,0,0],[0,0,0,0,0],[0,0,0,0,0],[0,0,0,0,0],[0,0,0,0,0]],"effectBurn":[null,"0","0","0","0","0","0","0","0","0","0"],"vars":[],"costType":" {{ abilityresourcename }}","maxammo":"-1","range":[1200,1200,1200,1200,1200],"rangeBurn":"1200","image":{"full":"SivirQ.png","sprite":"spell11.png","group":"spell","x":288,"y":0,"w":48,"h":48},"resource":"{{ cost }} {{ abilityresourcename }}"},{"id":"SivirW","name":"Ricochet","description":"Sivir's next few basic attacks will bounce to nearby targets, dealing reduced damage to secondary targets.","tooltip":"Sivir's next {{ bounceattacks }} basic attacks bounce to nearby targets, dealing <scaleAD>{{ firsttargetdamage }} physical damage</scaleAD>  to the first target and <scaleAD>{{ bouncedamage }} physical damage</scaleAD> to each subsequent target.<br /><br />If a given Ricochet attack critically strikes its first target, all subsequent bounces from that attack will also critically strike.<br /><br /><span class=\"color919191\"><i>Targets cannot be hit more than once by a given Ricochet attack and on-hit effects are applied only to the first target of each attack.</i></span>","leveltip":{"label":["Cooldown","Bounce Damage (total attack damage)"],"effect":["{{ cooldown }} -> {{ cooldownNL }}","{{ bounceadratio*100.000000 }}% -> {{ bounceadrationl*100.000000 }}%"]},"maxrank":5,"cooldown":[12,10.5,9,7.5,6],"cooldownBurn":"12/10.5/9/7.5/6","cost":[75,75,75,75,75],"costBurn":"75","datavalues":{},"effect":[null,[0,0,0,0,0],[0,0,0,0,0],[0,0,0,0,0],[0,0,0,0,0],[0,0,0,0,0],[0,0,0,0,0],[0,0,0,0,0],[0,0,0,0,0],[0,0,0,0,0],[0,0,0,0,0]],"effectBurn":[null,"0","0","0","0","0","0","0","0","0","0"],"vars":[],"costType":" {{ abilityresourcename }}","maxammo":"-1","range":[20,20,20,20,20],"rangeBurn":"20","image":{"full":"SivirW.png","sprite":"spell11.png","group":"spell","x":336,"y":0,"w":48,"h":48},"resource":"{{ cost }} {{ abilityresourcename }}"},{"id":"SivirE","name":"Spell Shield","description":"Creates a magical barrier that blocks a single enemy ability cast on Sivir. She receives Mana back if a spell is blocked.","tooltip":"Sivir creates a magical barrier for {{ e1 }} seconds that blocks the next incoming enemy ability.<br /><br />If an ability is blocked by the shield, Sivir regains {{ e2 }} Mana.","leveltip":{"label":["Cooldown","Mana Gain"],"effect":["{{ cooldown }} -> {{ cooldownNL }}","{{ e2 }} -> {{ e2NL }}"]},"maxrank":5,"cooldown":[22,19,16,13,10],"cooldownBurn":"22/19/16/13/10","cost":[0,0,0,0,0],"costBurn":"0","datavalues":{},"effect":[null,[1.5,1.5,1.5,1.5,1.5],[110,120,130,140,150],[0,0,0,0,0],[0,0,0,0,0],[0,0,0,0,0],[0,0,0,0,0],[0,0,0,0,0],[0,0,0,0,0],[0,0,0,0,0],[0,0,0,0,0]],"effectBurn":[null,"1.5","110/120/130/140/150","0","0","0","0","0","0","0","0"],"vars":[],"costType":"No Cost","maxammo":"-1","range":[20,20,20,20,20],"rangeBurn":"20","image":{"full":"SivirE.png","sprite":"spell11.png","group":"spell","x":384,"y":0,"w":48,"h":48},"resource":"No Cost"},{"id":"SivirR","name":"On The Hunt","description":"Sivir leads her allies in battle, granting them a surge Movement Speed for a period of time. Additionally passively grants Sivir bonus Attack Speed while Ricochet is active.","tooltip":"<spellPassive>Passive: </spellPassive>Sivir gains {{ ricochetattackspeed*100 }}% Attack Speed while Ricochet is active.<br /><br /><spellPassive>Active: </spellPassive>Sivir rallies her allies for {{ ultduration }} seconds, granting all nearby allies an initial {{ maxms }}% Movement Speed bonus that reduces to {{ minms }}% after the first {{ maxmsduration }} seconds of On The Hunt elapse.","leveltip":{"label":["Attack Speed","Max Movement Speed","Minimum Movement Speed","Movement Speed Duration","Cooldown"],"effect":["{{ ricochetattackspeed*100.000000 }}% -> {{ ricochetattackspeednl*100.000000 }}%","{{ maxms }}% -> {{ maxmsNL }}%","{{ minms }}% -> {{ minmsNL }}%","{{ maxmsduration }} -> {{ maxmsdurationNL }}","{{ cooldown }} -> {{ cooldownNL }}"]},"maxrank":3,"cooldown":[120,100,80],"cooldownBurn":"120/100/80","cost":[100,100,100],"costBurn":"100","datavalues":{},"effect":[null,[0,0,0],[0,0,0],[0,0,0],[0,0,0],[0,0,0],[0,0,0],[0,0,0],[0,0,0],[0,0,0],[0,0,0]],"effectBurn":[null,"0","0","0","0","0","0","0","0","0","0"],"vars":[],"costType":" {{ abilityresourcename }}","maxammo":"-1","range":[1000,1000,1000],"rangeBurn":"1000","image":{"full":"SivirR.png","sprite":"spell11.png","group":"spell","x":432,"y":0,"w":48,"h":48},"resource":"{{ cost }} {{ abilityresourcename }}"}],"passive":{"name":"Fleet of Foot","description":"Sivir gains a short burst of Movement Speed when she attacks an enemy champion.","image":{"full":"Sivir_Passive.png","sprite":"passive3.png","group":"passive","x":384,"y":48,"w":48,"h":48}},"recommended":[{"champion":"Sivir","title":"Beginner","map":"SR","mode":"INTRO","type":"riot","customTag":"","extensionPage":false,"customPanel":null,"blocks":[{"type":"beginner_starter","recMath":false,"recSteps":false,"minSummonerLevel":-1,"maxSummonerLevel":4,"showIfSummonerSpell":"","hideIfSummonerSpell":"","items":[{"id":"1055","count":1,"hideCount":false}]},{"type":"beginner_starter","recMath":false,"recSteps":false,"minSummonerLevel":5,"maxSummonerLevel":-1,"showIfSummonerSpell":"","hideIfSummonerSpell":"","items":[{"id":"1055","count":1,"hideCount":false},{"id":"2003","count":1,"hideCount":false}]},{"type":"beginner_advanced","recMath":true,"recSteps":false,"minSummonerLevel":-1,"maxSummonerLevel":-1,"showIfSummonerSpell":"","hideIfSummonerSpell":"","items":[{"id":"1038","count":1,"hideCount":false},{"id":"1037","count":1,"hideCount":false}]},{"type":"beginner_movementspeed","recMath":true,"recSteps":false,"minSummonerLevel":-1,"maxSummonerLevel":-1,"showIfSummonerSpell":"","hideIfSummonerSpell":"","items":[{"id":"1001","count":1,"hideCount":false},{"id":"3158","count":1,"hideCount":false}]},{"type":"beginner_legendaryitem","recMath":true,"recSteps":false,"minSummonerLevel":-1,"maxSummonerLevel":-1,"showIfSummonerSpell":"","hideIfSummonerSpell":"","items":[{"id":"3031","count":1,"hideCount":false},{"id":"3133","count":1,"hideCount":false},{"id":"3508","count":1,"hideCount":false}]},{"type":"beginner_morelegendaryitems","recMath":false,"recSteps":false,"minSummonerLevel":-1,"maxSummonerLevel":-1,"showIfSummonerSpell":"","hideIfSummonerSpell":"","items":[{"id":"3812","count":1,"hideCount":false},{"id":"3085","count":1,"hideCount":false},{"id":"3026","count":1,"hideCount":false}]}]},{"champion":"Sivir","title":"SivirARAM","map":"HA","mode":"ARAM","type":"riot","customTag":"","sortrank":0,"extensionPage":false,"useObviousCheckmark":false,"customPanel":null,"blocks":[{"type":"starting","recMath":false,"recSteps":false,"minSummonerLevel":-1,"maxSummonerLevel":-1,"showIfSummonerSpell":"","hideIfSummonerSpell":"","appendAfterSection":"","visibleWithAllOf":[""],"hiddenWithAnyOf":[""],"items":[{"id":"1038","count":1,"hideCount":false},{"id":"2003","count":2,"hideCount":false}]},{"type":"essential","recMath":false,"recSteps":false,"minSummonerLevel":-1,"maxSummonerLevel":-1,"showIfSummonerSpell":"","hideIfSummonerSpell":"","appendAfterSection":"","visibleWithAllOf":[""],"hiddenWithAnyOf":[""],"items":[{"id":"3508","count":1,"hideCount":false},{"id":"3006","count":1,"hideCount":false},{"id":"3031","count":1,"hideCount":false}]},{"type":"offensive","recMath":false,"recSteps":false,"minSummonerLevel":-1,"maxSummonerLevel":-1,"showIfSummonerSpell":"","hideIfSummonerSpell":"","appendAfterSection":"","visibleWithAllOf":[""],"hiddenWithAnyOf":[""],"items":[{"id":"3087","count":1,"hideCount":false},{"id":"3036","count":1,"hideCount":false},{"id":"3046","count":1,"hideCount":false}]},{"type":"defensive","recMath":false,"recSteps":false,"minSummonerLevel":-1,"maxSummonerLevel":-1,"showIfSummonerSpell":"","hideIfSummonerSpell":"","appendAfterSection":"","visibleWithAllOf":[""],"hiddenWithAnyOf":[""],"items":[{"id":"3094","count":1,"hideCount":false},{"id":"3139","count":1,"hideCount":false},{"id":"3072","count":1,"hideCount":false}]},{"type":"consumables","recMath":false,"recSteps":false,"minSummonerLevel":-1,"maxSummonerLevel":-1,"showIfSummonerSpell":"","hideIfSummonerSpell":"","appendAfterSection":"","visibleWithAllOf":[""],"hiddenWithAnyOf":[""],"items":[{"id":"2003","count":1,"hideCount":true},{"id":"2140","count":1,"hideCount":true},{"id":"2033","count":1,"hideCount":false}]}]},{"champion":"Sivir","title":"SivirFIRSTBLOOD","map":"HA","mode":"FIRSTBLOOD","type":"riot","customTag":"","sortrank":0,"extensionPage":false,"customPanel":null,"blocks":[{"type":"starting","recMath":false,"recSteps":false,"minSummonerLevel":-1,"maxSummonerLevel":-1,"showIfSummonerSpell":"","hideIfSummonerSpell":"","items":[{"id":"1055","count":1,"hideCount":false},{"id":"2003","count":1,"hideCount":false},{"id":"3340","count":1,"hideCount":false}]},{"type":"early","recMath":false,"recSteps":false,"minSummonerLevel":-1,"maxSummonerLevel":-1,"showIfSummonerSpell":"","hideIfSummonerSpell":"","items":[{"id":"1038","count":1,"hideCount":false},{"id":"1037","count":1,"hideCount":false},{"id":"1001","count":1,"hideCount":false}]},{"type":"essential","recMath":false,"recSteps":false,"minSummonerLevel":-1,"maxSummonerLevel":-1,"showIfSummonerSpell":"","hideIfSummonerSpell":"","items":[{"id":"3031","count":1,"hideCount":false},{"id":"3006","count":1,"hideCount":false},{"id":"3508","count":1,"hideCount":false}]},{"type":"offensive","recMath":false,"recSteps":false,"minSummonerLevel":-1,"maxSummonerLevel":-1,"showIfSummonerSpell":"","hideIfSummonerSpell":"","items":[{"id":"3812","count":1,"hideCount":false},{"id":"3036","count":1,"hideCount":false},{"id":"3085","count":1,"hideCount":false}]},{"type":"situational","recMath":false,"recSteps":false,"minSummonerLevel":-1,"maxSummonerLevel":-1,"showIfSummonerSpell":"","hideIfSummonerSpell":"","items":[{"id":"3026","count":1,"hideCount":false},{"id":"3139","count":1,"hideCount":false},{"id":"3071","count":1,"hideCount":false}]},{"type":"consumables","recMath":false,"recSteps":false,"minSummonerLevel":-1,"maxSummonerLevel":-1,"showIfSummonerSpell":"","hideIfSummonerSpell":"","items":[{"id":"2003","count":1,"hideCount":true},{"id":"2140","count":1,"hideCount":true},{"id":"3363","count":1,"hideCount":true}]}]},{"champion":"Sivir","title":"SivirARAM","map":"HA","mode":"KINGPORO","type":"riot","customTag":"","sortrank":0,"extensionPage":false,"useObviousCheckmark":false,"customPanel":null,"blocks":[{"type":"KingPoroSnax","recMath":false,"recSteps":false,"minSummonerLevel":-1,"maxSummonerLevel":-1,"showIfSummonerSpell":"","hideIfSummonerSpell":"","items":[{"id":"3680","count":1,"hideCount":false},{"id":"3681","count":1,"hideCount":false},{"id":"3682","count":1,"hideCount":false},{"id":"3683","count":1,"hideCount":false},{"id":"3684","count":1,"hideCount":false},{"id":"3685","count":1,"hideCount":false}]},{"type":"starting","recMath":false,"recSteps":false,"minSummonerLevel":-1,"maxSummonerLevel":-1,"showIfSummonerSpell":"","hideIfSummonerSpell":"","appendAfterSection":"","visibleWithAllOf":[""],"hiddenWithAnyOf":[""],"items":[{"id":"3086","count":1,"hideCount":false},{"id":"2003","count":4,"hideCount":false}]},{"type":"essential","recMath":false,"recSteps":false,"minSummonerLevel":-1,"maxSummonerLevel":-1,"showIfSummonerSpell":"","hideIfSummonerSpell":"","appendAfterSection":"","visibleWithAllOf":[""],"hiddenWithAnyOf":[""],"items":[{"id":"3087","count":1,"hideCount":false},{"id":"3006","count":1,"hideCount":false},{"id":"3031","count":1,"hideCount":false}]},{"type":"offensive","recMath":false,"recSteps":false,"minSummonerLevel":-1,"maxSummonerLevel":-1,"showIfSummonerSpell":"","hideIfSummonerSpell":"","appendAfterSection":"","visibleWithAllOf":[""],"hiddenWithAnyOf":[""],"items":[{"id":"3036","count":1,"hideCount":false},{"id":"3508","count":1,"hideCount":false},{"id":"3046","count":1,"hideCount":false}]},{"type":"defensive","recMath":false,"recSteps":false,"minSummonerLevel":-1,"maxSummonerLevel":-1,"showIfSummonerSpell":"","hideIfSummonerSpell":"","appendAfterSection":"","visibleWithAllOf":[""],"hiddenWithAnyOf":[""],"items":[{"id":"3094","count":1,"hideCount":false},{"id":"3139","count":1,"hideCount":false},{"id":"3072","count":1,"hideCount":false}]},{"type":"consumables","recMath":false,"recSteps":false,"minSummonerLevel":-1,"maxSummonerLevel":-1,"showIfSummonerSpell":"","hideIfSummonerSpell":"","appendAfterSection":"","visibleWithAllOf":[""],"hiddenWithAnyOf":[""],"items":[{"id":"2003","count":1,"hideCount":true},{"id":"2140","count":1,"hideCount":true},{"id":"2033","count":1,"hideCount":false}]}]},{"champion":"Sivir","title":"SivirSL","map":"NB","mode":"NEXUSBLITZ","type":"riot","customTag":"","sortrank":0,"extensionPage":false,"useObviousCheckmark":false,"customPanel":null,"blocks":[{"type":"starting","recMath":false,"recSteps":false,"minSummonerLevel":-1,"maxSummonerLevel":-1,"showIfSummonerSpell":"","hideIfSummonerSpell":"SummonerSmite","appendAfterSection":"","visibleWithAllOf":[""],"hiddenWithAnyOf":[""],"items":[{"id":"4202","count":1,"hideCount":false},{"id":"2003","count":1,"hideCount":false},{"id":"3340","count":1,"hideCount":false}]},{"type":"startingjungle","recMath":false,"recSteps":false,"minSummonerLevel":-1,"maxSummonerLevel":-1,"showIfSummonerSpell":"SummonerSmite","hideIfSummonerSpell":"","appendAfterSection":"","visibleWithAllOf":[""],"hiddenWithAnyOf":[""],"items":[{"id":"4101","count":1,"hideCount":false},{"id":"2003","count":1,"hideCount":false},{"id":"3340","count":1,"hideCount":false}]},{"type":"early","recMath":false,"recSteps":false,"minSummonerLevel":-1,"maxSummonerLevel":-1,"showIfSummonerSpell":"","hideIfSummonerSpell":"SummonerSmite","appendAfterSection":"","visibleWithAllOf":[""],"hiddenWithAnyOf":[""],"items":[{"id":"1038","count":1,"hideCount":false},{"id":"1042","count":1,"hideCount":false},{"id":"1001","count":1,"hideCount":false}]},{"type":"earlyjungle","recMath":false,"recSteps":false,"minSummonerLevel":-1,"maxSummonerLevel":-1,"showIfSummonerSpell":"SummonerSmite","hideIfSummonerSpell":"","appendAfterSection":"","visibleWithAllOf":[""],"hiddenWithAnyOf":[""],"items":[{"id":"3133","count":1,"hideCount":false},{"id":"1042","count":1,"hideCount":false},{"id":"1001","count":1,"hideCount":false}]},{"type":"essential","recMath":false,"recSteps":false,"minSummonerLevel":-1,"maxSummonerLevel":-1,"showIfSummonerSpell":"","hideIfSummonerSpell":"SummonerSmite","appendAfterSection":"","visibleWithAllOf":[""],"hiddenWithAnyOf":[""],"items":[{"id":"3006","count":1,"hideCount":false},{"id":"3095","count":1,"hideCount":false},{"id":"3046","count":1,"hideCount":false}]},{"type":"essentialjungle","recMath":false,"recSteps":false,"minSummonerLevel":-1,"maxSummonerLevel":-1,"showIfSummonerSpell":"SummonerSmite","hideIfSummonerSpell":"","appendAfterSection":"","visibleWithAllOf":[""],"hiddenWithAnyOf":[""],"items":[{"id":"3006","count":1,"hideCount":false},{"id":"4102","count":1,"hideCount":false},{"id":"3094","count":1,"hideCount":false},{"id":"3095","count":1,"hideCount":false}]},{"type":"offensive","recMath":false,"recSteps":false,"minSummonerLevel":-1,"maxSummonerLevel":-1,"showIfSummonerSpell":"","hideIfSummonerSpell":"SummonerSmite","appendAfterSection":"","visibleWithAllOf":[""],"hiddenWithAnyOf":[""],"items":[{"id":"3031","count":1,"hideCount":false},{"id":"3036","count":1,"hideCount":false},{"id":"3072","count":1,"hideCount":false}]},{"type":"situational","recMath":false,"recSteps":false,"minSummonerLevel":-1,"maxSummonerLevel":-1,"showIfSummonerSpell":"","hideIfSummonerSpell":"","appendAfterSection":"","visibleWithAllOf":[""],"hiddenWithAnyOf":[""],"items":[{"id":"3139","count":1,"hideCount":false},{"id":"3156","count":1,"hideCount":false},{"id":"3508","count":1,"hideCount":false}]},{"type":"consumables","recMath":false,"recSteps":false,"minSummonerLevel":-1,"maxSummonerLevel":-1,"showIfSummonerSpell":"","hideIfSummonerSpell":"","appendAfterSection":"","visibleWithAllOf":[""],"hiddenWithAnyOf":[""],"items":[{"id":"2003","count":1,"hideCount":true},{"id":"2140","count":1,"hideCount":true}]}]},{"champion":"Sivir","title":"SivirSR","map":"SR","mode":"CLASSIC","type":"riot","customTag":"","sortrank":0,"extensionPage":false,"useObviousCheckmark":false,"customPanel":null,"blocks":[{"type":"starting","recMath":false,"recSteps":false,"minSummonerLevel":-1,"maxSummonerLevel":-1,"showIfSummonerSpell":"","hideIfSummonerSpell":"","appendAfterSection":"","visibleWithAllOf":[""],"hiddenWithAnyOf":[""],"items":[{"id":"1055","count":1,"hideCount":false},{"id":"2003","count":1,"hideCount":false},{"id":"3340","count":1,"hideCount":false}]},{"type":"early","recMath":false,"recSteps":false,"minSummonerLevel":-1,"maxSummonerLevel":-1,"showIfSummonerSpell":"","hideIfSummonerSpell":"","appendAfterSection":"","visibleWithAllOf":[""],"hiddenWithAnyOf":[""],"items":[{"id":"1038","count":1,"hideCount":false},{"id":"3133","count":1,"hideCount":false},{"id":"1001","count":1,"hideCount":false}]},{"type":"essential","recMath":false,"recSteps":false,"minSummonerLevel":-1,"maxSummonerLevel":-1,"showIfSummonerSpell":"","hideIfSummonerSpell":"","appendAfterSection":"","visibleWithAllOf":[""],"hiddenWithAnyOf":[""],"items":[{"id":"3508","count":1,"hideCount":false},{"id":"3006","count":1,"hideCount":false},{"id":"3046","count":1,"hideCount":false}]},{"type":"offensive","recMath":false,"recSteps":false,"minSummonerLevel":-1,"maxSummonerLevel":-1,"showIfSummonerSpell":"","hideIfSummonerSpell":"","appendAfterSection":"","visibleWithAllOf":[""],"hiddenWithAnyOf":[""],"items":[{"id":"3031","count":1,"hideCount":false},{"id":"3072","count":1,"hideCount":false},{"id":"3087","count":1,"hideCount":false}]},{"type":"situational","recMath":false,"recSteps":false,"minSummonerLevel":-1,"maxSummonerLevel":-1,"showIfSummonerSpell":"","hideIfSummonerSpell":"","appendAfterSection":"","visibleWithAllOf":[""],"hiddenWithAnyOf":[""],"items":[{"id":"3026","count":1,"hideCount":false},{"id":"3139","count":1,"hideCount":false},{"id":"3036","count":1,"hideCount":false},{"id":"3161","count":1,"hideCount":false}]},{"type":"consumables","recMath":false,"recSteps":false,"minSummonerLevel":-1,"maxSummonerLevel":-1,"showIfSummonerSpell":"","hideIfSummonerSpell":"","appendAfterSection":"","visibleWithAllOf":[""],"hiddenWithAnyOf":[""],"items":[{"id":"2003","count":1,"hideCount":true},{"id":"2140","count":1,"hideCount":true}]}]}]}}}