{"type":"champion","format":"standAloneComplex","version":"10.15.1","data":{"Sona":{"id":"Sona","key":"37","name":"Sona","title":"Maven of the Strings","image":{"full":"Sona.png","sprite":"champion3.png","group":"champion","x":0,"y":96,"w":48,"h":48},"skins":[{"id":"37000","num":0,"name":"default","chromas":false},{"id":"37001","num":1,"name":"Muse Sona","chromas":false},{"id":"37002","num":2,"name":"Pentakill Sona","chromas":false},{"id":"37003","num":3,"name":"Silent Night Sona","chromas":false},{"id":"37004","num":4,"name":"Guqin Sona","chromas":true},{"id":"37005","num":5,"name":"Arcade Sona","chromas":true},{"id":"37006","num":6,"name":"DJ Sona","chromas":false},{"id":"37007","num":7,"name":"Sweetheart Sona","chromas":false},{"id":"37009","num":9,"name":"Odyssey Sona","chromas":true}],"lore":"Sona is Demacia's foremost virtuoso of the stringed etwahl, speaking only through her graceful chords and vibrant arias. This genteel manner has endeared her to the highborn, though others suspect her spellbinding melodies to actually emanate magic—a Demacian taboo. Silent to outsiders but somehow understood by close companions, Sona plucks her harmonies not only to soothe injured allies, but also to strike down unsuspecting enemies.","blurb":"Sona is Demacia's foremost virtuoso of the stringed etwahl, speaking only through her graceful chords and vibrant arias. This genteel manner has endeared her to the highborn, though others suspect her spellbinding melodies to actually emanate magic—a...","allytips":["Make sure to tag your allies while Sona's auras are active, but avoid getting caught out by enemies.","Save Crescendo for the game-altering moment.","Well-timed uses of Aria of Perseverance will grant you maximum survivability."],"enemytips":["Spread out when you see Sona so she can't make your entire team dance.","Kill Sona first, as she will heal up her team if left alone for too long."],"tags":["Support","Mage"],"partype":"Mana","info":{"attack":5,"defense":2,"magic":8,"difficulty":4},"stats":{"hp":482.36,"hpperlevel":77,"mp":340.6,"mpperlevel":45,"movespeed":325,"armor":28,"armorperlevel":3.3,"spellblock":30,"spellblockperlevel":0.5,"attackrange":550,"hpregen":5.5,"hpregenperlevel":0.55,"mpregen":11.5,"mpregenperlevel":0.4,"crit":0,"critperlevel":0,"attackdamage":49,"attackdamageperlevel":3,"attackspeedperlevel":2.3,"attackspeed":0.644},"spells":[{"id":"SonaQ","name":"Hymn of Valor","description":"Sona plays the Hymn of Valor, sends out bolts of sound, dealing magic damage to two nearby enemies, prioritizing champions and monsters. Sona gains a temporary aura that grants allies tagged by the zone bonus damage on their next attack against enemies.","tooltip":"<spellPassive>Active:</spellPassive> Deals {{ e1 }} <scaleAP>(+{{ a1 }})</scaleAP> magic damage to the nearest two enemies (prioritizes champions) and changes her <span class=\"colorEEEEEE\">Power Chord</span> bonus to <span class=\"color4477FF\">Staccato</span>.<br /><br /><spellPassive>Melody:</spellPassive> Sona gains an aura for {{ e3 }} seconds. Allied champions that enter the aura will gain an additional {{ e4 }} <scaleAP>(+{{ a2 }})</scaleAP> magic damage on their next attack. Granting an ally this aura effect will refund Sona <scaleMana>{{ manarefund }}</scaleMana> mana once per cast.","leveltip":{"label":["Damage (active)","Damage (melody)","@AbilityResourceName@ Cost"],"effect":["{{ e1 }} -> {{ e1NL }}","{{ e4 }} -> {{ e4NL }}","{{ cost }} -> {{ costNL }}"]},"maxrank":5,"cooldown":[8,8,8,8,8],"cooldownBurn":"8","cost":[75,80,85,90,95],"costBurn":"75/80/85/90/95","datavalues":{},"effect":[null,[40,70,100,130,160],[400,400,400,400,400],[3,3,3,3,3],[10,15,20,25,30],[5,5,5,5,5],[0,0,0,0,0],[0,0,0,0,0],[0,0,0,0,0],[0,0,0,0,0],[0,0,0,0,0]],"effectBurn":[null,"40/70/100/130/160","400","3","10/15/20/25/30","5","0","0","0","0","0"],"vars":[{"link":"spelldamage","coeff":0.5,"key":"a1"},{"link":"spelldamage","coeff":0.2,"key":"a2"}],"costType":" {{ abilityresourcename }}","maxammo":"-1","range":[825,825,825,825,825],"rangeBurn":"825","image":{"full":"SonaQ.png","sprite":"spell11.png","group":"spell","x":192,"y":48,"w":48,"h":48},"resource":"{{ cost }} {{ abilityresourcename }}"},{"id":"SonaW","name":"Aria of Perseverance","description":"Sona plays the Aria of Perseverance, sending out protective melodies, healing Sona and a nearby wounded ally. Sona gains a temporary aura that grants allies tagged by the zone a temporary shield.","tooltip":"<spellPassive>Active:</spellPassive> Restores {{ e1 }} <scaleAP>(+{{ a1 }})</scaleAP> health to Sona and a nearby allied champion (prioritizes most wounded) and changes her <span class=\"colorEEEEEE\">Power Chord</span> bonus to <span class=\"color44FF77\">Diminuendo</span>.<br /><br /><spellPassive>Melody:</spellPassive> Sona gains an aura for {{ e3 }} seconds. Allied champions that enter the aura will gain a shield that prevents up to {{ e4 }} <scaleAP>(+{{ a2 }})</scaleAP> damage within the next {{ e5 }} seconds. Granting an ally this aura effect will refund Sona <scaleMana>{{ manarefund }}</scaleMana> mana once per cast.","leveltip":{"label":["Heal (active)","Shield (melody)","@AbilityResourceName@ Cost"],"effect":["{{ e1 }} -> {{ e1NL }}","{{ e4 }} -> {{ e4NL }}","{{ cost }} -> {{ costNL }}"]},"maxrank":5,"cooldown":[10,10,10,10,10],"cooldownBurn":"10","cost":[105,110,115,120,125],"costBurn":"105/110/115/120/125","datavalues":{},"effect":[null,[30,50,70,90,110],[400,400,400,400,400],[3,3,3,3,3],[25,50,75,100,125],[1.5,1.5,1.5,1.5,1.5],[0,0,0,0,0],[0,0,0,0,0],[0,0,0,0,0],[0,0,0,0,0],[0,0,0,0,0]],"effectBurn":[null,"30/50/70/90/110","400","3","25/50/75/100/125","1.5","0","0","0","0","0"],"vars":[{"link":"spelldamage","coeff":0.25,"key":"a1"},{"link":"spelldamage","coeff":0.3,"key":"a2"}],"costType":" {{ abilityresourcename }}","maxammo":"-1","range":[1000,1000,1000,1000,1000],"rangeBurn":"1000","image":{"full":"SonaW.png","sprite":"spell11.png","group":"spell","x":240,"y":48,"w":48,"h":48},"resource":"{{ cost }} {{ abilityresourcename }}"},{"id":"SonaE","name":"Song of Celerity","description":"Sona plays the Song of Celerity, granting nearby allies bonus Movement Speed. Sona gains a temporary aura that grants allied champions tagged by the zone bonus Movement Speed.","tooltip":"<spellPassive>Active:</spellPassive> Grants Sona <scaleAP>{{ f1*100 }}%</scaleAP> Movement Speed [{{ e1 }}% + {{ f2*100 }}% per 100 ability power] for {{ e9 }} seconds (or until damaged) and changes her <span class=\"colorEEEEEE\">Power Chord</span> bonus to <span class=\"colorDD5599\">Tempo</span>.<br /><br /><spellPassive>Melody:</spellPassive> Sona gains an aura for {{ e3 }} seconds. Allied champions that enter the aura will gain <scaleAP>{{ f3*100 }}%</scaleAP> Movement Speed for {{ e5 }} seconds. Granting an ally this aura effect will refund Sona <scaleMana>{{ manarefund }}</scaleMana> mana once per cast.<br /><br /><span class=\"color919191\"><i>Sona's personal Movement Speed increase will always last at least {{ e5 }} seconds.</i></span>","leveltip":{"label":["Movement Speed"],"effect":["{{ effect4amount*100.000000 }}% -> {{ effect4amountnl*100.000000 }}%"]},"maxrank":5,"cooldown":[12,12,12,12,12],"cooldownBurn":"12","cost":[90,90,90,90,90],"costBurn":"90","datavalues":{},"effect":[null,[20,20,20,20,20],[400,400,400,400,400],[3,3,3,3,3],[0.1,0.11,0.12,0.13,0.14],[3,3,3,3,3],[0,0,0,0,0],[0,0,0,0,0],[0,0,0,0,0],[7,7,7,7,7],[0,0,0,0,0]],"effectBurn":[null,"20","400","3","0.1/0.11/0.12/0.13/0.14","3","0","0","0","7","0"],"vars":[],"costType":" {{ abilityresourcename }}","maxammo":"-1","range":[430,430,430,430,430],"rangeBurn":"430","image":{"full":"SonaE.png","sprite":"spell11.png","group":"spell","x":288,"y":48,"w":48,"h":48},"resource":"{{ cost }} {{ abilityresourcename }}"},{"id":"SonaR","name":"Crescendo","description":"Sona plays her ultimate chord, stunning enemy champions and forcing them to dance and dealing magic damage to them. Each rank reduces the base cooldown of Sona's basic abilities.","tooltip":"<spellPassive>Active: </spellPassive>Strikes an irresistible chord, stunning enemy Champions and forcing them to dance for {{ e2 }} seconds and take {{ e1 }} <scaleAP>(+{{ a1 }})</scaleAP> magic damage.<br /><br /><spellPassive>Passive: </spellPassive>Reduces the base cooldown of Sona's basic abilities by {{ e3 }}%.","leveltip":{"label":["Damage","Cooldown","Basic Ability Base CDR"],"effect":["{{ e1 }} -> {{ e1NL }}","{{ cooldown }} -> {{ cooldownNL }}","{{ baseabilitycdr*-100.000000 }}% -> {{ baseabilitycdrnl*-100.000000 }}%"]},"maxrank":3,"cooldown":[140,120,100],"cooldownBurn":"140/120/100","cost":[100,100,100],"costBurn":"100","datavalues":{},"effect":[null,[150,250,350],[1.5,1.5,1.5],[10,25,40],[-0.1,-0.25,-0.4],[-0.1,-0.25,-0.4],[0,0,0],[0,0,0],[0,0,0],[0,0,0],[0,0,0]],"effectBurn":[null,"150/250/350","1.5","10/25/40","-0.1/-0.25/-0.4","-0.1/-0.25/-0.4","0","0","0","0","0"],"vars":[{"link":"spelldamage","coeff":0.5,"key":"a1"}],"costType":" {{ abilityresourcename }}","maxammo":"-1","range":[900,900,900],"rangeBurn":"900","image":{"full":"SonaR.png","sprite":"spell11.png","group":"spell","x":336,"y":48,"w":48,"h":48},"resource":"{{ cost }} {{ abilityresourcename }}"}],"passive":{"name":"Power Chord","description":"After 3 spell casts, Sona's next attack will deal bonus magic damage in addition to an additional effect based on what song Sona last activated.","image":{"full":"Sona_Passive_Charged.png","sprite":"passive3.png","group":"passive","x":0,"y":96,"w":48,"h":48}},"recommended":[{"champion":"Sona","title":"Beginner","type":"riot","map":"SR","mode":"INTRO","priority":false,"blocks":[{"type":"beginner_Starter","maxSummonerLevel":4,"items":[{"id":"1056","count":1}]},{"type":"beginner_Starter","minSummonerLevel":5,"items":[{"id":"1056","count":1},{"id":"2003","count":1}]},{"type":"beginner_Advanced","recMath":true,"items":[{"id":"1028","count":1},{"id":"1027","count":1},{"id":"3010","count":1}]},{"type":"beginner_MovementSpeed","recMath":true,"items":[{"id":"1001","count":1},{"id":"3020","count":1}]},{"type":"beginner_LegendaryItem","recMath":true,"items":[{"id":"3010","count":1},{"id":"1026","count":1},{"id":"3027","count":1}]},{"type":"beginner_MoreLegendaryItems","items":[{"id":"3151","count":1},{"id":"3174","count":1},{"id":"3116","count":1},{"id":"3089","count":1}]}]},{"champion":"Sona","title":"SonaARAM","map":"HA","mode":"ARAM","type":"riot","customTag":"","sortrank":0,"extensionPage":false,"customPanel":null,"blocks":[{"type":"starting","recMath":false,"recSteps":false,"minSummonerLevel":-1,"maxSummonerLevel":-1,"showIfSummonerSpell":"","hideIfSummonerSpell":"","appendAfterSection":"","visibleWithAllOf":[""],"hiddenWithAnyOf":[""],"items":[{"id":"3073","count":1,"hideCount":false},{"id":"1001","count":1,"hideCount":false},{"id":"2003","count":5,"hideCount":false}]},{"type":"essential","recMath":false,"recSteps":false,"minSummonerLevel":-1,"maxSummonerLevel":-1,"showIfSummonerSpell":"","hideIfSummonerSpell":"","appendAfterSection":"","visibleWithAllOf":[""],"hiddenWithAnyOf":[""],"items":[{"id":"3007","count":1,"hideCount":false},{"id":"3158","count":1,"hideCount":false},{"id":"3100","count":1,"hideCount":false}]},{"type":"offensive","recMath":false,"recSteps":false,"minSummonerLevel":-1,"maxSummonerLevel":-1,"showIfSummonerSpell":"","hideIfSummonerSpell":"","appendAfterSection":"","visibleWithAllOf":[""],"hiddenWithAnyOf":[""],"items":[{"id":"3029","count":1,"hideCount":false},{"id":"3089","count":1,"hideCount":false},{"id":"3135","count":1,"hideCount":false}]},{"type":"defensive","recMath":false,"recSteps":false,"minSummonerLevel":-1,"maxSummonerLevel":-1,"showIfSummonerSpell":"","hideIfSummonerSpell":"","appendAfterSection":"","visibleWithAllOf":[""],"hiddenWithAnyOf":[""],"items":[{"id":"3165","count":1,"hideCount":false},{"id":"3174","count":1,"hideCount":false},{"id":"3116","count":1,"hideCount":false}]},{"type":"offmeta","recMath":false,"recSteps":false,"minSummonerLevel":-1,"maxSummonerLevel":-1,"showIfSummonerSpell":"","hideIfSummonerSpell":"","appendAfterSection":"","visibleWithAllOf":[""],"hiddenWithAnyOf":[""],"items":[{"id":"3107","count":1,"hideCount":false},{"id":"3504","count":1,"hideCount":false},{"id":"3222","count":1,"hideCount":false}]},{"type":"consumables","recMath":false,"recSteps":false,"minSummonerLevel":-1,"maxSummonerLevel":-1,"showIfSummonerSpell":"","hideIfSummonerSpell":"","appendAfterSection":"","visibleWithAllOf":[""],"hiddenWithAnyOf":[""],"items":[{"id":"2003","count":1,"hideCount":true},{"id":"2139","count":1,"hideCount":true},{"id":"2033","count":1,"hideCount":false}]}]},{"champion":"Sona","title":"SonaFIRSTBLOOD","map":"HA","mode":"FIRSTBLOOD","type":"riot","customTag":"","sortrank":0,"extensionPage":false,"customPanel":null,"blocks":[{"type":"starting","recMath":false,"recSteps":false,"minSummonerLevel":-1,"maxSummonerLevel":-1,"showIfSummonerSpell":"","hideIfSummonerSpell":"","items":[{"id":"3303","count":1,"hideCount":false},{"id":"2003","count":3,"hideCount":false},{"id":"3340","count":1,"hideCount":false}]},{"type":"essential","recMath":false,"recSteps":false,"minSummonerLevel":-1,"maxSummonerLevel":-1,"showIfSummonerSpell":"","hideIfSummonerSpell":"","items":[{"id":"2301","count":1,"hideCount":false},{"id":"3020","count":1,"hideCount":false}]},{"type":"ability_scaling","recMath":false,"recSteps":false,"minSummonerLevel":-1,"maxSummonerLevel":-1,"showIfSummonerSpell":"","hideIfSummonerSpell":"","items":[{"id":"3174","count":1,"hideCount":false},{"id":"3285","count":1,"hideCount":false},{"id":"3100","count":1,"hideCount":false}]},{"type":"defensive","recMath":false,"recSteps":false,"minSummonerLevel":-1,"maxSummonerLevel":-1,"showIfSummonerSpell":"","hideIfSummonerSpell":"","items":[{"id":"3107","count":1,"hideCount":false},{"id":"3222","count":1,"hideCount":false},{"id":"3110","count":1,"hideCount":false},{"id":"3060","count":1,"hideCount":false}]},{"type":"consumables","recMath":false,"recSteps":false,"minSummonerLevel":-1,"maxSummonerLevel":-1,"showIfSummonerSpell":"","hideIfSummonerSpell":"","items":[{"id":"2003","count":1,"hideCount":false},{"id":"2139","count":1,"hideCount":false}]}]},{"champion":"Sona","title":"SonaARAM","map":"HA","mode":"KINGPORO","type":"riot","customTag":"","sortrank":0,"extensionPage":false,"customPanel":null,"blocks":[{"type":"KingPoroSnax","recMath":false,"recSteps":false,"minSummonerLevel":-1,"maxSummonerLevel":-1,"showIfSummonerSpell":"","hideIfSummonerSpell":"","items":[{"id":"3680","count":1,"hideCount":false},{"id":"3681","count":1,"hideCount":false},{"id":"3682","count":1,"hideCount":false},{"id":"3683","count":1,"hideCount":false},{"id":"3684","count":1,"hideCount":false},{"id":"3685","count":1,"hideCount":false}]},{"type":"starting","recMath":false,"recSteps":false,"minSummonerLevel":-1,"maxSummonerLevel":-1,"showIfSummonerSpell":"","hideIfSummonerSpell":"","appendAfterSection":"","visibleWithAllOf":[""],"hiddenWithAnyOf":[""],"items":[{"id":"3073","count":1,"hideCount":false},{"id":"1001","count":1,"hideCount":false},{"id":"2003","count":5,"hideCount":false}]},{"type":"essential","recMath":false,"recSteps":false,"minSummonerLevel":-1,"maxSummonerLevel":-1,"showIfSummonerSpell":"","hideIfSummonerSpell":"","appendAfterSection":"","visibleWithAllOf":[""],"hiddenWithAnyOf":[""],"items":[{"id":"3007","count":1,"hideCount":false},{"id":"3158","count":1,"hideCount":false},{"id":"3100","count":1,"hideCount":false}]},{"type":"offensive","recMath":false,"recSteps":false,"minSummonerLevel":-1,"maxSummonerLevel":-1,"showIfSummonerSpell":"","hideIfSummonerSpell":"","appendAfterSection":"","visibleWithAllOf":[""],"hiddenWithAnyOf":[""],"items":[{"id":"3029","count":1,"hideCount":false},{"id":"3089","count":1,"hideCount":false},{"id":"3135","count":1,"hideCount":false}]},{"type":"defensive","recMath":false,"recSteps":false,"minSummonerLevel":-1,"maxSummonerLevel":-1,"showIfSummonerSpell":"","hideIfSummonerSpell":"","appendAfterSection":"","visibleWithAllOf":[""],"hiddenWithAnyOf":[""],"items":[{"id":"3165","count":1,"hideCount":false},{"id":"3174","count":1,"hideCount":false},{"id":"3116","count":1,"hideCount":false}]},{"type":"offmeta","recMath":false,"recSteps":false,"minSummonerLevel":-1,"maxSummonerLevel":-1,"showIfSummonerSpell":"","hideIfSummonerSpell":"","appendAfterSection":"","visibleWithAllOf":[""],"hiddenWithAnyOf":[""],"items":[{"id":"3107","count":1,"hideCount":false},{"id":"3504","count":1,"hideCount":false},{"id":"3222","count":1,"hideCount":false}]},{"type":"consumables","recMath":false,"recSteps":false,"minSummonerLevel":-1,"maxSummonerLevel":-1,"showIfSummonerSpell":"","hideIfSummonerSpell":"","appendAfterSection":"","visibleWithAllOf":[""],"hiddenWithAnyOf":[""],"items":[{"id":"2003","count":1,"hideCount":true},{"id":"2139","count":1,"hideCount":true},{"id":"2033","count":1,"hideCount":false}]}]},{"champion":"Sona","title":"SonaSL","map":"NB","mode":"NEXUSBLITZ","type":"riot","customTag":"","sortrank":0,"extensionPage":false,"useObviousCheckmark":false,"customPanel":null,"blocks":[{"type":"starting","recMath":false,"recSteps":false,"minSummonerLevel":-1,"maxSummonerLevel":-1,"showIfSummonerSpell":"","hideIfSummonerSpell":"SummonerSmite","appendAfterSection":"","visibleWithAllOf":[""],"hiddenWithAnyOf":[""],"items":[{"id":"4204","count":1,"hideCount":false},{"id":"2003","count":2,"hideCount":false}]},{"type":"startingjungle","recMath":false,"recSteps":false,"minSummonerLevel":-1,"maxSummonerLevel":-1,"showIfSummonerSpell":"SummonerSmite","hideIfSummonerSpell":"","appendAfterSection":"","visibleWithAllOf":[""],"hiddenWithAnyOf":[""],"items":[{"id":"4101","count":1,"hideCount":false},{"id":"2003","count":1,"hideCount":false}]},{"type":"early","recMath":false,"recSteps":false,"minSummonerLevel":-1,"maxSummonerLevel":-1,"showIfSummonerSpell":"","hideIfSummonerSpell":"SummonerSmite","appendAfterSection":"","visibleWithAllOf":[""],"hiddenWithAnyOf":[""],"items":[{"id":"1001","count":1,"hideCount":false},{"id":"3073","count":1,"hideCount":false}]},{"type":"earlyjungle","recMath":false,"recSteps":false,"minSummonerLevel":-1,"maxSummonerLevel":-1,"showIfSummonerSpell":"SummonerSmite","hideIfSummonerSpell":"","appendAfterSection":"","visibleWithAllOf":[""],"hiddenWithAnyOf":[""],"items":[{"id":"1001","count":1,"hideCount":false},{"id":"3108","count":1,"hideCount":false},{"id":"1027","count":1,"hideCount":false}]},{"type":"essential","recMath":false,"recSteps":false,"minSummonerLevel":-1,"maxSummonerLevel":-1,"showIfSummonerSpell":"","hideIfSummonerSpell":"SummonerSmite","appendAfterSection":"","visibleWithAllOf":[""],"hiddenWithAnyOf":[""],"items":[{"id":"3020","count":1,"hideCount":false},{"id":"3007","count":1,"hideCount":false},{"id":"3174","count":1,"hideCount":false}]},{"type":"essentialjungle","recMath":false,"recSteps":false,"minSummonerLevel":-1,"maxSummonerLevel":-1,"showIfSummonerSpell":"SummonerSmite","hideIfSummonerSpell":"","appendAfterSection":"","visibleWithAllOf":[""],"hiddenWithAnyOf":[""],"items":[{"id":"3020","count":1,"hideCount":false},{"id":"4104","count":1,"hideCount":false},{"id":"3174","count":1,"hideCount":false}]},{"type":"offensive","recMath":false,"recSteps":false,"minSummonerLevel":-1,"maxSummonerLevel":-1,"showIfSummonerSpell":"","hideIfSummonerSpell":"SummonerSmite","appendAfterSection":"","visibleWithAllOf":[""],"hiddenWithAnyOf":[""],"items":[{"id":"3100","count":1,"hideCount":false},{"id":"3089","count":1,"hideCount":false},{"id":"3135","count":1,"hideCount":false}]},{"type":"offensive","recMath":false,"recSteps":false,"minSummonerLevel":-1,"maxSummonerLevel":-1,"showIfSummonerSpell":"SummonerSmite","hideIfSummonerSpell":"","appendAfterSection":"","visibleWithAllOf":[""],"hiddenWithAnyOf":[""],"items":[{"id":"3089","count":1,"hideCount":false},{"id":"3135","count":1,"hideCount":false},{"id":"3905","count":1,"hideCount":false}]},{"type":"defensive","recMath":false,"recSteps":false,"minSummonerLevel":-1,"maxSummonerLevel":-1,"showIfSummonerSpell":"","hideIfSummonerSpell":"","appendAfterSection":"","visibleWithAllOf":[""],"hiddenWithAnyOf":[""],"items":[{"id":"3222","count":1,"hideCount":false},{"id":"3107","count":1,"hideCount":false},{"id":"3504","count":1,"hideCount":false}]},{"type":"consumables","recMath":false,"recSteps":false,"minSummonerLevel":-1,"maxSummonerLevel":-1,"showIfSummonerSpell":"","hideIfSummonerSpell":"","appendAfterSection":"","visibleWithAllOf":[""],"hiddenWithAnyOf":[""],"items":[{"id":"2003","count":1,"hideCount":true},{"id":"2139","count":1,"hideCount":true}]}]},{"champion":"Sona","title":"SonaODYSSEY","map":"Odyssey","mode":"ODYSSEY","type":"riot","customTag":"","sortrank":0,"extensionPage":false,"useObviousCheckmark":false,"customPanel":null,"blocks":[{"type":"odysona1","recMath":false,"recSteps":false,"minSummonerLevel":-1,"maxSummonerLevel":-1,"showIfSummonerSpell":"","hideIfSummonerSpell":"","appendAfterSection":"","visibleWithAllOf":[""],"hiddenWithAnyOf":[""],"items":[{"id":"3007","count":1,"hideCount":false},{"id":"3009","count":1,"hideCount":false},{"id":"3504","count":1,"hideCount":false},{"id":"3174","count":1,"hideCount":false}]},{"type":"odysona2","recMath":false,"recSteps":false,"minSummonerLevel":-1,"maxSummonerLevel":-1,"showIfSummonerSpell":"","hideIfSummonerSpell":"","appendAfterSection":"","visibleWithAllOf":[""],"hiddenWithAnyOf":[""],"items":[{"id":"3285","count":1,"hideCount":false},{"id":"3020","count":1,"hideCount":false},{"id":"3100","count":1,"hideCount":false},{"id":"3115","count":1,"hideCount":false}]},{"type":"odysona3","recMath":false,"recSteps":false,"minSummonerLevel":-1,"maxSummonerLevel":-1,"showIfSummonerSpell":"","hideIfSummonerSpell":"","appendAfterSection":"","visibleWithAllOf":[""],"hiddenWithAnyOf":[""],"items":[{"id":"3007","count":1,"hideCount":false},{"id":"3047","count":1,"hideCount":false},{"id":"3029","count":1,"hideCount":false},{"id":"3065","count":1,"hideCount":false}]},{"type":"situational","recMath":false,"recSteps":false,"minSummonerLevel":-1,"maxSummonerLevel":-1,"showIfSummonerSpell":"","hideIfSummonerSpell":"","appendAfterSection":"","visibleWithAllOf":[""],"hiddenWithAnyOf":[""],"items":[{"id":"3001","count":1,"hideCount":false},{"id":"3110","count":1,"hideCount":false},{"id":"3089","count":1,"hideCount":false},{"id":"3107","count":1,"hideCount":false}]}]},{"champion":"Sona","title":"SonaSR","map":"SR","mode":"CLASSIC","type":"riot","customTag":"","sortrank":0,"extensionPage":false,"useObviousCheckmark":false,"customPanel":null,"blocks":[{"type":"starting","recMath":false,"recSteps":false,"minSummonerLevel":-1,"maxSummonerLevel":-1,"showIfSummonerSpell":"","hideIfSummonerSpell":"","appendAfterSection":"","visibleWithAllOf":[""],"hiddenWithAnyOf":[""],"items":[{"id":"3850","count":1,"hideCount":false},{"id":"2003","count":2,"hideCount":false},{"id":"3340","count":1,"hideCount":false}]},{"type":"early","recMath":false,"recSteps":false,"minSummonerLevel":-1,"maxSummonerLevel":-1,"showIfSummonerSpell":"","hideIfSummonerSpell":"","appendAfterSection":"","visibleWithAllOf":[""],"hiddenWithAnyOf":[""],"items":[{"id":"3070","count":1,"hideCount":false},{"id":"1001","count":1,"hideCount":false},{"id":"3114","count":1,"hideCount":false}]},{"type":"essential","recMath":false,"recSteps":false,"minSummonerLevel":-1,"maxSummonerLevel":-1,"showIfSummonerSpell":"","hideIfSummonerSpell":"","appendAfterSection":"","visibleWithAllOf":[""],"hiddenWithAnyOf":[""],"items":[{"id":"3117","count":1,"hideCount":false},{"id":"3174","count":1,"hideCount":false},{"id":"3504","count":1,"hideCount":false}]},{"type":"ability_scaling","recMath":false,"recSteps":false,"minSummonerLevel":-1,"maxSummonerLevel":-1,"showIfSummonerSpell":"","hideIfSummonerSpell":"","appendAfterSection":"","visibleWithAllOf":[""],"hiddenWithAnyOf":[""],"items":[{"id":"3003","count":1,"hideCount":false},{"id":"3100","count":1,"hideCount":false},{"id":"3089","count":1,"hideCount":false}]},{"type":"defensive","recMath":false,"recSteps":false,"minSummonerLevel":-1,"maxSummonerLevel":-1,"showIfSummonerSpell":"","hideIfSummonerSpell":"","appendAfterSection":"","visibleWithAllOf":[""],"hiddenWithAnyOf":[""],"items":[{"id":"3107","count":1,"hideCount":false},{"id":"2065","count":1,"hideCount":false},{"id":"3222","count":1,"hideCount":false}]},{"type":"consumables","recMath":false,"recSteps":false,"minSummonerLevel":-1,"maxSummonerLevel":-1,"showIfSummonerSpell":"","hideIfSummonerSpell":"","appendAfterSection":"","visibleWithAllOf":[""],"hiddenWithAnyOf":[""],"items":[{"id":"2003","count":1,"hideCount":true},{"id":"2139","count":1,"hideCount":true}]}]}]}}}