{"type":"champion","format":"standAloneComplex","version":"10.15.1","data":{"Soraka":{"id":"Soraka","key":"16","name":"Soraka","title":"the Starchild","image":{"full":"Soraka.png","sprite":"champion3.png","group":"champion","x":48,"y":96,"w":48,"h":48},"skins":[{"id":"16000","num":0,"name":"default","chromas":false},{"id":"16001","num":1,"name":"Dryad Soraka","chromas":false},{"id":"16002","num":2,"name":"Divine Soraka","chromas":false},{"id":"16003","num":3,"name":"Celestine Soraka","chromas":false},{"id":"16004","num":4,"name":"Reaper Soraka","chromas":false},{"id":"16005","num":5,"name":"Order of the Banana Soraka","chromas":false},{"id":"16006","num":6,"name":"Program Soraka","chromas":false},{"id":"16007","num":7,"name":"Star Guardian Soraka","chromas":false},{"id":"16008","num":8,"name":"Pajama Guardian Soraka","chromas":false},{"id":"16009","num":9,"name":"Winter Wonder Soraka","chromas":true},{"id":"16015","num":15,"name":"Dawnbringer Soraka","chromas":false},{"id":"16016","num":16,"name":"Nightbringer Soraka","chromas":false}],"lore":"A wanderer from the celestial dimensions beyond Mount Targon, Soraka gave up her immortality to protect the mortal races from their own more violent instincts. She endeavors to spread the virtues of compassion and mercy to everyone she meets—even healing those who would wish harm upon her. And, for all Soraka has seen of this world's struggles, she still believes the people of Runeterra have yet to reach their full potential.","blurb":"A wanderer from the celestial dimensions beyond Mount Targon, Soraka gave up her immortality to protect the mortal races from their own more violent instincts. She endeavors to spread the virtues of compassion and mercy to everyone she meets—even...","allytips":["Soraka is a powerful ally in battle, using her strong healing to keep the party moving forward.","You can use Wish on your allies from across the map to save them from otherwise fatal events.","Equinox can be used as a powerful zoning tool to keep enemies at bay."],"enemytips":["Focus on attacking Soraka when she ever ventures to the frontline to heal her allies.","Take advantage of Soraka's long cooldown on Equinox if she uses it to harass.","It's easier to focus Soraka than the ally she is healing."],"tags":["Support","Mage"],"partype":"Mana","info":{"attack":2,"defense":5,"magic":7,"difficulty":3},"stats":{"hp":535,"hpperlevel":74,"mp":425,"mpperlevel":40,"movespeed":325,"armor":32,"armorperlevel":3.8,"spellblock":30,"spellblockperlevel":0.5,"attackrange":550,"hpregen":2.5,"hpregenperlevel":0.5,"mpregen":11.5,"mpregenperlevel":0.4,"crit":0,"critperlevel":0,"attackdamage":50,"attackdamageperlevel":3,"attackspeedperlevel":2.14,"attackspeed":0.625},"spells":[{"id":"SorakaQ","name":"Starcall","description":"A star falls from the sky at the target location dealing magic damage and slowing enemies. If an enemy champion is hit by Starcall, Soraka recovers Health.","tooltip":"Calls down a star from Soraka to a target location. Enemies standing in the explosion radius take <magicDamage>{{ totaldamage }} magic damage</magicDamage> and are slowed by {{ movespeedslow*100 }}% for {{ slowduration }} seconds.<br /><br />If Starcall hits a champion Soraka gains <keywordMajor>Rejuvenation</keywordMajor> for {{ hotduration }} seconds, which restores <scaleAP>{{ totalhot }}</scaleAP> Health over that duration and grants {{ movespeedhaste*100 }}% decaying Movement Speed. ","leveltip":{"label":["Damage","Health Restore (Rejuvenation)","Movement Speed","Cooldown","@AbilityResourceName@ Cost"],"effect":["{{ basedamage }} -> {{ basedamageNL }}","{{ basehot }} -> {{ basehotNL }}","{{ movespeedhaste*100.000000 }}% -> {{ movespeedhastenl*100.000000 }}%","{{ cooldown }} -> {{ cooldownNL }}","{{ cost }} -> {{ costNL }}"]},"maxrank":5,"cooldown":[8,7,6,5,4],"cooldownBurn":"8/7/6/5/4","cost":[45,50,55,60,65],"costBurn":"45/50/55/60/65","datavalues":{},"effect":[null,[0,0,0,0,0],[0,0,0,0,0],[0,0,0,0,0],[0,0,0,0,0],[0,0,0,0,0],[0,0,0,0,0],[0,0,0,0,0],[0,0,0,0,0],[0,0,0,0,0],[0,0,0,0,0]],"effectBurn":[null,"0","0","0","0","0","0","0","0","0","0"],"vars":[],"costType":" {{ abilityresourcename }}","maxammo":"-1","range":[810,810,810,810,810],"rangeBurn":"810","image":{"full":"SorakaQ.png","sprite":"spell11.png","group":"spell","x":384,"y":48,"w":48,"h":48},"resource":"{{ cost }} {{ abilityresourcename }}"},{"id":"SorakaW","name":"Astral Infusion","description":"Soraka sacrifices a portion of her own health to heal another friendly champion.","tooltip":"Restores <scaleAP>{{ totalheal }}</scaleAP> Health to another champion ally.<br /><br />If cast while affected by <keywordMajor>Rejuvenation</keywordMajor>, the Max Health cost will be reduced by {{ percenthealthcostrefund*100 }}% and also grant her target <keywordMajor>Rejuvenation</keywordMajor>, healing them for <scaleAP>{{ spell.sorakaq:totalhot }}</scaleAP> and granting them {{ spell.sorakaq:movespeedhaste*100 }}% Movement Speed decaying over {{ spell.sorakaq:hotduration }} seconds.<br /><br /><span class=\"color919191\"><i>Cannot be cast if Soraka is below <scaleHealth>{{ minimumhealth }}Health</scaleHealth> (5% of her Max Health).</i></span>","leveltip":{"label":["Healing","Cooldown","@AbilityResourceName@ Cost","Health Cost Reduction"],"effect":["{{ baseheal }} -> {{ basehealNL }}","{{ cooldown }} -> {{ cooldownNL }}","{{ cost }} -> {{ costNL }}","{{ percenthealthcostrefund*100.000000 }}% -> {{ percenthealthcostrefundnl*100.000000 }}%"]},"maxrank":5,"cooldown":[6,5,4,3,2],"cooldownBurn":"6/5/4/3/2","cost":[40,45,50,55,60],"costBurn":"40/45/50/55/60","datavalues":{},"effect":[null,[0,0,0,0,0],[0,0,0,0,0],[0,0,0,0,0],[0,0,0,0,0],[0,0,0,0,0],[0,0,0,0,0],[0,0,0,0,0],[0,0,0,0,0],[0,0,0,0,0],[0,0,0,0,0]],"effectBurn":[null,"0","0","0","0","0","0","0","0","0","0"],"vars":[],"costType":"% Max Health, {{ cost }} Mana","maxammo":"-1","range":[550,550,550,550,550],"rangeBurn":"550","image":{"full":"SorakaW.png","sprite":"spell11.png","group":"spell","x":432,"y":48,"w":48,"h":48},"resource":"{{ percenthealthcost*100 }}% Max Health, {{ cost }} Mana"},{"id":"SorakaE","name":"Equinox","description":"Creates a zone at a location that silences all enemies inside. When the zone expires, all enemies still inside are rooted.","tooltip":"Creates a zone at target location for {{ rootdelay }} seconds, dealing <magicDamage>{{ totaldamage }} magic damage</magicDamage> to enemy Champions in the cast radius. Enemy Champions standing in the zone are silenced until they leave. <br /><br />When the zone disappears, all enemy Champions still standing in the zone are rooted for {{ rootduration }} second(s) and take an additional <magicDamage>{{ totaldamage }} magic damage</magicDamage>.","leveltip":{"label":["Damage","Cooldown","Root Duration","@AbilityResourceName@ Cost"],"effect":["{{ basedamage }} -> {{ basedamageNL }}","{{ cooldown }} -> {{ cooldownNL }}","{{ rootduration }} -> {{ rootdurationNL }}","{{ cost }} -> {{ costNL }}"]},"maxrank":5,"cooldown":[20,19,18,17,16],"cooldownBurn":"20/19/18/17/16","cost":[70,75,80,85,90],"costBurn":"70/75/80/85/90","datavalues":{},"effect":[null,[0,0,0,0,0],[0,0,0,0,0],[0,0,0,0,0],[0,0,0,0,0],[0,0,0,0,0],[0,0,0,0,0],[0,0,0,0,0],[0,0,0,0,0],[0,0,0,0,0],[0,0,0,0,0]],"effectBurn":[null,"0","0","0","0","0","0","0","0","0","0"],"vars":[],"costType":" {{ abilityresourcename }}","maxammo":"-1","range":[925,925,925,925,925],"rangeBurn":"925","image":{"full":"SorakaE.png","sprite":"spell11.png","group":"spell","x":0,"y":96,"w":48,"h":48},"resource":"{{ cost }} {{ abilityresourcename }}"},{"id":"SorakaR","name":"Wish","description":"Soraka fills her allies with hope, instantly restoring health to herself and all friendly champions.","tooltip":"Calls upon divine powers to restore <scaleAP>{{ healingcalc }}</scaleAP> Health to all allied Champions. Wish's power is increased by {{ healingampforlowhealthallies*100 }}% on each Champion below 40% Health (<scaleAP>{{ ampedhealing }}</scaleAP>).","leveltip":{"label":["Healing","Cooldown"],"effect":["{{ baseheal }} -> {{ basehealNL }}","{{ cooldown }} -> {{ cooldownNL }}"]},"maxrank":3,"cooldown":[160,145,130],"cooldownBurn":"160/145/130","cost":[100,100,100],"costBurn":"100","datavalues":{},"effect":[null,[0,0,0],[0,0,0],[0,0,0],[0,0,0],[0,0,0],[0,0,0],[0,0,0],[0,0,0],[0,0,0],[0,0,0]],"effectBurn":[null,"0","0","0","0","0","0","0","0","0","0"],"vars":[],"costType":" {{ abilityresourcename }}","maxammo":"-1","range":[25000,25000,25000],"rangeBurn":"25000","image":{"full":"SorakaR.png","sprite":"spell11.png","group":"spell","x":48,"y":96,"w":48,"h":48},"resource":"{{ cost }} {{ abilityresourcename }}"}],"passive":{"name":"Salvation","description":"Soraka runs faster towards nearby low health allies.","image":{"full":"Soraka_Passive.png","sprite":"passive3.png","group":"passive","x":48,"y":96,"w":48,"h":48}},"recommended":[{"champion":"Soraka","title":"Beginner","map":"SR","mode":"INTRO","type":"riot","customTag":"","extensionPage":false,"customPanel":null,"blocks":[{"type":"beginner_starter","recMath":false,"recSteps":false,"minSummonerLevel":-1,"maxSummonerLevel":4,"showIfSummonerSpell":"","hideIfSummonerSpell":"","items":[{"id":"1056","count":1,"hideCount":false}]},{"type":"beginner_starter","recMath":false,"recSteps":false,"minSummonerLevel":5,"maxSummonerLevel":-1,"showIfSummonerSpell":"","hideIfSummonerSpell":"","items":[{"id":"1056","count":1,"hideCount":false},{"id":"2003","count":1,"hideCount":false}]},{"type":"beginner_advanced","recMath":true,"recSteps":false,"minSummonerLevel":-1,"maxSummonerLevel":-1,"showIfSummonerSpell":"","hideIfSummonerSpell":"","items":[{"id":"1028","count":1,"hideCount":false},{"id":"1027","count":1,"hideCount":false},{"id":"3010","count":1,"hideCount":false}]},{"type":"beginner_movementspeed","recMath":true,"recSteps":false,"minSummonerLevel":-1,"maxSummonerLevel":-1,"showIfSummonerSpell":"","hideIfSummonerSpell":"","items":[{"id":"1001","count":1,"hideCount":false},{"id":"3020","count":1,"hideCount":false}]},{"type":"beginner_legendaryitem","recMath":true,"recSteps":false,"minSummonerLevel":-1,"maxSummonerLevel":-1,"showIfSummonerSpell":"","hideIfSummonerSpell":"","items":[{"id":"3010","count":1,"hideCount":false},{"id":"1026","count":1,"hideCount":false},{"id":"3027","count":1,"hideCount":false}]},{"type":"beginner_morelegendaryitems","recMath":false,"recSteps":false,"minSummonerLevel":-1,"maxSummonerLevel":-1,"showIfSummonerSpell":"","hideIfSummonerSpell":"","items":[{"id":"3174","count":1,"hideCount":false},{"id":"3116","count":1,"hideCount":false},{"id":"3089","count":1,"hideCount":false},{"id":"3504","count":1,"hideCount":false}]}]},{"champion":"Soraka","title":"SorakaARAM","map":"HA","mode":"ARAM","type":"riot","customTag":"","sortrank":0,"extensionPage":false,"customPanel":null,"blocks":[{"type":"starting","recMath":false,"recSteps":false,"minSummonerLevel":-1,"maxSummonerLevel":-1,"showIfSummonerSpell":"","hideIfSummonerSpell":"","appendAfterSection":"","visibleWithAllOf":[""],"hiddenWithAnyOf":[""],"items":[{"id":"3802","count":1,"hideCount":false},{"id":"2003","count":2,"hideCount":false}]},{"type":"essential","recMath":false,"recSteps":false,"minSummonerLevel":-1,"maxSummonerLevel":-1,"showIfSummonerSpell":"","hideIfSummonerSpell":"","appendAfterSection":"","visibleWithAllOf":[""],"hiddenWithAnyOf":[""],"items":[{"id":"3285","count":1,"hideCount":false},{"id":"3158","count":1,"hideCount":false},{"id":"3504","count":1,"hideCount":false}]},{"type":"offensive","recMath":false,"recSteps":false,"minSummonerLevel":-1,"maxSummonerLevel":-1,"showIfSummonerSpell":"","hideIfSummonerSpell":"","appendAfterSection":"","visibleWithAllOf":[""],"hiddenWithAnyOf":[""],"items":[{"id":"2065","count":1,"hideCount":false},{"id":"3174","count":1,"hideCount":false},{"id":"3089","count":1,"hideCount":false}]},{"type":"defensive","recMath":false,"recSteps":false,"minSummonerLevel":-1,"maxSummonerLevel":-1,"showIfSummonerSpell":"","hideIfSummonerSpell":"","appendAfterSection":"","visibleWithAllOf":[""],"hiddenWithAnyOf":[""],"items":[{"id":"3102","count":1,"hideCount":false},{"id":"3157","count":1,"hideCount":false},{"id":"3107","count":1,"hideCount":false}]},{"type":"consumables","recMath":false,"recSteps":false,"minSummonerLevel":-1,"maxSummonerLevel":-1,"showIfSummonerSpell":"","hideIfSummonerSpell":"","appendAfterSection":"","visibleWithAllOf":[""],"hiddenWithAnyOf":[""],"items":[{"id":"2003","count":1,"hideCount":true},{"id":"2139","count":1,"hideCount":true}]}]},{"champion":"Soraka","title":"SorakaFIRSTBLOOD","map":"HA","mode":"FIRSTBLOOD","type":"riot","customTag":"","sortrank":0,"extensionPage":false,"customPanel":null,"blocks":[{"type":"starting","recMath":false,"recSteps":false,"minSummonerLevel":-1,"maxSummonerLevel":-1,"showIfSummonerSpell":"","hideIfSummonerSpell":"","items":[{"id":"2003","count":3,"hideCount":false},{"id":"3301","count":1,"hideCount":false},{"id":"3340","count":1,"hideCount":false}]},{"type":"early","recMath":false,"recSteps":false,"minSummonerLevel":-1,"maxSummonerLevel":-1,"showIfSummonerSpell":"","hideIfSummonerSpell":"","items":[{"id":"2049","count":1,"hideCount":false},{"id":"3096","count":1,"hideCount":false},{"id":"1001","count":1,"hideCount":false}]},{"type":"essential","recMath":false,"recSteps":false,"minSummonerLevel":-1,"maxSummonerLevel":-1,"showIfSummonerSpell":"","hideIfSummonerSpell":"","items":[{"id":"3069","count":1,"hideCount":false},{"id":"3050","count":1,"hideCount":false},{"id":"3158","count":1,"hideCount":false}]},{"type":"aggressive","recMath":false,"recSteps":false,"minSummonerLevel":-1,"maxSummonerLevel":-1,"showIfSummonerSpell":"","hideIfSummonerSpell":"","items":[{"id":"3504","count":1,"hideCount":false},{"id":"3089","count":1,"hideCount":false},{"id":"3060","count":1,"hideCount":false}]},{"type":"protective","recMath":false,"recSteps":false,"minSummonerLevel":-1,"maxSummonerLevel":-1,"showIfSummonerSpell":"","hideIfSummonerSpell":"","items":[{"id":"3222","count":1,"hideCount":false},{"id":"3190","count":1,"hideCount":false},{"id":"3107","count":1,"hideCount":false}]},{"type":"consumables","recMath":false,"recSteps":false,"minSummonerLevel":-1,"maxSummonerLevel":-1,"showIfSummonerSpell":"","hideIfSummonerSpell":"","items":[{"id":"2003","count":1,"hideCount":true},{"id":"2139","count":1,"hideCount":true}]}]},{"champion":"Soraka","title":"SorakaARAM","map":"HA","mode":"KINGPORO","type":"riot","customTag":"","sortrank":0,"extensionPage":false,"customPanel":null,"blocks":[{"type":"KingPoroSnax","recMath":false,"recSteps":false,"minSummonerLevel":-1,"maxSummonerLevel":-1,"showIfSummonerSpell":"","hideIfSummonerSpell":"","items":[{"id":"3680","count":1,"hideCount":false},{"id":"3681","count":1,"hideCount":false},{"id":"3682","count":1,"hideCount":false},{"id":"3683","count":1,"hideCount":false},{"id":"3684","count":1,"hideCount":false},{"id":"3685","count":1,"hideCount":false}]},{"type":"starting","recMath":false,"recSteps":false,"minSummonerLevel":-1,"maxSummonerLevel":-1,"showIfSummonerSpell":"","hideIfSummonerSpell":"","appendAfterSection":"","visibleWithAllOf":[""],"hiddenWithAnyOf":[""],"items":[{"id":"3802","count":1,"hideCount":false},{"id":"2003","count":2,"hideCount":false}]},{"type":"essential","recMath":false,"recSteps":false,"minSummonerLevel":-1,"maxSummonerLevel":-1,"showIfSummonerSpell":"","hideIfSummonerSpell":"","appendAfterSection":"","visibleWithAllOf":[""],"hiddenWithAnyOf":[""],"items":[{"id":"3285","count":1,"hideCount":false},{"id":"3158","count":1,"hideCount":false},{"id":"3504","count":1,"hideCount":false}]},{"type":"offensive","recMath":false,"recSteps":false,"minSummonerLevel":-1,"maxSummonerLevel":-1,"showIfSummonerSpell":"","hideIfSummonerSpell":"","appendAfterSection":"","visibleWithAllOf":[""],"hiddenWithAnyOf":[""],"items":[{"id":"2065","count":1,"hideCount":false},{"id":"3174","count":1,"hideCount":false},{"id":"3089","count":1,"hideCount":false}]},{"type":"defensive","recMath":false,"recSteps":false,"minSummonerLevel":-1,"maxSummonerLevel":-1,"showIfSummonerSpell":"","hideIfSummonerSpell":"","appendAfterSection":"","visibleWithAllOf":[""],"hiddenWithAnyOf":[""],"items":[{"id":"3102","count":1,"hideCount":false},{"id":"3157","count":1,"hideCount":false},{"id":"3107","count":1,"hideCount":false}]},{"type":"consumables","recMath":false,"recSteps":false,"minSummonerLevel":-1,"maxSummonerLevel":-1,"showIfSummonerSpell":"","hideIfSummonerSpell":"","appendAfterSection":"","visibleWithAllOf":[""],"hiddenWithAnyOf":[""],"items":[{"id":"2003","count":1,"hideCount":true},{"id":"2139","count":1,"hideCount":true}]}]},{"champion":"Soraka","title":"SorakaNB","map":"NB","mode":"NEXUSBLITZ","type":"riot","customTag":"","sortrank":0,"extensionPage":false,"useObviousCheckmark":false,"customPanel":null,"blocks":[{"type":"starting","recMath":false,"recSteps":false,"minSummonerLevel":-1,"maxSummonerLevel":-1,"showIfSummonerSpell":"","hideIfSummonerSpell":"SummonerSmite","appendAfterSection":"","visibleWithAllOf":[""],"hiddenWithAnyOf":[""],"items":[{"id":"4204","count":1,"hideCount":false},{"id":"2003","count":2,"hideCount":false},{"id":"3340","count":1,"hideCount":false}]},{"type":"startingjungle","recMath":false,"recSteps":false,"minSummonerLevel":-1,"maxSummonerLevel":-1,"showIfSummonerSpell":"SummonerSmite","hideIfSummonerSpell":"","appendAfterSection":"","visibleWithAllOf":[""],"hiddenWithAnyOf":[""],"items":[{"id":"4101","count":1,"hideCount":false},{"id":"2003","count":1,"hideCount":false},{"id":"3340","count":1,"hideCount":false}]},{"type":"early","recMath":false,"recSteps":false,"minSummonerLevel":-1,"maxSummonerLevel":-1,"showIfSummonerSpell":"","hideIfSummonerSpell":"SummonerSmite","appendAfterSection":"","visibleWithAllOf":[""],"hiddenWithAnyOf":[""],"items":[{"id":"1001","count":1,"hideCount":false},{"id":"3801","count":1,"hideCount":false},{"id":"3114","count":1,"hideCount":false}]},{"type":"earlyjungle","recMath":false,"recSteps":false,"minSummonerLevel":-1,"maxSummonerLevel":-1,"showIfSummonerSpell":"SummonerSmite","hideIfSummonerSpell":"","appendAfterSection":"","visibleWithAllOf":[""],"hiddenWithAnyOf":[""],"items":[{"id":"1001","count":1,"hideCount":false},{"id":"3108","count":1,"hideCount":false},{"id":"1027","count":1,"hideCount":false}]},{"type":"essential","recMath":false,"recSteps":false,"minSummonerLevel":-1,"maxSummonerLevel":-1,"showIfSummonerSpell":"","hideIfSummonerSpell":"SummonerSmite","appendAfterSection":"","visibleWithAllOf":[""],"hiddenWithAnyOf":[""],"items":[{"id":"3107","count":1,"hideCount":false},{"id":"3158","count":1,"hideCount":false},{"id":"3174","count":1,"hideCount":false}]},{"type":"essentialjungle","recMath":false,"recSteps":false,"minSummonerLevel":-1,"maxSummonerLevel":-1,"showIfSummonerSpell":"SummonerSmite","hideIfSummonerSpell":"","appendAfterSection":"","visibleWithAllOf":[""],"hiddenWithAnyOf":[""],"items":[{"id":"3158","count":1,"hideCount":false},{"id":"2065","count":1,"hideCount":false},{"id":"4104","count":1,"hideCount":false}]},{"type":"aggressive","recMath":false,"recSteps":false,"minSummonerLevel":-1,"maxSummonerLevel":-1,"showIfSummonerSpell":"","hideIfSummonerSpell":"","appendAfterSection":"","visibleWithAllOf":[""],"hiddenWithAnyOf":[""],"items":[{"id":"3504","count":1,"hideCount":false},{"id":"3905","count":1,"hideCount":false},{"id":"3102","count":1,"hideCount":false}]},{"type":"protective","recMath":false,"recSteps":false,"minSummonerLevel":-1,"maxSummonerLevel":-1,"showIfSummonerSpell":"","hideIfSummonerSpell":"","appendAfterSection":"","visibleWithAllOf":[""],"hiddenWithAnyOf":[""],"items":[{"id":"3222","count":1,"hideCount":false},{"id":"3190","count":1,"hideCount":false}]},{"type":"consumables","recMath":false,"recSteps":false,"minSummonerLevel":-1,"maxSummonerLevel":-1,"showIfSummonerSpell":"","hideIfSummonerSpell":"","appendAfterSection":"","visibleWithAllOf":[""],"hiddenWithAnyOf":[""],"items":[{"id":"2003","count":1,"hideCount":true},{"id":"2139","count":1,"hideCount":true}]}]},{"champion":"Soraka","title":"SorakaSR","map":"SR","mode":"CLASSIC","type":"riot","customTag":"","sortrank":0,"extensionPage":false,"useObviousCheckmark":false,"customPanel":null,"blocks":[{"type":"starting","recMath":false,"recSteps":false,"minSummonerLevel":-1,"maxSummonerLevel":-1,"showIfSummonerSpell":"","hideIfSummonerSpell":"","appendAfterSection":"","visibleWithAllOf":[""],"hiddenWithAnyOf":[""],"items":[{"id":"3850","count":1,"hideCount":false},{"id":"2003","count":2,"hideCount":false},{"id":"3340","count":1,"hideCount":false}]},{"type":"early","recMath":false,"recSteps":false,"minSummonerLevel":-1,"maxSummonerLevel":-1,"showIfSummonerSpell":"","hideIfSummonerSpell":"","appendAfterSection":"","visibleWithAllOf":[""],"hiddenWithAnyOf":[""],"items":[{"id":"1001","count":1,"hideCount":false},{"id":"3114","count":1,"hideCount":false},{"id":"3028","count":1,"hideCount":false}]},{"type":"essential","recMath":false,"recSteps":false,"minSummonerLevel":-1,"maxSummonerLevel":-1,"showIfSummonerSpell":"","hideIfSummonerSpell":"","appendAfterSection":"","visibleWithAllOf":[""],"hiddenWithAnyOf":[""],"items":[{"id":"3117","count":1,"hideCount":false},{"id":"3174","count":1,"hideCount":false},{"id":"3504","count":1,"hideCount":false}]},{"type":"aggressive","recMath":false,"recSteps":false,"minSummonerLevel":-1,"maxSummonerLevel":-1,"showIfSummonerSpell":"","hideIfSummonerSpell":"","appendAfterSection":"","visibleWithAllOf":[""],"hiddenWithAnyOf":[""],"items":[{"id":"3107","count":1,"hideCount":false},{"id":"3905","count":1,"hideCount":false},{"id":"2065","count":1,"hideCount":false}]},{"type":"protective","recMath":false,"recSteps":false,"minSummonerLevel":-1,"maxSummonerLevel":-1,"showIfSummonerSpell":"","hideIfSummonerSpell":"","appendAfterSection":"","visibleWithAllOf":[""],"hiddenWithAnyOf":[""],"items":[{"id":"3222","count":1,"hideCount":false},{"id":"3190","count":1,"hideCount":false},{"id":"3109","count":1,"hideCount":false}]},{"type":"consumables","recMath":false,"recSteps":false,"minSummonerLevel":-1,"maxSummonerLevel":-1,"showIfSummonerSpell":"","hideIfSummonerSpell":"","appendAfterSection":"","visibleWithAllOf":[""],"hiddenWithAnyOf":[""],"items":[{"id":"2003","count":1,"hideCount":true},{"id":"2139","count":1,"hideCount":true}]}]}]}}}