{"type":"champion","format":"standAloneComplex","version":"10.15.1","data":{"Swain":{"id":"Swain","key":"50","name":"Swain","title":"the Noxian Grand General","image":{"full":"Swain.png","sprite":"champion3.png","group":"champion","x":96,"y":96,"w":48,"h":48},"skins":[{"id":"50000","num":0,"name":"default","chromas":false},{"id":"50001","num":1,"name":"Northern Front Swain","chromas":false},{"id":"50002","num":2,"name":"Bilgewater Swain","chromas":false},{"id":"50003","num":3,"name":"Tyrant Swain","chromas":false},{"id":"50004","num":4,"name":"Dragon Master Swain","chromas":true},{"id":"50011","num":11,"name":"Hextech Swain","chromas":false}],"lore":"Jericho Swain is the visionary ruler of Noxus, an expansionist nation that reveres only strength. Though he was cast down and crippled in the Ionian wars, his left arm severed, he seized control of the empire with ruthless determination… and a new, demonic hand. Now, Swain commands from the front lines, marching against a coming darkness that only he can see—in glimpses gathered by shadowy ravens from the corpses all around him. In a swirl of sacrifice and secrets, the greatest secret of all is that the true enemy lies within.","blurb":"Jericho Swain is the visionary ruler of Noxus, an expansionist nation that reveres only strength. Though he was cast down and crippled in the Ionian wars, his left arm severed, he seized control of the empire with ruthless determination… and a new...","allytips":["If you're having trouble rooting an enemy with Nevermove, try throwing it at opponents when they are near their minions so the explosion surprises them.","While laning, try to use Death's Hand's piercing damage to damage opponents from a safe distance.","Vision of Empire is quite difficult to land on its own, look for skirmishes around the map where enemies may be distracted or crowd controlled so you can land it more easily.","Demonic Ascension may make Swain very hard to kill but he's pretty easy to get away from. Try building items that can slow opponents to keep them in range if their mobility is overwhelming."],"enemytips":["Swain's passive is very potent if you are immobilized. Make sure to be extra careful around enemies who have immobilizing effects.","High mobility counters all of Swain's basic abilities: Death's Hand does more damage the closer he is, Vision of Empire has a very long delay and Nevermove must start returning back to him to be dangerous.","Buying an item with Grievous Wounds will make Swain much easier to kill during his Demonic Ascension."],"tags":["Mage","Fighter"],"partype":"Mana","info":{"attack":2,"defense":6,"magic":9,"difficulty":8},"stats":{"hp":525,"hpperlevel":85,"mp":468,"mpperlevel":28.5,"movespeed":325,"armor":22.72,"armorperlevel":4,"spellblock":30,"spellblockperlevel":0.5,"attackrange":525,"hpregen":7,"hpregenperlevel":0.65,"mpregen":8,"mpregenperlevel":0.8,"crit":0,"critperlevel":0,"attackdamage":58,"attackdamageperlevel":2.7,"attackspeedperlevel":2.11,"attackspeed":0.625},"spells":[{"id":"SwainQ","name":"Death's Hand","description":"Swain unleashes several bolts of eldritch power that pierce through enemies. Enemies hit take more damage for each bolt they are struck by.","tooltip":"Swain unleashes {{ e5 }} bolts of eldritch power that pierce through enemies. Enemies hit take {{ e1 }} <scaleAP>(+{{ a1 }})</scaleAP> magic damage, plus {{ e2 }}% per additional bolt. Max Damage: {{ f2 }}.<br />","leveltip":{"label":["Bolt Damage","Additional Bolt Damage","Cooldown","@AbilityResourceName@ Cost"],"effect":["{{ e1 }} -> {{ e1NL }}","{{ effect2amount*100.000000 }}% -> {{ effect2amountnl*100.000000 }}%","{{ cooldown }} -> {{ cooldownNL }}","{{ cost }} -> {{ costNL }}"]},"maxrank":5,"cooldown":[9,7.5,6,4.5,3],"cooldownBurn":"9/7.5/6/4.5/3","cost":[65,70,75,80,85],"costBurn":"65/70/75/80/85","datavalues":{},"effect":[null,[55,75,95,115,135],[15,20,25,30,35],[3,3,3,3,3],[0,0,0,0,0],[5,5,5,5,5],[0.4,0.4,0.4,0.4,0.4],[725,725,725,725,725],[15,17.5,20,22.5,25],[0.75,0.75,0.75,0.75,0.75],[-0.4,-0.4,-0.4,-0.4,-0.4]],"effectBurn":[null,"55/75/95/115/135","15/20/25/30/35","3","0","5","0.4","725","15/17.5/20/22.5/25","0.75","-0.4"],"vars":[{"link":"spelldamage","coeff":0.4,"key":"a1"}],"costType":" {{ abilityresourcename }}","maxammo":"-1","range":[750,750,750,750,750],"rangeBurn":"750","image":{"full":"SwainQ.png","sprite":"spell11.png","group":"spell","x":96,"y":96,"w":48,"h":48},"resource":"{{ cost }} {{ abilityresourcename }}"},{"id":"SwainW","name":"Vision of Empire","description":"Swain opens a demon eye that deals damage and slows enemies. Champions hit are revealed and also grant Swain a Soul Fragment.","tooltip":"Swain opens a demon eye up to {{ castrange }} range away that deals {{ e1 }} <scaleAP>(+{{ a1 }})</scaleAP> magic damage and slows for {{ e4 }}% for {{ e7 }} seconds.<br /><br />Champions hit grant Swain a <span class=\"size18 colorFF3F3F\">Soul Fragment</span> and are revealed for {{ e9 }} seconds.<br /><br /><rules>Damage is reduced by {{ e6 }}% against minions.</rules>","leveltip":{"label":["Damage","Range","Slow","Reveal Duration","Cooldown","@AbilityResourceName@ Cost"],"effect":["{{ e1 }} -> {{ e1NL }}","{{ castrange }} -> {{ castrangeNL }}","{{ effect4amount*-100.000000 }}% -> {{ effect4amountnl*-100.000000 }}%","{{ e9 }} -> {{ e9NL }}","{{ cooldown }} -> {{ cooldownNL }}","{{ cost }} -> {{ costNL }}"]},"maxrank":5,"cooldown":[22,21,20,19,18],"cooldownBurn":"22/21/20/19/18","cost":[70,80,90,100,110],"costBurn":"70/80/90/100/110","datavalues":{},"effect":[null,[80,120,160,200,240],[0.05,0.05,0.05,0.05,0.05],[325,325,325,325,325],[25,35,45,55,65],[0.5,0.5,0.5,0.5,0.5],[50,50,50,50,50],[2.5,2.5,2.5,2.5,2.5],[420,420,420,420,420],[4,5,6,7,8],[4,5,6,7,8]],"effectBurn":[null,"80/120/160/200/240","0.05","325","25/35/45/55/65","0.5","50","2.5","420","4/5/6/7/8","4/5/6/7/8"],"vars":[{"link":"spelldamage","coeff":0.7,"key":"a1"}],"costType":" {{ abilityresourcename }}","maxammo":"-1","range":[5500,6000,6500,7000,7500],"rangeBurn":"5500/6000/6500/7000/7500","image":{"full":"SwainW.png","sprite":"spell11.png","group":"spell","x":144,"y":96,"w":48,"h":48},"resource":"{{ cost }} {{ abilityresourcename }}"},{"id":"SwainE","name":"Nevermove","description":"Swain launches a wave of demonic power forward. It then returns to Swain and roots enemies it hits.","tooltip":"Swain launches a wave of demonic power, dealing {{ e2 }} <scaleAP>(+{{ a2 }})</scaleAP> magic damage to enemies it passes through.<br /><br />Swain then commands the wave to return, detonating it on the first enemy hit. Enemies hit take {{ e1 }} <scaleAP>(+{{ a1 }})</scaleAP> magic damage and are rooted for {{ e3 }} seconds.","leveltip":{"label":["Pass-through Damage","Detonation Damage"],"effect":["{{ e2 }} -> {{ e2NL }}","{{ e1 }} -> {{ e1NL }}"]},"maxrank":5,"cooldown":[10,10,10,10,10],"cooldownBurn":"10","cost":[50,50,50,50,50],"costBurn":"50","datavalues":{},"effect":[null,[35,45,55,65,75],[35,70,105,140,175],[1.5,1.5,1.5,1.5,1.5],[1500,1500,1500,1500,1500],[-0.5,-0.5,-0.5,-0.5,-0.5],[0.75,0.75,0.75,0.75,0.75],[60,85,105,125,150],[60,85,105,125,150],[15,15,15,15,15],[400,400,400,400,400]],"effectBurn":[null,"35/45/55/65/75","35/70/105/140/175","1.5","1500","-0.5","0.75","60/85/105/125/150","60/85/105/125/150","15","400"],"vars":[{"link":"spelldamage","coeff":0.25,"key":"a2"},{"link":"spelldamage","coeff":0.25,"key":"a1"}],"costType":" {{ abilityresourcename }}","maxammo":"-1","range":[850,850,850,850,850],"rangeBurn":"850","image":{"full":"SwainE.png","sprite":"spell11.png","group":"spell","x":192,"y":96,"w":48,"h":48},"resource":"{{ cost }} {{ abilityresourcename }}"},{"id":"SwainR","name":"Demonic Ascension","description":"Swain transforms into a demon and drains health from nearby enemy champions, minions, and neutral monsters. Swain can cast Demonflare to decimate nearby enemies with a nova of soulfire, dealing damage equal to a portion of the health he drained and ending his transformation.","tooltip":"Swain frees the demon within for {{ demonformduration }} seconds, gaining {{ basehealthgain }} health and doubling the bonus health that he has collected from Soul Fragments. Every second, he drains all nearby enemy champions, minions, and neutral monsters for {{ damagecalc }} magic damage, healing him for {{ healingcalc }} health. After a brief delay, and upon draining any amount of health, Swain can cast Demonflare.<br /><br /><span class=\"colorDDDD77\">Demonflare:</span> Swain unleashes a nova of soulfire dealing magic damage equal to {{ minimumdemonflaredamagetotal }} plus  {{ healtodamagepercent*100 }}% of the damage he healed (up to a total of  {{ demonflaredamagetotal }}) and ends his transformation.<br /><br /><br /><rules>Swain can drain non-champions to heal for {{ minionmonsterhealreduction*100 }}% of the normal amount.</rules>","leveltip":{"label":["Healing","Drain Damage","Drain Heal","Maximum Damage","Minimum Damage"],"effect":["{{ basehealthgain }} -> {{ basehealthgainNL }}","{{ damagepersecond }} -> {{ damagepersecondNL }}","{{ healpersecond }} -> {{ healpersecondNL }}","{{ demonflaretotaldamage }} -> {{ demonflaretotaldamageNL }}","{{ minimumdemonflaredamage }} -> {{ minimumdemonflaredamageNL }}"]},"maxrank":3,"cooldown":[120,120,120],"cooldownBurn":"120","cost":[100,100,100],"costBurn":"100","datavalues":{},"effect":[null,[0,0,0],[0,0,0],[0,0,0],[0,0,0],[0,0,0],[0,0,0],[0,0,0],[0,0,0],[0,0,0],[0,0,0]],"effectBurn":[null,"0","0","0","0","0","0","0","0","0","0"],"vars":[],"costType":"","maxammo":"-1","range":[650,650,650],"rangeBurn":"650","image":{"full":"SwainR.png","sprite":"spell11.png","group":"spell","x":240,"y":96,"w":48,"h":48}}],"passive":{"name":"Ravenous Flock","description":"Swain's ravens collect <i>Soul Fragments</i> that heal him and permanently increase his maximum health. Swain can right-click an immobilized enemy champions to pull them closer to him, dealing damage and ripping out a <i>Soul Fragment</i>.","image":{"full":"Swain_P.png","sprite":"passive3.png","group":"passive","x":96,"y":96,"w":48,"h":48}},"recommended":[{"champion":"Swain","title":"Beginner","type":"riot","map":"SR","mode":"INTRO","priority":false,"blocks":[{"type":"beginner_Starter","maxSummonerLevel":4,"items":[{"id":"1056","count":1}]},{"type":"beginner_Starter","minSummonerLevel":5,"items":[{"id":"1056","count":1},{"id":"2003","count":1}]},{"type":"beginner_Advanced","recMath":true,"items":[{"id":"1028","count":1},{"id":"1027","count":1},{"id":"3010","count":1}]},{"type":"beginner_MovementSpeed","recMath":true,"items":[{"id":"1001","count":1},{"id":"3020","count":1}]},{"type":"beginner_LegendaryItem","recMath":true,"items":[{"id":"3010","count":1},{"id":"1026","count":1},{"id":"3027","count":1}]},{"type":"beginner_MoreLegendaryItems","items":[{"id":"3116","count":1},{"id":"3151","count":1},{"id":"3001","count":1},{"id":"3089","count":1}]}]},{"champion":"Swain","title":"SwainARAM","map":"HA","mode":"ARAM","type":"riot","customTag":"","sortrank":0,"extensionPage":false,"customPanel":null,"blocks":[{"type":"starting","recMath":false,"recSteps":false,"minSummonerLevel":-1,"maxSummonerLevel":-1,"showIfSummonerSpell":"","hideIfSummonerSpell":"","appendAfterSection":"","visibleWithAllOf":[""],"hiddenWithAnyOf":[""],"items":[{"id":"3073","count":1,"hideCount":false},{"id":"1001","count":1,"hideCount":false},{"id":"2003","count":5,"hideCount":false}]},{"type":"essential","recMath":false,"recSteps":false,"minSummonerLevel":-1,"maxSummonerLevel":-1,"showIfSummonerSpell":"","hideIfSummonerSpell":"","appendAfterSection":"","visibleWithAllOf":[""],"hiddenWithAnyOf":[""],"items":[{"id":"3007","count":1,"hideCount":false},{"id":"3020","count":1,"hideCount":false},{"id":"3029","count":1,"hideCount":false}]},{"type":"offensive","recMath":false,"recSteps":false,"minSummonerLevel":-1,"maxSummonerLevel":-1,"showIfSummonerSpell":"","hideIfSummonerSpell":"","appendAfterSection":"","visibleWithAllOf":[""],"hiddenWithAnyOf":[""],"items":[{"id":"3151","count":1,"hideCount":false},{"id":"3089","count":1,"hideCount":false},{"id":"3135","count":1,"hideCount":false},{"id":"3165","count":1,"hideCount":false}]},{"type":"defensive","recMath":false,"recSteps":false,"minSummonerLevel":-1,"maxSummonerLevel":-1,"showIfSummonerSpell":"","hideIfSummonerSpell":"","appendAfterSection":"","visibleWithAllOf":[""],"hiddenWithAnyOf":[""],"items":[{"id":"3157","count":1,"hideCount":false},{"id":"3116","count":1,"hideCount":false},{"id":"3001","count":1,"hideCount":false},{"id":"3065","count":1,"hideCount":false}]},{"type":"consumables","recMath":false,"recSteps":false,"minSummonerLevel":-1,"maxSummonerLevel":-1,"showIfSummonerSpell":"","hideIfSummonerSpell":"","appendAfterSection":"","visibleWithAllOf":[""],"hiddenWithAnyOf":[""],"items":[{"id":"2003","count":1,"hideCount":true},{"id":"2139","count":1,"hideCount":true}]}]},{"champion":"Swain","title":"SwainFIRSTBLOOD","map":"HA","mode":"FIRSTBLOOD","type":"riot","customTag":"","extensionPage":false,"customPanel":null,"blocks":[{"type":"starting","recMath":false,"recSteps":false,"minSummonerLevel":-1,"maxSummonerLevel":-1,"showIfSummonerSpell":"","hideIfSummonerSpell":"","items":[{"id":"1056","count":1,"hideCount":false},{"id":"2003","count":2,"hideCount":false},{"id":"3340","count":1,"hideCount":false}]},{"type":"early","recMath":false,"recSteps":false,"minSummonerLevel":-1,"maxSummonerLevel":-1,"showIfSummonerSpell":"","hideIfSummonerSpell":"","items":[{"id":"1001","count":1,"hideCount":false},{"id":"3010","count":1,"hideCount":false},{"id":"1058","count":1,"hideCount":false}]},{"type":"essential","recMath":false,"recSteps":false,"minSummonerLevel":-1,"maxSummonerLevel":-1,"showIfSummonerSpell":"","hideIfSummonerSpell":"","items":[{"id":"3020","count":1,"hideCount":false},{"id":"3157","count":1,"hideCount":false},{"id":"3027","count":1,"hideCount":false}]},{"type":"standard","recMath":false,"recSteps":false,"minSummonerLevel":-1,"maxSummonerLevel":-1,"showIfSummonerSpell":"","hideIfSummonerSpell":"","items":[{"id":"3089","count":1,"hideCount":false},{"id":"3165","count":1,"hideCount":false},{"id":"3135","count":1,"hideCount":false}]},{"type":"situational","recMath":false,"recSteps":false,"minSummonerLevel":-1,"maxSummonerLevel":-1,"showIfSummonerSpell":"","hideIfSummonerSpell":"","items":[{"id":"3116","count":1,"hideCount":false},{"id":"3001","count":1,"hideCount":false},{"id":"3151","count":1,"hideCount":false}]},{"type":"consumables","recMath":false,"recSteps":false,"minSummonerLevel":-1,"maxSummonerLevel":-1,"showIfSummonerSpell":"","hideIfSummonerSpell":"","items":[{"id":"2003","count":1,"hideCount":true},{"id":"2031","count":1,"hideCount":true},{"id":"2043","count":1,"hideCount":true},{"id":"2139","count":1,"hideCount":true}]}]},{"champion":"Swain","title":"SwainARAM","map":"HA","mode":"KINGPORO","type":"riot","customTag":"","sortrank":0,"extensionPage":false,"customPanel":null,"blocks":[{"type":"KingPoroSnax","recMath":false,"recSteps":false,"minSummonerLevel":-1,"maxSummonerLevel":-1,"showIfSummonerSpell":"","hideIfSummonerSpell":"","items":[{"id":"3680","count":1,"hideCount":false},{"id":"3681","count":1,"hideCount":false},{"id":"3682","count":1,"hideCount":false},{"id":"3683","count":1,"hideCount":false},{"id":"3684","count":1,"hideCount":false},{"id":"3685","count":1,"hideCount":false}]},{"type":"starting","recMath":false,"recSteps":false,"minSummonerLevel":-1,"maxSummonerLevel":-1,"showIfSummonerSpell":"","hideIfSummonerSpell":"","appendAfterSection":"","visibleWithAllOf":[""],"hiddenWithAnyOf":[""],"items":[{"id":"3073","count":1,"hideCount":false},{"id":"1001","count":1,"hideCount":false},{"id":"2003","count":5,"hideCount":false}]},{"type":"essential","recMath":false,"recSteps":false,"minSummonerLevel":-1,"maxSummonerLevel":-1,"showIfSummonerSpell":"","hideIfSummonerSpell":"","appendAfterSection":"","visibleWithAllOf":[""],"hiddenWithAnyOf":[""],"items":[{"id":"3007","count":1,"hideCount":false},{"id":"3020","count":1,"hideCount":false},{"id":"3029","count":1,"hideCount":false}]},{"type":"offensive","recMath":false,"recSteps":false,"minSummonerLevel":-1,"maxSummonerLevel":-1,"showIfSummonerSpell":"","hideIfSummonerSpell":"","appendAfterSection":"","visibleWithAllOf":[""],"hiddenWithAnyOf":[""],"items":[{"id":"3151","count":1,"hideCount":false},{"id":"3089","count":1,"hideCount":false},{"id":"3135","count":1,"hideCount":false},{"id":"3165","count":1,"hideCount":false}]},{"type":"defensive","recMath":false,"recSteps":false,"minSummonerLevel":-1,"maxSummonerLevel":-1,"showIfSummonerSpell":"","hideIfSummonerSpell":"","appendAfterSection":"","visibleWithAllOf":[""],"hiddenWithAnyOf":[""],"items":[{"id":"3157","count":1,"hideCount":false},{"id":"3116","count":1,"hideCount":false},{"id":"3001","count":1,"hideCount":false},{"id":"3065","count":1,"hideCount":false}]},{"type":"consumables","recMath":false,"recSteps":false,"minSummonerLevel":-1,"maxSummonerLevel":-1,"showIfSummonerSpell":"","hideIfSummonerSpell":"","appendAfterSection":"","visibleWithAllOf":[""],"hiddenWithAnyOf":[""],"items":[{"id":"2003","count":1,"hideCount":true},{"id":"2139","count":1,"hideCount":true}]}]},{"champion":"Swain","title":"SwainSL","map":"NB","mode":"NEXUSBLITZ","type":"riot","customTag":"","sortrank":0,"extensionPage":false,"useObviousCheckmark":false,"customPanel":null,"blocks":[{"type":"starting","recMath":false,"recSteps":false,"minSummonerLevel":-1,"maxSummonerLevel":-1,"showIfSummonerSpell":"","hideIfSummonerSpell":"SummonerSmite","appendAfterSection":"","visibleWithAllOf":[""],"hiddenWithAnyOf":[""],"items":[{"id":"4203","count":1,"hideCount":false},{"id":"2003","count":2,"hideCount":false},{"id":"3340","count":1,"hideCount":false}]},{"type":"startingjungle","recMath":false,"recSteps":false,"minSummonerLevel":-1,"maxSummonerLevel":-1,"showIfSummonerSpell":"SummonerSmite","hideIfSummonerSpell":"","appendAfterSection":"","visibleWithAllOf":[""],"hiddenWithAnyOf":[""],"items":[{"id":"4101","count":1,"hideCount":false},{"id":"2003","count":1,"hideCount":false},{"id":"3340","count":1,"hideCount":false}]},{"type":"early","recMath":false,"recSteps":false,"minSummonerLevel":-1,"maxSummonerLevel":-1,"showIfSummonerSpell":"","hideIfSummonerSpell":"SummonerSmite","appendAfterSection":"","visibleWithAllOf":[""],"hiddenWithAnyOf":[""],"items":[{"id":"1001","count":1,"hideCount":false},{"id":"3010","count":1,"hideCount":false},{"id":"1026","count":1,"hideCount":false}]},{"type":"earlyjungle","recMath":false,"recSteps":false,"minSummonerLevel":-1,"maxSummonerLevel":-1,"showIfSummonerSpell":"SummonerSmite","hideIfSummonerSpell":"","appendAfterSection":"","visibleWithAllOf":[""],"hiddenWithAnyOf":[""],"items":[{"id":"3108","count":1,"hideCount":false},{"id":"1027","count":1,"hideCount":false},{"id":"1001","count":1,"hideCount":false}]},{"type":"essential","recMath":false,"recSteps":false,"minSummonerLevel":-1,"maxSummonerLevel":-1,"showIfSummonerSpell":"","hideIfSummonerSpell":"SummonerSmite","appendAfterSection":"","visibleWithAllOf":[""],"hiddenWithAnyOf":[""],"items":[{"id":"3020","count":1,"hideCount":false},{"id":"3029","count":1,"hideCount":false},{"id":"3157","count":1,"hideCount":false}]},{"type":"essentialjungle","recMath":false,"recSteps":false,"minSummonerLevel":-1,"maxSummonerLevel":-1,"showIfSummonerSpell":"SummonerSmite","hideIfSummonerSpell":"","appendAfterSection":"","visibleWithAllOf":[""],"hiddenWithAnyOf":[""],"items":[{"id":"4104","count":1,"hideCount":false},{"id":"3020","count":1,"hideCount":false},{"id":"3157","count":1,"hideCount":false}]},{"type":"standard","recMath":false,"recSteps":false,"minSummonerLevel":-1,"maxSummonerLevel":-1,"showIfSummonerSpell":"","hideIfSummonerSpell":"","appendAfterSection":"","visibleWithAllOf":[""],"hiddenWithAnyOf":[""],"items":[{"id":"3151","count":1,"hideCount":false},{"id":"3135","count":1,"hideCount":false},{"id":"3089","count":1,"hideCount":false}]},{"type":"situational","recMath":false,"recSteps":false,"minSummonerLevel":-1,"maxSummonerLevel":-1,"showIfSummonerSpell":"","hideIfSummonerSpell":"","appendAfterSection":"","visibleWithAllOf":[""],"hiddenWithAnyOf":[""],"items":[{"id":"3165","count":1,"hideCount":false},{"id":"3102","count":1,"hideCount":false}]},{"type":"consumables","recMath":false,"recSteps":false,"minSummonerLevel":-1,"maxSummonerLevel":-1,"showIfSummonerSpell":"","hideIfSummonerSpell":"","appendAfterSection":"","visibleWithAllOf":[""],"hiddenWithAnyOf":[""],"items":[{"id":"2031","count":1,"hideCount":false},{"id":"2139","count":1,"hideCount":true}]}]},{"champion":"Swain","title":"SwainSR","map":"SR","mode":"CLASSIC","type":"riot","customTag":"","sortrank":0,"extensionPage":false,"useObviousCheckmark":false,"customPanel":null,"blocks":[{"type":"starting","recMath":false,"recSteps":false,"minSummonerLevel":-1,"maxSummonerLevel":-1,"showIfSummonerSpell":"","hideIfSummonerSpell":"","appendAfterSection":"","visibleWithAllOf":[""],"hiddenWithAnyOf":[""],"items":[{"id":"1056","count":1,"hideCount":false},{"id":"2003","count":2,"hideCount":false},{"id":"3340","count":1,"hideCount":false}]},{"type":"early","recMath":false,"recSteps":false,"minSummonerLevel":-1,"maxSummonerLevel":-1,"showIfSummonerSpell":"","hideIfSummonerSpell":"","appendAfterSection":"","visibleWithAllOf":[""],"hiddenWithAnyOf":[""],"items":[{"id":"3010","count":1,"hideCount":false},{"id":"1001","count":1,"hideCount":false},{"id":"1026","count":1,"hideCount":false}]},{"type":"essential","recMath":false,"recSteps":false,"minSummonerLevel":-1,"maxSummonerLevel":-1,"showIfSummonerSpell":"","hideIfSummonerSpell":"","appendAfterSection":"","visibleWithAllOf":[""],"hiddenWithAnyOf":[""],"items":[{"id":"3020","count":1,"hideCount":false},{"id":"3027","count":1,"hideCount":false},{"id":"3151","count":1,"hideCount":false}]},{"type":"standard","recMath":false,"recSteps":false,"minSummonerLevel":-1,"maxSummonerLevel":-1,"showIfSummonerSpell":"","hideIfSummonerSpell":"","appendAfterSection":"","visibleWithAllOf":[""],"hiddenWithAnyOf":[""],"items":[{"id":"3157","count":1,"hideCount":false},{"id":"3135","count":1,"hideCount":false},{"id":"3089","count":1,"hideCount":false}]},{"type":"situational","recMath":false,"recSteps":false,"minSummonerLevel":-1,"maxSummonerLevel":-1,"showIfSummonerSpell":"","hideIfSummonerSpell":"","appendAfterSection":"","visibleWithAllOf":[""],"hiddenWithAnyOf":[""],"items":[{"id":"3285","count":1,"hideCount":false},{"id":"3165","count":1,"hideCount":false},{"id":"3102","count":1,"hideCount":false}]},{"type":"consumables","recMath":false,"recSteps":false,"minSummonerLevel":-1,"maxSummonerLevel":-1,"showIfSummonerSpell":"","hideIfSummonerSpell":"","appendAfterSection":"","visibleWithAllOf":[""],"hiddenWithAnyOf":[""],"items":[{"id":"2003","count":1,"hideCount":true},{"id":"2139","count":1,"hideCount":true}]}]},{"champion":"Swain","title":"SwainSRSupport","map":"SR","mode":"CLASSIC","type":"riot-support","customTag":"","sortrank":0,"extensionPage":false,"useObviousCheckmark":false,"customPanel":null,"blocks":[{"type":"starting","recMath":false,"recSteps":false,"minSummonerLevel":-1,"maxSummonerLevel":-1,"showIfSummonerSpell":"","hideIfSummonerSpell":"","appendAfterSection":"","visibleWithAllOf":[""],"hiddenWithAnyOf":[""],"items":[{"id":"3850","count":1,"hideCount":false},{"id":"2003","count":2,"hideCount":false},{"id":"3340","count":1,"hideCount":false}]},{"type":"early","recMath":false,"recSteps":false,"minSummonerLevel":-1,"maxSummonerLevel":-1,"showIfSummonerSpell":"","hideIfSummonerSpell":"","appendAfterSection":"","visibleWithAllOf":[""],"hiddenWithAnyOf":[""],"items":[{"id":"1001","count":1,"hideCount":false},{"id":"3136","count":1,"hideCount":false}]},{"type":"essential","recMath":false,"recSteps":false,"minSummonerLevel":-1,"maxSummonerLevel":-1,"showIfSummonerSpell":"","hideIfSummonerSpell":"","appendAfterSection":"","visibleWithAllOf":[""],"hiddenWithAnyOf":[""],"items":[{"id":"3020","count":1,"hideCount":false},{"id":"3151","count":1,"hideCount":false}]},{"type":"aggressive","recMath":false,"recSteps":false,"minSummonerLevel":-1,"maxSummonerLevel":-1,"showIfSummonerSpell":"","hideIfSummonerSpell":"","appendAfterSection":"","visibleWithAllOf":[""],"hiddenWithAnyOf":[""],"items":[{"id":"3157","count":1,"hideCount":false},{"id":"3165","count":1,"hideCount":false},{"id":"3135","count":1,"hideCount":false}]},{"type":"protective","recMath":false,"recSteps":false,"minSummonerLevel":-1,"maxSummonerLevel":-1,"showIfSummonerSpell":"","hideIfSummonerSpell":"","appendAfterSection":"","visibleWithAllOf":[""],"hiddenWithAnyOf":[""],"items":[{"id":"3116","count":1,"hideCount":false},{"id":"3905","count":1,"hideCount":false},{"id":"3107","count":1,"hideCount":false}]},{"type":"consumables","recMath":false,"recSteps":false,"minSummonerLevel":-1,"maxSummonerLevel":-1,"showIfSummonerSpell":"","hideIfSummonerSpell":"","appendAfterSection":"","visibleWithAllOf":[""],"hiddenWithAnyOf":[""],"items":[{"id":"2003","count":1,"hideCount":true},{"id":"2139","count":1,"hideCount":true}]}]}]}}}