{"type":"champion","format":"standAloneComplex","version":"10.15.1","data":{"TahmKench":{"id":"TahmKench","key":"223","name":"Tahm Kench","title":"the River King","image":{"full":"TahmKench.png","sprite":"champion3.png","group":"champion","x":240,"y":96,"w":48,"h":48},"skins":[{"id":"223000","num":0,"name":"default","chromas":false},{"id":"223001","num":1,"name":"Master Chef Tahm Kench","chromas":false},{"id":"223002","num":2,"name":"Urf Kench","chromas":false},{"id":"223003","num":3,"name":"Coin Emperor Tahm Kench","chromas":true}],"lore":"Known by many names throughout history, the demon Tahm Kench travels the waterways of Runeterra, feeding his insatiable appetite with the misery of others. Though he may appear singularly charming and proud, he swaggers through the physical realm like a vagabond in search of unsuspecting prey. His lashing tongue can stun even a heavily armored warrior from a dozen paces, and to fall into his rumbling belly is to tumble into an abyss from which there is little hope of return.","blurb":"Known by many names throughout history, the demon Tahm Kench travels the waterways of Runeterra, feeding his insatiable appetite with the misery of others. Though he may appear singularly charming and proud, he swaggers through the physical realm like a...","allytips":["Your most important function as a support is to keep fragile allies safe. Keep Devour's range and cooldown in mind and position accordingly!","Consider carefully when to use Thick Skin's active. Sometimes shielding early to avoid further damage is good, but sometimes the healing is more beneficial."],"enemytips":["When you see Tahm Kench use the shield from Thick Skin, remember that he just opted out of a good deal of healing. He will also not accumulate new gray health until Thick Skin comes off cooldown. Use this to your advantage!","If Tahm Kench harasses you by spitting minions at you, try going in for a trade right after he spits. His Devour will be on cooldown and you should be able to trade favourably if he can't eat you."],"tags":["Support","Tank"],"partype":"Mana","info":{"attack":3,"defense":9,"magic":6,"difficulty":5},"stats":{"hp":600,"hpperlevel":100,"mp":325,"mpperlevel":40,"movespeed":335,"armor":47,"armorperlevel":3.5,"spellblock":32.1,"spellblockperlevel":1.25,"attackrange":175,"hpregen":6.5,"hpregenperlevel":0.55,"mpregen":8,"mpregenperlevel":1,"crit":0,"critperlevel":0,"attackdamage":56,"attackdamageperlevel":3.2,"attackspeedperlevel":2.5,"attackspeed":0.658},"spells":[{"id":"TahmKenchQ","name":"Tongue Lash","description":"Tahm Kench lashes out with his tongue, damaging and slowing the first unit hit. This ability gains a stun after three stacks of An Acquired Taste.","tooltip":"Damage the first enemy hit for {{ e3 }} <scaleAP>(+{{ a1 }})</scaleAP> magic damage and slow them by {{ e4 }}% for {{ e5 }}s. Champions with 3 stacks of An Acquired Taste will also be stunned for {{ e6 }} seconds.<br /><br />Activate <span class=\"color0bf7de\">Devour</span> while your tongue is in midair to devour monsters/minions from a distance.","leveltip":{"label":["Base Damage","Slow"],"effect":["{{ e3 }} -> {{ e3NL }}","{{ effect4amount*-100.000000 }}% -> {{ effect4amountnl*-100.000000 }}%"]},"maxrank":5,"cooldown":[5,5,5,5,5],"cooldownBurn":"5","cost":[50,50,50,50,50],"costBurn":"50","datavalues":{},"effect":[null,[925,925,925,925,925],[1000,1000,1000,1000,1000],[80,130,180,230,280],[30,40,50,60,70],[3,3,3,3,3],[2,2,2,2,2],[0,0,0,0,0],[0,0,0,0,0],[0,0,0,0,0],[0,0,0,0,0]],"effectBurn":[null,"925","1000","80/130/180/230/280","30/40/50/60/70","3","2","0","0","0","0"],"vars":[{"link":"spelldamage","coeff":0.7,"key":"a1"}],"costType":" {{ abilityresourcename }}","maxammo":"-1","range":[900,900,900,900,900],"rangeBurn":"900","image":{"full":"TahmKenchQ.png","sprite":"spell11.png","group":"spell","x":192,"y":144,"w":48,"h":48},"resource":"{{ cost }} {{ abilityresourcename }}"},{"id":"TahmKenchW","name":"Devour","description":"Tahm Kench devours a target, dealing a percentage of their maximum health as magic damage. He can spit devoured minions and monsters out as a skillshot that deals magic damage in an area upon impact.","tooltip":"Devour a target for {{ e1 }}s (half that for enemy champions.) Enemies are dealt {{ e7 }} (+{{ e3 }}%) <scaleAP>(+{{ a1 }}%)</scaleAP> of their maximum health as magic damage (maximum of {{ e2 }} against neutral monsters).<br /><br /><spellPassive>Enemy Champions:</spellPassive> Requires 3 stacks of An Acquired Taste to be devoured. While holding any champion, Tahm Kench is slowed by 95% and grounded.<br /><br /><spellPassive>Minions and Monsters:</spellPassive> Reactivate to spit them, dealing {{ e7 }} <scaleAP>(+{{ a2 }})</scaleAP> magic damage to targets hit.<br /><br /><rules><span class=\"color8c8c8c\">When used on an enemy, half of Devour's cooldown and mana cost are refunded.</span></rules>","leveltip":{"label":["Base Damage","Minion Spit Damage"],"effect":["{{ e7 }} -> {{ e7NL }}","{{ e7 }} -> {{ e7NL }}"]},"maxrank":5,"cooldown":[20,20,20,20,20],"cooldownBurn":"20","cost":[100,100,100,100,100],"costBurn":"100","datavalues":{},"effect":[null,[4,4,4,4,4],[500,500,500,500,500],[11,11,11,11,11],[0.3,0.35,0.4,0.45,0.5],[80,120,160,200,240],[0,0,0,0,0],[60,105,150,195,240],[0,0,0,0,0],[0,0,0,0,0],[0,0,0,0,0]],"effectBurn":[null,"4","500","11","0.3/0.35/0.4/0.45/0.5","80/120/160/200/240","0","60/105/150/195/240","0","0","0"],"vars":[{"link":"spelldamage","coeff":0.02,"key":"a1"},{"link":"spelldamage","coeff":0.6,"key":"a2"}],"costType":" {{ abilityresourcename }}","maxammo":"-1","range":[250,250,250,250,250],"rangeBurn":"250","image":{"full":"TahmKenchW.png","sprite":"spell11.png","group":"spell","x":240,"y":144,"w":48,"h":48},"resource":"{{ cost }} {{ abilityresourcename }}"},{"id":"TahmKenchE","name":"Thick Skin","description":"Tahm Kench turns incoming damage into gray health. As gray health decays, Tahm Kench is healed for a percentage of the gray health amount. When activated, this ability turns all gray health into a shield.","tooltip":"<spellPassive>Passive:</spellPassive> {{ e3 }}% of the Damage taken while this ability is inactive is converted to gray health. If allowed to decay, {{ healthratio }} of it is regenerated as health.<br /><br /><spellPassive>Active:</spellPassive> Convert all of your gray health into a shield that lasts {{ e1 }} seconds.","leveltip":{"label":["Damage to Gray Health Conversion"],"effect":["{{ effect3amount*100.000000 }}% -> {{ effect3amountnl*100.000000 }}%"]},"maxrank":5,"cooldown":[3,3,3,3,3],"cooldownBurn":"3","cost":[0,0,0,0,0],"costBurn":"0","datavalues":{},"effect":[null,[2,2,2,2,2],[0,0,0,0,0],[45,50,55,60,65],[0,0,0,0,0],[0,0,0,0,0],[0,0,0,0,0],[0,0,0,0,0],[0,0,0,0,0],[0,0,0,0,0],[0,0,0,0,0]],"effectBurn":[null,"2","0","45/50/55/60/65","0","0","0","0","0","0","0"],"vars":[],"costType":" {{ abilityresourcename }}","maxammo":"-1","range":[1,1,1,1,1],"rangeBurn":"1","image":{"full":"TahmKenchE.png","sprite":"spell11.png","group":"spell","x":288,"y":144,"w":48,"h":48},"resource":"{{ cost }} {{ abilityresourcename }}"},{"id":"TahmKenchNewR","name":"Abyssal Voyage","description":"Tahm Kench teleports across the map, and he may bring one ally champion with him.","tooltip":"Begin to channel for up to 6 seconds. During this time, one ally champion can right click Tahm Kench to join in. Alternatively, reactivate this ability to travel alone. On reactivation or once an ally has opted in, Tahm travels to the target location.<br /><br /><rules>Taking damage from champions cancels the channel.<br />Allies in combat with champions cannot take Abyssal Voyage.</rules>","leveltip":{"label":["Cooldown","Range"],"effect":["{{ cooldown }} -> {{ cooldownNL }}","{{ e1 }} -> {{ e1NL }}"]},"maxrank":3,"cooldown":[140,130,120],"cooldownBurn":"140/130/120","cost":[100,100,100],"costBurn":"100","datavalues":{},"effect":[null,[2500,5500,8500],[0.02,0.04,0.06],[20,20,20],[0,0,0],[0,0,0],[0,0,0],[0,0,0],[0,0,0],[0,0,0],[0,0,0]],"effectBurn":[null,"2500/5500/8500","0.02/0.04/0.06","20","0","0","0","0","0","0","0"],"vars":[],"costType":" {{ abilityresourcename }}","maxammo":"-1","range":[2500,5500,8500],"rangeBurn":"2500/5500/8500","image":{"full":"TahmKenchNewR.png","sprite":"spell11.png","group":"spell","x":336,"y":144,"w":48,"h":48},"resource":"{{ cost }} {{ abilityresourcename }}"}],"passive":{"name":"An Acquired Taste","description":"Tahm Kench puts the heft of his immense body behind his attacks and abilities, gaining extra damage based on his total health. Damaging enemy champions builds stacks of An Acquired Taste. At three stacks, he can use Devour on an enemy champion.","image":{"full":"TahmKench_P.png","sprite":"passive3.png","group":"passive","x":240,"y":96,"w":48,"h":48}},"recommended":[{"champion":"Maokai","title":"Beginner","type":"riot","map":"SR","mode":"INTRO","priority":false,"blocks":[{"type":"beginner_Starter","maxSummonerLevel":4,"items":[{"id":"1054","count":1}]},{"type":"beginner_Starter","minSummonerLevel":5,"items":[{"id":"1054","count":1},{"id":"2003","count":1}]},{"type":"beginner_Advanced","recMath":true,"items":[{"id":"1028","count":1},{"id":"3067","count":1}]},{"type":"beginner_MovementSpeed","recMath":true,"items":[{"id":"1001","count":1},{"id":"1029","count":1},{"id":"3047","count":1}]},{"type":"beginner_LegendaryItem","recMath":true,"items":[{"id":"3067","count":1},{"id":"3211","count":1},{"id":"3065","count":1}]},{"type":"beginner_MoreLegendaryItems","items":[{"id":"3025","count":1},{"id":"3068","count":1},{"id":"3001","count":1},{"id":"3105","count":1}]}]},{"champion":"TahmKench","title":"TahmKenchARAM","map":"HA","mode":"ARAM","type":"riot","customTag":"","sortrank":0,"extensionPage":false,"customPanel":null,"blocks":[{"type":"starting","recMath":false,"recSteps":false,"minSummonerLevel":-1,"maxSummonerLevel":-1,"showIfSummonerSpell":"","hideIfSummonerSpell":"","appendAfterSection":"","visibleWithAllOf":[""],"hiddenWithAnyOf":[""],"items":[{"id":"2051","count":1,"hideCount":false},{"id":"1001","count":1,"hideCount":false},{"id":"2003","count":3,"hideCount":false}]},{"type":"essential","recMath":false,"recSteps":false,"minSummonerLevel":-1,"maxSummonerLevel":-1,"showIfSummonerSpell":"","hideIfSummonerSpell":"","appendAfterSection":"","visibleWithAllOf":[""],"hiddenWithAnyOf":[""],"items":[{"id":"3065","count":1,"hideCount":false},{"id":"3047","count":1,"hideCount":false},{"id":"3109","count":1,"hideCount":false}]},{"type":"offensive","recMath":false,"recSteps":false,"minSummonerLevel":-1,"maxSummonerLevel":-1,"showIfSummonerSpell":"","hideIfSummonerSpell":"","appendAfterSection":"","visibleWithAllOf":[""],"hiddenWithAnyOf":[""],"items":[{"id":"3068","count":1,"hideCount":false},{"id":"3748","count":1,"hideCount":false},{"id":"3091","count":1,"hideCount":false}]},{"type":"defensive","recMath":false,"recSteps":false,"minSummonerLevel":-1,"maxSummonerLevel":-1,"showIfSummonerSpell":"","hideIfSummonerSpell":"","appendAfterSection":"","visibleWithAllOf":[""],"hiddenWithAnyOf":[""],"items":[{"id":"3742","count":1,"hideCount":false},{"id":"3001","count":1,"hideCount":false},{"id":"3075","count":1,"hideCount":false}]},{"type":"consumables","recMath":false,"recSteps":false,"minSummonerLevel":-1,"maxSummonerLevel":-1,"showIfSummonerSpell":"","hideIfSummonerSpell":"","appendAfterSection":"","visibleWithAllOf":[""],"hiddenWithAnyOf":[""],"items":[{"id":"2003","count":1,"hideCount":true},{"id":"2138","count":1,"hideCount":true}]}]},{"champion":"TahmKench","title":"TahmKenchFIRSTBLOOD","map":"HA","mode":"FIRSTBLOOD","type":"riot","customTag":"","sortrank":0,"extensionPage":false,"customPanel":null,"blocks":[{"type":"starting","recMath":false,"recSteps":false,"minSummonerLevel":-1,"maxSummonerLevel":-1,"showIfSummonerSpell":"","hideIfSummonerSpell":"SummonerSmite","items":[{"id":"3302","count":1,"hideCount":false},{"id":"2031","count":1,"hideCount":false},{"id":"3340","count":1,"hideCount":false}]},{"type":"early","recMath":false,"recSteps":false,"minSummonerLevel":-1,"maxSummonerLevel":-1,"showIfSummonerSpell":"","hideIfSummonerSpell":"SummonerSmite","items":[{"id":"1001","count":1,"hideCount":false},{"id":"3097","count":1,"hideCount":false},{"id":"2049","count":1,"hideCount":false}]},{"type":"essential","recMath":false,"recSteps":false,"minSummonerLevel":-1,"maxSummonerLevel":-1,"showIfSummonerSpell":"","hideIfSummonerSpell":"SummonerSmite","items":[{"id":"3009","count":1,"hideCount":false},{"id":"3401","count":1,"hideCount":false},{"id":"3190","count":1,"hideCount":false}]},{"type":"defensive","recMath":false,"recSteps":false,"minSummonerLevel":-1,"maxSummonerLevel":-1,"showIfSummonerSpell":"","hideIfSummonerSpell":"SummonerSmite","items":[{"id":"3742","count":1,"hideCount":false},{"id":"3075","count":1,"hideCount":false},{"id":"3102","count":1,"hideCount":false}]},{"type":"situational","recMath":false,"recSteps":false,"minSummonerLevel":-1,"maxSummonerLevel":-1,"showIfSummonerSpell":"","hideIfSummonerSpell":"SummonerSmite","items":[{"id":"3800","count":1,"hideCount":false},{"id":"3001","count":1,"hideCount":false},{"id":"3748","count":1,"hideCount":false}]},{"type":"startingjungle","recMath":false,"recSteps":false,"minSummonerLevel":-1,"maxSummonerLevel":-1,"showIfSummonerSpell":"SummonerSmite","hideIfSummonerSpell":"","items":[{"id":"1039","count":1,"hideCount":false},{"id":"2031","count":1,"hideCount":false},{"id":"3340","count":1,"hideCount":false}]},{"type":"earlyjungle","recMath":false,"recSteps":false,"minSummonerLevel":-1,"maxSummonerLevel":-1,"showIfSummonerSpell":"SummonerSmite","hideIfSummonerSpell":"","items":[{"id":"3706","count":1,"hideCount":false},{"id":"3751","count":1,"hideCount":false},{"id":"1001","count":1,"hideCount":false}]},{"type":"essentialjungle","recMath":false,"recSteps":false,"minSummonerLevel":-1,"maxSummonerLevel":-1,"showIfSummonerSpell":"SummonerSmite","hideIfSummonerSpell":"","items":[{"id":"1401","count":1,"hideCount":false},{"id":"3047","count":1,"hideCount":false},{"id":"3742","count":1,"hideCount":false}]},{"type":"defensivejungle","recMath":false,"recSteps":false,"minSummonerLevel":-1,"maxSummonerLevel":-1,"showIfSummonerSpell":"SummonerSmite","hideIfSummonerSpell":"","items":[{"id":"3065","count":1,"hideCount":false},{"id":"3110","count":1,"hideCount":false},{"id":"3075","count":1,"hideCount":false}]},{"type":"situationaljungle","recMath":false,"recSteps":false,"minSummonerLevel":-1,"maxSummonerLevel":-1,"showIfSummonerSpell":"SummonerSmite","hideIfSummonerSpell":"","items":[{"id":"3748","count":1,"hideCount":false},{"id":"3800","count":1,"hideCount":false},{"id":"3001","count":1,"hideCount":false}]},{"type":"consumables","recMath":false,"recSteps":false,"minSummonerLevel":-1,"maxSummonerLevel":-1,"showIfSummonerSpell":"","hideIfSummonerSpell":"","items":[{"id":"2003","count":1,"hideCount":true},{"id":"2033","count":1,"hideCount":false},{"id":"2138","count":1,"hideCount":true},{"id":"3364","count":1,"hideCount":false}]}]},{"champion":"TahmKench","title":"TahmKenchARAM","map":"HA","mode":"KINGPORO","type":"riot","customTag":"","sortrank":0,"extensionPage":false,"customPanel":null,"blocks":[{"type":"KingPoroSnax","recMath":false,"recSteps":false,"minSummonerLevel":-1,"maxSummonerLevel":-1,"showIfSummonerSpell":"","hideIfSummonerSpell":"","items":[{"id":"3680","count":1,"hideCount":false},{"id":"3681","count":1,"hideCount":false},{"id":"3682","count":1,"hideCount":false},{"id":"3683","count":1,"hideCount":false},{"id":"3684","count":1,"hideCount":false},{"id":"3685","count":1,"hideCount":false}]},{"type":"starting","recMath":false,"recSteps":false,"minSummonerLevel":-1,"maxSummonerLevel":-1,"showIfSummonerSpell":"","hideIfSummonerSpell":"","appendAfterSection":"","visibleWithAllOf":[""],"hiddenWithAnyOf":[""],"items":[{"id":"2051","count":1,"hideCount":false},{"id":"1001","count":1,"hideCount":false},{"id":"2003","count":3,"hideCount":false}]},{"type":"essential","recMath":false,"recSteps":false,"minSummonerLevel":-1,"maxSummonerLevel":-1,"showIfSummonerSpell":"","hideIfSummonerSpell":"","appendAfterSection":"","visibleWithAllOf":[""],"hiddenWithAnyOf":[""],"items":[{"id":"3065","count":1,"hideCount":false},{"id":"3047","count":1,"hideCount":false},{"id":"3109","count":1,"hideCount":false}]},{"type":"offensive","recMath":false,"recSteps":false,"minSummonerLevel":-1,"maxSummonerLevel":-1,"showIfSummonerSpell":"","hideIfSummonerSpell":"","appendAfterSection":"","visibleWithAllOf":[""],"hiddenWithAnyOf":[""],"items":[{"id":"3068","count":1,"hideCount":false},{"id":"3748","count":1,"hideCount":false},{"id":"3091","count":1,"hideCount":false}]},{"type":"defensive","recMath":false,"recSteps":false,"minSummonerLevel":-1,"maxSummonerLevel":-1,"showIfSummonerSpell":"","hideIfSummonerSpell":"","appendAfterSection":"","visibleWithAllOf":[""],"hiddenWithAnyOf":[""],"items":[{"id":"3742","count":1,"hideCount":false},{"id":"3001","count":1,"hideCount":false},{"id":"3075","count":1,"hideCount":false}]},{"type":"consumables","recMath":false,"recSteps":false,"minSummonerLevel":-1,"maxSummonerLevel":-1,"showIfSummonerSpell":"","hideIfSummonerSpell":"","appendAfterSection":"","visibleWithAllOf":[""],"hiddenWithAnyOf":[""],"items":[{"id":"2003","count":1,"hideCount":true},{"id":"2138","count":1,"hideCount":true}]}]},{"champion":"TahmKench","title":"TahmKenchNB","map":"NB","mode":"NEXUSBLITZ","type":"riot","customTag":"","sortrank":0,"extensionPage":false,"useObviousCheckmark":false,"customPanel":null,"blocks":[{"type":"starting","recMath":false,"recSteps":false,"minSummonerLevel":-1,"maxSummonerLevel":-1,"showIfSummonerSpell":"","hideIfSummonerSpell":"SummonerSmite","appendAfterSection":"","visibleWithAllOf":[""],"hiddenWithAnyOf":[""],"items":[{"id":"4201","count":1,"hideCount":false},{"id":"2003","count":1,"hideCount":false},{"id":"3340","count":1,"hideCount":false}]},{"type":"startingjungle","recMath":false,"recSteps":false,"minSummonerLevel":-1,"maxSummonerLevel":-1,"showIfSummonerSpell":"SummonerSmite","hideIfSummonerSpell":"","appendAfterSection":"","visibleWithAllOf":[""],"hiddenWithAnyOf":[""],"items":[{"id":"4101","count":1,"hideCount":false},{"id":"2003","count":1,"hideCount":false},{"id":"3340","count":1,"hideCount":false}]},{"type":"early","recMath":false,"recSteps":false,"minSummonerLevel":-1,"maxSummonerLevel":-1,"showIfSummonerSpell":"","hideIfSummonerSpell":"SummonerSmite","appendAfterSection":"","visibleWithAllOf":[""],"hiddenWithAnyOf":[""],"items":[{"id":"1001","count":1,"hideCount":false},{"id":"3067","count":1,"hideCount":false},{"id":"3024","count":1,"hideCount":false}]},{"type":"essential","recMath":false,"recSteps":false,"minSummonerLevel":-1,"maxSummonerLevel":-1,"showIfSummonerSpell":"","hideIfSummonerSpell":"SummonerSmite","appendAfterSection":"","visibleWithAllOf":[""],"hiddenWithAnyOf":[""],"items":[{"id":"3009","count":1,"hideCount":false},{"id":"4401","count":1,"hideCount":false},{"id":"3742","count":1,"hideCount":false}]},{"type":"defensive","recMath":false,"recSteps":false,"minSummonerLevel":-1,"maxSummonerLevel":-1,"showIfSummonerSpell":"","hideIfSummonerSpell":"SummonerSmite","appendAfterSection":"","visibleWithAllOf":[""],"hiddenWithAnyOf":[""],"items":[{"id":"3190","count":1,"hideCount":false},{"id":"3083","count":1,"hideCount":false},{"id":"3110","count":1,"hideCount":false}]},{"type":"situational","recMath":false,"recSteps":false,"minSummonerLevel":-1,"maxSummonerLevel":-1,"showIfSummonerSpell":"","hideIfSummonerSpell":"SummonerSmite","appendAfterSection":"","visibleWithAllOf":[""],"hiddenWithAnyOf":[""],"items":[{"id":"3800","count":1,"hideCount":false},{"id":"3001","count":1,"hideCount":false},{"id":"3075","count":1,"hideCount":false}]},{"type":"earlyjungle","recMath":false,"recSteps":false,"minSummonerLevel":-1,"maxSummonerLevel":-1,"showIfSummonerSpell":"SummonerSmite","hideIfSummonerSpell":"","appendAfterSection":"","visibleWithAllOf":[""],"hiddenWithAnyOf":[""],"items":[{"id":"3751","count":1,"hideCount":false},{"id":"1001","count":1,"hideCount":false}]},{"type":"essentialjungle","recMath":false,"recSteps":false,"minSummonerLevel":-1,"maxSummonerLevel":-1,"showIfSummonerSpell":"SummonerSmite","hideIfSummonerSpell":"","appendAfterSection":"","visibleWithAllOf":[""],"hiddenWithAnyOf":[""],"items":[{"id":"4103","count":1,"hideCount":false},{"id":"3009","count":1,"hideCount":false},{"id":"3742","count":1,"hideCount":false}]},{"type":"defensive","recMath":false,"recSteps":false,"minSummonerLevel":-1,"maxSummonerLevel":-1,"showIfSummonerSpell":"SummonerSmite","hideIfSummonerSpell":"","appendAfterSection":"","visibleWithAllOf":[""],"hiddenWithAnyOf":[""],"items":[{"id":"3110","count":1,"hideCount":false},{"id":"4401","count":1,"hideCount":false},{"id":"3083","count":1,"hideCount":false}]},{"type":"situational","recMath":false,"recSteps":false,"minSummonerLevel":-1,"maxSummonerLevel":-1,"showIfSummonerSpell":"SummonerSmite","hideIfSummonerSpell":"","appendAfterSection":"","visibleWithAllOf":[""],"hiddenWithAnyOf":[""],"items":[{"id":"3800","count":1,"hideCount":false},{"id":"3194","count":1,"hideCount":false},{"id":"3025","count":1,"hideCount":false}]},{"type":"consumables","recMath":false,"recSteps":false,"minSummonerLevel":-1,"maxSummonerLevel":-1,"showIfSummonerSpell":"","hideIfSummonerSpell":"","appendAfterSection":"","visibleWithAllOf":[""],"hiddenWithAnyOf":[""],"items":[{"id":"2003","count":1,"hideCount":true},{"id":"2138","count":1,"hideCount":true}]}]},{"champion":"TahmKench","title":"TahmKenchSR","map":"SR","mode":"CLASSIC","type":"riot","customTag":"","sortrank":0,"extensionPage":false,"useObviousCheckmark":false,"customPanel":null,"blocks":[{"type":"starting","recMath":false,"recSteps":false,"minSummonerLevel":-1,"maxSummonerLevel":-1,"showIfSummonerSpell":"","hideIfSummonerSpell":"SummonerSmite","appendAfterSection":"","visibleWithAllOf":[""],"hiddenWithAnyOf":[""],"items":[{"id":"3858","count":1,"hideCount":false},{"id":"2003","count":2,"hideCount":false},{"id":"3340","count":1,"hideCount":false}]},{"type":"startingjungle","recMath":false,"recSteps":false,"minSummonerLevel":-1,"maxSummonerLevel":-1,"showIfSummonerSpell":"SummonerSmite","hideIfSummonerSpell":"","appendAfterSection":"","visibleWithAllOf":[""],"hiddenWithAnyOf":[""],"items":[{"id":"1041","count":1,"hideCount":false},{"id":"2031","count":1,"hideCount":false},{"id":"3340","count":1,"hideCount":false}]},{"type":"early","recMath":false,"recSteps":false,"minSummonerLevel":-1,"maxSummonerLevel":-1,"showIfSummonerSpell":"","hideIfSummonerSpell":"SummonerSmite","appendAfterSection":"","visibleWithAllOf":[""],"hiddenWithAnyOf":[""],"items":[{"id":"1001","count":1,"hideCount":false},{"id":"3024","count":1,"hideCount":false},{"id":"3067","count":1,"hideCount":false}]},{"type":"essential","recMath":false,"recSteps":false,"minSummonerLevel":-1,"maxSummonerLevel":-1,"showIfSummonerSpell":"","hideIfSummonerSpell":"SummonerSmite","appendAfterSection":"","visibleWithAllOf":[""],"hiddenWithAnyOf":[""],"items":[{"id":"3009","count":1,"hideCount":false},{"id":"3190","count":1,"hideCount":false},{"id":"3109","count":1,"hideCount":false}]},{"type":"defensive","recMath":false,"recSteps":false,"minSummonerLevel":-1,"maxSummonerLevel":-1,"showIfSummonerSpell":"","hideIfSummonerSpell":"SummonerSmite","appendAfterSection":"","visibleWithAllOf":[""],"hiddenWithAnyOf":[""],"items":[{"id":"3742","count":1,"hideCount":false},{"id":"3065","count":1,"hideCount":false},{"id":"3193","count":1,"hideCount":false}]},{"type":"situational","recMath":false,"recSteps":false,"minSummonerLevel":-1,"maxSummonerLevel":-1,"showIfSummonerSpell":"","hideIfSummonerSpell":"SummonerTeleport","appendAfterSection":"","visibleWithAllOf":[""],"hiddenWithAnyOf":[""],"items":[{"id":"3800","count":1,"hideCount":false},{"id":"3001","count":1,"hideCount":false},{"id":"3075","count":1,"hideCount":false}]},{"type":"earlyjungle","recMath":false,"recSteps":false,"minSummonerLevel":-1,"maxSummonerLevel":-1,"showIfSummonerSpell":"SummonerSmite","hideIfSummonerSpell":"","appendAfterSection":"","visibleWithAllOf":[""],"hiddenWithAnyOf":[""],"items":[{"id":"3706","count":1,"hideCount":false},{"id":"3751","count":1,"hideCount":false},{"id":"1001","count":1,"hideCount":false}]},{"type":"essentialjungle","recMath":false,"recSteps":false,"minSummonerLevel":-1,"maxSummonerLevel":-1,"showIfSummonerSpell":"SummonerSmite","hideIfSummonerSpell":"","appendAfterSection":"","visibleWithAllOf":[""],"hiddenWithAnyOf":[""],"items":[{"id":"1401","count":1,"hideCount":false},{"id":"3047","count":1,"hideCount":false},{"id":"3742","count":1,"hideCount":false}]},{"type":"defensive","recMath":false,"recSteps":false,"minSummonerLevel":-1,"maxSummonerLevel":-1,"showIfSummonerSpell":"SummonerSnowURFSnowball_Mark","hideIfSummonerSpell":"","appendAfterSection":"","visibleWithAllOf":[""],"hiddenWithAnyOf":[""],"items":[{"id":"3065","count":1,"hideCount":false},{"id":"3143","count":1,"hideCount":false},{"id":"3110","count":1,"hideCount":false}]},{"type":"situational","recMath":false,"recSteps":false,"minSummonerLevel":-1,"maxSummonerLevel":-1,"showIfSummonerSpell":"SummonerSnowball","hideIfSummonerSpell":"","appendAfterSection":"","visibleWithAllOf":[""],"hiddenWithAnyOf":[""],"items":[{"id":"3800","count":1,"hideCount":false},{"id":"3001","count":1,"hideCount":false},{"id":"3194","count":1,"hideCount":false}]},{"type":"consumables","recMath":false,"recSteps":false,"minSummonerLevel":-1,"maxSummonerLevel":-1,"showIfSummonerSpell":"","hideIfSummonerSpell":"","appendAfterSection":"","visibleWithAllOf":[""],"hiddenWithAnyOf":[""],"items":[{"id":"2003","count":1,"hideCount":true},{"id":"2138","count":1,"hideCount":true}]}]}]}}}