{"type":"champion","format":"standAloneComplex","version":"10.15.1","data":{"Taliyah":{"id":"Taliyah","key":"163","name":"Taliyah","title":"the Stoneweaver","image":{"full":"Taliyah.png","sprite":"champion3.png","group":"champion","x":288,"y":96,"w":48,"h":48},"skins":[{"id":"163000","num":0,"name":"default","chromas":false},{"id":"163001","num":1,"name":"Freljord Taliyah","chromas":false},{"id":"163002","num":2,"name":"SSG Taliyah","chromas":false},{"id":"163003","num":3,"name":"Pool Party Taliyah","chromas":true}],"lore":"Taliyah is a nomadic mage from Shurima, torn between teenage wonder and adult responsibility. She has crossed nearly all of Valoran on a journey to learn the true nature of her growing powers, though more recently she has returned to protect her tribe. Some have mistaken her compassion for weakness and paid the ultimate price—for beneath Taliyah's youthful demeanor is a will strong enough to move mountains, and a spirit fierce enough to make the earth itself tremble.","blurb":"Taliyah is a nomadic mage from Shurima, torn between teenage wonder and adult responsibility. She has crossed nearly all of Valoran on a journey to learn the true nature of her growing powers, though more recently she has returned to protect her tribe...","allytips":["Try to throw enemies into Unraveled Earth using Seismic Shove.","Remember, you don't always have to ride Weaver's Wall.","Once you have Rylai's Crystal Scepter, casting Threaded Volley at enemies chasing you is a great way of making them regret everything."],"enemytips":["When Taliyah casts Unraveled Earth in the lane, be on the lookout for Seismic Shove. If she throws you into her minefield, the throws and stones will break your bones.","Taliyah's Threaded Volley is locked into a direction. If she's throwing rocks at you, dodge to the side!"],"tags":["Mage","Support"],"partype":"Mana","info":{"attack":1,"defense":7,"magic":8,"difficulty":5},"stats":{"hp":532,"hpperlevel":90,"mp":425,"mpperlevel":30,"movespeed":335,"armor":20,"armorperlevel":3.5,"spellblock":30,"spellblockperlevel":0.5,"attackrange":525,"hpregen":7,"hpregenperlevel":0.7,"mpregen":9.335,"mpregenperlevel":0.85,"crit":0,"critperlevel":0,"attackdamage":58,"attackdamageperlevel":3.3,"attackspeedperlevel":1.36,"attackspeed":0.625},"spells":[{"id":"TaliyahQ","name":"Threaded Volley","description":"Taliyah throws a volley of missiles in a target direction, moving freely as she does. This works the ground below her. If Taliyah casts Threaded Volley on worked ground, she only throws one missile.","tooltip":"Hurls 5 rocks in a direction, each dealing {{ e1 }} <scaleAP>(+{{ a1 }})</scaleAP> magic damage. Subsequent hits on the same enemy deal {{ e2 }}% reduced damage. Creates <span class=\"colora56705\">Worked Ground</span> for {{ e6 }} seconds.<br /><br />Casting Threaded Volley on <span class=\"colora56705\">Worked Ground</span> only hurls one rock but its cost is reduced to {{ e7 }} mana.","leveltip":{"label":["Damage","Cooldown","@AbilityResourceName@ Cost"],"effect":["{{ e1 }} -> {{ e1NL }}","{{ cooldown }} -> {{ cooldownNL }}","{{ cost }} -> {{ costNL }}"]},"maxrank":5,"cooldown":[7,6,5,4,3],"cooldownBurn":"7/6/5/4/3","cost":[50,60,70,80,90],"costBurn":"50/60/70/80/90","datavalues":{},"effect":[null,[70,95,120,145,170],[50,50,50,50,50],[0,0,0,0,0],[0,0,0,0,0],[160,160,160,160,160],[45,45,45,45,45],[1,1,1,1,1],[450,450,450,450,450],[0,0,0,0,0],[0,0,0,0,0]],"effectBurn":[null,"70/95/120/145/170","50","0","0","160","45","1","450","0","0"],"vars":[{"link":"spelldamage","coeff":0.45,"key":"a1"}],"costType":" {{ abilityresourcename }}","maxammo":"-1","range":[1000,1000,1000,1000,1000],"rangeBurn":"1000","image":{"full":"TaliyahQ.png","sprite":"spell11.png","group":"spell","x":384,"y":144,"w":48,"h":48},"resource":"{{ cost }} {{ abilityresourcename }}"},{"id":"TaliyahWVC","name":"Seismic Shove","description":"Taliyah causes an area of ground to erupt and throws enemies within in a direction of her choosing.","tooltip":"Taliyah targets an area. After a short delay, enemies caught within the area will be <scaleLevel>pushed</scaleLevel> and dealt {{ e1 }} <scaleAP>(+{{ a1 }})</scaleAP> magic damage.<br /><br />You can control the direction enemies will be <scaleLevel>pushed</scaleLevel> by clicking and dragging your mouse in a line.","leveltip":{"label":["Damage","Cooldown","@AbilityResourceName@ Cost"],"effect":["{{ e1 }} -> {{ e1NL }}","{{ cooldown }} -> {{ cooldownNL }}","{{ cost }} -> {{ costNL }}"]},"maxrank":5,"cooldown":[16,15,14,13,12],"cooldownBurn":"16/15/14/13/12","cost":[70,80,90,100,110],"costBurn":"70/80/90/100/110","datavalues":{},"effect":[null,[60,80,100,120,140],[0.55,0.55,0.55,0.55,0.55],[400,400,400,400,400],[0,0,0,0,0],[0,0,0,0,0],[0,0,0,0,0],[0,0,0,0,0],[0,0,0,0,0],[0,0,0,0,0],[0,0,0,0,0]],"effectBurn":[null,"60/80/100/120/140","0.55","400","0","0","0","0","0","0","0"],"vars":[{"link":"spelldamage","coeff":0.4,"key":"a1"}],"costType":" {{ abilityresourcename }}","maxammo":"-1","range":[900,900,900,900,900],"rangeBurn":"900","image":{"full":"TaliyahWVC.png","sprite":"spell11.png","group":"spell","x":432,"y":144,"w":48,"h":48},"resource":"{{ cost }} {{ abilityresourcename }}"},{"id":"TaliyahE","name":"Unraveled Earth","description":"Taliyah creates a slowing minefield that explodes if enemies dash through it or are pushed/pulled through it.","tooltip":"Places a field of dash-sensitive traps that deal {{ e1 }} <scaleAP>(+{{ a1 }})</scaleAP> magic damage and slow enemies in the area by <scaleAP>{{ f2 }}%</scaleAP>. After {{ e3 }} seconds, the traps explode, dealing damage again.<br /><br />Enemies <scaleLevel>dashing</scaleLevel>, being <scaleLevel>pushed</scaleLevel>, or being <scaleLevel>pulled</scaleLevel> through Unraveled Earth will trigger traps, taking {{ f3 }} <scaleAP>(+{{ f1 }})</scaleAP> magic damage from each trap (maximum 4, each hit after the first deals {{ f4 }}% less damage).","leveltip":{"label":["Damage","Cooldown","@AbilityResourceName@ Cost"],"effect":["{{ e1 }} -> {{ e1NL }}","{{ cooldown }} -> {{ cooldownNL }}","{{ cost }} -> {{ costNL }}"]},"maxrank":5,"cooldown":[16,14,12,10,8],"cooldownBurn":"16/14/12/10/8","cost":[90,95,100,105,110],"costBurn":"90/95/100/105/110","datavalues":{},"effect":[null,[50,75,100,125,150],[-0.2,-0.2,-0.2,-0.2,-0.2],[4,4,4,4,4],[85,85,85,85,85],[50,60,70,80,90],[4,4,4,4,4],[0.15,0.15,0.15,0.15,0.15],[0.3,0.3,0.3,0.3,0.3],[0,0,0,0,0],[0,0,0,0,0]],"effectBurn":[null,"50/75/100/125/150","-0.2","4","85","50/60/70/80/90","4","0.15","0.3","0","0"],"vars":[{"link":"spelldamage","coeff":0.4,"key":"a1"}],"costType":" {{ abilityresourcename }}","maxammo":"-1","range":[800,800,800,800,800],"rangeBurn":"800","image":{"full":"TaliyahE.png","sprite":"spell12.png","group":"spell","x":0,"y":0,"w":48,"h":48},"resource":"{{ cost }} {{ abilityresourcename }}"},{"id":"TaliyahR","name":"Weaver's Wall","description":"Taliyah creates a very long wall and then surfs it.","tooltip":"Cast once to create a wall. Recast immediately to ride ahead of the wall. Moving or receiving damage will cause Taliyah to stop.<br /><br />Weaver's Wall lasts for {{ e1 }} seconds. Deactivate this spell to break the wall early.","leveltip":{"label":["Wall length","Cooldown"],"effect":["{{ e2 }} -> {{ e2NL }}","{{ cooldown }} -> {{ cooldownNL }}"]},"maxrank":3,"cooldown":[180,150,120],"cooldownBurn":"180/150/120","cost":[100,100,100],"costBurn":"100","datavalues":{},"effect":[null,[5,5,5],[3000,4500,6000],[0.1,0.1,0.1],[2500,2500,2500],[0,0,0],[0,0,0],[0,0,0],[0,0,0],[0,0,0],[0,0,0]],"effectBurn":[null,"5","3000/4500/6000","0.1","2500","0","0","0","0","0","0"],"vars":[],"costType":" {{ abilityresourcename }}","maxammo":"-1","range":[3000,4500,6000],"rangeBurn":"3000/4500/6000","image":{"full":"TaliyahR.png","sprite":"spell12.png","group":"spell","x":48,"y":0,"w":48,"h":48},"resource":"{{ cost }} {{ abilityresourcename }}"}],"passive":{"name":"Rock Surfing","description":"Taliyah gains movement speed near walls.","image":{"full":"Taliyah_Passive.png","sprite":"passive3.png","group":"passive","x":288,"y":96,"w":48,"h":48}},"recommended":[{"champion":"Taliyah","title":"Beginner","map":"SR","mode":"INTRO","type":"riot","customTag":"","sortrank":0,"extensionPage":false,"customPanel":null,"blocks":[{"type":"beginner_starter","recMath":false,"recSteps":false,"minSummonerLevel":-1,"maxSummonerLevel":-1,"showIfSummonerSpell":"","hideIfSummonerSpell":"","appendAfterSection":"","items":[{"id":"1056","count":1,"hideCount":false},{"id":"2003","count":1,"hideCount":false}]},{"type":"beginner_advanced","recMath":true,"recSteps":false,"minSummonerLevel":-1,"maxSummonerLevel":-1,"showIfSummonerSpell":"","hideIfSummonerSpell":"","appendAfterSection":"","items":[{"id":"1028","count":1,"hideCount":false},{"id":"1027","count":1,"hideCount":false},{"id":"3010","count":1,"hideCount":false}]},{"type":"beginner_movementspeed","recMath":true,"recSteps":false,"minSummonerLevel":-1,"maxSummonerLevel":-1,"showIfSummonerSpell":"","hideIfSummonerSpell":"","appendAfterSection":"","items":[{"id":"1001","count":1,"hideCount":false},{"id":"3020","count":1,"hideCount":false}]},{"type":"beginner_legendaryitem","recMath":true,"recSteps":false,"minSummonerLevel":-1,"maxSummonerLevel":-1,"showIfSummonerSpell":"","hideIfSummonerSpell":"","appendAfterSection":"","items":[{"id":"3010","count":1,"hideCount":false},{"id":"1026","count":1,"hideCount":false},{"id":"3027","count":1,"hideCount":false}]},{"type":"beginner_morelegendaryitems","recMath":false,"recSteps":false,"minSummonerLevel":-1,"maxSummonerLevel":-1,"showIfSummonerSpell":"","hideIfSummonerSpell":"","appendAfterSection":"","items":[{"id":"3151","count":1,"hideCount":false},{"id":"3174","count":1,"hideCount":false},{"id":"3116","count":1,"hideCount":false},{"id":"3089","count":1,"hideCount":false}]}]},{"champion":"Taliyah","title":"TaliyahARAM","map":"HA","mode":"ARAM","type":"riot","customTag":"","sortrank":0,"extensionPage":false,"customPanel":null,"blocks":[{"type":"starting","recMath":false,"recSteps":false,"minSummonerLevel":-1,"maxSummonerLevel":-1,"showIfSummonerSpell":"","hideIfSummonerSpell":"","appendAfterSection":"","visibleWithAllOf":[""],"hiddenWithAnyOf":[""],"items":[{"id":"3073","count":1,"hideCount":false},{"id":"1001","count":1,"hideCount":false},{"id":"2003","count":5,"hideCount":false}]},{"type":"essential","recMath":false,"recSteps":false,"minSummonerLevel":-1,"maxSummonerLevel":-1,"showIfSummonerSpell":"","hideIfSummonerSpell":"","appendAfterSection":"","visibleWithAllOf":[""],"hiddenWithAnyOf":[""],"items":[{"id":"3007","count":1,"hideCount":false},{"id":"3020","count":1,"hideCount":false},{"id":"3029","count":1,"hideCount":false}]},{"type":"offensive","recMath":false,"recSteps":false,"minSummonerLevel":-1,"maxSummonerLevel":-1,"showIfSummonerSpell":"","hideIfSummonerSpell":"","appendAfterSection":"","visibleWithAllOf":[""],"hiddenWithAnyOf":[""],"items":[{"id":"3089","count":1,"hideCount":false},{"id":"3165","count":1,"hideCount":false},{"id":"3135","count":1,"hideCount":false}]},{"type":"defensive","recMath":false,"recSteps":false,"minSummonerLevel":-1,"maxSummonerLevel":-1,"showIfSummonerSpell":"","hideIfSummonerSpell":"","appendAfterSection":"","visibleWithAllOf":[""],"hiddenWithAnyOf":[""],"items":[{"id":"3151","count":1,"hideCount":false},{"id":"3116","count":1,"hideCount":false},{"id":"3102","count":1,"hideCount":false}]},{"type":"consumables","recMath":false,"recSteps":false,"minSummonerLevel":-1,"maxSummonerLevel":-1,"showIfSummonerSpell":"","hideIfSummonerSpell":"","appendAfterSection":"","visibleWithAllOf":[""],"hiddenWithAnyOf":[""],"items":[{"id":"2003","count":1,"hideCount":true},{"id":"2139","count":1,"hideCount":true},{"id":"2033","count":1,"hideCount":false}]}]},{"champion":"Taliyah","title":"TaliyahFIRSTBLOOD","map":"HA","mode":"FIRSTBLOOD","type":"riot","customTag":"","extensionPage":false,"customPanel":null,"blocks":[{"type":"starting","recMath":false,"recSteps":false,"minSummonerLevel":-1,"maxSummonerLevel":-1,"showIfSummonerSpell":"","hideIfSummonerSpell":"","items":[{"id":"2003","count":1,"hideCount":false},{"id":"3303","count":1,"hideCount":false}]},{"type":"essential","recMath":false,"recSteps":false,"minSummonerLevel":-1,"maxSummonerLevel":-1,"showIfSummonerSpell":"","hideIfSummonerSpell":"","items":[{"id":"2049","count":1,"hideCount":false},{"id":"3020","count":1,"hideCount":false},{"id":"3098","count":1,"hideCount":false}]},{"type":"offensive","recMath":false,"recSteps":false,"minSummonerLevel":-1,"maxSummonerLevel":-1,"showIfSummonerSpell":"","hideIfSummonerSpell":"","items":[{"id":"3174","count":1,"hideCount":false},{"id":"3165","count":1,"hideCount":false},{"id":"3151","count":1,"hideCount":false}]},{"type":"defensive","recMath":false,"recSteps":false,"minSummonerLevel":-1,"maxSummonerLevel":-1,"showIfSummonerSpell":"","hideIfSummonerSpell":"","items":[{"id":"3105","count":1,"hideCount":false},{"id":"3069","count":1,"hideCount":false},{"id":"3110","count":1,"hideCount":false}]},{"type":"consumables","recMath":false,"recSteps":false,"minSummonerLevel":-1,"maxSummonerLevel":-1,"showIfSummonerSpell":"","hideIfSummonerSpell":"","items":[{"id":"2003","count":1,"hideCount":false},{"id":"2043","count":1,"hideCount":false}]}]},{"champion":"Taliyah","title":"TaliyahARAM","map":"HA","mode":"KINGPORO","type":"riot","customTag":"","sortrank":0,"extensionPage":false,"customPanel":null,"blocks":[{"type":"KingPoroSnax","recMath":false,"recSteps":false,"minSummonerLevel":-1,"maxSummonerLevel":-1,"showIfSummonerSpell":"","hideIfSummonerSpell":"","items":[{"id":"3680","count":1,"hideCount":false},{"id":"3681","count":1,"hideCount":false},{"id":"3682","count":1,"hideCount":false},{"id":"3683","count":1,"hideCount":false},{"id":"3684","count":1,"hideCount":false},{"id":"3685","count":1,"hideCount":false}]},{"type":"starting","recMath":false,"recSteps":false,"minSummonerLevel":-1,"maxSummonerLevel":-1,"showIfSummonerSpell":"","hideIfSummonerSpell":"","appendAfterSection":"","visibleWithAllOf":[""],"hiddenWithAnyOf":[""],"items":[{"id":"3073","count":1,"hideCount":false},{"id":"1001","count":1,"hideCount":false},{"id":"2003","count":5,"hideCount":false}]},{"type":"essential","recMath":false,"recSteps":false,"minSummonerLevel":-1,"maxSummonerLevel":-1,"showIfSummonerSpell":"","hideIfSummonerSpell":"","appendAfterSection":"","visibleWithAllOf":[""],"hiddenWithAnyOf":[""],"items":[{"id":"3007","count":1,"hideCount":false},{"id":"3020","count":1,"hideCount":false},{"id":"3029","count":1,"hideCount":false}]},{"type":"offensive","recMath":false,"recSteps":false,"minSummonerLevel":-1,"maxSummonerLevel":-1,"showIfSummonerSpell":"","hideIfSummonerSpell":"","appendAfterSection":"","visibleWithAllOf":[""],"hiddenWithAnyOf":[""],"items":[{"id":"3089","count":1,"hideCount":false},{"id":"3165","count":1,"hideCount":false},{"id":"3135","count":1,"hideCount":false}]},{"type":"defensive","recMath":false,"recSteps":false,"minSummonerLevel":-1,"maxSummonerLevel":-1,"showIfSummonerSpell":"","hideIfSummonerSpell":"","appendAfterSection":"","visibleWithAllOf":[""],"hiddenWithAnyOf":[""],"items":[{"id":"3151","count":1,"hideCount":false},{"id":"3116","count":1,"hideCount":false},{"id":"3102","count":1,"hideCount":false}]},{"type":"consumables","recMath":false,"recSteps":false,"minSummonerLevel":-1,"maxSummonerLevel":-1,"showIfSummonerSpell":"","hideIfSummonerSpell":"","appendAfterSection":"","visibleWithAllOf":[""],"hiddenWithAnyOf":[""],"items":[{"id":"2003","count":1,"hideCount":true},{"id":"2139","count":1,"hideCount":true},{"id":"2033","count":1,"hideCount":false}]}]},{"champion":"Taliyah","title":"TaliyahSL","map":"NB","mode":"NEXUSBLITZ","type":"riot","customTag":"","sortrank":0,"extensionPage":false,"useObviousCheckmark":false,"customPanel":null,"blocks":[{"type":"starting","recMath":false,"recSteps":false,"minSummonerLevel":-1,"maxSummonerLevel":-1,"showIfSummonerSpell":"","hideIfSummonerSpell":"SummonerSmite","appendAfterSection":"","visibleWithAllOf":[""],"hiddenWithAnyOf":[""],"items":[{"id":"4203","count":1,"hideCount":false},{"id":"2003","count":2,"hideCount":false},{"id":"3340","count":1,"hideCount":false}]},{"type":"early","recMath":false,"recSteps":false,"minSummonerLevel":-1,"maxSummonerLevel":-1,"showIfSummonerSpell":"","hideIfSummonerSpell":"SummonerSmite","appendAfterSection":"","visibleWithAllOf":[""],"hiddenWithAnyOf":[""],"items":[{"id":"3802","count":1,"hideCount":false},{"id":"1001","count":1,"hideCount":false}]},{"type":"startingjungle","recMath":false,"recSteps":false,"minSummonerLevel":-1,"maxSummonerLevel":-1,"showIfSummonerSpell":"SummonerSmite","hideIfSummonerSpell":"","appendAfterSection":"","visibleWithAllOf":[""],"hiddenWithAnyOf":[""],"items":[{"id":"4101","count":1,"hideCount":false},{"id":"2003","count":1,"hideCount":false},{"id":"3340","count":1,"hideCount":false}]},{"type":"earlyjungle","recMath":false,"recSteps":false,"minSummonerLevel":-1,"maxSummonerLevel":-1,"showIfSummonerSpell":"SummonerSmite","hideIfSummonerSpell":"","appendAfterSection":"","visibleWithAllOf":[""],"hiddenWithAnyOf":[""],"items":[{"id":"1001","count":1,"hideCount":false},{"id":"3108","count":1,"hideCount":false}]},{"type":"essential","recMath":false,"recSteps":false,"minSummonerLevel":-1,"maxSummonerLevel":-1,"showIfSummonerSpell":"","hideIfSummonerSpell":"SummonerSmite","appendAfterSection":"","visibleWithAllOf":[""],"hiddenWithAnyOf":[""],"items":[{"id":"3020","count":1,"hideCount":false},{"id":"3285","count":1,"hideCount":false},{"id":"3116","count":1,"hideCount":false}]},{"type":"essentialjungle","recMath":false,"recSteps":false,"minSummonerLevel":-1,"maxSummonerLevel":-1,"showIfSummonerSpell":"SummonerSmite","hideIfSummonerSpell":"","appendAfterSection":"","visibleWithAllOf":[""],"hiddenWithAnyOf":[""],"items":[{"id":"3020","count":1,"hideCount":false},{"id":"3116","count":1,"hideCount":false},{"id":"4104","count":1,"hideCount":false}]},{"type":"offensive","recMath":false,"recSteps":false,"minSummonerLevel":-1,"maxSummonerLevel":-1,"showIfSummonerSpell":"","hideIfSummonerSpell":"","appendAfterSection":"","visibleWithAllOf":[""],"hiddenWithAnyOf":[""],"items":[{"id":"3135","count":1,"hideCount":false},{"id":"3151","count":1,"hideCount":false},{"id":"3165","count":1,"hideCount":false}]},{"type":"defensive","recMath":false,"recSteps":false,"minSummonerLevel":-1,"maxSummonerLevel":-1,"showIfSummonerSpell":"ItemSmiteAoE","hideIfSummonerSpell":"","appendAfterSection":"","visibleWithAllOf":[""],"hiddenWithAnyOf":[""],"items":[{"id":"3029","count":1,"hideCount":false},{"id":"3157","count":1,"hideCount":false},{"id":"3102","count":1,"hideCount":false}]},{"type":"consumables","recMath":false,"recSteps":false,"minSummonerLevel":-1,"maxSummonerLevel":-1,"showIfSummonerSpell":"","hideIfSummonerSpell":"ItemTeleportCancel","appendAfterSection":"","visibleWithAllOf":[""],"hiddenWithAnyOf":[""],"items":[{"id":"2003","count":1,"hideCount":true},{"id":"2139","count":1,"hideCount":true}]}]},{"champion":"Taliyah","title":"TaliyahSR","map":"SR","mode":"CLASSIC","type":"riot","customTag":"","sortrank":0,"extensionPage":false,"useObviousCheckmark":false,"customPanel":null,"blocks":[{"type":"starting","recMath":false,"recSteps":false,"minSummonerLevel":-1,"maxSummonerLevel":-1,"showIfSummonerSpell":"","hideIfSummonerSpell":"SummonerSmite","appendAfterSection":"","visibleWithAllOf":[""],"hiddenWithAnyOf":[""],"items":[{"id":"1056","count":1,"hideCount":false},{"id":"2003","count":2,"hideCount":false},{"id":"3340","count":1,"hideCount":false}]},{"type":"startingjungle","recMath":false,"recSteps":false,"minSummonerLevel":-1,"maxSummonerLevel":-1,"showIfSummonerSpell":"SummonerSmite","hideIfSummonerSpell":"","appendAfterSection":"","visibleWithAllOf":[""],"hiddenWithAnyOf":[""],"items":[{"id":"1039","count":1,"hideCount":false},{"id":"2031","count":1,"hideCount":false},{"id":"3340","count":1,"hideCount":false}]},{"type":"essential","recMath":false,"recSteps":false,"minSummonerLevel":-1,"maxSummonerLevel":-1,"showIfSummonerSpell":"","hideIfSummonerSpell":"SummonerSmite","appendAfterSection":"","visibleWithAllOf":[""],"hiddenWithAnyOf":[""],"items":[{"id":"3020","count":1,"hideCount":false},{"id":"3285","count":1,"hideCount":false},{"id":"3116","count":1,"hideCount":false}]},{"type":"essential","recMath":false,"recSteps":false,"minSummonerLevel":-1,"maxSummonerLevel":-1,"showIfSummonerSpell":"SummonerSmite","hideIfSummonerSpell":"","appendAfterSection":"","visibleWithAllOf":[""],"hiddenWithAnyOf":[""],"items":[{"id":"3020","count":1,"hideCount":false},{"id":"1402","count":1,"hideCount":false},{"id":"3165","count":1,"hideCount":false}]},{"type":"offensive","recMath":false,"recSteps":false,"minSummonerLevel":-1,"maxSummonerLevel":-1,"showIfSummonerSpell":"","hideIfSummonerSpell":"SummonerSmite","appendAfterSection":"","visibleWithAllOf":[""],"hiddenWithAnyOf":[""],"items":[{"id":"3135","count":1,"hideCount":false},{"id":"3151","count":1,"hideCount":false},{"id":"3165","count":1,"hideCount":false}]},{"type":"offensive","recMath":false,"recSteps":false,"minSummonerLevel":-1,"maxSummonerLevel":-1,"showIfSummonerSpell":"SummonerSmite","hideIfSummonerSpell":"","appendAfterSection":"","visibleWithAllOf":[""],"hiddenWithAnyOf":[""],"items":[{"id":"3151","count":1,"hideCount":false},{"id":"3116","count":1,"hideCount":false},{"id":"3135","count":1,"hideCount":false}]},{"type":"defensive","recMath":false,"recSteps":false,"minSummonerLevel":-1,"maxSummonerLevel":-1,"showIfSummonerSpell":"","hideIfSummonerSpell":"","appendAfterSection":"","visibleWithAllOf":[""],"hiddenWithAnyOf":[""],"items":[{"id":"3027","count":1,"hideCount":false},{"id":"3029","count":1,"hideCount":false},{"id":"3157","count":1,"hideCount":false},{"id":"3102","count":1,"hideCount":false}]},{"type":"consumables","recMath":false,"recSteps":false,"minSummonerLevel":-1,"maxSummonerLevel":-1,"showIfSummonerSpell":"","hideIfSummonerSpell":"","appendAfterSection":"","visibleWithAllOf":[""],"hiddenWithAnyOf":[""],"items":[{"id":"2003","count":1,"hideCount":true},{"id":"2139","count":1,"hideCount":true}]}]}]}}}