{"type":"champion","format":"standAloneComplex","version":"10.15.1","data":{"Talon":{"id":"Talon","key":"91","name":"Talon","title":"the Blade's Shadow","image":{"full":"Talon.png","sprite":"champion3.png","group":"champion","x":336,"y":96,"w":48,"h":48},"skins":[{"id":"91000","num":0,"name":"default","chromas":false},{"id":"91001","num":1,"name":"Renegade Talon","chromas":false},{"id":"91002","num":2,"name":"Crimson Elite Talon","chromas":false},{"id":"91003","num":3,"name":"Dragonblade Talon","chromas":true},{"id":"91004","num":4,"name":"SSW Talon","chromas":false},{"id":"91005","num":5,"name":"Blood Moon Talon","chromas":false},{"id":"91012","num":12,"name":"Enduring Sword Talon","chromas":true},{"id":"91020","num":20,"name":"Talon Blackwood","chromas":true}],"lore":"Talon is the knife in the darkness, a merciless killer able to strike without warning and escape before any alarm is raised. He carved out a dangerous reputation on the brutal streets of Noxus, where he was forced to fight, kill, and steal to survive. Adopted by the notorious Du Couteau family, he now plies his deadly trade at the empire's command, assassinating enemy leaders, captains, and heroes… as well as any Noxian foolish enough to earn the scorn of their masters.","blurb":"Talon is the knife in the darkness, a merciless killer able to strike without warning and escape before any alarm is raised. He carved out a dangerous reputation on the brutal streets of Noxus, where he was forced to fight, kill, and steal to survive...","allytips":["You can use Assassin's Path to get behind the enemy and set up for Noxian Diplomacy's melee attack.","Shadow Assault is a powerful escape tool, but can also be offensively used to assault a group.","Remember to pick your target before the fight. Focusing all of Talon's abilities on one target can be very rewarding, but splitting them up between many may leave you helpless."],"enemytips":["Talon's attacks are all physical damage. Build armor early to counter his burst damage.","Talon is heavily reliant on Shadow Assault to escape a fight. When it is down he's significantly more vulnerable.","Talon has unrivaled roaming ability. Make sure to keep track of his position or force him to stay in lane by pushing aggressively."],"tags":["Assassin"],"partype":"Mana","info":{"attack":9,"defense":3,"magic":1,"difficulty":7},"stats":{"hp":588,"hpperlevel":95,"mp":377.2,"mpperlevel":37,"movespeed":335,"armor":30,"armorperlevel":3.5,"spellblock":39,"spellblockperlevel":1.25,"attackrange":125,"hpregen":8.5,"hpregenperlevel":0.75,"mpregen":7.6,"mpregenperlevel":0.8,"crit":0,"critperlevel":0,"attackdamage":68,"attackdamageperlevel":3.1,"attackspeedperlevel":2.9,"attackspeed":0.625},"spells":[{"id":"TalonQ","name":"Noxian Diplomacy","description":"Talon stabs the target unit. If they are within melee range, this attack deals critical damage. If they are outside melee range, Talon will leap at his target before stabbing them. Talon refunds some health and cooldown if this ability kills the target.","tooltip":"Talon leaps to target and deals {{ e1 }} <scaleAD>(+{{ a1 }})</scaleAD> physical damage. If cast from melee range, Talon does not leap but instead critically strikes, dealing {{ f2 }}% damage <scaleAD>({{ f3 }})</scaleAD>.<br /><br />When Noxian Diplomacy kills a unit, Talon regains <scaleLevel>{{ f4 }}</scaleLevel> health and refunds {{ e5 }}% of its cooldown.","leveltip":{"label":["Damage","Cooldown"],"effect":["{{ e1 }} -> {{ e1NL }}","{{ e6 }} -> {{ e6NL }}"]},"maxrank":5,"cooldown":[0,0,0,0,0],"cooldownBurn":"0","cost":[40,40,40,40,40],"costBurn":"40","datavalues":{},"effect":[null,[65,90,115,140,165],[50,50,50,50,50],[17,17,17,17,17],[3,3,3,3,3],[50,50,50,50,50],[8,7.5,7,6.5,6],[0.8,0.8,0.8,0.8,0.8],[1.5,1.5,1.5,1.5,1.5],[0,0,0,0,0],[0,0,0,0,0]],"effectBurn":[null,"65/90/115/140/165","50","17","3","50","8/7.5/7/6.5/6","0.8","1.5","0","0"],"vars":[{"link":"bonusattackdamage","coeff":1.1,"key":"a1"}],"costType":" {{ abilityresourcename }}","maxammo":"-1","range":[575,575,575,575,575],"rangeBurn":"575","image":{"full":"TalonQ.png","sprite":"spell12.png","group":"spell","x":96,"y":0,"w":48,"h":48},"resource":"{{ cost }} {{ abilityresourcename }}"},{"id":"TalonW","name":"Rake","description":"Talon sends out a volley of daggers that then return back to him, dealing physical damage every time it passes through an enemy. The returning blades deal bonus damage and slow units hit.","tooltip":"Talon tosses a volley of blades, dealing <physicalDamage>{{ totalinitialdamage }} physical damage</physicalDamage> to units hit and returning to him after a delay.<br /><br />On their way back to Talon, the blades deal <physicalDamage>{{ totalreturndamage }} additional physical damage</physicalDamage> and slow the enemy by {{ movespeedslow*100 }}% for {{ slowduration }} second.","leveltip":{"label":["Initial Damage","Return Damage","Slow","@AbilityResourceName@ Cost"],"effect":["{{ initialbasedamage }} -> {{ initialbasedamageNL }}","{{ returnbasedamage }} -> {{ returnbasedamageNL }}","{{ movespeedslow*100.000000 }}% -> {{ movespeedslownl*100.000000 }}%","{{ cost }} -> {{ costNL }}"]},"maxrank":5,"cooldown":[9,9,9,9,9],"cooldownBurn":"9","cost":[55,60,65,70,75],"costBurn":"55/60/65/70/75","datavalues":{},"effect":[null,[0,0,0,0,0],[0,0,0,0,0],[0,0,0,0,0],[0,0,0,0,0],[0,0,0,0,0],[0,0,0,0,0],[0,0,0,0,0],[0,0,0,0,0],[0,0,0,0,0],[0,0,0,0,0]],"effectBurn":[null,"0","0","0","0","0","0","0","0","0","0"],"vars":[],"costType":" {{ abilityresourcename }}","maxammo":"-1","range":[650,650,650,650,650],"rangeBurn":"650","image":{"full":"TalonW.png","sprite":"spell12.png","group":"spell","x":144,"y":0,"w":48,"h":48},"resource":"{{ cost }} {{ abilityresourcename }}"},{"id":"TalonE","name":"Assassin's Path","description":"Talon vaults over any terrain or structure, up to a max distance. This ability has a low cooldown, but puts the used terrain on a long cooldown.","tooltip":"Talon vaults up to {{ f2 }} units over the nearest structure or terrain in the target direction. The vault's speed is affected by Talon's movement speed.<br /><br />Talon cannot dash over the same section of terrain more than once every <scaleLevel>{{ f3 }}</scaleLevel> seconds.","leveltip":{"label":["Terrain Cooldown"],"effect":["{{ e6 }} -> {{ e6NL }}"]},"maxrank":5,"cooldown":[0,0,0,0,0],"cooldownBurn":"0","cost":[0,0,0,0,0],"costBurn":"0","datavalues":{},"effect":[null,[0,0,0,0,0],[0,0,0,0,0],[625,625,625,625,625],[1250,1250,1250,1250,1250],[2,2,2,2,2],[160,135,110,85,60],[0,0,0,0,0],[0,0,0,0,0],[0,0,0,0,0],[0,0,0,0,0]],"effectBurn":[null,"0","0","625","1250","2","160/135/110/85/60","0","0","0","0"],"vars":[],"costType":"No Cost","maxammo":"-1","range":[725,725,725,725,725],"rangeBurn":"725","image":{"full":"TalonE.png","sprite":"spell12.png","group":"spell","x":192,"y":0,"w":48,"h":48},"resource":"No Cost"},{"id":"TalonR","name":"Shadow Assault","description":"Talon disperses a ring of blades and becomes Invisible while gaining additional Movement Speed. When Talon emerges from Invisibility, the blades converge on his location. Each time the blades move, Shadow Assault deals physical damage to enemies hit by at least one blade.","tooltip":"Talon disperses a ring of blades that deal <physicalDamage>{{ damage }} physical damage</physicalDamage> to all units they hit, gains {{ movespeed*100 }}% increased movement speed, and becomes <span class=\"color91d7ee\">Invisible</span> for up to {{ duration }} seconds. When the <span class=\"color91d7ee\">Invisibility</span> ends, the blades converge, dealing the same damage again to enemies they pass through.<br /><br />If Talon cancels <span class=\"color91d7ee\">Invisibility</span> with an attack or Noxian Diplomacy, the blades converge on his target's location instead.<br /><br /><u><span class=\"size16 color91d7ee\">Stealth - Invisible</span></u><span class=\"size16 colorb3b3b3\">: Talon can only be revealed by nearby enemy Turrets or <span class=\"size16 coloree91d7\">True Sight</span>.</span>","leveltip":{"label":["Damage","Movement Speed","Cooldown"],"effect":["{{ basedamage }} -> {{ basedamageNL }}","{{ movespeed*100.000000 }}% -> {{ movespeednl*100.000000 }}%","{{ cooldown }} -> {{ cooldownNL }}"]},"maxrank":3,"cooldown":[100,80,60],"cooldownBurn":"100/80/60","cost":[100,100,100],"costBurn":"100","datavalues":{},"effect":[null,[0,0,0],[0,0,0],[0,0,0],[0,0,0],[0,0,0],[0,0,0],[0,0,0],[0,0,0],[0,0,0],[0,0,0]],"effectBurn":[null,"0","0","0","0","0","0","0","0","0","0"],"vars":[],"costType":" {{ abilityresourcename }}","maxammo":"-1","range":[550,550,550],"rangeBurn":"550","image":{"full":"TalonR.png","sprite":"spell12.png","group":"spell","x":240,"y":0,"w":48,"h":48},"resource":"{{ cost }} {{ abilityresourcename }}"}],"passive":{"name":"Blade's End","description":"Talon's spells Wound champions and large monsters, stacking up to 3 times. When Talon attacks a champion with 3 stacks of Wound, they bleed for heavy damage over time.","image":{"full":"TalonP.png","sprite":"passive3.png","group":"passive","x":336,"y":96,"w":48,"h":48}},"recommended":[{"champion":"Talon","title":"Beginner","map":"SR","mode":"INTRO","type":"riot","customTag":"","extensionPage":false,"customPanel":null,"blocks":[{"type":"beginner_starter","recMath":false,"recSteps":false,"minSummonerLevel":-1,"maxSummonerLevel":4,"showIfSummonerSpell":"","hideIfSummonerSpell":"","items":[{"id":"1055","count":1,"hideCount":false},{"id":"2003","count":1,"hideCount":false}]},{"type":"beginner_starter","recMath":false,"recSteps":false,"minSummonerLevel":5,"maxSummonerLevel":-1,"showIfSummonerSpell":"","hideIfSummonerSpell":"","items":[{"id":"1055","count":1,"hideCount":false},{"id":"2003","count":1,"hideCount":false}]},{"type":"beginner_advanced","recMath":true,"recSteps":false,"minSummonerLevel":-1,"maxSummonerLevel":-1,"showIfSummonerSpell":"","hideIfSummonerSpell":"","items":[{"id":"1036","count":1,"hideCount":false},{"id":"3133","count":1,"hideCount":false},{"id":"3071","count":1,"hideCount":false}]},{"type":"beginner_movementspeed","recMath":true,"recSteps":false,"minSummonerLevel":-1,"maxSummonerLevel":-1,"showIfSummonerSpell":"","hideIfSummonerSpell":"","items":[{"id":"1001","count":1,"hideCount":false},{"id":"3117","count":1,"hideCount":false}]},{"type":"beginner_legendaryitem","recMath":true,"recSteps":false,"minSummonerLevel":-1,"maxSummonerLevel":-1,"showIfSummonerSpell":"","hideIfSummonerSpell":"","items":[{"id":"3156","count":1,"hideCount":false},{"id":"3036","count":1,"hideCount":false}]},{"type":"beginner_morelegendaryitems","recMath":false,"recSteps":false,"minSummonerLevel":-1,"maxSummonerLevel":-1,"showIfSummonerSpell":"","hideIfSummonerSpell":"","items":[{"id":"3072","count":1,"hideCount":false},{"id":"3031","count":1,"hideCount":false}]}]},{"champion":"Talon","title":"TalonARAM","map":"HA","mode":"ARAM","type":"riot","customTag":"","sortrank":0,"extensionPage":false,"useObviousCheckmark":false,"customPanel":null,"blocks":[{"type":"starting","recMath":false,"recSteps":false,"minSummonerLevel":-1,"maxSummonerLevel":-1,"showIfSummonerSpell":"","hideIfSummonerSpell":"","appendAfterSection":"","visibleWithAllOf":[""],"hiddenWithAnyOf":[""],"items":[{"id":"3133","count":1,"hideCount":false},{"id":"1001","count":1,"hideCount":false}]},{"type":"essential","recMath":false,"recSteps":false,"minSummonerLevel":-1,"maxSummonerLevel":-1,"showIfSummonerSpell":"","hideIfSummonerSpell":"","appendAfterSection":"","visibleWithAllOf":[""],"hiddenWithAnyOf":[""],"items":[{"id":"3147","count":1,"hideCount":false},{"id":"3158","count":1,"hideCount":false},{"id":"3071","count":1,"hideCount":false}]},{"type":"offensive","recMath":false,"recSteps":false,"minSummonerLevel":-1,"maxSummonerLevel":-1,"showIfSummonerSpell":"","hideIfSummonerSpell":"","appendAfterSection":"","visibleWithAllOf":[""],"hiddenWithAnyOf":[""],"items":[{"id":"3142","count":1,"hideCount":false},{"id":"3078","count":1,"hideCount":false},{"id":"3074","count":1,"hideCount":false}]},{"type":"defensive","recMath":false,"recSteps":false,"minSummonerLevel":-1,"maxSummonerLevel":-1,"showIfSummonerSpell":"","hideIfSummonerSpell":"","appendAfterSection":"","visibleWithAllOf":[""],"hiddenWithAnyOf":[""],"items":[{"id":"3812","count":1,"hideCount":false},{"id":"3156","count":1,"hideCount":false}]},{"type":"consumables","recMath":false,"recSteps":false,"minSummonerLevel":-1,"maxSummonerLevel":-1,"showIfSummonerSpell":"","hideIfSummonerSpell":"","appendAfterSection":"","visibleWithAllOf":[""],"hiddenWithAnyOf":[""],"items":[{"id":"2003","count":1,"hideCount":true},{"id":"2140","count":1,"hideCount":true}]}]},{"champion":"Talon","title":"TalonFIRSTBLOOD","map":"HA","mode":"FIRSTBLOOD","type":"riot","customTag":"","extensionPage":false,"customPanel":null,"blocks":[{"type":"starting","recMath":false,"recSteps":false,"minSummonerLevel":-1,"maxSummonerLevel":-1,"showIfSummonerSpell":"","hideIfSummonerSpell":"","items":[{"id":"1055","count":1,"hideCount":false},{"id":"2003","count":1,"hideCount":false},{"id":"3340","count":1,"hideCount":false}]},{"type":"essential","recMath":false,"recSteps":false,"minSummonerLevel":-1,"maxSummonerLevel":-1,"showIfSummonerSpell":"","hideIfSummonerSpell":"","items":[{"id":"3117","count":1,"hideCount":false},{"id":"3134","count":1,"hideCount":false},{"id":"3074","count":1,"hideCount":false}]},{"type":"offensive","recMath":false,"recSteps":false,"minSummonerLevel":-1,"maxSummonerLevel":-1,"showIfSummonerSpell":"","hideIfSummonerSpell":"","items":[{"id":"3035","count":1,"hideCount":false},{"id":"3142","count":1,"hideCount":false},{"id":"3071","count":1,"hideCount":false}]},{"type":"defensive","recMath":false,"recSteps":false,"minSummonerLevel":-1,"maxSummonerLevel":-1,"showIfSummonerSpell":"","hideIfSummonerSpell":"","items":[{"id":"3026","count":1,"hideCount":false},{"id":"3156","count":1,"hideCount":false}]},{"type":"consumables","recMath":false,"recSteps":false,"minSummonerLevel":-1,"maxSummonerLevel":-1,"showIfSummonerSpell":"","hideIfSummonerSpell":"","items":[{"id":"2003","count":1,"hideCount":false},{"id":"2043","count":1,"hideCount":false},{"id":"2140","count":1,"hideCount":false}]}]},{"champion":"Talon","title":"TalonARAM","map":"HA","mode":"KINGPORO","type":"riot","customTag":"","sortrank":0,"extensionPage":false,"useObviousCheckmark":false,"customPanel":null,"blocks":[{"type":"KingPoroSnax","recMath":false,"recSteps":false,"minSummonerLevel":-1,"maxSummonerLevel":-1,"showIfSummonerSpell":"","hideIfSummonerSpell":"","items":[{"id":"3680","count":1,"hideCount":false},{"id":"3681","count":1,"hideCount":false},{"id":"3682","count":1,"hideCount":false},{"id":"3683","count":1,"hideCount":false},{"id":"3684","count":1,"hideCount":false},{"id":"3685","count":1,"hideCount":false}]},{"type":"starting","recMath":false,"recSteps":false,"minSummonerLevel":-1,"maxSummonerLevel":-1,"showIfSummonerSpell":"","hideIfSummonerSpell":"","appendAfterSection":"","visibleWithAllOf":[""],"hiddenWithAnyOf":[""],"items":[{"id":"3133","count":1,"hideCount":false},{"id":"1001","count":1,"hideCount":false}]},{"type":"essential","recMath":false,"recSteps":false,"minSummonerLevel":-1,"maxSummonerLevel":-1,"showIfSummonerSpell":"","hideIfSummonerSpell":"","appendAfterSection":"","visibleWithAllOf":[""],"hiddenWithAnyOf":[""],"items":[{"id":"3147","count":1,"hideCount":false},{"id":"3158","count":1,"hideCount":false},{"id":"3071","count":1,"hideCount":false}]},{"type":"offensive","recMath":false,"recSteps":false,"minSummonerLevel":-1,"maxSummonerLevel":-1,"showIfSummonerSpell":"","hideIfSummonerSpell":"","appendAfterSection":"","visibleWithAllOf":[""],"hiddenWithAnyOf":[""],"items":[{"id":"3142","count":1,"hideCount":false},{"id":"3078","count":1,"hideCount":false},{"id":"3074","count":1,"hideCount":false}]},{"type":"defensive","recMath":false,"recSteps":false,"minSummonerLevel":-1,"maxSummonerLevel":-1,"showIfSummonerSpell":"","hideIfSummonerSpell":"","appendAfterSection":"","visibleWithAllOf":[""],"hiddenWithAnyOf":[""],"items":[{"id":"3812","count":1,"hideCount":false},{"id":"3156","count":1,"hideCount":false}]},{"type":"consumables","recMath":false,"recSteps":false,"minSummonerLevel":-1,"maxSummonerLevel":-1,"showIfSummonerSpell":"","hideIfSummonerSpell":"","appendAfterSection":"","visibleWithAllOf":[""],"hiddenWithAnyOf":[""],"items":[{"id":"2003","count":1,"hideCount":true},{"id":"2140","count":1,"hideCount":true}]}]},{"champion":"Talon","title":"TalonSL","map":"NB","mode":"NEXUSBLITZ","type":"riot","customTag":"","sortrank":0,"extensionPage":false,"useObviousCheckmark":false,"customPanel":null,"blocks":[{"type":"starting","recMath":false,"recSteps":false,"minSummonerLevel":-1,"maxSummonerLevel":-1,"showIfSummonerSpell":"","hideIfSummonerSpell":"SummonerSmite","appendAfterSection":"","visibleWithAllOf":[""],"hiddenWithAnyOf":[""],"items":[{"id":"1036","count":1,"hideCount":false},{"id":"2031","count":1,"hideCount":false},{"id":"3340","count":1,"hideCount":false}]},{"type":"startingjungle","recMath":false,"recSteps":false,"minSummonerLevel":-1,"maxSummonerLevel":-1,"showIfSummonerSpell":"SummonerSmite","hideIfSummonerSpell":"","appendAfterSection":"","visibleWithAllOf":[""],"hiddenWithAnyOf":[""],"items":[{"id":"4101","count":1,"hideCount":false},{"id":"2003","count":1,"hideCount":false},{"id":"3340","count":1,"hideCount":false}]},{"type":"early","recMath":false,"recSteps":false,"minSummonerLevel":-1,"maxSummonerLevel":-1,"showIfSummonerSpell":"","hideIfSummonerSpell":"SummonerSmite","appendAfterSection":"","visibleWithAllOf":[""],"hiddenWithAnyOf":[""],"items":[{"id":"1001","count":1,"hideCount":false},{"id":"3134","count":1,"hideCount":false},{"id":"3133","count":1,"hideCount":false}]},{"type":"earlyjungle","recMath":false,"recSteps":false,"minSummonerLevel":-1,"maxSummonerLevel":-1,"showIfSummonerSpell":"SummonerSmite","hideIfSummonerSpell":"","appendAfterSection":"","visibleWithAllOf":[""],"hiddenWithAnyOf":[""],"items":[{"id":"1001","count":1,"hideCount":false},{"id":"3133","count":1,"hideCount":false}]},{"type":"essential","recMath":false,"recSteps":false,"minSummonerLevel":-1,"maxSummonerLevel":-1,"showIfSummonerSpell":"","hideIfSummonerSpell":"SummonerSmite","appendAfterSection":"","visibleWithAllOf":[""],"hiddenWithAnyOf":[""],"items":[{"id":"3158","count":1,"hideCount":false},{"id":"3142","count":1,"hideCount":false},{"id":"3071","count":1,"hideCount":false}]},{"type":"essentialjungle","recMath":false,"recSteps":false,"minSummonerLevel":-1,"maxSummonerLevel":-1,"showIfSummonerSpell":"SummonerSmite","hideIfSummonerSpell":"","appendAfterSection":"","visibleWithAllOf":[""],"hiddenWithAnyOf":[""],"items":[{"id":"4102","count":1,"hideCount":false},{"id":"3158","count":1,"hideCount":false},{"id":"3142","count":1,"hideCount":false}]},{"type":"offensive","recMath":false,"recSteps":false,"minSummonerLevel":-1,"maxSummonerLevel":-1,"showIfSummonerSpell":"","hideIfSummonerSpell":"","appendAfterSection":"","visibleWithAllOf":[""],"hiddenWithAnyOf":[""],"items":[{"id":"3147","count":1,"hideCount":false},{"id":"3074","count":1,"hideCount":false},{"id":"3812","count":1,"hideCount":false}]},{"type":"defensive","recMath":false,"recSteps":false,"minSummonerLevel":-1,"maxSummonerLevel":-1,"showIfSummonerSpell":"","hideIfSummonerSpell":"","appendAfterSection":"","visibleWithAllOf":[""],"hiddenWithAnyOf":[""],"items":[{"id":"3053","count":1,"hideCount":false},{"id":"3161","count":1,"hideCount":false},{"id":"3139","count":1,"hideCount":false}]},{"type":"consumables","recMath":false,"recSteps":false,"minSummonerLevel":-1,"maxSummonerLevel":-1,"showIfSummonerSpell":"","hideIfSummonerSpell":"","appendAfterSection":"","visibleWithAllOf":[""],"hiddenWithAnyOf":[""],"items":[{"id":"2003","count":1,"hideCount":true},{"id":"2140","count":1,"hideCount":true}]}]},{"champion":"Talon","title":"TalonSR","map":"SR","mode":"CLASSIC","type":"riot","customTag":"","sortrank":0,"extensionPage":false,"useObviousCheckmark":false,"customPanel":null,"blocks":[{"type":"starting","recMath":false,"recSteps":false,"minSummonerLevel":-1,"maxSummonerLevel":-1,"showIfSummonerSpell":"","hideIfSummonerSpell":"SummonerSmite","appendAfterSection":"","visibleWithAllOf":[""],"hiddenWithAnyOf":[""],"items":[{"id":"1036","count":1,"hideCount":false},{"id":"2031","count":1,"hideCount":false},{"id":"3340","count":1,"hideCount":false}]},{"type":"jungling","recMath":false,"recSteps":false,"minSummonerLevel":-1,"maxSummonerLevel":-1,"showIfSummonerSpell":"SummonerSmite","hideIfSummonerSpell":"","appendAfterSection":"","visibleWithAllOf":[""],"hiddenWithAnyOf":[""],"items":[{"id":"1039","count":1,"hideCount":false},{"id":"2031","count":1,"hideCount":false},{"id":"3340","count":1,"hideCount":false}]},{"type":"early","recMath":false,"recSteps":false,"minSummonerLevel":-1,"maxSummonerLevel":-1,"showIfSummonerSpell":"SummonerSmite","hideIfSummonerSpell":"","appendAfterSection":"","visibleWithAllOf":[""],"hiddenWithAnyOf":[""],"items":[{"id":"1001","count":1,"hideCount":false},{"id":"3715","count":1,"hideCount":false},{"id":"3133","count":1,"hideCount":false}]},{"type":"early","recMath":false,"recSteps":false,"minSummonerLevel":-1,"maxSummonerLevel":-1,"showIfSummonerSpell":"","hideIfSummonerSpell":"SummonerSmite","appendAfterSection":"","visibleWithAllOf":[""],"hiddenWithAnyOf":[""],"items":[{"id":"3077","count":1,"hideCount":false},{"id":"1001","count":1,"hideCount":false},{"id":"3133","count":1,"hideCount":false}]},{"type":"essential","recMath":false,"recSteps":false,"minSummonerLevel":-1,"maxSummonerLevel":-1,"showIfSummonerSpell":"","hideIfSummonerSpell":"","appendAfterSection":"","visibleWithAllOf":[""],"hiddenWithAnyOf":[""],"items":[{"id":"3147","count":1,"hideCount":false},{"id":"3117","count":1,"hideCount":false},{"id":"3142","count":1,"hideCount":false}]},{"type":"standard","recMath":false,"recSteps":false,"minSummonerLevel":-1,"maxSummonerLevel":-1,"showIfSummonerSpell":"","hideIfSummonerSpell":"","appendAfterSection":"","visibleWithAllOf":[""],"hiddenWithAnyOf":[""],"items":[{"id":"3179","count":1,"hideCount":false},{"id":"3814","count":1,"hideCount":false},{"id":"3812","count":1,"hideCount":false}]},{"type":"situational","recMath":false,"recSteps":false,"minSummonerLevel":-1,"maxSummonerLevel":-1,"showIfSummonerSpell":"","hideIfSummonerSpell":"","appendAfterSection":"","visibleWithAllOf":[""],"hiddenWithAnyOf":[""],"items":[{"id":"3071","count":1,"hideCount":false},{"id":"3156","count":1,"hideCount":false},{"id":"3026","count":1,"hideCount":false},{"id":"3074","count":1,"hideCount":false}]},{"type":"consumables","recMath":false,"recSteps":false,"minSummonerLevel":-1,"maxSummonerLevel":-1,"showIfSummonerSpell":"","hideIfSummonerSpell":"","appendAfterSection":"","visibleWithAllOf":[""],"hiddenWithAnyOf":[""],"items":[{"id":"2003","count":1,"hideCount":true},{"id":"2140","count":1,"hideCount":true}]}]}]}}}