{"type":"champion","format":"standAloneComplex","version":"10.15.1","data":{"Taric":{"id":"Taric","key":"44","name":"Taric","title":"the Shield of Valoran","image":{"full":"Taric.png","sprite":"champion3.png","group":"champion","x":384,"y":96,"w":48,"h":48},"skins":[{"id":"44000","num":0,"name":"default","chromas":false},{"id":"44001","num":1,"name":"Emerald Taric","chromas":false},{"id":"44002","num":2,"name":"Armor of the Fifth Age Taric","chromas":false},{"id":"44003","num":3,"name":"Bloodstone Taric","chromas":false},{"id":"44004","num":4,"name":"Pool Party Taric","chromas":true},{"id":"44009","num":9,"name":"Taric Luminshield","chromas":true}],"lore":"Taric is the Aspect of the Protector, wielding incredible power as Runeterra's guardian of life, love, and beauty. Shamed by a dereliction of duty and exiled from his homeland Demacia, Taric ascended Mount Targon to find redemption, only to discover a higher calling among the stars. Imbued with the might of ancient Targon, the Shield of Valoran now stands ever vigilant against the insidious corruption of the Void.","blurb":"Taric is the Aspect of the Protector, wielding incredible power as Runeterra's guardian of life, love, and beauty. Shamed by a dereliction of duty and exiled from his homeland Demacia, Taric ascended Mount Targon to find redemption, only to discover a...","allytips":["The cooldown reducing component of Bravado makes Cooldown Reduction items like Frozen Heart, Iceborn Gauntlet, and Spirit Visage exceptionally powerful on Taric.","Using Starlight's Touch at lower charges makes its healing less Mana efficient, but can greatly increase Taric's sustained damage via Bravado.","Rather than saving Cosmic Radiance for the last moment and risking someone dying during the delay, it can be more beneficial to cast it as soon as you know a teamfight is guaranteed to start."],"enemytips":["Taric's ultimate, Cosmic Radiance, has a long delay before its effect. Try to quickly assess whether to disengage the fight or attempt to kill his allies before it goes off.","Taric reduces his spell cooldowns by basic attacking enemies with Bravado. Try to kite him in teamfights and punish him for approaching the minion wave in lane."],"tags":["Support","Fighter"],"partype":"Mana","info":{"attack":4,"defense":8,"magic":5,"difficulty":3},"stats":{"hp":575,"hpperlevel":85,"mp":300,"mpperlevel":60,"movespeed":340,"armor":40,"armorperlevel":3.4,"spellblock":32.1,"spellblockperlevel":1.25,"attackrange":150,"hpregen":6,"hpregenperlevel":0.5,"mpregen":8.5,"mpregenperlevel":0.8,"crit":0,"critperlevel":0,"attackdamage":55,"attackdamageperlevel":3.5,"attackspeedperlevel":2,"attackspeed":0.625},"spells":[{"id":"TaricQ","name":"Starlight's Touch","description":"Heals nearby allied champions based on charges stored. Bravado-empowered attacks grant a charge of Starlight's Touch.","tooltip":"Spends all charges to heal nearby allied champions for {{ e1 }} <scaleAP>(+{{ a1 }})</scaleAP> <scaleHealth>(+{{ f1 }})</scaleHealth> ({{ e2 }}% of maximum Health) per charge, up to {{ e5 }} <scaleAP>(+{{ f3 }})</scaleAP> <scaleHealth>(+{{ f2 }})</scaleHealth> at maximum charges.<br />Maximum charges: {{ e6 }}<br /><br />Bravado-empowered attacks grant 1 charge of Starlight's Touch.","leveltip":{"label":["Max Charges","Max Healing","@AbilityResourceName@ Cost"],"effect":["{{ e6 }} -> {{ e6NL }}","{{ e5 }} -> {{ e5NL }}","{{ cost }} -> {{ costNL }}"]},"maxrank":5,"cooldown":[3,3,3,3,3],"cooldownBurn":"3","cost":[70,80,90,100,110],"costBurn":"70/80/90/100/110","datavalues":{},"effect":[null,[30,30,30,30,30],[1,1,1,1,1],[0.2,0.4,0.6,0.8,1],[1,2,3,4,5],[30,60,90,120,150],[1,2,3,4,5],[0,0,0,0,0],[0,0,0,0,0],[0,0,0,0,0],[0,0,0,0,0]],"effectBurn":[null,"30","1","0.2/0.4/0.6/0.8/1","1/2/3/4/5","30/60/90/120/150","1/2/3/4/5","0","0","0","0"],"vars":[{"link":"spelldamage","coeff":0.2,"key":"a1"}],"costType":" Mana, all Charges","maxammo":"-1","range":[325,325,325,325,325],"rangeBurn":"325","image":{"full":"TaricQ.png","sprite":"spell12.png","group":"spell","x":288,"y":0,"w":48,"h":48},"resource":"{{ cost }} Mana, all Charges"},{"id":"TaricW","name":"Bastion","description":"Passively increase the Armor of Taric and any allied champion with Bastion.<br><br>Actively shields an ally and grants them Bastion for as long as they remain near Taric. Taric's spells also cast off the ally with Bastion.","tooltip":"Taric's spells will also cast from a nearby ally protected by Bastion.<br /><br /><spellPassive>Passive: </spellPassive>Bastion increases Armor by <scaleArmor>{{ f1 }}</scaleArmor> ({{ e1 }}% of Taric's Armor).<br /><br /><spellPassive>Active: </spellPassive>Blesses an ally with Bastion and shields them for {{ e2 }}% of their maximum Health for {{ e3 }} seconds. Bastion lasts on the target until a new one is chosen.","leveltip":{"label":["Passive Armor","Shield Ratio","Cooldown","@AbilityResourceName@ Cost"],"effect":["{{ e1 }}% -> {{ e1NL }}%","{{ e2 }}% -> {{ e2NL }}%","{{ cooldown }} -> {{ cooldownNL }}","{{ cost }} -> {{ costNL }}"]},"maxrank":5,"cooldown":[15,15,15,15,15],"cooldownBurn":"15","cost":[60,60,60,60,60],"costBurn":"60","datavalues":{},"effect":[null,[10,11,12,13,14],[8,9,10,11,12],[2.5,2.5,2.5,2.5,2.5],[1000,1000,1000,1000,1000],[1300,1300,1300,1300,1300],[0,0,0,0,0],[0,0,0,0,0],[0,0,0,0,0],[0,0,0,0,0],[0,0,0,0,0]],"effectBurn":[null,"10/11/12/13/14","8/9/10/11/12","2.5","1000","1300","0","0","0","0","0"],"vars":[],"costType":" {{ abilityresourcename }}","maxammo":"-1","range":[800,800,800,800,800],"rangeBurn":"800","image":{"full":"TaricW.png","sprite":"spell12.png","group":"spell","x":336,"y":0,"w":48,"h":48},"resource":"{{ cost }} {{ abilityresourcename }}"},{"id":"TaricE","name":"Dazzle","description":"Taric readies a beam of starlight that, after a brief delay, deals magic damage and stuns enemies.","tooltip":"Readies a beam of starlight that, after {{ e3 }} second, deals {{ e1 }} <scaleAP>(+{{ a1 }})</scaleAP> <scaleArmor>(+{{ f1 }})</scaleArmor> magic damage and stuns enemies for {{ e2 }} second(s).","leveltip":{"label":["Damage","Cooldown"],"effect":["{{ e1 }} -> {{ e1NL }}","{{ cooldown }} -> {{ cooldownNL }}"]},"maxrank":5,"cooldown":[17,16,15,14,13],"cooldownBurn":"17/16/15/14/13","cost":[60,60,60,60,60],"costBurn":"60","datavalues":{},"effect":[null,[90,130,170,210,250],[1.25,1.25,1.25,1.25,1.25],[1,1,1,1,1],[0,0,0,0,0],[0,0,0,0,0],[0,0,0,0,0],[0,0,0,0,0],[0,0,0,0,0],[0,0,0,0,0],[0,0,0,0,0]],"effectBurn":[null,"90/130/170/210/250","1.25","1","0","0","0","0","0","0","0"],"vars":[{"link":"spelldamage","coeff":0.5,"key":"a1"}],"costType":" {{ abilityresourcename }}","maxammo":"-1","range":[610,610,610,610,610],"rangeBurn":"610","image":{"full":"TaricE.png","sprite":"spell12.png","group":"spell","x":384,"y":0,"w":48,"h":48},"resource":"{{ cost }} {{ abilityresourcename }}"},{"id":"TaricR","name":"Cosmic Radiance","description":"Pulses cosmic energy onto nearby allied champions after a delay, making them invulnerable for a short duration.","tooltip":"After a {{ initialdelay }} second delay, pulses cosmic energy onto nearby allied champions, making them invulnerable for {{ invulnduration }} seconds.","leveltip":{"label":["Cooldown"],"effect":["{{ cooldown }} -> {{ cooldownNL }}"]},"maxrank":3,"cooldown":[180,150,120],"cooldownBurn":"180/150/120","cost":[100,100,100],"costBurn":"100","datavalues":{},"effect":[null,[0,0,0],[0,0,0],[0,0,0],[0,0,0],[0,0,0],[0,0,0],[0,0,0],[0,0,0],[0,0,0],[0,0,0]],"effectBurn":[null,"0","0","0","0","0","0","0","0","0","0"],"vars":[],"costType":" {{ abilityresourcename }}","maxammo":"-1","range":[400,400,400],"rangeBurn":"400","image":{"full":"TaricR.png","sprite":"spell12.png","group":"spell","x":432,"y":0,"w":48,"h":48},"resource":"{{ cost }} {{ abilityresourcename }}"}],"passive":{"name":"Bravado","description":"Spellcasts empower Taric's next 2 basic attacks to deal bonus magic damage, reduce his spell cooldowns, and attack in quick succession.","image":{"full":"Taric_Passive.png","sprite":"passive3.png","group":"passive","x":384,"y":96,"w":48,"h":48}},"recommended":[{"champion":"Taric","title":"Beginner","map":"SR","mode":"INTRO","type":"riot","customTag":"","sortrank":0,"extensionPage":false,"customPanel":null,"blocks":[{"type":"beginner_starter","recMath":false,"recSteps":false,"minSummonerLevel":-1,"maxSummonerLevel":-1,"showIfSummonerSpell":"","hideIfSummonerSpell":"","appendAfterSection":"","items":[{"id":"3302","count":1,"hideCount":false},{"id":"2003","count":3,"hideCount":false},{"id":"3340","count":1,"hideCount":false}]},{"type":"beginner_advanced","recMath":true,"recSteps":false,"minSummonerLevel":-1,"maxSummonerLevel":-1,"showIfSummonerSpell":"","hideIfSummonerSpell":"","appendAfterSection":"","items":[{"id":"1028","count":1,"hideCount":false},{"id":"2049","count":1,"hideCount":false}]},{"type":"beginner_movementspeed","recMath":true,"recSteps":false,"minSummonerLevel":-1,"maxSummonerLevel":-1,"showIfSummonerSpell":"","hideIfSummonerSpell":"","appendAfterSection":"","items":[{"id":"1001","count":1,"hideCount":false},{"id":"1029","count":1,"hideCount":false},{"id":"3047","count":1,"hideCount":false}]},{"type":"beginner_legendaryitem","recMath":true,"recSteps":false,"minSummonerLevel":-1,"maxSummonerLevel":-1,"showIfSummonerSpell":"","hideIfSummonerSpell":"","appendAfterSection":"","items":[{"id":"3097","count":1,"hideCount":false},{"id":"3067","count":1,"hideCount":false},{"id":"3401","count":1,"hideCount":false}]},{"type":"beginner_morelegendaryitems","recMath":false,"recSteps":false,"minSummonerLevel":-1,"maxSummonerLevel":-1,"showIfSummonerSpell":"","hideIfSummonerSpell":"","appendAfterSection":"","items":[{"id":"3190","count":1,"hideCount":false},{"id":"3050","count":1,"hideCount":false},{"id":"3222","count":1,"hideCount":false}]}]},{"champion":"Taric","title":"TaricARAM","map":"HA","mode":"ARAM","type":"riot","customTag":"","sortrank":0,"extensionPage":false,"useObviousCheckmark":false,"customPanel":null,"blocks":[{"type":"starting","recMath":false,"recSteps":false,"minSummonerLevel":-1,"maxSummonerLevel":-1,"showIfSummonerSpell":"","hideIfSummonerSpell":"","appendAfterSection":"","visibleWithAllOf":[""],"hiddenWithAnyOf":[""],"items":[{"id":"2051","count":1,"hideCount":false},{"id":"1001","count":1,"hideCount":false},{"id":"2003","count":3,"hideCount":false}]},{"type":"essential","recMath":false,"recSteps":false,"minSummonerLevel":-1,"maxSummonerLevel":-1,"showIfSummonerSpell":"","hideIfSummonerSpell":"","appendAfterSection":"","visibleWithAllOf":[""],"hiddenWithAnyOf":[""],"items":[{"id":"3047","count":1,"hideCount":false},{"id":"3025","count":1,"hideCount":false},{"id":"3109","count":1,"hideCount":false}]},{"type":"offensive","recMath":false,"recSteps":false,"minSummonerLevel":-1,"maxSummonerLevel":-1,"showIfSummonerSpell":"","hideIfSummonerSpell":"","appendAfterSection":"","visibleWithAllOf":[""],"hiddenWithAnyOf":[""],"items":[{"id":"3504","count":1,"hideCount":false},{"id":"3050","count":1,"hideCount":false}]},{"type":"defensive","recMath":false,"recSteps":false,"minSummonerLevel":-1,"maxSummonerLevel":-1,"showIfSummonerSpell":"","hideIfSummonerSpell":"","appendAfterSection":"","visibleWithAllOf":[""],"hiddenWithAnyOf":[""],"items":[{"id":"3107","count":1,"hideCount":false},{"id":"3065","count":1,"hideCount":false},{"id":"3143","count":1,"hideCount":false}]},{"type":"offmeta","recMath":false,"recSteps":false,"minSummonerLevel":-1,"maxSummonerLevel":-1,"showIfSummonerSpell":"","hideIfSummonerSpell":"","appendAfterSection":"","visibleWithAllOf":[""],"hiddenWithAnyOf":[""],"items":[{"id":"3008","count":1,"hideCount":false},{"id":"3029","count":1,"hideCount":false},{"id":"3001","count":1,"hideCount":false}]},{"type":"consumables","recMath":false,"recSteps":false,"minSummonerLevel":-1,"maxSummonerLevel":-1,"showIfSummonerSpell":"","hideIfSummonerSpell":"","appendAfterSection":"","visibleWithAllOf":[""],"hiddenWithAnyOf":[""],"items":[{"id":"2003","count":1,"hideCount":true},{"id":"2138","count":1,"hideCount":true}]}]},{"champion":"Taric","title":"TaricFIRSTBLOOD","map":"HA","mode":"FIRSTBLOOD","type":"riot","customTag":"","sortrank":0,"extensionPage":false,"customPanel":null,"blocks":[{"type":"starting","recMath":false,"recSteps":false,"minSummonerLevel":-1,"maxSummonerLevel":-1,"showIfSummonerSpell":"","hideIfSummonerSpell":"","items":[{"id":"2003","count":1,"hideCount":false},{"id":"3302","count":1,"hideCount":false}]},{"type":"essential","recMath":false,"recSteps":false,"minSummonerLevel":-1,"maxSummonerLevel":-1,"showIfSummonerSpell":"","hideIfSummonerSpell":"","items":[{"id":"3047","count":1,"hideCount":false},{"id":"2045","count":1,"hideCount":false},{"id":"3024","count":1,"hideCount":false},{"id":"3401","count":1,"hideCount":false}]},{"type":"offensive","recMath":false,"recSteps":false,"minSummonerLevel":-1,"maxSummonerLevel":-1,"showIfSummonerSpell":"","hideIfSummonerSpell":"","items":[{"id":"3025","count":1,"hideCount":false},{"id":"3050","count":1,"hideCount":false},{"id":"3143","count":1,"hideCount":false}]},{"type":"defensive","recMath":false,"recSteps":false,"minSummonerLevel":-1,"maxSummonerLevel":-1,"showIfSummonerSpell":"","hideIfSummonerSpell":"","items":[{"id":"3110","count":1,"hideCount":false},{"id":"3190","count":1,"hideCount":false},{"id":"3065","count":1,"hideCount":false}]},{"type":"consumables","recMath":false,"recSteps":false,"minSummonerLevel":-1,"maxSummonerLevel":-1,"showIfSummonerSpell":"","hideIfSummonerSpell":"","items":[{"id":"2003","count":1,"hideCount":false}]}]},{"champion":"Taric","title":"TaricARAM","map":"HA","mode":"KINGPORO","type":"riot","customTag":"","sortrank":0,"extensionPage":false,"customPanel":null,"blocks":[{"type":"KingPoroSnax","recMath":false,"recSteps":false,"minSummonerLevel":-1,"maxSummonerLevel":-1,"showIfSummonerSpell":"","hideIfSummonerSpell":"","items":[{"id":"3680","count":1,"hideCount":false},{"id":"3681","count":1,"hideCount":false},{"id":"3682","count":1,"hideCount":false},{"id":"3683","count":1,"hideCount":false},{"id":"3684","count":1,"hideCount":false},{"id":"3685","count":1,"hideCount":false}]},{"type":"starting","recMath":false,"recSteps":false,"minSummonerLevel":-1,"maxSummonerLevel":-1,"showIfSummonerSpell":"","hideIfSummonerSpell":"","appendAfterSection":"","visibleWithAllOf":[""],"hiddenWithAnyOf":[""],"items":[{"id":"2051","count":1,"hideCount":false},{"id":"1001","count":1,"hideCount":false},{"id":"2003","count":3,"hideCount":false}]},{"type":"essential","recMath":false,"recSteps":false,"minSummonerLevel":-1,"maxSummonerLevel":-1,"showIfSummonerSpell":"","hideIfSummonerSpell":"","appendAfterSection":"","visibleWithAllOf":[""],"hiddenWithAnyOf":[""],"items":[{"id":"3007","count":1,"hideCount":false},{"id":"3047","count":1,"hideCount":false},{"id":"3109","count":1,"hideCount":false}]},{"type":"offensive","recMath":false,"recSteps":false,"minSummonerLevel":-1,"maxSummonerLevel":-1,"showIfSummonerSpell":"","hideIfSummonerSpell":"","appendAfterSection":"","visibleWithAllOf":[""],"hiddenWithAnyOf":[""],"items":[{"id":"3025","count":1,"hideCount":false},{"id":"3504","count":1,"hideCount":false},{"id":"3050","count":1,"hideCount":false}]},{"type":"defensive","recMath":false,"recSteps":false,"minSummonerLevel":-1,"maxSummonerLevel":-1,"showIfSummonerSpell":"","hideIfSummonerSpell":"","appendAfterSection":"","visibleWithAllOf":[""],"hiddenWithAnyOf":[""],"items":[{"id":"3107","count":1,"hideCount":false},{"id":"3065","count":1,"hideCount":false},{"id":"3143","count":1,"hideCount":false}]},{"type":"offmeta","recMath":false,"recSteps":false,"minSummonerLevel":-1,"maxSummonerLevel":-1,"showIfSummonerSpell":"","hideIfSummonerSpell":"","appendAfterSection":"","visibleWithAllOf":[""],"hiddenWithAnyOf":[""],"items":[{"id":"3008","count":1,"hideCount":false},{"id":"3029","count":1,"hideCount":false},{"id":"3001","count":1,"hideCount":false}]},{"type":"consumables","recMath":false,"recSteps":false,"minSummonerLevel":-1,"maxSummonerLevel":-1,"showIfSummonerSpell":"","hideIfSummonerSpell":"","appendAfterSection":"","visibleWithAllOf":[""],"hiddenWithAnyOf":[""],"items":[{"id":"2003","count":1,"hideCount":true},{"id":"2138","count":1,"hideCount":true}]}]},{"champion":"Taric","title":"TaricNB","map":"NB","mode":"NEXUSBLITZ","type":"riot","customTag":"","sortrank":0,"extensionPage":false,"useObviousCheckmark":false,"customPanel":null,"blocks":[{"type":"starting","recMath":false,"recSteps":false,"minSummonerLevel":-1,"maxSummonerLevel":-1,"showIfSummonerSpell":"","hideIfSummonerSpell":"SummonerSmite","appendAfterSection":"","visibleWithAllOf":[""],"hiddenWithAnyOf":[""],"items":[{"id":"4204","count":1,"hideCount":false},{"id":"2003","count":2,"hideCount":false},{"id":"3340","count":1,"hideCount":false}]},{"type":"startingjungle","recMath":false,"recSteps":false,"minSummonerLevel":-1,"maxSummonerLevel":-1,"showIfSummonerSpell":"SummonerSmite","hideIfSummonerSpell":"","appendAfterSection":"","visibleWithAllOf":[""],"hiddenWithAnyOf":[""],"items":[{"id":"4101","count":1,"hideCount":false},{"id":"2003","count":1,"hideCount":false},{"id":"3340","count":1,"hideCount":false}]},{"type":"early","recMath":false,"recSteps":false,"minSummonerLevel":-1,"maxSummonerLevel":-1,"showIfSummonerSpell":"","hideIfSummonerSpell":"SummonerSmite","appendAfterSection":"","visibleWithAllOf":[""],"hiddenWithAnyOf":[""],"items":[{"id":"1001","count":1,"hideCount":false},{"id":"3024","count":1,"hideCount":false}]},{"type":"earlyjungle","recMath":false,"recSteps":false,"minSummonerLevel":-1,"maxSummonerLevel":-1,"showIfSummonerSpell":"SummonerSmite","hideIfSummonerSpell":"","appendAfterSection":"","visibleWithAllOf":[""],"hiddenWithAnyOf":[""],"items":[{"id":"1001","count":1,"hideCount":false},{"id":"3751","count":1,"hideCount":false}]},{"type":"essential","recMath":false,"recSteps":false,"minSummonerLevel":-1,"maxSummonerLevel":-1,"showIfSummonerSpell":"","hideIfSummonerSpell":"SummonerSmite","appendAfterSection":"","visibleWithAllOf":[""],"hiddenWithAnyOf":[""],"items":[{"id":"3047","count":1,"hideCount":false},{"id":"3190","count":1,"hideCount":false},{"id":"3050","count":1,"hideCount":false}]},{"type":"essentialjungle","recMath":false,"recSteps":false,"minSummonerLevel":-1,"maxSummonerLevel":-1,"showIfSummonerSpell":"SummonerSmite","hideIfSummonerSpell":"","appendAfterSection":"","visibleWithAllOf":[""],"hiddenWithAnyOf":[""],"items":[{"id":"4103","count":1,"hideCount":false},{"id":"3047","count":1,"hideCount":false},{"id":"3024","count":1,"hideCount":false}]},{"type":"defensive","recMath":false,"recSteps":false,"minSummonerLevel":-1,"maxSummonerLevel":-1,"showIfSummonerSpell":"","hideIfSummonerSpell":"","appendAfterSection":"","visibleWithAllOf":[""],"hiddenWithAnyOf":[""],"items":[{"id":"3109","count":1,"hideCount":false},{"id":"3110","count":1,"hideCount":false},{"id":"3065","count":1,"hideCount":false}]},{"type":"situational","recMath":false,"recSteps":false,"minSummonerLevel":-1,"maxSummonerLevel":-1,"showIfSummonerSpell":"","hideIfSummonerSpell":"","appendAfterSection":"","visibleWithAllOf":[""],"hiddenWithAnyOf":[""],"items":[{"id":"3025","count":1,"hideCount":false},{"id":"3143","count":1,"hideCount":false},{"id":"3075","count":1,"hideCount":false}]},{"type":"consumables","recMath":false,"recSteps":false,"minSummonerLevel":-1,"maxSummonerLevel":-1,"showIfSummonerSpell":"","hideIfSummonerSpell":"","appendAfterSection":"","visibleWithAllOf":[""],"hiddenWithAnyOf":[""],"items":[{"id":"2003","count":1,"hideCount":true},{"id":"2138","count":1,"hideCount":true}]}]},{"champion":"Taric","title":"TaricSR","map":"SR","mode":"CLASSIC","type":"riot","customTag":"","sortrank":0,"extensionPage":false,"useObviousCheckmark":false,"customPanel":null,"blocks":[{"type":"starting","recMath":false,"recSteps":false,"minSummonerLevel":-1,"maxSummonerLevel":-1,"showIfSummonerSpell":"","hideIfSummonerSpell":"SummonerSmite","appendAfterSection":"","visibleWithAllOf":[""],"hiddenWithAnyOf":[""],"items":[{"id":"3858","count":1,"hideCount":false},{"id":"2003","count":2,"hideCount":false},{"id":"3340","count":1,"hideCount":false}]},{"type":"early","recMath":false,"recSteps":false,"minSummonerLevel":-1,"maxSummonerLevel":-1,"showIfSummonerSpell":"","hideIfSummonerSpell":"SummonerSmite","appendAfterSection":"","visibleWithAllOf":[""],"hiddenWithAnyOf":[""],"items":[{"id":"1001","count":1,"hideCount":false},{"id":"3010","count":1,"hideCount":false},{"id":"3024","count":1,"hideCount":false}]},{"type":"essential","recMath":false,"recSteps":false,"minSummonerLevel":-1,"maxSummonerLevel":-1,"showIfSummonerSpell":"","hideIfSummonerSpell":"SummonerSmite","appendAfterSection":"","visibleWithAllOf":[""],"hiddenWithAnyOf":[""],"items":[{"id":"3117","count":1,"hideCount":false},{"id":"3109","count":1,"hideCount":false},{"id":"3050","count":1,"hideCount":false}]},{"type":"protective","recMath":false,"recSteps":false,"minSummonerLevel":-1,"maxSummonerLevel":-1,"showIfSummonerSpell":"","hideIfSummonerSpell":"","appendAfterSection":"","visibleWithAllOf":[""],"hiddenWithAnyOf":[""],"items":[{"id":"3190","count":1,"hideCount":false},{"id":"3504","count":1,"hideCount":false},{"id":"3107","count":1,"hideCount":false}]},{"type":"situational","recMath":false,"recSteps":false,"minSummonerLevel":-1,"maxSummonerLevel":-1,"showIfSummonerSpell":"","hideIfSummonerSpell":"","appendAfterSection":"","visibleWithAllOf":[""],"hiddenWithAnyOf":[""],"items":[{"id":"3001","count":1,"hideCount":false},{"id":"3110","count":1,"hideCount":false},{"id":"3065","count":1,"hideCount":false}]},{"type":"startingjungle","recMath":false,"recSteps":false,"minSummonerLevel":-1,"maxSummonerLevel":-1,"showIfSummonerSpell":"SummonerSmite","hideIfSummonerSpell":"","appendAfterSection":"","visibleWithAllOf":[""],"hiddenWithAnyOf":[""],"items":[{"id":"1039","count":1,"hideCount":false},{"id":"2031","count":1,"hideCount":false},{"id":"3340","count":1,"hideCount":false}]},{"type":"earlyjungle","recMath":false,"recSteps":false,"minSummonerLevel":-1,"maxSummonerLevel":-1,"showIfSummonerSpell":"SummonerSmite","hideIfSummonerSpell":"","appendAfterSection":"","visibleWithAllOf":[""],"hiddenWithAnyOf":[""],"items":[{"id":"3706","count":1,"hideCount":false},{"id":"3751","count":1,"hideCount":false},{"id":"1001","count":1,"hideCount":false}]},{"type":"essentialjungle","recMath":false,"recSteps":false,"minSummonerLevel":-1,"maxSummonerLevel":-1,"showIfSummonerSpell":"SummonerSmite","hideIfSummonerSpell":"","appendAfterSection":"","visibleWithAllOf":[""],"hiddenWithAnyOf":[""],"items":[{"id":"1401","count":1,"hideCount":false},{"id":"3111","count":1,"hideCount":false},{"id":"3364","count":1,"hideCount":false}]},{"type":"consumables","recMath":false,"recSteps":false,"minSummonerLevel":-1,"maxSummonerLevel":-1,"showIfSummonerSpell":"","hideIfSummonerSpell":"","appendAfterSection":"","visibleWithAllOf":[""],"hiddenWithAnyOf":[""],"items":[{"id":"2003","count":1,"hideCount":true},{"id":"2138","count":1,"hideCount":true}]}]}]}}}