{"type":"champion","format":"standAloneComplex","version":"10.15.1","data":{"Thresh":{"id":"Thresh","key":"412","name":"Thresh","title":"the Chain Warden","image":{"full":"Thresh.png","sprite":"champion4.png","group":"champion","x":0,"y":0,"w":48,"h":48},"skins":[{"id":"412000","num":0,"name":"default","chromas":false},{"id":"412001","num":1,"name":"Deep Terror Thresh","chromas":false},{"id":"412002","num":2,"name":"Championship Thresh","chromas":true},{"id":"412003","num":3,"name":"Blood Moon Thresh","chromas":false},{"id":"412004","num":4,"name":"SSW Thresh","chromas":false},{"id":"412005","num":5,"name":"Dark Star Thresh","chromas":true},{"id":"412006","num":6,"name":"High Noon Thresh","chromas":true},{"id":"412013","num":13,"name":"Pulsefire Thresh","chromas":false},{"id":"412014","num":14,"name":"Pulsefire Thresh Prestige Edition","chromas":false},{"id":"412015","num":15,"name":"FPX Thresh","chromas":true},{"id":"412017","num":17,"name":"Spirit Blossom Thresh","chromas":true}],"lore":"Sadistic and cunning, Thresh is an ambitious and restless spirit of the Shadow Isles. Once the custodian of countless arcane secrets, he was undone by a power greater than life or death, and now sustains himself by tormenting and breaking others with slow, excruciating inventiveness. His victims suffer far beyond their brief mortal coil as Thresh wreaks agony upon their souls, imprisoning them in his unholy lantern to torture for all eternity.","blurb":"Sadistic and cunning, Thresh is an ambitious and restless spirit of the Shadow Isles. Once the custodian of countless arcane secrets, he was undone by a power greater than life or death, and now sustains himself by tormenting and breaking others with...","allytips":["Communication is key when making use of Thresh's lantern. Let your teammates know how you like to use it.","Death Sentence and Flay can be combined in either cast order for powerful combinations.","Thresh can collect souls without needing to kill units himself. Planning your map position to be near the most deaths will help to maximize soul collection."],"enemytips":["Thresh's Death Sentence has a long cast time. Watch for the cast to begin to take evasive actions.","Intentionally breaking a wall of The Box can allow a vulnerable ally to escape unscathed.","Thresh relies on collecting souls for a portion of his defense and damage. Try punishing him when he moves to collect them."],"tags":["Support","Fighter"],"partype":"Mana","info":{"attack":5,"defense":6,"magic":6,"difficulty":7},"stats":{"hp":560.52,"hpperlevel":93,"mp":273.92,"mpperlevel":44,"movespeed":335,"armor":28,"armorperlevel":0,"spellblock":30,"spellblockperlevel":0.5,"attackrange":450,"hpregen":7,"hpregenperlevel":0.55,"mpregen":6,"mpregenperlevel":0.8,"crit":0,"critperlevel":0,"attackdamage":56,"attackdamageperlevel":2.2,"attackspeedperlevel":3.5,"attackspeed":0.625},"spells":[{"id":"ThreshQ","name":"Death Sentence","description":"Thresh binds an enemy in chains and pulls them toward him. Activating this ability a second time pulls Thresh to the enemy.","tooltip":"Thresh throws out his scythe, dealing {{ e1 }} <scaleAP>(+{{ a1 }})</scaleAP> magic damage, granting <span class=\"coloree91d7\">True Sight</span> and stunning the first unit hit, pulling them in for {{ e2 }} seconds.<br /><br />Reactivating this ability will pull Thresh to the bound enemy.<br /><br />Death Sentence's cooldown is reduced by {{ e4 }} seconds if it hits an enemy.","leveltip":{"label":["Damage","Cooldown"],"effect":["{{ e1 }} -> {{ e1NL }}","{{ cooldown }} -> {{ cooldownNL }}"]},"maxrank":5,"cooldown":[20,18,16,14,12],"cooldownBurn":"20/18/16/14/12","cost":[70,70,70,70,70],"costBurn":"70","datavalues":{},"effect":[null,[80,120,160,200,240],[1.5,1.5,1.5,1.5,1.5],[75,75,75,75,75],[3,3,3,3,3],[0,0,0,0,0],[0,0,0,0,0],[0,0,0,0,0],[0,0,0,0,0],[0,0,0,0,0],[0,0,0,0,0]],"effectBurn":[null,"80/120/160/200/240","1.5","75","3","0","0","0","0","0","0"],"vars":[{"link":"spelldamage","coeff":0.5,"key":"a1"}],"costType":" {{ abilityresourcename }}","maxammo":"-1","range":[1075,1075,1075,1075,1075],"rangeBurn":"1075","image":{"full":"ThreshQ.png","sprite":"spell12.png","group":"spell","x":192,"y":48,"w":48,"h":48},"resource":"{{ cost }} {{ abilityresourcename }}"},{"id":"ThreshW","name":"Dark Passage","description":"Thresh throws out a lantern that shields nearby allied Champions from damage. Allies can click the lantern to dash to Thresh.","tooltip":"Thresh throws the Lantern to a target location. If an ally clicks on it Thresh will pull both the Lantern and his ally to him.<br /><br />The Lantern grants a shield lasting {{ e5 }} seconds that absorbs up to {{ e1 }} <span class=\"color0bf7de\">(+{{ f6 }})</span> damage to Thresh and up to one ally if they come near it. The shield amount scales with the number of <span class=\"color0bf7de\">souls</span> Thresh has collected.","leveltip":{"label":["Shield Amount","Cooldown","@AbilityResourceName@ Cost"],"effect":["{{ e1 }} -> {{ e1NL }}","{{ cooldown }} -> {{ cooldownNL }}","{{ cost }} -> {{ costNL }}"]},"maxrank":5,"cooldown":[22,20.5,19,17.5,16],"cooldownBurn":"22/20.5/19/17.5/16","cost":[50,55,60,65,70],"costBurn":"50/55/60/65/70","datavalues":{},"effect":[null,[60,100,140,180,220],[1,1,1,1,1],[0,0,0,0,0],[6,6,6,6,6],[4,4,4,4,4],[0,0,0,0,0],[0,0,0,0,0],[0,0,0,0,0],[0,0,0,0,0],[0,0,0,0,0]],"effectBurn":[null,"60/100/140/180/220","1","0","6","4","0","0","0","0","0"],"vars":[],"costType":" {{ abilityresourcename }}","maxammo":"-1","range":[950,950,950,950,950],"rangeBurn":"950","image":{"full":"ThreshW.png","sprite":"spell12.png","group":"spell","x":240,"y":48,"w":48,"h":48},"resource":"{{ cost }} {{ abilityresourcename }}"},{"id":"ThreshE","name":"Flay","description":"Thresh's attacks wind up, dealing more damage the longer he waits between attacks. When activated, Thresh sweeps his chain, knocking all enemies hit in the direction of the blow.","tooltip":"<spellPassive>Passive: </spellPassive>Thresh's basic attacks deal from <span class=\"color0bf7de\">{{ f3 }}</span> to <span class=\"color0bf7de\">{{ f3 }}</span> <scaleAD>(+{{ f2 }})</scaleAD> additional magic damage, which builds up while not attacking (total <span class=\"color0bf7de\">souls</span> collected plus up to {{ e3 }}% total Attack Damage).<br /><br /><spellPassive>Active: </spellPassive>Deals {{ e1 }} <scaleAP>(+{{ a1 }})</scaleAP> magic damage in a line beginning behind Thresh. Enemies hit are pushed in the direction of the swing, then slowed by {{ e2 }}% for {{ e4 }} second.<br /><br />Cast forward to push; cast backward to pull.","leveltip":{"label":["Passive Damage","Active Damage","Slow","@AbilityResourceName@ Cost"],"effect":["{{ e3 }}% -> {{ e3NL }}%","{{ e1 }} -> {{ e1NL }}","{{ e2 }}% -> {{ e2NL }}%","{{ cost }} -> {{ costNL }}"]},"maxrank":5,"cooldown":[9,9,9,9,9],"cooldownBurn":"9","cost":[60,65,70,75,80],"costBurn":"60/65/70/75/80","datavalues":{},"effect":[null,[65,95,125,155,185],[20,25,30,35,40],[100,125,150,175,200],[1,1,1,1,1],[1,1,1,1,1],[1,1,1,1,1],[0,0,0,0,0],[0,0,0,0,0],[0,0,0,0,0],[0,0,0,0,0]],"effectBurn":[null,"65/95/125/155/185","20/25/30/35/40","100/125/150/175/200","1","1","1","0","0","0","0"],"vars":[{"link":"spelldamage","coeff":0.4,"key":"a1"}],"costType":" {{ abilityresourcename }}","maxammo":"-1","range":[500,500,500,500,500],"rangeBurn":"500","image":{"full":"ThreshE.png","sprite":"spell12.png","group":"spell","x":288,"y":48,"w":48,"h":48},"resource":"{{ cost }} {{ abilityresourcename }}"},{"id":"ThreshRPenta","name":"The Box","description":"A prison of walls that slow and deal damage if broken.","tooltip":"Thresh creates a prison of spectral walls around himself. Enemy champions who walk through a wall suffer {{ e1 }} <scaleAP>(+{{ a1 }})</scaleAP> magic damage and are slowed by {{ e3 }}% for {{ e2 }} seconds, but break that wall.  <br /><br />Once one wall is broken, the remaining walls deal no damage and apply half slow duration. An enemy cannot be affected by multiple walls simultaneously.","leveltip":{"label":["Damage","Cooldown"],"effect":["{{ e1 }} -> {{ e1NL }}","{{ cooldown }} -> {{ cooldownNL }}"]},"maxrank":3,"cooldown":[140,120,100],"cooldownBurn":"140/120/100","cost":[100,100,100],"costBurn":"100","datavalues":{},"effect":[null,[250,400,550],[2,2,2],[99,99,99],[4,4,4],[0,0,0],[0,0,0],[0,0,0],[0,0,0],[0,0,0],[0,0,0]],"effectBurn":[null,"250/400/550","2","99","4","0","0","0","0","0","0"],"vars":[{"link":"spelldamage","coeff":1,"key":"a1"}],"costType":" {{ abilityresourcename }}","maxammo":"-1","range":[450,450,450],"rangeBurn":"450","image":{"full":"ThreshRPenta.png","sprite":"spell12.png","group":"spell","x":336,"y":48,"w":48,"h":48},"resource":"{{ cost }} {{ abilityresourcename }}"}],"passive":{"name":"Damnation","description":"Thresh can harvest the souls of enemies that die near him, permanently granting him Armor and Ability Power.","image":{"full":"Thresh_Passive.png","sprite":"passive4.png","group":"passive","x":0,"y":0,"w":48,"h":48}},"recommended":[{"champion":"Thresh","title":"Beginner","map":"SR","mode":"INTRO","type":"riot","customTag":"","extensionPage":false,"customPanel":null,"blocks":[{"type":"beginner_starter","recMath":false,"recSteps":false,"minSummonerLevel":-1,"maxSummonerLevel":4,"showIfSummonerSpell":"","hideIfSummonerSpell":"","items":[{"id":"1054","count":1,"hideCount":false},{"id":"2003","count":1,"hideCount":false}]},{"type":"beginner_starter","recMath":false,"recSteps":false,"minSummonerLevel":5,"maxSummonerLevel":-1,"showIfSummonerSpell":"","hideIfSummonerSpell":"","items":[{"id":"1054","count":1,"hideCount":false},{"id":"2003","count":1,"hideCount":false}]},{"type":"beginner_advanced","recMath":true,"recSteps":false,"minSummonerLevel":-1,"maxSummonerLevel":-1,"showIfSummonerSpell":"","hideIfSummonerSpell":"","items":[{"id":"1028","count":1,"hideCount":false},{"id":"3751","count":1,"hideCount":false}]},{"type":"beginner_movementspeed","recMath":true,"recSteps":false,"minSummonerLevel":-1,"maxSummonerLevel":-1,"showIfSummonerSpell":"","hideIfSummonerSpell":"","items":[{"id":"1001","count":1,"hideCount":false},{"id":"1029","count":1,"hideCount":false},{"id":"3047","count":1,"hideCount":false}]},{"type":"beginner_legendaryitem","recMath":true,"recSteps":false,"minSummonerLevel":-1,"maxSummonerLevel":-1,"showIfSummonerSpell":"","hideIfSummonerSpell":"","items":[{"id":"3751","count":1,"hideCount":false},{"id":"1031","count":1,"hideCount":false},{"id":"3068","count":1,"hideCount":false}]},{"type":"beginner_morelegendaryitems","recMath":false,"recSteps":false,"minSummonerLevel":-1,"maxSummonerLevel":-1,"showIfSummonerSpell":"","hideIfSummonerSpell":"","items":[{"id":"3110","count":1,"hideCount":false},{"id":"3050","count":1,"hideCount":false},{"id":"3190","count":1,"hideCount":false}]}]},{"champion":"Thresh","title":"ThreshARAM","map":"HA","mode":"ARAM","type":"riot","customTag":"","sortrank":0,"extensionPage":false,"customPanel":null,"blocks":[{"type":"starting","recMath":false,"recSteps":false,"minSummonerLevel":-1,"maxSummonerLevel":-1,"showIfSummonerSpell":"","hideIfSummonerSpell":"","appendAfterSection":"","visibleWithAllOf":[""],"hiddenWithAnyOf":[""],"items":[{"id":"2051","count":1,"hideCount":false},{"id":"1001","count":1,"hideCount":false},{"id":"2003","count":3,"hideCount":false}]},{"type":"essential","recMath":false,"recSteps":false,"minSummonerLevel":-1,"maxSummonerLevel":-1,"showIfSummonerSpell":"","hideIfSummonerSpell":"","appendAfterSection":"","visibleWithAllOf":[""],"hiddenWithAnyOf":[""],"items":[{"id":"3109","count":1,"hideCount":false},{"id":"3111","count":1,"hideCount":false},{"id":"3107","count":1,"hideCount":false}]},{"type":"offensive","recMath":false,"recSteps":false,"minSummonerLevel":-1,"maxSummonerLevel":-1,"showIfSummonerSpell":"","hideIfSummonerSpell":"","appendAfterSection":"","visibleWithAllOf":[""],"hiddenWithAnyOf":[""],"items":[{"id":"3050","count":1,"hideCount":false},{"id":"3001","count":1,"hideCount":false},{"id":"3742","count":1,"hideCount":false}]},{"type":"defensive","recMath":false,"recSteps":false,"minSummonerLevel":-1,"maxSummonerLevel":-1,"showIfSummonerSpell":"","hideIfSummonerSpell":"","appendAfterSection":"","visibleWithAllOf":[""],"hiddenWithAnyOf":[""],"items":[{"id":"3190","count":1,"hideCount":false},{"id":"3110","count":1,"hideCount":false},{"id":"3060","count":1,"hideCount":false}]},{"type":"offmeta","recMath":false,"recSteps":false,"minSummonerLevel":-1,"maxSummonerLevel":-1,"showIfSummonerSpell":"","hideIfSummonerSpell":"","appendAfterSection":"","visibleWithAllOf":[""],"hiddenWithAnyOf":[""],"items":[{"id":"3094","count":1,"hideCount":false},{"id":"3031","count":1,"hideCount":false},{"id":"3087","count":1,"hideCount":false}]},{"type":"consumables","recMath":false,"recSteps":false,"minSummonerLevel":-1,"maxSummonerLevel":-1,"showIfSummonerSpell":"","hideIfSummonerSpell":"","appendAfterSection":"","visibleWithAllOf":[""],"hiddenWithAnyOf":[""],"items":[{"id":"2003","count":1,"hideCount":true},{"id":"2138","count":1,"hideCount":true}]}]},{"champion":"Thresh","title":"ThreshFIRSTBLOOD","map":"HA","mode":"FIRSTBLOOD","type":"riot","customTag":"","sortrank":0,"extensionPage":false,"customPanel":null,"blocks":[{"type":"starting","recMath":false,"recSteps":false,"minSummonerLevel":-1,"maxSummonerLevel":-1,"showIfSummonerSpell":"","hideIfSummonerSpell":"","items":[{"id":"2003","count":3,"hideCount":false},{"id":"3302","count":1,"hideCount":false},{"id":"3340","count":1,"hideCount":false}]},{"type":"early","recMath":false,"recSteps":false,"minSummonerLevel":-1,"maxSummonerLevel":-1,"showIfSummonerSpell":"","hideIfSummonerSpell":"","items":[{"id":"2049","count":1,"hideCount":false},{"id":"3097","count":1,"hideCount":false},{"id":"1001","count":1,"hideCount":false}]},{"type":"essential","recMath":false,"recSteps":false,"minSummonerLevel":-1,"maxSummonerLevel":-1,"showIfSummonerSpell":"","hideIfSummonerSpell":"","items":[{"id":"3401","count":1,"hideCount":false},{"id":"3190","count":1,"hideCount":false},{"id":"3117","count":1,"hideCount":false}]},{"type":"aggressive","recMath":false,"recSteps":false,"minSummonerLevel":-1,"maxSummonerLevel":-1,"showIfSummonerSpell":"","hideIfSummonerSpell":"","items":[{"id":"3050","count":1,"hideCount":false},{"id":"3800","count":1,"hideCount":false}]},{"type":"protective","recMath":false,"recSteps":false,"minSummonerLevel":-1,"maxSummonerLevel":-1,"showIfSummonerSpell":"","hideIfSummonerSpell":"","items":[{"id":"3222","count":1,"hideCount":false},{"id":"3110","count":1,"hideCount":false},{"id":"3109","count":1,"hideCount":false}]},{"type":"consumables","recMath":false,"recSteps":false,"minSummonerLevel":-1,"maxSummonerLevel":-1,"showIfSummonerSpell":"","hideIfSummonerSpell":"","items":[{"id":"2003","count":1,"hideCount":true},{"id":"2138","count":1,"hideCount":true}]}]},{"champion":"Thresh","title":"ThreshARAM","map":"HA","mode":"KINGPORO","type":"riot","customTag":"","sortrank":0,"extensionPage":false,"customPanel":null,"blocks":[{"type":"KingPoroSnax","recMath":false,"recSteps":false,"minSummonerLevel":-1,"maxSummonerLevel":-1,"showIfSummonerSpell":"","hideIfSummonerSpell":"","items":[{"id":"3680","count":1,"hideCount":false},{"id":"3681","count":1,"hideCount":false},{"id":"3682","count":1,"hideCount":false},{"id":"3683","count":1,"hideCount":false},{"id":"3684","count":1,"hideCount":false},{"id":"3685","count":1,"hideCount":false}]},{"type":"starting","recMath":false,"recSteps":false,"minSummonerLevel":-1,"maxSummonerLevel":-1,"showIfSummonerSpell":"","hideIfSummonerSpell":"","appendAfterSection":"","visibleWithAllOf":[""],"hiddenWithAnyOf":[""],"items":[{"id":"2051","count":1,"hideCount":false},{"id":"1001","count":1,"hideCount":false},{"id":"2003","count":3,"hideCount":false}]},{"type":"essential","recMath":false,"recSteps":false,"minSummonerLevel":-1,"maxSummonerLevel":-1,"showIfSummonerSpell":"","hideIfSummonerSpell":"","appendAfterSection":"","visibleWithAllOf":[""],"hiddenWithAnyOf":[""],"items":[{"id":"3109","count":1,"hideCount":false},{"id":"3111","count":1,"hideCount":false},{"id":"3107","count":1,"hideCount":false}]},{"type":"offensive","recMath":false,"recSteps":false,"minSummonerLevel":-1,"maxSummonerLevel":-1,"showIfSummonerSpell":"","hideIfSummonerSpell":"","appendAfterSection":"","visibleWithAllOf":[""],"hiddenWithAnyOf":[""],"items":[{"id":"3050","count":1,"hideCount":false},{"id":"3001","count":1,"hideCount":false},{"id":"3742","count":1,"hideCount":false}]},{"type":"defensive","recMath":false,"recSteps":false,"minSummonerLevel":-1,"maxSummonerLevel":-1,"showIfSummonerSpell":"","hideIfSummonerSpell":"","appendAfterSection":"","visibleWithAllOf":[""],"hiddenWithAnyOf":[""],"items":[{"id":"3190","count":1,"hideCount":false},{"id":"3110","count":1,"hideCount":false},{"id":"3060","count":1,"hideCount":false}]},{"type":"offmeta","recMath":false,"recSteps":false,"minSummonerLevel":-1,"maxSummonerLevel":-1,"showIfSummonerSpell":"","hideIfSummonerSpell":"","appendAfterSection":"","visibleWithAllOf":[""],"hiddenWithAnyOf":[""],"items":[{"id":"3094","count":1,"hideCount":false},{"id":"3031","count":1,"hideCount":false},{"id":"3087","count":1,"hideCount":false}]},{"type":"consumables","recMath":false,"recSteps":false,"minSummonerLevel":-1,"maxSummonerLevel":-1,"showIfSummonerSpell":"","hideIfSummonerSpell":"","appendAfterSection":"","visibleWithAllOf":[""],"hiddenWithAnyOf":[""],"items":[{"id":"2003","count":1,"hideCount":true},{"id":"2138","count":1,"hideCount":true}]}]},{"champion":"Thresh","title":"ThreshNB","map":"NB","mode":"NEXUSBLITZ","type":"riot","customTag":"","sortrank":0,"extensionPage":false,"useObviousCheckmark":false,"customPanel":null,"blocks":[{"type":"starting","recMath":false,"recSteps":false,"minSummonerLevel":-1,"maxSummonerLevel":-1,"showIfSummonerSpell":"","hideIfSummonerSpell":"SummonerSmite","appendAfterSection":"","visibleWithAllOf":[""],"hiddenWithAnyOf":[""],"items":[{"id":"4201","count":1,"hideCount":false},{"id":"2003","count":1,"hideCount":false},{"id":"3340","count":1,"hideCount":false}]},{"type":"startingjungle","recMath":false,"recSteps":false,"minSummonerLevel":-1,"maxSummonerLevel":-1,"showIfSummonerSpell":"SummonerSmite","hideIfSummonerSpell":"","appendAfterSection":"","visibleWithAllOf":[""],"hiddenWithAnyOf":[""],"items":[{"id":"4101","count":1,"hideCount":false},{"id":"2003","count":1,"hideCount":false},{"id":"3340","count":1,"hideCount":false}]},{"type":"early","recMath":false,"recSteps":false,"minSummonerLevel":-1,"maxSummonerLevel":-1,"showIfSummonerSpell":"","hideIfSummonerSpell":"SummonerSmite","appendAfterSection":"","visibleWithAllOf":[""],"hiddenWithAnyOf":[""],"items":[{"id":"1001","count":1,"hideCount":false},{"id":"3067","count":1,"hideCount":false}]},{"type":"earlyjungle","recMath":false,"recSteps":false,"minSummonerLevel":-1,"maxSummonerLevel":-1,"showIfSummonerSpell":"SummonerSmite","hideIfSummonerSpell":"","appendAfterSection":"","visibleWithAllOf":[""],"hiddenWithAnyOf":[""],"items":[{"id":"1001","count":1,"hideCount":false},{"id":"3751","count":1,"hideCount":false}]},{"type":"essential","recMath":false,"recSteps":false,"minSummonerLevel":-1,"maxSummonerLevel":-1,"showIfSummonerSpell":"","hideIfSummonerSpell":"SummonerSmite","appendAfterSection":"","visibleWithAllOf":[""],"hiddenWithAnyOf":[""],"items":[{"id":"3117","count":1,"hideCount":false},{"id":"3050","count":1,"hideCount":false},{"id":"3800","count":1,"hideCount":false}]},{"type":"essentialjungle","recMath":false,"recSteps":false,"minSummonerLevel":-1,"maxSummonerLevel":-1,"showIfSummonerSpell":"SummonerSmite","hideIfSummonerSpell":"","appendAfterSection":"","visibleWithAllOf":[""],"hiddenWithAnyOf":[""],"items":[{"id":"3117","count":1,"hideCount":false},{"id":"4103","count":1,"hideCount":false},{"id":"3800","count":1,"hideCount":false}]},{"type":"aggressive","recMath":false,"recSteps":false,"minSummonerLevel":-1,"maxSummonerLevel":-1,"showIfSummonerSpell":"","hideIfSummonerSpell":"","appendAfterSection":"","visibleWithAllOf":[""],"hiddenWithAnyOf":[""],"items":[{"id":"3050","count":1,"hideCount":false},{"id":"3190","count":1,"hideCount":false},{"id":"3143","count":1,"hideCount":false}]},{"type":"protective","recMath":false,"recSteps":false,"minSummonerLevel":-1,"maxSummonerLevel":-1,"showIfSummonerSpell":"","hideIfSummonerSpell":"","appendAfterSection":"","visibleWithAllOf":[""],"hiddenWithAnyOf":[""],"items":[{"id":"3107","count":1,"hideCount":false},{"id":"3222","count":1,"hideCount":false},{"id":"3110","count":1,"hideCount":false}]},{"type":"consumables","recMath":false,"recSteps":false,"minSummonerLevel":-1,"maxSummonerLevel":-1,"showIfSummonerSpell":"","hideIfSummonerSpell":"","appendAfterSection":"","visibleWithAllOf":[""],"hiddenWithAnyOf":[""],"items":[{"id":"2003","count":1,"hideCount":true},{"id":"2138","count":1,"hideCount":true}]}]},{"champion":"Thresh","title":"ThreshSR","map":"SR","mode":"CLASSIC","type":"riot","customTag":"","sortrank":0,"extensionPage":false,"useObviousCheckmark":false,"customPanel":null,"blocks":[{"type":"starting","recMath":false,"recSteps":false,"minSummonerLevel":-1,"maxSummonerLevel":-1,"showIfSummonerSpell":"","hideIfSummonerSpell":"","appendAfterSection":"","visibleWithAllOf":[""],"hiddenWithAnyOf":[""],"items":[{"id":"3854","count":1,"hideCount":false},{"id":"2003","count":2,"hideCount":false},{"id":"3340","count":1,"hideCount":false}]},{"type":"early","recMath":false,"recSteps":false,"minSummonerLevel":-1,"maxSummonerLevel":-1,"showIfSummonerSpell":"","hideIfSummonerSpell":"","appendAfterSection":"","visibleWithAllOf":[""],"hiddenWithAnyOf":[""],"items":[{"id":"1001","count":1,"hideCount":false},{"id":"3067","count":1,"hideCount":false},{"id":"3024","count":1,"hideCount":false}]},{"type":"essential","recMath":false,"recSteps":false,"minSummonerLevel":-1,"maxSummonerLevel":-1,"showIfSummonerSpell":"","hideIfSummonerSpell":"","appendAfterSection":"","visibleWithAllOf":[""],"hiddenWithAnyOf":[""],"items":[{"id":"3117","count":1,"hideCount":false},{"id":"3050","count":1,"hideCount":false},{"id":"3109","count":1,"hideCount":false}]},{"type":"aggressive","recMath":false,"recSteps":false,"minSummonerLevel":-1,"maxSummonerLevel":-1,"showIfSummonerSpell":"","hideIfSummonerSpell":"","appendAfterSection":"","visibleWithAllOf":[""],"hiddenWithAnyOf":[""],"items":[{"id":"3190","count":1,"hideCount":false},{"id":"3107","count":1,"hideCount":false},{"id":"3800","count":1,"hideCount":false}]},{"type":"protective","recMath":false,"recSteps":false,"minSummonerLevel":-1,"maxSummonerLevel":-1,"showIfSummonerSpell":"","hideIfSummonerSpell":"","appendAfterSection":"","visibleWithAllOf":[""],"hiddenWithAnyOf":[""],"items":[{"id":"3193","count":1,"hideCount":false},{"id":"3222","count":1,"hideCount":false}]},{"type":"consumables","recMath":false,"recSteps":false,"minSummonerLevel":-1,"maxSummonerLevel":-1,"showIfSummonerSpell":"","hideIfSummonerSpell":"","appendAfterSection":"","visibleWithAllOf":[""],"hiddenWithAnyOf":[""],"items":[{"id":"2003","count":1,"hideCount":true},{"id":"2138","count":1,"hideCount":true},{"id":"2055","count":1,"hideCount":true}]}]}]}}}