{"type":"champion","format":"standAloneComplex","version":"10.15.1","data":{"Tristana":{"id":"Tristana","key":"18","name":"Tristana","title":"the Yordle Gunner","image":{"full":"Tristana.png","sprite":"champion4.png","group":"champion","x":48,"y":0,"w":48,"h":48},"skins":[{"id":"18000","num":0,"name":"default","chromas":false},{"id":"18001","num":1,"name":"Riot Girl Tristana","chromas":false},{"id":"18002","num":2,"name":"Earnest Elf Tristana","chromas":false},{"id":"18003","num":3,"name":"Firefighter Tristana","chromas":false},{"id":"18004","num":4,"name":"Guerilla Tristana","chromas":false},{"id":"18005","num":5,"name":"Buccaneer Tristana","chromas":false},{"id":"18006","num":6,"name":"Rocket Girl Tristana","chromas":true},{"id":"18010","num":10,"name":"Dragon Trainer Tristana","chromas":true},{"id":"18011","num":11,"name":"Bewitching Tristana","chromas":false},{"id":"18012","num":12,"name":"Omega Squad Tristana","chromas":true},{"id":"18024","num":24,"name":"Little Demon Tristana","chromas":true},{"id":"18033","num":33,"name":"Pengu Cosplay Tristana","chromas":true}],"lore":"While many other yordles channel their energy into discovery, invention, or just plain mischief-making, Tristana was always inspired by the adventures of great warriors. She had heard much about Runeterra, its factions, and its wars, and believed her kind could become worthy of legend too. Setting foot in the world for the first time, she took up her trusty cannon Boomer, and now leaps into battle with steadfast courage and optimism.","blurb":"While many other yordles channel their energy into discovery, invention, or just plain mischief-making, Tristana was always inspired by the adventures of great warriors. She had heard much about Runeterra, its factions, and its wars, and believed her...","allytips":["Her massive gun allows Tristana to fire on targets at a great distance. Utilize this to prevent your enemies from ever laying a hand on you.","Use Rocket Jump after you have stacked up your Explosive Charge on an enemy to finish them off with a burst of damage.","Use Rapid Fire to help stack up your Explosive Charge on enemy champions."],"enemytips":["If you see Tristana activate Rapid Fire in a fight, stun her and try to back off until the spell dissipates.","Stand away from your creeps in a lane to take less collateral damage from Explosive Charge."],"tags":["Marksman","Assassin"],"partype":"Mana","info":{"attack":9,"defense":3,"magic":5,"difficulty":4},"stats":{"hp":559,"hpperlevel":88,"mp":250,"mpperlevel":32,"movespeed":325,"armor":26,"armorperlevel":3,"spellblock":30,"spellblockperlevel":0.5,"attackrange":525,"hpregen":3.75,"hpregenperlevel":0.65,"mpregen":7.2,"mpregenperlevel":0.45,"crit":0,"critperlevel":0,"attackdamage":61,"attackdamageperlevel":3.3,"attackspeedperlevel":1.5,"attackspeed":0.656},"spells":[{"id":"TristanaQ","name":"Rapid Fire","description":"Tristana fires her weapon rapidly, increasing her Attack Speed for a short time.","tooltip":"<spellPassive>Active: </spellPassive>Increases Tristana's Attack Speed by {{ e1 }}% for {{ e2 }} seconds.","leveltip":{"label":["Attack Speed %","Cooldown"],"effect":["{{ effect1amount*100.000000 }}% -> {{ effect1amountnl*100.000000 }}%","{{ cooldown }} -> {{ cooldownNL }}"]},"maxrank":5,"cooldown":[20,19,18,17,16],"cooldownBurn":"20/19/18/17/16","cost":[0,0,0,0,0],"costBurn":"0","datavalues":{},"effect":[null,[50,65,80,95,110],[7,7,7,7,7],[0,0,0,0,0],[0,0,0,0,0],[0,0,0,0,0],[0,0,0,0,0],[0,0,0,0,0],[0,0,0,0,0],[0,0,0,0,0],[0,0,0,0,0]],"effectBurn":[null,"50/65/80/95/110","7","0","0","0","0","0","0","0","0"],"vars":[],"costType":"No Cost","maxammo":"-1","range":[20,20,20,20,20],"rangeBurn":"20","image":{"full":"TristanaQ.png","sprite":"spell12.png","group":"spell","x":384,"y":48,"w":48,"h":48},"resource":"No Cost"},{"id":"TristanaW","name":"Rocket Jump","description":"Tristana fires at the ground to propel her to a distant location, dealing damage and slowing surrounding units for a brief period where she lands.","tooltip":"Tristana launches herself to target location, dealing {{ e1 }} <scaleAP>(+{{ a1 }})</scaleAP> Magic Damage and slowing surrounding enemies by {{ e3 }}% for {{ e2 }} seconds.<br /><br />Kills, Assists, and max stack Explosive Charge detonations on Champions reset Rocket Jump's cooldown.","leveltip":{"label":["Damage","Slow Duration","Cooldown"],"effect":["{{ e1 }} -> {{ e1NL }}","{{ e2 }} -> {{ e2NL }}","{{ cooldown }} -> {{ cooldownNL }}"]},"maxrank":5,"cooldown":[22,20,18,16,14],"cooldownBurn":"22/20/18/16/14","cost":[60,60,60,60,60],"costBurn":"60","datavalues":{},"effect":[null,[95,145,195,245,295],[1,1.5,2,2.5,3],[60,60,60,60,60],[350,350,350,350,350],[0,0,0,0,0],[0,0,0,0,0],[0,0,0,0,0],[0,0,0,0,0],[0,0,0,0,0],[0,0,0,0,0]],"effectBurn":[null,"95/145/195/245/295","1/1.5/2/2.5/3","60","350","0","0","0","0","0","0"],"vars":[{"link":"spelldamage","coeff":0.5,"key":"a1"}],"costType":" {{ abilityresourcename }}","maxammo":"-1","range":[900,900,900,900,900],"rangeBurn":"900","image":{"full":"TristanaW.png","sprite":"spell12.png","group":"spell","x":432,"y":48,"w":48,"h":48},"resource":"{{ cost }} {{ abilityresourcename }}"},{"id":"TristanaE","name":"Explosive Charge","description":"When Tristana kills a unit, her cannonballs burst into shrapnel, dealing damage to surrounding enemies. Can be activated to place a bomb on a target enemy that explodes after a short duration dealing damage to surrounding units.","tooltip":"<spellPassive>Passive: </spellPassive>Enemies explode when slain by Tristana's basic attacks, dealing <magicDamage>{{ passivedamage }} Magic Damage</magicDamage> to nearby enemies.<br /><br /><spellPassive>Active: </spellPassive>Places a bomb on an enemy or turret that explodes after {{ activeduration }} seconds, dealing <physicalDamage>{{ activedamage }} Physical Damage</physicalDamage>. Each attack and ability charges the bomb's damage by +{{ activeperstackamp*100 }}%, up to a maximum of <physicalDamage>{{ activemaxdamage }}</physicalDamage>.<br /><br />At {{ activemaxstacks }} charges, the bomb explodes immediately. The detonation radius is twice as large if used on a turret.","leveltip":{"label":["Passive Explosion Damage","Base Charge Damage","@AbilityResourceName@ Cost","Attack Damage","Cooldown"],"effect":["{{ passivebasedamage }} -> {{ passivebasedamageNL }}","{{ activebasedamage }} -> {{ activebasedamageNL }}","{{ cost }} -> {{ costNL }}","{{ activebadratio*100.000000 }}% -> {{ activebadrationl*100.000000 }}%","{{ cooldown }} -> {{ cooldownNL }}"]},"maxrank":5,"cooldown":[16,15.5,15,14.5,14],"cooldownBurn":"16/15.5/15/14.5/14","cost":[50,55,60,65,70],"costBurn":"50/55/60/65/70","datavalues":{},"effect":[null,[0,0,0,0,0],[0,0,0,0,0],[0,0,0,0,0],[0,0,0,0,0],[0,0,0,0,0],[0,0,0,0,0],[0,0,0,0,0],[0,0,0,0,0],[0,0,0,0,0],[0,0,0,0,0]],"effectBurn":[null,"0","0","0","0","0","0","0","0","0","0"],"vars":[],"costType":" {{ abilityresourcename }}","maxammo":"-1","range":[550,550,550,550,550],"rangeBurn":"550","image":{"full":"TristanaE.png","sprite":"spell12.png","group":"spell","x":0,"y":96,"w":48,"h":48},"resource":"{{ cost }} {{ abilityresourcename }}"},{"id":"TristanaR","name":"Buster Shot","description":"Tristana loads a massive cannonball into her weapon and fires it at an enemy unit. This deals Magic Damage and knocks the target back. If the target is carrying the Explosive Charge bomb, the bomb detonation radius is doubled.","tooltip":"Tristana fires a massive cannonball at an enemy unit. This deals {{ damagecalc }} Magic Damage and knocks surrounding units back {{ knockbackdistance }} distance.","leveltip":{"label":["Damage","Knockback Distance","Cooldown"],"effect":["{{ basedamage }} -> {{ basedamageNL }}","{{ knockbackdistance }} -> {{ knockbackdistanceNL }}","{{ cooldown }} -> {{ cooldownNL }}"]},"maxrank":3,"cooldown":[120,110,100],"cooldownBurn":"120/110/100","cost":[100,100,100],"costBurn":"100","datavalues":{},"effect":[null,[0,0,0],[0,0,0],[0,0,0],[0,0,0],[0,0,0],[0,0,0],[0,0,0],[0,0,0],[0,0,0],[0,0,0]],"effectBurn":[null,"0","0","0","0","0","0","0","0","0","0"],"vars":[],"costType":" {{ abilityresourcename }}","maxammo":"-1","range":[550,550,550],"rangeBurn":"550","image":{"full":"TristanaR.png","sprite":"spell12.png","group":"spell","x":48,"y":96,"w":48,"h":48},"resource":"{{ cost }} {{ abilityresourcename }}"}],"passive":{"name":"Draw a Bead","description":"Increases Tristana's Attack Range as she levels.","image":{"full":"Tristana_Passive.png","sprite":"passive4.png","group":"passive","x":48,"y":0,"w":48,"h":48}},"recommended":[{"champion":"Tristana","title":"Beginner","map":"SR","mode":"INTRO","type":"riot","customTag":"","extensionPage":false,"customPanel":null,"blocks":[{"type":"beginner_starter","recMath":false,"recSteps":false,"minSummonerLevel":-1,"maxSummonerLevel":4,"showIfSummonerSpell":"","hideIfSummonerSpell":"","items":[{"id":"1055","count":1,"hideCount":false}]},{"type":"beginner_starter","recMath":false,"recSteps":false,"minSummonerLevel":5,"maxSummonerLevel":-1,"showIfSummonerSpell":"","hideIfSummonerSpell":"","items":[{"id":"1055","count":1,"hideCount":false},{"id":"2003","count":1,"hideCount":false}]},{"type":"beginner_advanced","recMath":true,"recSteps":false,"minSummonerLevel":-1,"maxSummonerLevel":-1,"showIfSummonerSpell":"","hideIfSummonerSpell":"","items":[{"id":"1036","count":1,"hideCount":false},{"id":"1053","count":1,"hideCount":false}]},{"type":"beginner_movementspeed","recMath":true,"recSteps":false,"minSummonerLevel":-1,"maxSummonerLevel":-1,"showIfSummonerSpell":"","hideIfSummonerSpell":"","items":[{"id":"1001","count":1,"hideCount":false},{"id":"1042","count":1,"hideCount":false},{"id":"3006","count":1,"hideCount":false}]},{"type":"beginner_legendaryitem","recMath":true,"recSteps":false,"minSummonerLevel":-1,"maxSummonerLevel":-1,"showIfSummonerSpell":"","hideIfSummonerSpell":"","items":[{"id":"1053","count":1,"hideCount":false},{"id":"1038","count":1,"hideCount":false},{"id":"3072","count":1,"hideCount":false}]},{"type":"beginner_morelegendaryitems","recMath":false,"recSteps":false,"minSummonerLevel":-1,"maxSummonerLevel":-1,"showIfSummonerSpell":"","hideIfSummonerSpell":"","items":[{"id":"3087","count":1,"hideCount":false},{"id":"3022","count":1,"hideCount":false},{"id":"3031","count":1,"hideCount":false},{"id":"3026","count":1,"hideCount":false}]}]},{"champion":"Tristana","title":"TristanaARAM","map":"HA","mode":"ARAM","type":"riot","customTag":"","sortrank":0,"extensionPage":false,"useObviousCheckmark":false,"customPanel":null,"blocks":[{"type":"starting","recMath":false,"recSteps":false,"minSummonerLevel":-1,"maxSummonerLevel":-1,"showIfSummonerSpell":"","hideIfSummonerSpell":"","appendAfterSection":"","visibleWithAllOf":[""],"hiddenWithAnyOf":[""],"items":[{"id":"2003","count":2,"hideCount":false},{"id":"1038","count":1,"hideCount":false}]},{"type":"essential","recMath":false,"recSteps":false,"minSummonerLevel":-1,"maxSummonerLevel":-1,"showIfSummonerSpell":"","hideIfSummonerSpell":"","appendAfterSection":"","visibleWithAllOf":[""],"hiddenWithAnyOf":[""],"items":[{"id":"3006","count":1,"hideCount":false},{"id":"3031","count":1,"hideCount":false},{"id":"3046","count":1,"hideCount":false}]},{"type":"offensive","recMath":false,"recSteps":false,"minSummonerLevel":-1,"maxSummonerLevel":-1,"showIfSummonerSpell":"","hideIfSummonerSpell":"","appendAfterSection":"","visibleWithAllOf":[""],"hiddenWithAnyOf":[""],"items":[{"id":"3094","count":1,"hideCount":false},{"id":"3036","count":1,"hideCount":false},{"id":"3087","count":1,"hideCount":false}]},{"type":"defensive","recMath":false,"recSteps":false,"minSummonerLevel":-1,"maxSummonerLevel":-1,"showIfSummonerSpell":"","hideIfSummonerSpell":"","appendAfterSection":"","visibleWithAllOf":[""],"hiddenWithAnyOf":[""],"items":[{"id":"3812","count":1,"hideCount":false},{"id":"3139","count":1,"hideCount":false},{"id":"3072","count":1,"hideCount":false}]},{"type":"consumables","recMath":false,"recSteps":false,"minSummonerLevel":-1,"maxSummonerLevel":-1,"showIfSummonerSpell":"","hideIfSummonerSpell":"","appendAfterSection":"","visibleWithAllOf":[""],"hiddenWithAnyOf":[""],"items":[{"id":"2003","count":1,"hideCount":true},{"id":"2033","count":1,"hideCount":false},{"id":"2140","count":1,"hideCount":true}]}]},{"champion":"Tristana","title":"TristanaFIRSTBLOOD","map":"HA","mode":"FIRSTBLOOD","type":"riot","customTag":"","extensionPage":false,"customPanel":null,"blocks":[{"type":"starting","recMath":false,"recSteps":false,"minSummonerLevel":-1,"maxSummonerLevel":-1,"showIfSummonerSpell":"","hideIfSummonerSpell":"","items":[{"id":"1055","count":1,"hideCount":false},{"id":"2003","count":1,"hideCount":false},{"id":"3340","count":1,"hideCount":false}]},{"type":"early","recMath":false,"recSteps":false,"minSummonerLevel":-1,"maxSummonerLevel":-1,"showIfSummonerSpell":"","hideIfSummonerSpell":"","items":[{"id":"1038","count":1,"hideCount":false},{"id":"3086","count":1,"hideCount":false},{"id":"1001","count":1,"hideCount":false}]},{"type":"essential","recMath":false,"recSteps":false,"minSummonerLevel":-1,"maxSummonerLevel":-1,"showIfSummonerSpell":"","hideIfSummonerSpell":"","items":[{"id":"3031","count":1,"hideCount":false},{"id":"3006","count":1,"hideCount":false}]},{"type":"offensive","recMath":false,"recSteps":false,"minSummonerLevel":-1,"maxSummonerLevel":-1,"showIfSummonerSpell":"","hideIfSummonerSpell":"","items":[{"id":"3087","count":1,"hideCount":false},{"id":"3094","count":1,"hideCount":false},{"id":"3072","count":1,"hideCount":false}]},{"type":"situational","recMath":false,"recSteps":false,"minSummonerLevel":-1,"maxSummonerLevel":-1,"showIfSummonerSpell":"","hideIfSummonerSpell":"","items":[{"id":"3139","count":1,"hideCount":false},{"id":"3036","count":1,"hideCount":false},{"id":"3026","count":1,"hideCount":false}]},{"type":"consumables","recMath":false,"recSteps":false,"minSummonerLevel":-1,"maxSummonerLevel":-1,"showIfSummonerSpell":"","hideIfSummonerSpell":"","items":[{"id":"2003","count":1,"hideCount":true},{"id":"2031","count":1,"hideCount":true},{"id":"2043","count":1,"hideCount":true},{"id":"2140","count":1,"hideCount":true},{"id":"3363","count":1,"hideCount":true}]}]},{"champion":"Tristana","title":"TristanaARAM","map":"HA","mode":"KINGPORO","type":"riot","customTag":"","sortrank":0,"extensionPage":false,"useObviousCheckmark":false,"customPanel":null,"blocks":[{"type":"KingPoroSnax","recMath":false,"recSteps":false,"minSummonerLevel":-1,"maxSummonerLevel":-1,"showIfSummonerSpell":"","hideIfSummonerSpell":"","items":[{"id":"3680","count":1,"hideCount":false},{"id":"3681","count":1,"hideCount":false},{"id":"3682","count":1,"hideCount":false},{"id":"3683","count":1,"hideCount":false},{"id":"3684","count":1,"hideCount":false},{"id":"3685","count":1,"hideCount":false}]},{"type":"starting","recMath":false,"recSteps":false,"minSummonerLevel":-1,"maxSummonerLevel":-1,"showIfSummonerSpell":"","hideIfSummonerSpell":"","appendAfterSection":"","visibleWithAllOf":[""],"hiddenWithAnyOf":[""],"items":[{"id":"2003","count":2,"hideCount":false},{"id":"1038","count":1,"hideCount":false}]},{"type":"essential","recMath":false,"recSteps":false,"minSummonerLevel":-1,"maxSummonerLevel":-1,"showIfSummonerSpell":"","hideIfSummonerSpell":"","appendAfterSection":"","visibleWithAllOf":[""],"hiddenWithAnyOf":[""],"items":[{"id":"3006","count":1,"hideCount":false},{"id":"3031","count":1,"hideCount":false},{"id":"3046","count":1,"hideCount":false}]},{"type":"offensive","recMath":false,"recSteps":false,"minSummonerLevel":-1,"maxSummonerLevel":-1,"showIfSummonerSpell":"","hideIfSummonerSpell":"","appendAfterSection":"","visibleWithAllOf":[""],"hiddenWithAnyOf":[""],"items":[{"id":"3094","count":1,"hideCount":false},{"id":"3036","count":1,"hideCount":false},{"id":"3087","count":1,"hideCount":false}]},{"type":"defensive","recMath":false,"recSteps":false,"minSummonerLevel":-1,"maxSummonerLevel":-1,"showIfSummonerSpell":"","hideIfSummonerSpell":"","appendAfterSection":"","visibleWithAllOf":[""],"hiddenWithAnyOf":[""],"items":[{"id":"3812","count":1,"hideCount":false},{"id":"3139","count":1,"hideCount":false},{"id":"3072","count":1,"hideCount":false}]},{"type":"consumables","recMath":false,"recSteps":false,"minSummonerLevel":-1,"maxSummonerLevel":-1,"showIfSummonerSpell":"","hideIfSummonerSpell":"","appendAfterSection":"","visibleWithAllOf":[""],"hiddenWithAnyOf":[""],"items":[{"id":"2003","count":1,"hideCount":true},{"id":"2033","count":1,"hideCount":false},{"id":"2140","count":1,"hideCount":true}]}]},{"champion":"Tristana","title":"TristanaSL","map":"NB","mode":"NEXUSBLITZ","type":"riot","customTag":"","sortrank":0,"extensionPage":false,"useObviousCheckmark":false,"customPanel":null,"blocks":[{"type":"starting","recMath":false,"recSteps":false,"minSummonerLevel":-1,"maxSummonerLevel":-1,"showIfSummonerSpell":"","hideIfSummonerSpell":"SummonerSmite","appendAfterSection":"","visibleWithAllOf":[""],"hiddenWithAnyOf":[""],"items":[{"id":"4202","count":1,"hideCount":false},{"id":"2003","count":1,"hideCount":false},{"id":"3340","count":1,"hideCount":false}]},{"type":"startingjungle","recMath":false,"recSteps":false,"minSummonerLevel":-1,"maxSummonerLevel":-1,"showIfSummonerSpell":"SummonerSmite","hideIfSummonerSpell":"","appendAfterSection":"","visibleWithAllOf":[""],"hiddenWithAnyOf":[""],"items":[{"id":"4101","count":1,"hideCount":false},{"id":"2003","count":1,"hideCount":false},{"id":"3340","count":1,"hideCount":false}]},{"type":"early","recMath":false,"recSteps":false,"minSummonerLevel":-1,"maxSummonerLevel":-1,"showIfSummonerSpell":"","hideIfSummonerSpell":"SummonerSmite","appendAfterSection":"","visibleWithAllOf":[""],"hiddenWithAnyOf":[""],"items":[{"id":"1038","count":1,"hideCount":false},{"id":"1001","count":1,"hideCount":false},{"id":"1037","count":1,"hideCount":false}]},{"type":"earlyjungle","recMath":false,"recSteps":false,"minSummonerLevel":-1,"maxSummonerLevel":-1,"showIfSummonerSpell":"SummonerSmite","hideIfSummonerSpell":"","appendAfterSection":"","visibleWithAllOf":[""],"hiddenWithAnyOf":[""],"items":[{"id":"1043","count":1,"hideCount":false},{"id":"1001","count":1,"hideCount":false}]},{"type":"essential","recMath":false,"recSteps":false,"minSummonerLevel":-1,"maxSummonerLevel":-1,"showIfSummonerSpell":"","hideIfSummonerSpell":"SummonerSmite","appendAfterSection":"","visibleWithAllOf":[""],"hiddenWithAnyOf":[""],"items":[{"id":"3095","count":1,"hideCount":false},{"id":"3006","count":1,"hideCount":false},{"id":"3094","count":1,"hideCount":false}]},{"type":"essentialjungle","recMath":false,"recSteps":false,"minSummonerLevel":-1,"maxSummonerLevel":-1,"showIfSummonerSpell":"SummonerSmite","hideIfSummonerSpell":"","appendAfterSection":"","visibleWithAllOf":[""],"hiddenWithAnyOf":[""],"items":[{"id":"4105","count":1,"hideCount":false},{"id":"3006","count":1,"hideCount":false},{"id":"3094","count":1,"hideCount":false}]},{"type":"offensive","recMath":false,"recSteps":false,"minSummonerLevel":-1,"maxSummonerLevel":-1,"showIfSummonerSpell":"","hideIfSummonerSpell":"","appendAfterSection":"","visibleWithAllOf":[""],"hiddenWithAnyOf":[""],"items":[{"id":"3031","count":1,"hideCount":false},{"id":"3036","count":1,"hideCount":false},{"id":"3072","count":1,"hideCount":false}]},{"type":"situational","recMath":false,"recSteps":false,"minSummonerLevel":-1,"maxSummonerLevel":-1,"showIfSummonerSpell":"","hideIfSummonerSpell":"","appendAfterSection":"","visibleWithAllOf":[""],"hiddenWithAnyOf":[""],"items":[{"id":"3139","count":1,"hideCount":false},{"id":"3156","count":1,"hideCount":false},{"id":"3087","count":1,"hideCount":false}]},{"type":"consumables","recMath":false,"recSteps":false,"minSummonerLevel":-1,"maxSummonerLevel":-1,"showIfSummonerSpell":"","hideIfSummonerSpell":"","appendAfterSection":"","visibleWithAllOf":[""],"hiddenWithAnyOf":[""],"items":[{"id":"2003","count":1,"hideCount":true},{"id":"2140","count":1,"hideCount":true}]}]},{"champion":"Tristana","title":"TristanaSR","map":"SR","mode":"CLASSIC","type":"riot","customTag":"","sortrank":0,"extensionPage":false,"useObviousCheckmark":false,"customPanel":null,"blocks":[{"type":"starting","recMath":false,"recSteps":false,"minSummonerLevel":-1,"maxSummonerLevel":-1,"showIfSummonerSpell":"","hideIfSummonerSpell":"","appendAfterSection":"","visibleWithAllOf":[""],"hiddenWithAnyOf":[""],"items":[{"id":"1054","count":1,"hideCount":false},{"id":"2003","count":1,"hideCount":false},{"id":"3340","count":1,"hideCount":false}]},{"type":"early","recMath":false,"recSteps":false,"minSummonerLevel":-1,"maxSummonerLevel":-1,"showIfSummonerSpell":"","hideIfSummonerSpell":"","appendAfterSection":"","visibleWithAllOf":[""],"hiddenWithAnyOf":[""],"items":[{"id":"1038","count":1,"hideCount":false},{"id":"2015","count":1,"hideCount":false},{"id":"1001","count":1,"hideCount":false}]},{"type":"essential","recMath":false,"recSteps":false,"minSummonerLevel":-1,"maxSummonerLevel":-1,"showIfSummonerSpell":"","hideIfSummonerSpell":"","appendAfterSection":"","visibleWithAllOf":[""],"hiddenWithAnyOf":[""],"items":[{"id":"3095","count":1,"hideCount":false},{"id":"3094","count":1,"hideCount":false},{"id":"3006","count":1,"hideCount":false}]},{"type":"offensive","recMath":false,"recSteps":false,"minSummonerLevel":-1,"maxSummonerLevel":-1,"showIfSummonerSpell":"","hideIfSummonerSpell":"","appendAfterSection":"","visibleWithAllOf":[""],"hiddenWithAnyOf":[""],"items":[{"id":"3031","count":1,"hideCount":false},{"id":"3036","count":1,"hideCount":false},{"id":"3072","count":1,"hideCount":false}]},{"type":"situational","recMath":false,"recSteps":false,"minSummonerLevel":-1,"maxSummonerLevel":-1,"showIfSummonerSpell":"","hideIfSummonerSpell":"","appendAfterSection":"","visibleWithAllOf":[""],"hiddenWithAnyOf":[""],"items":[{"id":"3139","count":1,"hideCount":false},{"id":"3026","count":1,"hideCount":false},{"id":"3087","count":1,"hideCount":false}]},{"type":"consumables","recMath":false,"recSteps":false,"minSummonerLevel":-1,"maxSummonerLevel":-1,"showIfSummonerSpell":"","hideIfSummonerSpell":"","appendAfterSection":"","visibleWithAllOf":[""],"hiddenWithAnyOf":[""],"items":[{"id":"2003","count":1,"hideCount":true},{"id":"2140","count":1,"hideCount":true}]}]}]}}}