{"type":"champion","format":"standAloneComplex","version":"10.15.1","data":{"Tryndamere":{"id":"Tryndamere","key":"23","name":"Tryndamere","title":"the Barbarian King","image":{"full":"Tryndamere.png","sprite":"champion4.png","group":"champion","x":144,"y":0,"w":48,"h":48},"skins":[{"id":"23000","num":0,"name":"default","chromas":false},{"id":"23001","num":1,"name":"Highland Tryndamere","chromas":false},{"id":"23002","num":2,"name":"King Tryndamere","chromas":false},{"id":"23003","num":3,"name":"Viking Tryndamere","chromas":false},{"id":"23004","num":4,"name":"Demonblade Tryndamere","chromas":false},{"id":"23005","num":5,"name":"Sultan Tryndamere","chromas":false},{"id":"23006","num":6,"name":"Warring Kingdoms Tryndamere","chromas":false},{"id":"23007","num":7,"name":"Nightmare Tryndamere","chromas":false},{"id":"23008","num":8,"name":"Beast Hunter Tryndamere","chromas":false},{"id":"23009","num":9,"name":"Chemtech Tryndamere","chromas":false},{"id":"23010","num":10,"name":"Blood Moon Tryndamere","chromas":true}],"lore":"Fueled by unbridled fury and rage, Tryndamere once carved his way through the Freljord, openly challenging the greatest warriors of the north to prepare himself for even darker days ahead. The wrathful barbarian has long sought revenge for the annihilation of his clan, though more recently he has found companionship with Ashe, the Avarosan warmother, and a home with her people. His almost inhuman strength and fortitude is legendary, and has delivered him and his new allies countless victories against the greatest of odds.","blurb":"Fueled by unbridled fury and rage, Tryndamere once carved his way through the Freljord, openly challenging the greatest warriors of the north to prepare himself for even darker days ahead. The wrathful barbarian has long sought revenge for the...","allytips":["Delaying the activation of Undying Rage is a very effective way to make an enemy champion over-commit to trying to kill you.","Bloodlust is an excellent way to heal Tryndamere. Try not to let it fade off before you activate it.","If the enemy is stacking Armor, try building items like Last Whisper or Youmuu's Ghostblade."],"enemytips":["Try harassing Tryndamere early so he can't kill minions and heal with Bloodlust.","Remember, Tryndamere can only slow you if you are facing away from him.","Most of Tryndamere's damage is physical. If he's getting too strong, consider buying a Thornmail."],"tags":["Fighter","Assassin"],"partype":"Fury","info":{"attack":10,"defense":5,"magic":2,"difficulty":5},"stats":{"hp":625.64,"hpperlevel":98,"mp":100,"mpperlevel":0,"movespeed":345,"armor":33,"armorperlevel":3.1,"spellblock":32.1,"spellblockperlevel":1.25,"attackrange":125,"hpregen":8.5,"hpregenperlevel":0.9,"mpregen":0,"mpregenperlevel":0,"crit":0,"critperlevel":0,"attackdamage":69,"attackdamageperlevel":3.7,"attackspeedperlevel":2.9,"attackspeed":0.67},"spells":[{"id":"TryndamereQ","name":"Bloodlust","description":"Tryndamere thrives on the thrills of combat, increasing his Attack Damage as he is more and more wounded. He can cast Bloodlust to consume his Fury and heal himself.","tooltip":"<spellPassive>Passive:</spellPassive> Tryndamere thirsts for blood, gaining {{ e1 }} Attack Damage plus {{ e2 }} per 1% Health missing.<br /><br /><spellActive>Active:</spellActive> Tryndamere consumes his Fury, restoring {{ e3 }} <scaleAP>(+{{ a1 }})</scaleAP> Health, plus {{ e4 }} <scaleAP>(+{{ f2 }})</scaleAP> Health per Fury consumed.","leveltip":{"label":["Attack Damage","Attack Damage per Health % Missing","Healing","Heal Per Fury"],"effect":["{{ e1 }} -> {{ e1NL }}","{{ e2 }} -> {{ e2NL }}","{{ e3 }} -> {{ e3NL }}","{{ e4 }} -> {{ e4NL }}"]},"maxrank":5,"cooldown":[12,12,12,12,12],"cooldownBurn":"12","cost":[0,0,0,0,0],"costBurn":"0","datavalues":{},"effect":[null,[5,10,15,20,25],[0.15,0.2,0.25,0.3,0.35],[30,40,50,60,70],[0.5,0.95,1.4,1.85,2.3],[0,0,0,0,0],[0,0,0,0,0],[0,0,0,0,0],[0,0,0,0,0],[0,0,0,0,0],[0,0,0,0,0]],"effectBurn":[null,"5/10/15/20/25","0.15/0.2/0.25/0.3/0.35","30/40/50/60/70","0.5/0.95/1.4/1.85/2.3","0","0","0","0","0","0"],"vars":[{"link":"spelldamage","coeff":0.3,"key":"a1"}],"costType":"No Cost","maxammo":"-1","range":[400,400,400,400,400],"rangeBurn":"400","image":{"full":"TryndamereQ.png","sprite":"spell12.png","group":"spell","x":288,"y":96,"w":48,"h":48},"resource":"No Cost"},{"id":"TryndamereW","name":"Mocking Shout","description":"Tryndamere lets out an insulting cry, decreasing surrounding champions' Attack Damage. Enemies with their backs turned to Tryndamere also have their Movement Speed reduced.","tooltip":"Decreases surrounding champions' Attack Damage by {{ e1 }} for {{ e3 }} seconds, and enemies with their backs turned also have their Movement Speed reduced by {{ e2 }}% for {{ e4 }} seconds.","leveltip":{"label":["Physical Damage Reduction","Slow"],"effect":["{{ effect1amount*-1.000000 }} -> {{ effect1amountnl*-1.000000 }}","{{ effect2amount*-100.000000 }}% -> {{ effect2amountnl*-100.000000 }}%"]},"maxrank":5,"cooldown":[14,14,14,14,14],"cooldownBurn":"14","cost":[0,0,0,0,0],"costBurn":"0","datavalues":{},"effect":[null,[20,35,50,65,80],[30,37.5,45,52.5,60],[4,4,4,4,4],[4,4,4,4,4],[0,0,0,0,0],[0,0,0,0,0],[0,0,0,0,0],[0,0,0,0,0],[0,0,0,0,0],[0,0,0,0,0]],"effectBurn":[null,"20/35/50/65/80","30/37.5/45/52.5/60","4","4","0","0","0","0","0","0"],"vars":[],"costType":"No Cost","maxammo":"-1","range":[850,850,850,850,850],"rangeBurn":"850","image":{"full":"TryndamereW.png","sprite":"spell12.png","group":"spell","x":336,"y":96,"w":48,"h":48},"resource":"No Cost"},{"id":"TryndamereE","name":"Spinning Slash","description":"Tryndamere slices toward a target unit, dealing damage to enemies in his path.","tooltip":"Tryndamere spins through his enemies, dealing {{ e1 }} <scaleAD>(+{{ a2 }})</scaleAD> <scaleAP>(+{{ a1 }})</scaleAP> physical damage to enemies in his path and generating Fury.<br /><br />Spinning Slash's cooldown is reduced by {{ e2 }} second whenever Tryndamere critically strikes. This reduction is increased to {{ e3 }} seconds against champions.","leveltip":{"label":["Damage","Cooldown"],"effect":["{{ e1 }} -> {{ e1NL }}","{{ cooldown }} -> {{ cooldownNL }}"]},"maxrank":5,"cooldown":[12,11,10,9,8],"cooldownBurn":"12/11/10/9/8","cost":[0,0,0,0,0],"costBurn":"0","datavalues":{},"effect":[null,[80,110,140,170,200],[1,1,1,1,1],[2,2,2,2,2],[2,2,2,2,2],[5,5,5,5,5],[0,0,0,0,0],[0,0,0,0,0],[0,0,0,0,0],[0,0,0,0,0],[0,0,0,0,0]],"effectBurn":[null,"80/110/140/170/200","1","2","2","5","0","0","0","0","0"],"vars":[{"link":"bonusattackdamage","coeff":1.3,"key":"a2"},{"link":"spelldamage","coeff":0.8,"key":"a1"}],"costType":"No Cost","maxammo":"-1","range":[650,650,650,650,650],"rangeBurn":"650","image":{"full":"TryndamereE.png","sprite":"spell12.png","group":"spell","x":384,"y":96,"w":48,"h":48},"resource":"No Cost"},{"id":"UndyingRage","name":"Undying Rage","description":"Tryndamere's lust for battle becomes so strong that he is unable to die, no matter how wounded he becomes.","tooltip":"Tryndamere becomes completely immune to death for {{ e3 }} seconds, refusing to be reduced below {{ e2 }} Health and instantly gaining {{ e1 }} Fury.","leveltip":{"label":["Fury Gained","Minimum Health","Cooldown"],"effect":["{{ e1 }} -> {{ e1NL }}","{{ e2 }} -> {{ e2NL }}","{{ cooldown }} -> {{ cooldownNL }}"]},"maxrank":3,"cooldown":[110,100,90],"cooldownBurn":"110/100/90","cost":[0,0,0],"costBurn":"0","datavalues":{},"effect":[null,[50,75,100],[30,50,70],[5,5,5],[0,0,0],[0,0,0],[0,0,0],[0,0,0],[0,0,0],[0,0,0],[0,0,0]],"effectBurn":[null,"50/75/100","30/50/70","5","0","0","0","0","0","0","0"],"vars":[],"costType":"No Cost","maxammo":"-1","range":[400,400,400],"rangeBurn":"400","image":{"full":"UndyingRage.png","sprite":"spell12.png","group":"spell","x":432,"y":96,"w":48,"h":48},"resource":"No Cost"}],"passive":{"name":"Battle Fury","description":"Tryndamere gains Fury for each attack, critical strike, and killing blow he makes. Fury passively increases his Critical Strike Chance and can be consumed with his Bloodlust spell.","image":{"full":"Tryndamere_Passive.png","sprite":"passive4.png","group":"passive","x":144,"y":0,"w":48,"h":48}},"recommended":[{"champion":"Tryndamere","title":"Beginner","type":"riot","map":"SR","mode":"INTRO","priority":false,"blocks":[{"type":"beginner_Starter","maxSummonerLevel":4,"items":[{"id":"1054","count":1}]},{"type":"beginner_Starter","minSummonerLevel":5,"items":[{"id":"1055","count":1},{"id":"2003","count":1}]},{"type":"beginner_Advanced","recMath":true,"items":[{"id":"1036","count":1},{"id":"1053","count":1}]},{"type":"beginner_MovementSpeed","recMath":true,"items":[{"id":"1001","count":1},{"id":"1042","count":1},{"id":"3006","count":1}]},{"type":"beginner_LegendaryItem","recMath":true,"items":[{"id":"1053","count":1},{"id":"1038","count":1},{"id":"3072","count":1}]},{"type":"beginner_MoreLegendaryItems","items":[{"id":"3087","count":1},{"id":"3065","count":1},{"id":"3031","count":1},{"id":"3035","count":1}]}]},{"champion":"Tryndamere","title":"TryndamereARAM","map":"HA","mode":"ARAM","type":"riot","customTag":"","sortrank":0,"extensionPage":false,"useObviousCheckmark":false,"customPanel":null,"blocks":[{"type":"starting","recMath":false,"recSteps":false,"minSummonerLevel":-1,"maxSummonerLevel":-1,"showIfSummonerSpell":"","hideIfSummonerSpell":"","appendAfterSection":"","visibleWithAllOf":[""],"hiddenWithAnyOf":[""],"items":[{"id":"2051","count":1,"hideCount":false},{"id":"1001","count":1,"hideCount":false},{"id":"2003","count":3,"hideCount":false}]},{"type":"essential","recMath":false,"recSteps":false,"minSummonerLevel":-1,"maxSummonerLevel":-1,"showIfSummonerSpell":"","hideIfSummonerSpell":"","appendAfterSection":"","visibleWithAllOf":[""],"hiddenWithAnyOf":[""],"items":[{"id":"3087","count":1,"hideCount":false},{"id":"3006","count":1,"hideCount":false},{"id":"3031","count":1,"hideCount":false}]},{"type":"offensive","recMath":false,"recSteps":false,"minSummonerLevel":-1,"maxSummonerLevel":-1,"showIfSummonerSpell":"","hideIfSummonerSpell":"","appendAfterSection":"","visibleWithAllOf":[""],"hiddenWithAnyOf":[""],"items":[{"id":"3072","count":1,"hideCount":false},{"id":"3046","count":1,"hideCount":false},{"id":"3074","count":1,"hideCount":false}]},{"type":"defensive","recMath":false,"recSteps":false,"minSummonerLevel":-1,"maxSummonerLevel":-1,"showIfSummonerSpell":"","hideIfSummonerSpell":"","appendAfterSection":"","visibleWithAllOf":[""],"hiddenWithAnyOf":[""],"items":[{"id":"3022","count":1,"hideCount":false},{"id":"3139","count":1,"hideCount":false},{"id":"3161","count":1,"hideCount":false}]},{"type":"consumables","recMath":false,"recSteps":false,"minSummonerLevel":-1,"maxSummonerLevel":-1,"showIfSummonerSpell":"","hideIfSummonerSpell":"","appendAfterSection":"","visibleWithAllOf":[""],"hiddenWithAnyOf":[""],"items":[{"id":"2003","count":1,"hideCount":true},{"id":"2140","count":1,"hideCount":true}]}]},{"champion":"Tryndamere","title":"TryndamereFIRSTBLOOD","map":"HA","mode":"FIRSTBLOOD","type":"riot","customTag":"","sortrank":0,"extensionPage":false,"customPanel":null,"blocks":[{"type":"starting","recMath":false,"recSteps":false,"minSummonerLevel":-1,"maxSummonerLevel":-1,"showIfSummonerSpell":"","hideIfSummonerSpell":"SummonerSmite","items":[{"id":"1055","count":1,"hideCount":false},{"id":"2003","count":1,"hideCount":false},{"id":"3340","count":1,"hideCount":false}]},{"type":"startingjungle","recMath":false,"recSteps":false,"minSummonerLevel":-1,"maxSummonerLevel":-1,"showIfSummonerSpell":"SummonerSmite","hideIfSummonerSpell":"","items":[{"id":"1041","count":1,"hideCount":false},{"id":"2003","count":3,"hideCount":false},{"id":"3340","count":1,"hideCount":false}]},{"type":"essential","recMath":false,"recSteps":false,"minSummonerLevel":-1,"maxSummonerLevel":-1,"showIfSummonerSpell":"","hideIfSummonerSpell":"SummonerSmite","items":[{"id":"3006","count":1,"hideCount":false},{"id":"3153","count":1,"hideCount":false},{"id":"3087","count":1,"hideCount":false}]},{"type":"essentialjungle","recMath":false,"recSteps":false,"minSummonerLevel":-1,"maxSummonerLevel":-1,"showIfSummonerSpell":"SummonerSmite","hideIfSummonerSpell":"","items":[{"id":"1416","count":1,"hideCount":false},{"id":"3006","count":1,"hideCount":false},{"id":"3153","count":1,"hideCount":false},{"id":"3087","count":1,"hideCount":false}]},{"type":"offensive","recMath":false,"recSteps":false,"minSummonerLevel":-1,"maxSummonerLevel":-1,"showIfSummonerSpell":"","hideIfSummonerSpell":"","items":[{"id":"3031","count":1,"hideCount":false},{"id":"3074","count":1,"hideCount":false}]},{"type":"defensive","recMath":false,"recSteps":false,"minSummonerLevel":-1,"maxSummonerLevel":-1,"showIfSummonerSpell":"","hideIfSummonerSpell":"","items":[{"id":"3026","count":1,"hideCount":false},{"id":"3156","count":1,"hideCount":false},{"id":"3139","count":1,"hideCount":false}]},{"type":"consumables","recMath":false,"recSteps":false,"minSummonerLevel":-1,"maxSummonerLevel":-1,"showIfSummonerSpell":"","hideIfSummonerSpell":"","items":[{"id":"2003","count":1,"hideCount":false}]}]},{"champion":"Tryndamere","title":"TryndamereARAM","map":"HA","mode":"KINGPORO","type":"riot","customTag":"","sortrank":0,"extensionPage":false,"useObviousCheckmark":false,"customPanel":null,"blocks":[{"type":"KingPoroSnax","recMath":false,"recSteps":false,"minSummonerLevel":-1,"maxSummonerLevel":-1,"showIfSummonerSpell":"","hideIfSummonerSpell":"","items":[{"id":"3680","count":1,"hideCount":false},{"id":"3681","count":1,"hideCount":false},{"id":"3682","count":1,"hideCount":false},{"id":"3683","count":1,"hideCount":false},{"id":"3684","count":1,"hideCount":false},{"id":"3685","count":1,"hideCount":false}]},{"type":"starting","recMath":false,"recSteps":false,"minSummonerLevel":-1,"maxSummonerLevel":-1,"showIfSummonerSpell":"","hideIfSummonerSpell":"","appendAfterSection":"","visibleWithAllOf":[""],"hiddenWithAnyOf":[""],"items":[{"id":"2051","count":1,"hideCount":false},{"id":"1001","count":1,"hideCount":false},{"id":"2003","count":3,"hideCount":false}]},{"type":"essential","recMath":false,"recSteps":false,"minSummonerLevel":-1,"maxSummonerLevel":-1,"showIfSummonerSpell":"","hideIfSummonerSpell":"","appendAfterSection":"","visibleWithAllOf":[""],"hiddenWithAnyOf":[""],"items":[{"id":"3087","count":1,"hideCount":false},{"id":"3006","count":1,"hideCount":false},{"id":"3031","count":1,"hideCount":false}]},{"type":"offensive","recMath":false,"recSteps":false,"minSummonerLevel":-1,"maxSummonerLevel":-1,"showIfSummonerSpell":"","hideIfSummonerSpell":"","appendAfterSection":"","visibleWithAllOf":[""],"hiddenWithAnyOf":[""],"items":[{"id":"3072","count":1,"hideCount":false},{"id":"3046","count":1,"hideCount":false},{"id":"3074","count":1,"hideCount":false}]},{"type":"defensive","recMath":false,"recSteps":false,"minSummonerLevel":-1,"maxSummonerLevel":-1,"showIfSummonerSpell":"","hideIfSummonerSpell":"","appendAfterSection":"","visibleWithAllOf":[""],"hiddenWithAnyOf":[""],"items":[{"id":"3022","count":1,"hideCount":false},{"id":"3139","count":1,"hideCount":false},{"id":"3161","count":1,"hideCount":false}]},{"type":"consumables","recMath":false,"recSteps":false,"minSummonerLevel":-1,"maxSummonerLevel":-1,"showIfSummonerSpell":"","hideIfSummonerSpell":"","appendAfterSection":"","visibleWithAllOf":[""],"hiddenWithAnyOf":[""],"items":[{"id":"2003","count":1,"hideCount":true},{"id":"2140","count":1,"hideCount":true}]}]},{"champion":"Tryndamere","title":"TryndamereSL","map":"NB","mode":"NEXUSBLITZ","type":"riot","customTag":"","sortrank":0,"extensionPage":false,"useObviousCheckmark":false,"customPanel":null,"blocks":[{"type":"starting","recMath":false,"recSteps":false,"minSummonerLevel":-1,"maxSummonerLevel":-1,"showIfSummonerSpell":"","hideIfSummonerSpell":"SummonerSmite","appendAfterSection":"","visibleWithAllOf":[""],"hiddenWithAnyOf":[""],"items":[{"id":"4202","count":1,"hideCount":false},{"id":"2003","count":1,"hideCount":false},{"id":"3340","count":1,"hideCount":false}]},{"type":"early","recMath":false,"recSteps":false,"minSummonerLevel":-1,"maxSummonerLevel":-1,"showIfSummonerSpell":"","hideIfSummonerSpell":"SummonerSmite","appendAfterSection":"","visibleWithAllOf":[""],"hiddenWithAnyOf":[""],"items":[{"id":"1001","count":1,"hideCount":false},{"id":"3086","count":1,"hideCount":false},{"id":"2015","count":1,"hideCount":false}]},{"type":"essential","recMath":false,"recSteps":false,"minSummonerLevel":-1,"maxSummonerLevel":-1,"showIfSummonerSpell":"","hideIfSummonerSpell":"SummonerSmite","appendAfterSection":"","visibleWithAllOf":[""],"hiddenWithAnyOf":[""],"items":[{"id":"3006","count":1,"hideCount":false},{"id":"3087","count":1,"hideCount":false},{"id":"3031","count":1,"hideCount":false}]},{"type":"offensive","recMath":false,"recSteps":false,"minSummonerLevel":-1,"maxSummonerLevel":-1,"showIfSummonerSpell":"","hideIfSummonerSpell":"SummonerSmite","appendAfterSection":"","visibleWithAllOf":[""],"hiddenWithAnyOf":[""],"items":[{"id":"3153","count":1,"hideCount":false},{"id":"3033","count":1,"hideCount":false},{"id":"3161","count":1,"hideCount":false}]},{"type":"defensive","recMath":false,"recSteps":false,"minSummonerLevel":-1,"maxSummonerLevel":-1,"showIfSummonerSpell":"","hideIfSummonerSpell":"SummonerSmite","appendAfterSection":"","visibleWithAllOf":[""],"hiddenWithAnyOf":[""],"items":[{"id":"3742","count":1,"hideCount":false},{"id":"3156","count":1,"hideCount":false},{"id":"3139","count":1,"hideCount":false}]},{"type":"startingjungle","recMath":false,"recSteps":false,"minSummonerLevel":-1,"maxSummonerLevel":-1,"showIfSummonerSpell":"SummonerSmite","hideIfSummonerSpell":"","appendAfterSection":"","visibleWithAllOf":[""],"hiddenWithAnyOf":[""],"items":[{"id":"4101","count":1,"hideCount":false},{"id":"2003","count":3,"hideCount":false},{"id":"3340","count":1,"hideCount":false}]},{"type":"earlyjungle","recMath":false,"recSteps":false,"minSummonerLevel":-1,"maxSummonerLevel":-1,"showIfSummonerSpell":"SummonerSmite","hideIfSummonerSpell":"","appendAfterSection":"","visibleWithAllOf":[""],"hiddenWithAnyOf":[""],"items":[{"id":"1001","count":1,"hideCount":false},{"id":"1043","count":1,"hideCount":false}]},{"type":"essentialjungle","recMath":false,"recSteps":false,"minSummonerLevel":-1,"maxSummonerLevel":-1,"showIfSummonerSpell":"SummonerSmite","hideIfSummonerSpell":"","appendAfterSection":"","visibleWithAllOf":[""],"hiddenWithAnyOf":[""],"items":[{"id":"4105","count":1,"hideCount":false},{"id":"3006","count":1,"hideCount":false},{"id":"3087","count":1,"hideCount":false}]},{"type":"offensive","recMath":false,"recSteps":false,"minSummonerLevel":-1,"maxSummonerLevel":-1,"showIfSummonerSpell":"SummonerSmite","hideIfSummonerSpell":"","appendAfterSection":"","visibleWithAllOf":[""],"hiddenWithAnyOf":[""],"items":[{"id":"3031","count":1,"hideCount":false},{"id":"3153","count":1,"hideCount":false},{"id":"3046","count":1,"hideCount":false}]},{"type":"defensive","recMath":false,"recSteps":false,"minSummonerLevel":-1,"maxSummonerLevel":-1,"showIfSummonerSpell":"SummonerSmite","hideIfSummonerSpell":"","appendAfterSection":"","visibleWithAllOf":[""],"hiddenWithAnyOf":[""],"items":[{"id":"3742","count":1,"hideCount":false},{"id":"3139","count":1,"hideCount":false},{"id":"3161","count":1,"hideCount":false}]},{"type":"consumables","recMath":false,"recSteps":false,"minSummonerLevel":-1,"maxSummonerLevel":-1,"showIfSummonerSpell":"","hideIfSummonerSpell":"","appendAfterSection":"","visibleWithAllOf":[""],"hiddenWithAnyOf":[""],"items":[{"id":"2003","count":1,"hideCount":true},{"id":"2140","count":1,"hideCount":true}]}]},{"champion":"Tryndamere","title":"TryndamereSR","map":"SR","mode":"CLASSIC","type":"riot","customTag":"","sortrank":0,"extensionPage":false,"useObviousCheckmark":false,"customPanel":null,"blocks":[{"type":"starting","recMath":false,"recSteps":false,"minSummonerLevel":-1,"maxSummonerLevel":-1,"showIfSummonerSpell":"","hideIfSummonerSpell":"SummonerSmite","appendAfterSection":"","visibleWithAllOf":[""],"hiddenWithAnyOf":[""],"items":[{"id":"1055","count":1,"hideCount":false},{"id":"2003","count":1,"hideCount":false},{"id":"3340","count":1,"hideCount":false}]},{"type":"early","recMath":false,"recSteps":false,"minSummonerLevel":-1,"maxSummonerLevel":-1,"showIfSummonerSpell":"","hideIfSummonerSpell":"SummonerSmite","appendAfterSection":"","visibleWithAllOf":[""],"hiddenWithAnyOf":[""],"items":[{"id":"1001","count":1,"hideCount":false},{"id":"3086","count":1,"hideCount":false},{"id":"2015","count":1,"hideCount":false}]},{"type":"essential","recMath":false,"recSteps":false,"minSummonerLevel":-1,"maxSummonerLevel":-1,"showIfSummonerSpell":"","hideIfSummonerSpell":"SummonerSmite","appendAfterSection":"","visibleWithAllOf":[""],"hiddenWithAnyOf":[""],"items":[{"id":"3006","count":1,"hideCount":false},{"id":"3087","count":1,"hideCount":false},{"id":"3031","count":1,"hideCount":false}]},{"type":"offensive","recMath":false,"recSteps":false,"minSummonerLevel":-1,"maxSummonerLevel":-1,"showIfSummonerSpell":"","hideIfSummonerSpell":"SummonerSmite","appendAfterSection":"","visibleWithAllOf":[""],"hiddenWithAnyOf":[""],"items":[{"id":"3153","count":1,"hideCount":false},{"id":"3033","count":1,"hideCount":false},{"id":"3074","count":1,"hideCount":false}]},{"type":"defensive","recMath":false,"recSteps":false,"minSummonerLevel":-1,"maxSummonerLevel":-1,"showIfSummonerSpell":"","hideIfSummonerSpell":"SummonerSmite","appendAfterSection":"","visibleWithAllOf":[""],"hiddenWithAnyOf":[""],"items":[{"id":"3026","count":1,"hideCount":false},{"id":"3091","count":1,"hideCount":false},{"id":"3139","count":1,"hideCount":false}]},{"type":"startingjungle","recMath":false,"recSteps":false,"minSummonerLevel":-1,"maxSummonerLevel":-1,"showIfSummonerSpell":"SummonerSmite","hideIfSummonerSpell":"","appendAfterSection":"","visibleWithAllOf":[""],"hiddenWithAnyOf":[""],"items":[{"id":"1041","count":1,"hideCount":false},{"id":"2003","count":3,"hideCount":false},{"id":"3340","count":1,"hideCount":false}]},{"type":"earlyjungle","recMath":false,"recSteps":false,"minSummonerLevel":-1,"maxSummonerLevel":-1,"showIfSummonerSpell":"SummonerSmite","hideIfSummonerSpell":"","appendAfterSection":"","visibleWithAllOf":[""],"hiddenWithAnyOf":[""],"items":[{"id":"3706","count":1,"hideCount":false},{"id":"1001","count":1,"hideCount":false},{"id":"1043","count":1,"hideCount":false}]},{"type":"essentialjungle","recMath":false,"recSteps":false,"minSummonerLevel":-1,"maxSummonerLevel":-1,"showIfSummonerSpell":"SummonerSmite","hideIfSummonerSpell":"","appendAfterSection":"","visibleWithAllOf":[""],"hiddenWithAnyOf":[""],"items":[{"id":"1416","count":1,"hideCount":false},{"id":"3006","count":1,"hideCount":false},{"id":"3087","count":1,"hideCount":false}]},{"type":"offensive","recMath":false,"recSteps":false,"minSummonerLevel":-1,"maxSummonerLevel":-1,"showIfSummonerSpell":"SummonerSmite","hideIfSummonerSpell":"","appendAfterSection":"","visibleWithAllOf":[""],"hiddenWithAnyOf":[""],"items":[{"id":"3031","count":1,"hideCount":false},{"id":"3153","count":1,"hideCount":false},{"id":"3046","count":1,"hideCount":false}]},{"type":"defensive","recMath":false,"recSteps":false,"minSummonerLevel":-1,"maxSummonerLevel":-1,"showIfSummonerSpell":"SummonerSmite","hideIfSummonerSpell":"","appendAfterSection":"","visibleWithAllOf":[""],"hiddenWithAnyOf":[""],"items":[{"id":"3026","count":1,"hideCount":false},{"id":"3139","count":1,"hideCount":false},{"id":"3074","count":1,"hideCount":false}]},{"type":"consumables","recMath":false,"recSteps":false,"minSummonerLevel":-1,"maxSummonerLevel":-1,"showIfSummonerSpell":"","hideIfSummonerSpell":"","appendAfterSection":"","visibleWithAllOf":[""],"hiddenWithAnyOf":[""],"items":[{"id":"2003","count":1,"hideCount":true},{"id":"2140","count":1,"hideCount":true}]}]}]}}}