{"type":"champion","format":"standAloneComplex","version":"10.15.1","data":{"Udyr":{"id":"Udyr","key":"77","name":"Udyr","title":"the Spirit Walker","image":{"full":"Udyr.png","sprite":"champion4.png","group":"champion","x":288,"y":0,"w":48,"h":48},"skins":[{"id":"77000","num":0,"name":"default","chromas":false},{"id":"77001","num":1,"name":"Black Belt Udyr","chromas":false},{"id":"77002","num":2,"name":"Primal Udyr","chromas":false},{"id":"77003","num":3,"name":"Spirit Guard Udyr","chromas":false},{"id":"77004","num":4,"name":"Definitely Not Udyr","chromas":false},{"id":"77005","num":5,"name":"Dragon Oracle Udyr","chromas":false}],"lore":"Udyr is more than a man; he is a vessel for the untamed power of four primal animal spirits. When tapping into the spirits' bestial natures, Udyr can harness their unique strengths: The tiger grants him speed and ferocity, the turtle resilience, the bear might, and the phoenix its eternal flame. With their combined power, Udyr can turn back all those who would attempt to harm the natural order.","blurb":"Udyr is more than a man; he is a vessel for the untamed power of four primal animal spirits. When tapping into the spirits' bestial natures, Udyr can harness their unique strengths: The tiger grants him speed and ferocity, the turtle resilience, the...","allytips":["Damage is applied to turtle shield post-mitigation. Therefore, buying defensive items can drastically increase your survivability.","Udyr is one of the best junglers in the game. Taking advantage of this can give your team a large XP advantage and map control."],"enemytips":["Udyr players will often start in the jungle and only appear to gank in lanes. Try warding key locations to keep track of his movement.","Once the initial shield effect has faded, Turtle Stance is weak against other champions. Press the attack to force him to switch stances and prevent him from regenerating health.","Some Udyr players buy tank items to become very durable. If they do, focus their weaker teammates instead."],"tags":["Fighter","Tank"],"partype":"Mana","info":{"attack":8,"defense":7,"magic":4,"difficulty":7},"stats":{"hp":594,"hpperlevel":99,"mp":271,"mpperlevel":30,"movespeed":350,"armor":34,"armorperlevel":4,"spellblock":32.1,"spellblockperlevel":1.25,"attackrange":125,"hpregen":6,"hpregenperlevel":0.75,"mpregen":7.5,"mpregenperlevel":0.45,"crit":0,"critperlevel":0,"attackdamage":66,"attackdamageperlevel":5,"attackspeedperlevel":2.67,"attackspeed":0.658},"spells":[{"id":"UdyrTigerStance","name":"Tiger Stance","description":"Tiger Stance: Activation - Udyr's Attack Speed is increased for a few seconds. Persistent Effect - Udyr's first attack and every third attack after will deal a high amount of damage over 2 seconds.","tooltip":"<spellPassive>Persistent Effect: </spellPassive>Udyr's first attack and every third attack after will perform a Tiger Strike, dealing bonus {{ e1 }} <scaleAD>(+{{ f2 }})</scaleAD> physical damage over {{ e5 }} seconds. <br /><br />If a target is affected by Tiger Strike, a new application of Tiger Strike will deal the remaining damage instantly.<br /><br /><spellPassive>Activation:</spellPassive> Increases Attack Speed by {{ e2 }}% for {{ e6 }} seconds.<br />","leveltip":{"label":["Base Damage","Total AD Ratio","Attack Speed %"],"effect":["{{ e1 }} -> {{ e1NL }}","{{ e4 }}% -> {{ e4NL }}%","{{ e2 }}% -> {{ e2NL }}%"]},"maxrank":6,"cooldown":[6,6,6,6,6,6],"cooldownBurn":"6","cost":[45,45,45,45,45,45],"costBurn":"45","datavalues":{},"effect":[null,[30,60,90,120,150,180],[30,40,50,60,70,80],[0.15,0.15,0.15,0.15,0.15,0.15],[110,125,140,155,170,185],[2,2,2,2,2,2],[5,5,5,5,5,5],[0.5,0.5,0.5,0.5,0.5,0.5],[0.25,0.25,0.25,0.25,0.25,0.25],[0,0,0,0,0,0],[0,0,0,0,0,0]],"effectBurn":[null,"30/60/90/120/150/180","30/40/50/60/70/80","0.15","110/125/140/155/170/185","2","5","0.5","0.25","0","0"],"vars":[{"link":"attackdamage","coeff":[1.2,1.3,1.4,1.5,1.6],"key":"f2"}],"costType":" {{ abilityresourcename }}","maxammo":"-1","range":[600,600,600,600,600,600],"rangeBurn":"600","image":{"full":"UdyrTigerStance.png","sprite":"spell12.png","group":"spell","x":384,"y":144,"w":48,"h":48},"resource":"{{ cost }} {{ abilityresourcename }}"},{"id":"UdyrTurtleStance","name":"Turtle Stance","description":"Turtle Stance: Activation - Udyr gains a temporary shield that absorbs damage. Persistent Effect - Udyr's first attack and every third attack after heals him for 2.5% of his maximum health.","tooltip":"<spellPassive>Persistent Effect: </spellPassive>Udyr's first attack and every third attack after heals him for <scaleHealth>(+{{ f1 }})</scaleHealth> ({{ e3 }}% of his maximum health), increasing by 1% for every percent of Udyr's missing health.<br /><br /><spellPassive>Activation: </spellPassive>Gains a shield that absorbs {{ e1 }} <scaleAP>(+{{ a1 }})</scaleAP> damage for {{ e2 }} seconds.","leveltip":{"label":["Shield Amount"],"effect":["{{ e1 }} -> {{ e1NL }}"]},"maxrank":6,"cooldown":[6,6,6,6,6,6],"cooldownBurn":"6","cost":[45,45,45,45,45,45],"costBurn":"45","datavalues":{},"effect":[null,[60,95,130,165,200,235],[5,5,5,5,5,5],[2.5,2.5,2.5,2.5,2.5,2.5],[0.05,0.05,0.05,0.05,0.05,0.05],[0,0,0,0,0,0],[0,0,0,0,0,0],[0,0,0,0,0,0],[0,0,0,0,0,0],[0,0,0,0,0,0],[0,0,0,0,0,0]],"effectBurn":[null,"60/95/130/165/200/235","5","2.5","0.05","0","0","0","0","0","0"],"vars":[{"link":"spelldamage","coeff":0.5,"key":"a1"}],"costType":" {{ abilityresourcename }}","maxammo":"-1","range":[600,600,600,600,600,600],"rangeBurn":"600","image":{"full":"UdyrTurtleStance.png","sprite":"spell12.png","group":"spell","x":432,"y":144,"w":48,"h":48},"resource":"{{ cost }} {{ abilityresourcename }}"},{"id":"UdyrBearStance","name":"Bear Stance","description":"Bear Stance: Activation - Udyr increases Movement Speed for a short duration. Persistent Effect - Udyr's basic attacks stun his target for 1 second. This effect cannot occur on the same target for several seconds.","tooltip":"<spellPassive>Persistent Effect: </spellPassive>Basic attacks stun the target for {{ e3 }} second. This effect cannot occur on the same target again for {{ e4 }} seconds.<br /><br /><spellPassive>Activation: </spellPassive>Increases Movement Speed by {{ e1 }}% and ignores unit collision for {{ e2 }} seconds.","leveltip":{"label":["Movement Speed","Movement Speed Duration"],"effect":["{{ e1 }}% -> {{ e1NL }}%","{{ e2 }} -> {{ e2NL }}"]},"maxrank":6,"cooldown":[6,6,6,6,6,6],"cooldownBurn":"6","cost":[45,45,45,45,45,45],"costBurn":"45","datavalues":{},"effect":[null,[15,20,25,30,35,40],[2,2.25,2.5,2.75,3,3.25],[1,1,1,1,1,1],[5,5,5,5,5,5],[0,0,0,0,0,0],[0,0,0,0,0,0],[0,0,0,0,0,0],[0,0,0,0,0,0],[0,0,0,0,0,0],[0,0,0,0,0,0]],"effectBurn":[null,"15/20/25/30/35/40","2/2.25/2.5/2.75/3/3.25","1","5","0","0","0","0","0","0"],"vars":[],"costType":" {{ abilityresourcename }}","maxammo":"-1","range":[600,600,600,600,600,600],"rangeBurn":"600","image":{"full":"UdyrBearStance.png","sprite":"spell13.png","group":"spell","x":0,"y":0,"w":48,"h":48},"resource":"{{ cost }} {{ abilityresourcename }}"},{"id":"UdyrPhoenixStance","name":"Phoenix Stance","description":"Phoenix Stance: Activation - Udyr unleashes pulsing waves of fire, dealing damage to nearby enemies. Persistent Effect - Udyr's first attack and every third attack after engulfs enemies in front of him with flames.","tooltip":"<spellPassive>Persistent Effect: </spellPassive>Udyr's first attack and every third attack after burns enemies in front of him, dealing {{ totalconedamage }} magic damage.<br /><br /><spellPassive>Activation: </spellPassive>Unleashes pulsing waves of fire, dealing {{ totalaoedamagepertick }} magic damage each second to nearby enemies for {{ phoenixaoeduration }} seconds.","leveltip":{"label":["Pulse Damage","Flame Damage"],"effect":["{{ aoedamagepertick }} -> {{ aoedamagepertickNL }}","{{ conedamage }} -> {{ conedamageNL }}"]},"maxrank":6,"cooldown":[6,6,6,6,6,6],"cooldownBurn":"6","cost":[45,45,45,45,45,45],"costBurn":"45","datavalues":{},"effect":[null,[0,0,0,0,0,0],[0,0,0,0,0,0],[0,0,0,0,0,0],[0,0,0,0,0,0],[0,0,0,0,0,0],[0,0,0,0,0,0],[0,0,0,0,0,0],[0,0,0,0,0,0],[0,0,0,0,0,0],[0,0,0,0,0,0]],"effectBurn":[null,"0","0","0","0","0","0","0","0","0","0"],"vars":[],"costType":" {{ abilityresourcename }}","maxammo":"-1","range":[325,325,325,325,325,325],"rangeBurn":"325","image":{"full":"UdyrPhoenixStance.png","sprite":"spell13.png","group":"spell","x":48,"y":0,"w":48,"h":48},"resource":"{{ cost }} {{ abilityresourcename }}"}],"passive":{"name":"Monkey's Agility","description":"Entering a stance grants Udyr bonus Attack Speed and Movement Speed for a short duration. This effect can stack multiple times.","image":{"full":"Udyr_MonkeysAgility.png","sprite":"passive4.png","group":"passive","x":288,"y":0,"w":48,"h":48}},"recommended":[{"champion":"Udyr","title":"Beginner","map":"SR","mode":"INTRO","type":"riot","customTag":"","extensionPage":false,"customPanel":null,"blocks":[{"type":"beginner_starter","recMath":false,"recSteps":false,"minSummonerLevel":-1,"maxSummonerLevel":4,"showIfSummonerSpell":"","hideIfSummonerSpell":"","items":[{"id":"1054","count":1,"hideCount":false}]},{"type":"beginner_starter","recMath":false,"recSteps":false,"minSummonerLevel":5,"maxSummonerLevel":-1,"showIfSummonerSpell":"","hideIfSummonerSpell":"","items":[{"id":"1054","count":1,"hideCount":false},{"id":"2003","count":1,"hideCount":false}]},{"type":"beginner_advanced","recMath":true,"recSteps":false,"minSummonerLevel":-1,"maxSummonerLevel":-1,"showIfSummonerSpell":"","hideIfSummonerSpell":"","items":[{"id":"1028","count":1,"hideCount":false},{"id":"1036","count":1,"hideCount":false},{"id":"3044","count":1,"hideCount":false}]},{"type":"beginner_movementspeed","recMath":true,"recSteps":false,"minSummonerLevel":-1,"maxSummonerLevel":-1,"showIfSummonerSpell":"","hideIfSummonerSpell":"","items":[{"id":"1001","count":1,"hideCount":false},{"id":"1029","count":1,"hideCount":false},{"id":"3047","count":1,"hideCount":false}]},{"type":"beginner_legendaryitem","recMath":true,"recSteps":false,"minSummonerLevel":-1,"maxSummonerLevel":-1,"showIfSummonerSpell":"","hideIfSummonerSpell":"","items":[{"id":"3044","count":1,"hideCount":false},{"id":"3057","count":1,"hideCount":false},{"id":"3086","count":1,"hideCount":false},{"id":"3078","count":1,"hideCount":false}]},{"type":"beginner_morelegendaryitems","recMath":false,"recSteps":false,"minSummonerLevel":-1,"maxSummonerLevel":-1,"showIfSummonerSpell":"","hideIfSummonerSpell":"","items":[{"id":"3102","count":1,"hideCount":false},{"id":"3110","count":1,"hideCount":false},{"id":"3065","count":1,"hideCount":false},{"id":"3812","count":1,"hideCount":false}]}]},{"champion":"Udyr","title":"UdyrARAM","map":"HA","mode":"ARAM","type":"riot","customTag":"","sortrank":0,"extensionPage":false,"useObviousCheckmark":false,"customPanel":null,"blocks":[{"type":"starting","recMath":false,"recSteps":false,"minSummonerLevel":-1,"maxSummonerLevel":-1,"showIfSummonerSpell":"","hideIfSummonerSpell":"","appendAfterSection":"","visibleWithAllOf":[""],"hiddenWithAnyOf":[""],"items":[{"id":"2051","count":1,"hideCount":false},{"id":"1001","count":1,"hideCount":false},{"id":"2003","count":3,"hideCount":false}]},{"type":"essential","recMath":false,"recSteps":false,"minSummonerLevel":-1,"maxSummonerLevel":-1,"showIfSummonerSpell":"","hideIfSummonerSpell":"","appendAfterSection":"","visibleWithAllOf":[""],"hiddenWithAnyOf":[""],"items":[{"id":"3078","count":1,"hideCount":false},{"id":"3111","count":1,"hideCount":false},{"id":"3053","count":1,"hideCount":false}]},{"type":"offensive","recMath":false,"recSteps":false,"minSummonerLevel":-1,"maxSummonerLevel":-1,"showIfSummonerSpell":"","hideIfSummonerSpell":"","appendAfterSection":"","visibleWithAllOf":[""],"hiddenWithAnyOf":[""],"items":[{"id":"3748","count":1,"hideCount":false},{"id":"3022","count":1,"hideCount":false},{"id":"3091","count":1,"hideCount":false}]},{"type":"defensive","recMath":false,"recSteps":false,"minSummonerLevel":-1,"maxSummonerLevel":-1,"showIfSummonerSpell":"","hideIfSummonerSpell":"","appendAfterSection":"","visibleWithAllOf":[""],"hiddenWithAnyOf":[""],"items":[{"id":"3110","count":1,"hideCount":false},{"id":"3065","count":1,"hideCount":false},{"id":"3001","count":1,"hideCount":false}]},{"type":"consumables","recMath":false,"recSteps":false,"minSummonerLevel":-1,"maxSummonerLevel":-1,"showIfSummonerSpell":"","hideIfSummonerSpell":"","appendAfterSection":"","visibleWithAllOf":[""],"hiddenWithAnyOf":[""],"items":[{"id":"2003","count":1,"hideCount":true},{"id":"2033","count":1,"hideCount":false},{"id":"2138","count":1,"hideCount":true}]}]},{"champion":"Udyr","title":"UdyrFIRSTBLOOD","map":"HA","mode":"FIRSTBLOOD","type":"riot","customTag":"","extensionPage":false,"customPanel":null,"blocks":[{"type":"starting","recMath":false,"recSteps":false,"minSummonerLevel":-1,"maxSummonerLevel":-1,"showIfSummonerSpell":"","hideIfSummonerSpell":"SummonerSmite","items":[{"id":"2033","count":1,"hideCount":false},{"id":"3340","count":1,"hideCount":false}]},{"type":"early","recMath":false,"recSteps":false,"minSummonerLevel":-1,"maxSummonerLevel":-1,"showIfSummonerSpell":"","hideIfSummonerSpell":"SummonerSmite","items":[{"id":"3057","count":1,"hideCount":false},{"id":"3044","count":1,"hideCount":false},{"id":"1001","count":1,"hideCount":false}]},{"type":"essential","recMath":false,"recSteps":false,"minSummonerLevel":-1,"maxSummonerLevel":-1,"showIfSummonerSpell":"","hideIfSummonerSpell":"SummonerSmite","items":[{"id":"3078","count":1,"hideCount":false},{"id":"3047","count":1,"hideCount":false},{"id":"3742","count":1,"hideCount":false}]},{"type":"offensive","recMath":false,"recSteps":false,"minSummonerLevel":-1,"maxSummonerLevel":-1,"showIfSummonerSpell":"","hideIfSummonerSpell":"SummonerSmite","items":[{"id":"3812","count":1,"hideCount":false},{"id":"3156","count":1,"hideCount":false},{"id":"3153","count":1,"hideCount":false}]},{"type":"defensive","recMath":false,"recSteps":false,"minSummonerLevel":-1,"maxSummonerLevel":-1,"showIfSummonerSpell":"","hideIfSummonerSpell":"SummonerSmite","items":[{"id":"3068","count":1,"hideCount":false},{"id":"3110","count":1,"hideCount":false},{"id":"3102","count":1,"hideCount":false},{"id":"3065","count":1,"hideCount":false}]},{"type":"startingjungle","recMath":false,"recSteps":false,"minSummonerLevel":-1,"maxSummonerLevel":-1,"showIfSummonerSpell":"SummonerSmite","hideIfSummonerSpell":"","items":[{"id":"1039","count":1,"hideCount":false},{"id":"2031","count":1,"hideCount":false},{"id":"3340","count":1,"hideCount":false}]},{"type":"earlyjungle","recMath":false,"recSteps":false,"minSummonerLevel":-1,"maxSummonerLevel":-1,"showIfSummonerSpell":"SummonerSmite","hideIfSummonerSpell":"","items":[{"id":"2032","count":1,"hideCount":false},{"id":"3706","count":1,"hideCount":false},{"id":"1001","count":1,"hideCount":false}]},{"type":"essentialjungle","recMath":false,"recSteps":false,"minSummonerLevel":-1,"maxSummonerLevel":-1,"showIfSummonerSpell":"SummonerSmite","hideIfSummonerSpell":"","items":[{"id":"1401","count":1,"hideCount":false},{"id":"3047","count":1,"hideCount":false},{"id":"3742","count":1,"hideCount":false}]},{"type":"offensive","recMath":false,"recSteps":false,"minSummonerLevel":-1,"maxSummonerLevel":-1,"showIfSummonerSpell":"SummonerSmite","hideIfSummonerSpell":"","items":[{"id":"3078","count":1,"hideCount":false},{"id":"3812","count":1,"hideCount":false},{"id":"3156","count":1,"hideCount":false}]},{"type":"defensive","recMath":false,"recSteps":false,"minSummonerLevel":-1,"maxSummonerLevel":-1,"showIfSummonerSpell":"SummonerSmite","hideIfSummonerSpell":"","items":[{"id":"3110","count":1,"hideCount":false},{"id":"3065","count":1,"hideCount":false},{"id":"3102","count":1,"hideCount":false}]},{"type":"consumables","recMath":false,"recSteps":false,"minSummonerLevel":-1,"maxSummonerLevel":-1,"showIfSummonerSpell":"","hideIfSummonerSpell":"","items":[{"id":"2043","count":1,"hideCount":true},{"id":"2138","count":1,"hideCount":true},{"id":"2003","count":1,"hideCount":false}]}]},{"champion":"Udyr","title":"UdyrARAM","map":"HA","mode":"KINGPORO","type":"riot","customTag":"","sortrank":0,"extensionPage":false,"useObviousCheckmark":false,"customPanel":null,"blocks":[{"type":"KingPoroSnax","recMath":false,"recSteps":false,"minSummonerLevel":-1,"maxSummonerLevel":-1,"showIfSummonerSpell":"","hideIfSummonerSpell":"","items":[{"id":"3680","count":1,"hideCount":false},{"id":"3681","count":1,"hideCount":false},{"id":"3682","count":1,"hideCount":false},{"id":"3683","count":1,"hideCount":false},{"id":"3684","count":1,"hideCount":false},{"id":"3685","count":1,"hideCount":false}]},{"type":"starting","recMath":false,"recSteps":false,"minSummonerLevel":-1,"maxSummonerLevel":-1,"showIfSummonerSpell":"","hideIfSummonerSpell":"","appendAfterSection":"","visibleWithAllOf":[""],"hiddenWithAnyOf":[""],"items":[{"id":"2051","count":1,"hideCount":false},{"id":"1001","count":1,"hideCount":false},{"id":"2003","count":3,"hideCount":false}]},{"type":"essential","recMath":false,"recSteps":false,"minSummonerLevel":-1,"maxSummonerLevel":-1,"showIfSummonerSpell":"","hideIfSummonerSpell":"","appendAfterSection":"","visibleWithAllOf":[""],"hiddenWithAnyOf":[""],"items":[{"id":"3078","count":1,"hideCount":false},{"id":"3111","count":1,"hideCount":false},{"id":"3053","count":1,"hideCount":false}]},{"type":"offensive","recMath":false,"recSteps":false,"minSummonerLevel":-1,"maxSummonerLevel":-1,"showIfSummonerSpell":"","hideIfSummonerSpell":"","appendAfterSection":"","visibleWithAllOf":[""],"hiddenWithAnyOf":[""],"items":[{"id":"3748","count":1,"hideCount":false},{"id":"3022","count":1,"hideCount":false},{"id":"3091","count":1,"hideCount":false}]},{"type":"defensive","recMath":false,"recSteps":false,"minSummonerLevel":-1,"maxSummonerLevel":-1,"showIfSummonerSpell":"","hideIfSummonerSpell":"","appendAfterSection":"","visibleWithAllOf":[""],"hiddenWithAnyOf":[""],"items":[{"id":"3110","count":1,"hideCount":false},{"id":"3065","count":1,"hideCount":false},{"id":"3001","count":1,"hideCount":false}]},{"type":"consumables","recMath":false,"recSteps":false,"minSummonerLevel":-1,"maxSummonerLevel":-1,"showIfSummonerSpell":"","hideIfSummonerSpell":"","appendAfterSection":"","visibleWithAllOf":[""],"hiddenWithAnyOf":[""],"items":[{"id":"2003","count":1,"hideCount":true},{"id":"2033","count":1,"hideCount":false},{"id":"2138","count":1,"hideCount":true}]}]},{"champion":"Udyr","title":"UdyrSL","map":"NB","mode":"NEXUSBLITZ","type":"riot","customTag":"","sortrank":0,"extensionPage":false,"useObviousCheckmark":false,"customPanel":null,"blocks":[{"type":"starting","recMath":false,"recSteps":false,"minSummonerLevel":-1,"maxSummonerLevel":-1,"showIfSummonerSpell":"","hideIfSummonerSpell":"SummonerSmite","appendAfterSection":"","visibleWithAllOf":[""],"hiddenWithAnyOf":[""],"items":[{"id":"4201","count":1,"hideCount":false},{"id":"2003","count":1,"hideCount":false},{"id":"3340","count":1,"hideCount":false}]},{"type":"early","recMath":false,"recSteps":false,"minSummonerLevel":-1,"maxSummonerLevel":-1,"showIfSummonerSpell":"","hideIfSummonerSpell":"SummonerSmite","appendAfterSection":"","visibleWithAllOf":[""],"hiddenWithAnyOf":[""],"items":[{"id":"3057","count":1,"hideCount":false},{"id":"3044","count":1,"hideCount":false},{"id":"1001","count":1,"hideCount":false}]},{"type":"essential","recMath":false,"recSteps":false,"minSummonerLevel":-1,"maxSummonerLevel":-1,"showIfSummonerSpell":"","hideIfSummonerSpell":"SummonerSmite","appendAfterSection":"","visibleWithAllOf":[""],"hiddenWithAnyOf":[""],"items":[{"id":"3078","count":1,"hideCount":false},{"id":"3047","count":1,"hideCount":false},{"id":"3742","count":1,"hideCount":false}]},{"type":"offensive","recMath":false,"recSteps":false,"minSummonerLevel":-1,"maxSummonerLevel":-1,"showIfSummonerSpell":"","hideIfSummonerSpell":"SummonerSmite","appendAfterSection":"","visibleWithAllOf":[""],"hiddenWithAnyOf":[""],"items":[{"id":"3156","count":1,"hideCount":false},{"id":"3153","count":1,"hideCount":false},{"id":"3005","count":1,"hideCount":false}]},{"type":"defensive","recMath":false,"recSteps":false,"minSummonerLevel":-1,"maxSummonerLevel":-1,"showIfSummonerSpell":"","hideIfSummonerSpell":"SummonerSmite","appendAfterSection":"","visibleWithAllOf":[""],"hiddenWithAnyOf":[""],"items":[{"id":"3068","count":1,"hideCount":false},{"id":"3110","count":1,"hideCount":false},{"id":"3065","count":1,"hideCount":false}]},{"type":"startingjungle","recMath":false,"recSteps":false,"minSummonerLevel":-1,"maxSummonerLevel":-1,"showIfSummonerSpell":"SummonerSmite","hideIfSummonerSpell":"","appendAfterSection":"","visibleWithAllOf":[""],"hiddenWithAnyOf":[""],"items":[{"id":"4101","count":1,"hideCount":false},{"id":"2003","count":1,"hideCount":false},{"id":"3340","count":1,"hideCount":false}]},{"type":"earlyjungle","recMath":false,"recSteps":false,"minSummonerLevel":-1,"maxSummonerLevel":-1,"showIfSummonerSpell":"SummonerSmite","hideIfSummonerSpell":"","appendAfterSection":"","visibleWithAllOf":[""],"hiddenWithAnyOf":[""],"items":[{"id":"3133","count":1,"hideCount":false},{"id":"1001","count":1,"hideCount":false}]},{"type":"essentialjungle","recMath":false,"recSteps":false,"minSummonerLevel":-1,"maxSummonerLevel":-1,"showIfSummonerSpell":"SummonerSmite","hideIfSummonerSpell":"","appendAfterSection":"","visibleWithAllOf":[""],"hiddenWithAnyOf":[""],"items":[{"id":"4102","count":1,"hideCount":false},{"id":"3111","count":1,"hideCount":false},{"id":"3110","count":1,"hideCount":false}]},{"type":"offensive","recMath":false,"recSteps":false,"minSummonerLevel":-1,"maxSummonerLevel":-1,"showIfSummonerSpell":"SummonerSmite","hideIfSummonerSpell":"","appendAfterSection":"","visibleWithAllOf":[""],"hiddenWithAnyOf":[""],"items":[{"id":"3078","count":1,"hideCount":false},{"id":"3153","count":1,"hideCount":false},{"id":"3005","count":1,"hideCount":false}]},{"type":"defensive","recMath":false,"recSteps":false,"minSummonerLevel":-1,"maxSummonerLevel":-1,"showIfSummonerSpell":"SummonerSmite","hideIfSummonerSpell":"","appendAfterSection":"","visibleWithAllOf":[""],"hiddenWithAnyOf":[""],"items":[{"id":"3742","count":1,"hideCount":false},{"id":"3065","count":1,"hideCount":false},{"id":"3075","count":1,"hideCount":false}]},{"type":"consumables","recMath":false,"recSteps":false,"minSummonerLevel":-1,"maxSummonerLevel":-1,"showIfSummonerSpell":"","hideIfSummonerSpell":"","appendAfterSection":"","visibleWithAllOf":[""],"hiddenWithAnyOf":[""],"items":[{"id":"2003","count":1,"hideCount":true},{"id":"2138","count":1,"hideCount":true}]}]},{"champion":"Udyr","title":"UdyrSR","map":"SR","mode":"CLASSIC","type":"riot","customTag":"","sortrank":0,"extensionPage":false,"useObviousCheckmark":false,"customPanel":null,"blocks":[{"type":"starting","recMath":false,"recSteps":false,"minSummonerLevel":-1,"maxSummonerLevel":-1,"showIfSummonerSpell":"","hideIfSummonerSpell":"SummonerSmite","appendAfterSection":"","visibleWithAllOf":[""],"hiddenWithAnyOf":[""],"items":[{"id":"1054","count":1,"hideCount":false},{"id":"2003","count":1,"hideCount":false},{"id":"3340","count":1,"hideCount":false}]},{"type":"early","recMath":false,"recSteps":false,"minSummonerLevel":-1,"maxSummonerLevel":-1,"showIfSummonerSpell":"","hideIfSummonerSpell":"SummonerSmite","appendAfterSection":"","visibleWithAllOf":[""],"hiddenWithAnyOf":[""],"items":[{"id":"3057","count":1,"hideCount":false},{"id":"3044","count":1,"hideCount":false},{"id":"1001","count":1,"hideCount":false}]},{"type":"essential","recMath":false,"recSteps":false,"minSummonerLevel":-1,"maxSummonerLevel":-1,"showIfSummonerSpell":"","hideIfSummonerSpell":"SummonerSmite","appendAfterSection":"","visibleWithAllOf":[""],"hiddenWithAnyOf":[""],"items":[{"id":"3078","count":1,"hideCount":false},{"id":"3047","count":1,"hideCount":false},{"id":"3742","count":1,"hideCount":false}]},{"type":"offensive","recMath":false,"recSteps":false,"minSummonerLevel":-1,"maxSummonerLevel":-1,"showIfSummonerSpell":"","hideIfSummonerSpell":"SummonerSmite","appendAfterSection":"","visibleWithAllOf":[""],"hiddenWithAnyOf":[""],"items":[{"id":"3153","count":1,"hideCount":false},{"id":"3091","count":1,"hideCount":false},{"id":"3748","count":1,"hideCount":false}]},{"type":"defensive","recMath":false,"recSteps":false,"minSummonerLevel":-1,"maxSummonerLevel":-1,"showIfSummonerSpell":"","hideIfSummonerSpell":"SummonerSmite","appendAfterSection":"","visibleWithAllOf":[""],"hiddenWithAnyOf":[""],"items":[{"id":"3068","count":1,"hideCount":false},{"id":"3110","count":1,"hideCount":false},{"id":"3065","count":1,"hideCount":false}]},{"type":"startingjungle","recMath":false,"recSteps":false,"minSummonerLevel":-1,"maxSummonerLevel":-1,"showIfSummonerSpell":"SummonerSmite","hideIfSummonerSpell":"","appendAfterSection":"","visibleWithAllOf":[""],"hiddenWithAnyOf":[""],"items":[{"id":"1041","count":1,"hideCount":false},{"id":"2031","count":1,"hideCount":false},{"id":"3340","count":1,"hideCount":false}]},{"type":"earlyjungle","recMath":false,"recSteps":false,"minSummonerLevel":-1,"maxSummonerLevel":-1,"showIfSummonerSpell":"SummonerSmite","hideIfSummonerSpell":"","appendAfterSection":"","visibleWithAllOf":[""],"hiddenWithAnyOf":[""],"items":[{"id":"3706","count":1,"hideCount":false},{"id":"1001","count":1,"hideCount":false}]},{"type":"essentialjungle","recMath":false,"recSteps":false,"minSummonerLevel":-1,"maxSummonerLevel":-1,"showIfSummonerSpell":"SummonerSmite","hideIfSummonerSpell":"","appendAfterSection":"","visibleWithAllOf":[""],"hiddenWithAnyOf":[""],"items":[{"id":"1400","count":1,"hideCount":false},{"id":"3111","count":1,"hideCount":false}]},{"type":"offensive","recMath":false,"recSteps":false,"minSummonerLevel":-1,"maxSummonerLevel":-1,"showIfSummonerSpell":"SummonerSmite","hideIfSummonerSpell":"","appendAfterSection":"","visibleWithAllOf":[""],"hiddenWithAnyOf":[""],"items":[{"id":"3078","count":1,"hideCount":false},{"id":"3091","count":1,"hideCount":false},{"id":"3153","count":1,"hideCount":false}]},{"type":"defensive","recMath":false,"recSteps":false,"minSummonerLevel":-1,"maxSummonerLevel":-1,"showIfSummonerSpell":"SummonerSmite","hideIfSummonerSpell":"","appendAfterSection":"","visibleWithAllOf":[""],"hiddenWithAnyOf":[""],"items":[{"id":"3742","count":1,"hideCount":false},{"id":"3065","count":1,"hideCount":false},{"id":"3075","count":1,"hideCount":false}]},{"type":"consumables","recMath":false,"recSteps":false,"minSummonerLevel":-1,"maxSummonerLevel":-1,"showIfSummonerSpell":"","hideIfSummonerSpell":"","appendAfterSection":"","visibleWithAllOf":[""],"hiddenWithAnyOf":[""],"items":[{"id":"2003","count":1,"hideCount":true},{"id":"2138","count":1,"hideCount":true}]}]}]}}}