{"type":"champion","format":"standAloneComplex","version":"10.15.1","data":{"Varus":{"id":"Varus","key":"110","name":"Varus","title":"the Arrow of Retribution","image":{"full":"Varus.png","sprite":"champion4.png","group":"champion","x":384,"y":0,"w":48,"h":48},"skins":[{"id":"110000","num":0,"name":"default","chromas":false},{"id":"110001","num":1,"name":"Blight Crystal Varus","chromas":false},{"id":"110002","num":2,"name":"Arclight Varus","chromas":false},{"id":"110003","num":3,"name":"Arctic Ops Varus","chromas":false},{"id":"110004","num":4,"name":"Heartseeker Varus","chromas":false},{"id":"110005","num":5,"name":"Varus Swiftbolt","chromas":false},{"id":"110006","num":6,"name":"Dark Star Varus","chromas":true},{"id":"110007","num":7,"name":"Conqueror Varus","chromas":true},{"id":"110009","num":9,"name":"Infernal Varus","chromas":true}],"lore":"One of the ancient darkin, Varus was a deadly killer who loved to torment his foes, driving them almost to insanity before delivering the killing arrow. He was imprisoned at the end of the Great Darkin War, but escaped centuries later in the remade flesh of two Ionian hunters—they had unwittingly released him, cursed to bear the bow containing his bound essence. Varus now seeks out those who trapped him, in order to enact his brutal vengeance, but the mortal souls within still resist him every step of the way.","blurb":"One of the ancient darkin, Varus was a deadly killer who loved to torment his foes, driving them almost to insanity before delivering the killing arrow. He was imprisoned at the end of the Great Darkin War, but escaped centuries later in the remade...","allytips":["An early point in Blighted Quiver helps harass enemy champions and get killing blows on minions.","During short range fights it's sometimes best to fire Piercing Arrow quickly, rather than charging it to full power.","Try to take advantage of Piercing Arrow's very long range to snipe at enemy champions before a fight or as they're trying to flee."],"enemytips":["If you are affected by Blight, Varus' abilities will deal extra damage to you.","When he gets a kill or assist, Varus temporarily gains Attack Speed and is much more dangerous.","You'll get bound in place if a tendril from Varus' ultimate, Chain of Corruption, reaches you. You can cause the tendril to die however by running far enough away from it."],"tags":["Marksman","Mage"],"partype":"Mana","info":{"attack":7,"defense":3,"magic":4,"difficulty":2},"stats":{"hp":530,"hpperlevel":91,"mp":360,"mpperlevel":33,"movespeed":330,"armor":27,"armorperlevel":3.4,"spellblock":30,"spellblockperlevel":0.5,"attackrange":575,"hpregen":3.5,"hpregenperlevel":0.55,"mpregen":8,"mpregenperlevel":0.8,"crit":0,"critperlevel":0,"attackdamage":61,"attackdamageperlevel":3,"attackspeedperlevel":3,"attackspeed":0.658},"spells":[{"id":"VarusQ","name":"Piercing Arrow","description":"Varus readies and then fires a powerful shot that gains extra range and damage the longer he spends preparing to fire.","tooltip":"<span class=\"colorFF9900\">First Cast:</span> Varus starts drawing back his next shot, gradually increasing its range and damage. While preparing to shoot, Varus' Movement Speed is slowed by {{ e7 }}%. After {{ e5 }} seconds, Piercing Arrow fails but refunds {{ e4 }}% of its Mana cost.<br /><br /><span class=\"colorFF9900\">Second Cast:</span> Varus fires, dealing <physicalDamage>{{ totaldamagemintooltip }}</physicalDamage> to <physicalDamage>{{ totaldamagemax }} physical damage</physicalDamage>, reduced by {{ e3 }}% per enemy hit (minimum {{ e9 }}%).<br /><br />Piercing Arrow's cooldown is reduced by {{ f1 }} seconds if the arrow detonates <span class=\"colorB829FF\">Blight</span> stacks on at least one enemy champion.","leveltip":{"label":["Maximum Damage","Cooldown","Mana Cost","Total AD Ratio"],"effect":["{{ basedamagemax }} -> {{ basedamagemaxNL }}","{{ cooldown }} -> {{ cooldownNL }}","{{ basecost }} -> {{ basecostNL }}","{{ tadratiomax }} -> {{ tadratiomaxNL }}"]},"maxrank":5,"cooldown":[18,16,14,12,10],"cooldownBurn":"18/16/14/12/10","cost":[70,75,80,85,90],"costBurn":"70/75/80/85/90","datavalues":{},"effect":[null,[0,0,0,0,0],[0,0,0,0,0],[15,15,15,15,15],[50,50,50,50,50],[4,4,4,4,4],[3,3,3,3,3],[20,20,20,20,20],[0,0,0,0,0],[33,33,33,33,33],[0,0,0,0,0]],"effectBurn":[null,"0","0","15","50","4","3","20","0","33","0"],"vars":[{"link":"attackdamage","coeff":1,"key":"f1"}],"costType":" {{ abilityresourcename }}","maxammo":"-1","range":[925,925,925,925,925],"rangeBurn":"925","image":{"full":"VarusQ.png","sprite":"spell13.png","group":"spell","x":288,"y":0,"w":48,"h":48},"resource":"{{ cost }} {{ abilityresourcename }}"},{"id":"VarusW","name":"Blighted Quiver","description":"Passive: Varus' basic attacks deal bonus magic damage and apply Blight. Varus' other abilities detonate Blight, dealing magic damage based on the target's maximum Health. Active: Varus empowers his next Piercing Arrow.","tooltip":" <spellPassive>Passive: </spellPassive>Varus' basic attacks deal {{ e1 }} <scaleAP>(+{{ a1 }})</scaleAP> bonus magic damage and apply <span class=\"colorB829FF\">Blight</span> for {{ e3 }} seconds (stacks {{ e4 }} times).<br /><br />Varus' other abilities detonate <span class=\"colorB829FF\">Blight</span>, dealing magic damage equal to {{ e2 }}% <scaleAP>(+{{ a2 }}%)</scaleAP> of the target's maximum Health per stack.<br /><br /><spellPassive>Active: </spellPassive>Varus' next Piercing Arrow deals bonus magic damage equal to <span class=\"coloreeeeee\">{{ f2*100 }}%</span> to <span class=\"coloreeeeee\">{{ f1*100 }}%</span> of the target's missing health (scales with Piercing Arrow charge).<br /><br /><rules>Blighted Quiver is capped at {{ e5 }} damage against monsters.</rules>","leveltip":{"label":["Damage on Attack","Damage from Blight"],"effect":["{{ e1 }} -> {{ e1NL }}","{{ effect2amount*100.000000 }}% -> {{ effect2amountnl*100.000000 }}%"]},"maxrank":5,"cooldown":[40,40,40,40,40],"cooldownBurn":"40","cost":[0,0,0,0,0],"costBurn":"0","datavalues":{},"effect":[null,[7,10.5,14,17.5,20],[3,3.5,4,4.5,5],[6,6,6,6,6],[3,3,3,3,3],[360,360,360,360,360],[0,0,0,0,0],[0,0,0,0,0],[0,0,0,0,0],[0,0,0,0,0],[0,0,0,0,0]],"effectBurn":[null,"7/10.5/14/17.5/20","3/3.5/4/4.5/5","6","3","360","0","0","0","0","0"],"vars":[{"link":"spelldamage","coeff":0.25,"key":"a1"},{"link":"spelldamage","coeff":0.02,"key":"a2"}],"costType":"No Cost","maxammo":"-1","range":[750,750,750,750,750],"rangeBurn":"750","image":{"full":"VarusW.png","sprite":"spell13.png","group":"spell","x":336,"y":0,"w":48,"h":48},"resource":"No Cost"},{"id":"VarusE","name":"Hail of Arrows","description":"Varus fires a hail of arrows that deal physical damage and desecrate the ground. Desecrated ground slows enemies' Movement Speed and reduces their self healing and regeneration.","tooltip":"Varus fires a hail of arrows that deals {{ e1 }} <scaleAD>(+{{ a1 }})</scaleAD> physical damage and desecrates the ground for {{ e3 }} seconds.<br /><br />Desecrated Ground slows enemy Movement Speed by {{ e2 }}% and reduces healing effects by {{ e4 }}%.","leveltip":{"label":["Damage","Slow","Cooldown"],"effect":["{{ e1 }} -> {{ e1NL }}","{{ effect2amount*-100.000000 }}% -> {{ effect2amountnl*-100.000000 }}%","{{ cooldown }} -> {{ cooldownNL }}"]},"maxrank":5,"cooldown":[18,16,14,12,10],"cooldownBurn":"18/16/14/12/10","cost":[80,80,80,80,80],"costBurn":"80","datavalues":{},"effect":[null,[50,90,130,170,210],[25,30,35,40,45],[4,4,4,4,4],[40,40,40,40,40],[300,300,300,300,300],[0,0,0,0,0],[0,0,0,0,0],[0,0,0,0,0],[0,0,0,0,0],[0,0,0,0,0]],"effectBurn":[null,"50/90/130/170/210","25/30/35/40/45","4","40","300","0","0","0","0","0"],"vars":[{"link":"bonusattackdamage","coeff":0.6,"key":"a1"}],"costType":" {{ abilityresourcename }}","maxammo":"-1","range":[925,925,925,925,925],"rangeBurn":"925","image":{"full":"VarusE.png","sprite":"spell13.png","group":"spell","x":384,"y":0,"w":48,"h":48},"resource":"{{ cost }} {{ abilityresourcename }}"},{"id":"VarusR","name":"Chain of Corruption","description":"Varus flings out a damaging tendril of corruption that immobilizes the first enemy champion hit and then spreads towards nearby uninfected champions, immobilizing them too on contact.","tooltip":"Varus flings out a tendril of corruption that deals {{ e1 }} <scaleAP>(+{{ a1 }})</scaleAP> magic damage and immobilizes the first enemy champion hit for {{ e2 }} seconds.<br /><br />The corruption then spreads towards nearby uninfected enemy champions. If it reaches them, they take the same damage and are also immobilized. Immobilized units gain {{ e4 }} <span class=\"colorB829FF\">Blight</span> stacks over the duration.","leveltip":{"label":["Damage","Cooldown"],"effect":["{{ e1 }} -> {{ e1NL }}","{{ cooldown }} -> {{ cooldownNL }}"]},"maxrank":3,"cooldown":[130,100,70],"cooldownBurn":"130/100/70","cost":[100,100,100],"costBurn":"100","datavalues":{},"effect":[null,[150,200,250],[2,2,2],[650,650,650],[3,3,3],[0.5,0.5,0.5],[600,600,600],[1.75,1.75,1.75],[0,0,0],[0,0,0],[0,0,0]],"effectBurn":[null,"150/200/250","2","650","3","0.5","600","1.75","0","0","0"],"vars":[{"link":"spelldamage","coeff":1,"key":"a1"}],"costType":" {{ abilityresourcename }}","maxammo":"-1","range":[1200,1200,1200],"rangeBurn":"1200","image":{"full":"VarusR.png","sprite":"spell13.png","group":"spell","x":432,"y":0,"w":48,"h":48},"resource":"{{ cost }} {{ abilityresourcename }}"}],"passive":{"name":"Living Vengeance","description":"On kill or assist, Varus temporarily gains Attack Speed. This bonus is larger if the enemy is a champion.","image":{"full":"VarusPassive.png","sprite":"passive4.png","group":"passive","x":384,"y":0,"w":48,"h":48}},"recommended":[{"champion":"Varus","title":"Beginner","type":"riot","map":"SR","mode":"INTRO","priority":false,"blocks":[{"type":"beginner_Starter","maxSummonerLevel":4,"items":[{"id":"1055","count":1}]},{"type":"beginner_Starter","minSummonerLevel":5,"items":[{"id":"1055","count":1},{"id":"2003","count":1}]},{"type":"beginner_Advanced","recMath":true,"items":[{"id":"1036","count":1},{"id":"1053","count":1}]},{"type":"beginner_MovementSpeed","recMath":true,"items":[{"id":"1001","count":1},{"id":"1042","count":1},{"id":"3006","count":1}]},{"type":"beginner_LegendaryItem","recMath":true,"items":[{"id":"1053","count":1},{"id":"1038","count":1},{"id":"3072","count":1}]},{"type":"beginner_MoreLegendaryItems","items":[{"id":"3087","count":1},{"id":"3022","count":1},{"id":"3031","count":1},{"id":"3102","count":1}]}]},{"champion":"Varus","title":"VarusARAM","map":"HA","mode":"ARAM","type":"riot","customTag":"","sortrank":0,"extensionPage":false,"customPanel":null,"blocks":[{"type":"starting","recMath":false,"recSteps":false,"minSummonerLevel":-1,"maxSummonerLevel":-1,"showIfSummonerSpell":"","hideIfSummonerSpell":"","appendAfterSection":"","visibleWithAllOf":[""],"hiddenWithAnyOf":[""],"items":[{"id":"1053","count":1,"hideCount":false},{"id":"1001","count":1,"hideCount":false},{"id":"2003","count":4,"hideCount":false}]},{"type":"essential","recMath":false,"recSteps":false,"minSummonerLevel":-1,"maxSummonerLevel":-1,"showIfSummonerSpell":"","hideIfSummonerSpell":"","appendAfterSection":"","visibleWithAllOf":[""],"hiddenWithAnyOf":[""],"items":[{"id":"3124","count":1,"hideCount":false},{"id":"3006","count":1,"hideCount":false},{"id":"3153","count":1,"hideCount":false}]},{"type":"offensive","recMath":false,"recSteps":false,"minSummonerLevel":-1,"maxSummonerLevel":-1,"showIfSummonerSpell":"","hideIfSummonerSpell":"","appendAfterSection":"","visibleWithAllOf":[""],"hiddenWithAnyOf":[""],"items":[{"id":"3085","count":1,"hideCount":false},{"id":"3812","count":1,"hideCount":false},{"id":"3031","count":1,"hideCount":false}]},{"type":"defensive","recMath":false,"recSteps":false,"minSummonerLevel":-1,"maxSummonerLevel":-1,"showIfSummonerSpell":"","hideIfSummonerSpell":"","appendAfterSection":"","visibleWithAllOf":[""],"hiddenWithAnyOf":[""],"items":[{"id":"3091","count":1,"hideCount":false},{"id":"3156","count":1,"hideCount":false},{"id":"3139","count":1,"hideCount":false}]},{"type":"offmeta","recMath":false,"recSteps":false,"minSummonerLevel":-1,"maxSummonerLevel":-1,"showIfSummonerSpell":"","hideIfSummonerSpell":"","appendAfterSection":"","visibleWithAllOf":[""],"hiddenWithAnyOf":[""],"items":[{"id":"3115","count":1,"hideCount":false},{"id":"3089","count":1,"hideCount":false},{"id":"3146","count":1,"hideCount":false}]},{"type":"consumables","recMath":false,"recSteps":false,"minSummonerLevel":-1,"maxSummonerLevel":-1,"showIfSummonerSpell":"","hideIfSummonerSpell":"","appendAfterSection":"","visibleWithAllOf":[""],"hiddenWithAnyOf":[""],"items":[{"id":"2003","count":1,"hideCount":true},{"id":"2033","count":1,"hideCount":false},{"id":"2140","count":1,"hideCount":true}]}]},{"champion":"Varus","title":"VarusFIRSTBLOOD","map":"HA","mode":"FIRSTBLOOD","type":"riot","customTag":"","extensionPage":false,"customPanel":null,"blocks":[{"type":"starting","recMath":false,"recSteps":false,"minSummonerLevel":-1,"maxSummonerLevel":-1,"showIfSummonerSpell":"","hideIfSummonerSpell":"","items":[{"id":"1055","count":1,"hideCount":false},{"id":"2003","count":1,"hideCount":false},{"id":"3340","count":1,"hideCount":false}]},{"type":"early","recMath":false,"recSteps":false,"minSummonerLevel":-1,"maxSummonerLevel":-1,"showIfSummonerSpell":"","hideIfSummonerSpell":"","items":[{"id":"1038","count":1,"hideCount":false},{"id":"3086","count":1,"hideCount":false},{"id":"1001","count":1,"hideCount":false}]},{"type":"essential","recMath":false,"recSteps":false,"minSummonerLevel":-1,"maxSummonerLevel":-1,"showIfSummonerSpell":"","hideIfSummonerSpell":"","items":[{"id":"3508","count":1,"hideCount":false},{"id":"3006","count":1,"hideCount":false},{"id":"3087","count":1,"hideCount":false}]},{"type":"offensive","recMath":false,"recSteps":false,"minSummonerLevel":-1,"maxSummonerLevel":-1,"showIfSummonerSpell":"","hideIfSummonerSpell":"","items":[{"id":"3031","count":1,"hideCount":false},{"id":"3036","count":1,"hideCount":false},{"id":"3072","count":1,"hideCount":false}]},{"type":"situational","recMath":false,"recSteps":false,"minSummonerLevel":-1,"maxSummonerLevel":-1,"showIfSummonerSpell":"","hideIfSummonerSpell":"","items":[{"id":"3139","count":1,"hideCount":false},{"id":"3812","count":1,"hideCount":false},{"id":"3026","count":1,"hideCount":false},{"id":"3153","count":1,"hideCount":false}]},{"type":"consumables","recMath":false,"recSteps":false,"minSummonerLevel":-1,"maxSummonerLevel":-1,"showIfSummonerSpell":"","hideIfSummonerSpell":"","items":[{"id":"2003","count":1,"hideCount":true},{"id":"2043","count":1,"hideCount":true},{"id":"2140","count":1,"hideCount":true},{"id":"3363","count":1,"hideCount":true}]}]},{"champion":"Varus","title":"VarusARAM","map":"HA","mode":"KINGPORO","type":"riot","customTag":"","sortrank":0,"extensionPage":false,"customPanel":null,"blocks":[{"type":"KingPoroSnax","recMath":false,"recSteps":false,"minSummonerLevel":-1,"maxSummonerLevel":-1,"showIfSummonerSpell":"","hideIfSummonerSpell":"","items":[{"id":"3680","count":1,"hideCount":false},{"id":"3681","count":1,"hideCount":false},{"id":"3682","count":1,"hideCount":false},{"id":"3683","count":1,"hideCount":false},{"id":"3684","count":1,"hideCount":false},{"id":"3685","count":1,"hideCount":false}]},{"type":"starting","recMath":false,"recSteps":false,"minSummonerLevel":-1,"maxSummonerLevel":-1,"showIfSummonerSpell":"","hideIfSummonerSpell":"","appendAfterSection":"","visibleWithAllOf":[""],"hiddenWithAnyOf":[""],"items":[{"id":"1053","count":1,"hideCount":false},{"id":"1001","count":1,"hideCount":false},{"id":"2003","count":4,"hideCount":false}]},{"type":"essential","recMath":false,"recSteps":false,"minSummonerLevel":-1,"maxSummonerLevel":-1,"showIfSummonerSpell":"","hideIfSummonerSpell":"","appendAfterSection":"","visibleWithAllOf":[""],"hiddenWithAnyOf":[""],"items":[{"id":"3124","count":1,"hideCount":false},{"id":"3006","count":1,"hideCount":false},{"id":"3153","count":1,"hideCount":false}]},{"type":"offensive","recMath":false,"recSteps":false,"minSummonerLevel":-1,"maxSummonerLevel":-1,"showIfSummonerSpell":"","hideIfSummonerSpell":"","appendAfterSection":"","visibleWithAllOf":[""],"hiddenWithAnyOf":[""],"items":[{"id":"3085","count":1,"hideCount":false},{"id":"3812","count":1,"hideCount":false},{"id":"3031","count":1,"hideCount":false}]},{"type":"defensive","recMath":false,"recSteps":false,"minSummonerLevel":-1,"maxSummonerLevel":-1,"showIfSummonerSpell":"","hideIfSummonerSpell":"","appendAfterSection":"","visibleWithAllOf":[""],"hiddenWithAnyOf":[""],"items":[{"id":"3091","count":1,"hideCount":false},{"id":"3156","count":1,"hideCount":false},{"id":"3139","count":1,"hideCount":false}]},{"type":"offmeta","recMath":false,"recSteps":false,"minSummonerLevel":-1,"maxSummonerLevel":-1,"showIfSummonerSpell":"","hideIfSummonerSpell":"","appendAfterSection":"","visibleWithAllOf":[""],"hiddenWithAnyOf":[""],"items":[{"id":"3115","count":1,"hideCount":false},{"id":"3089","count":1,"hideCount":false},{"id":"3146","count":1,"hideCount":false}]},{"type":"consumables","recMath":false,"recSteps":false,"minSummonerLevel":-1,"maxSummonerLevel":-1,"showIfSummonerSpell":"","hideIfSummonerSpell":"","appendAfterSection":"","visibleWithAllOf":[""],"hiddenWithAnyOf":[""],"items":[{"id":"2003","count":1,"hideCount":true},{"id":"2033","count":1,"hideCount":false},{"id":"2140","count":1,"hideCount":true}]}]},{"champion":"Varus","title":"VarusSL","map":"NB","mode":"NEXUSBLITZ","type":"riot","customTag":"","sortrank":0,"extensionPage":false,"useObviousCheckmark":false,"customPanel":null,"blocks":[{"type":"starting","recMath":false,"recSteps":false,"minSummonerLevel":-1,"maxSummonerLevel":-1,"showIfSummonerSpell":"","hideIfSummonerSpell":"SummonerSmite","appendAfterSection":"","visibleWithAllOf":[""],"hiddenWithAnyOf":[""],"items":[{"id":"4202","count":1,"hideCount":false},{"id":"2003","count":1,"hideCount":false},{"id":"3340","count":1,"hideCount":false}]},{"type":"startingjungle","recMath":false,"recSteps":false,"minSummonerLevel":-1,"maxSummonerLevel":-1,"showIfSummonerSpell":"SummonerSmite","hideIfSummonerSpell":"","appendAfterSection":"","visibleWithAllOf":[""],"hiddenWithAnyOf":[""],"items":[{"id":"4101","count":1,"hideCount":false},{"id":"2003","count":1,"hideCount":false},{"id":"3340","count":1,"hideCount":false}]},{"type":"early","recMath":false,"recSteps":false,"minSummonerLevel":-1,"maxSummonerLevel":-1,"showIfSummonerSpell":"","hideIfSummonerSpell":"SummonerSmite","appendAfterSection":"","visibleWithAllOf":[""],"hiddenWithAnyOf":[""],"items":[{"id":"1043","count":1,"hideCount":false},{"id":"1037","count":1,"hideCount":false},{"id":"1001","count":1,"hideCount":false}]},{"type":"earlyjungle","recMath":false,"recSteps":false,"minSummonerLevel":-1,"maxSummonerLevel":-1,"showIfSummonerSpell":"SummonerSmite","hideIfSummonerSpell":"","appendAfterSection":"","visibleWithAllOf":[""],"hiddenWithAnyOf":[""],"items":[{"id":"1043","count":1,"hideCount":false},{"id":"1001","count":1,"hideCount":false}]},{"type":"essential","recMath":false,"recSteps":false,"minSummonerLevel":-1,"maxSummonerLevel":-1,"showIfSummonerSpell":"","hideIfSummonerSpell":"SummonerSmite","appendAfterSection":"","visibleWithAllOf":[""],"hiddenWithAnyOf":[""],"items":[{"id":"3124","count":1,"hideCount":false},{"id":"3006","count":1,"hideCount":false},{"id":"3085","count":1,"hideCount":false}]},{"type":"essentialjungle","recMath":false,"recSteps":false,"minSummonerLevel":-1,"maxSummonerLevel":-1,"showIfSummonerSpell":"SummonerSmite","hideIfSummonerSpell":"","appendAfterSection":"","visibleWithAllOf":[""],"hiddenWithAnyOf":[""],"items":[{"id":"4105","count":1,"hideCount":false},{"id":"3124","count":1,"hideCount":false},{"id":"3006","count":1,"hideCount":false}]},{"type":"offensive","recMath":false,"recSteps":false,"minSummonerLevel":-1,"maxSummonerLevel":-1,"showIfSummonerSpell":"","hideIfSummonerSpell":"","appendAfterSection":"","visibleWithAllOf":[""],"hiddenWithAnyOf":[""],"items":[{"id":"3153","count":1,"hideCount":false},{"id":"3072","count":1,"hideCount":false},{"id":"3094","count":1,"hideCount":false}]},{"type":"situational","recMath":false,"recSteps":false,"minSummonerLevel":-1,"maxSummonerLevel":-1,"showIfSummonerSpell":"","hideIfSummonerSpell":"","appendAfterSection":"","visibleWithAllOf":[""],"hiddenWithAnyOf":[""],"items":[{"id":"3139","count":1,"hideCount":false},{"id":"3156","count":1,"hideCount":false}]},{"type":"consumables","recMath":false,"recSteps":false,"minSummonerLevel":-1,"maxSummonerLevel":-1,"showIfSummonerSpell":"","hideIfSummonerSpell":"","appendAfterSection":"","visibleWithAllOf":[""],"hiddenWithAnyOf":[""],"items":[{"id":"2003","count":1,"hideCount":true},{"id":"2140","count":1,"hideCount":true}]}]},{"champion":"Varus","title":"VarusSR","map":"SR","mode":"CLASSIC","type":"riot","customTag":"","sortrank":0,"extensionPage":false,"useObviousCheckmark":false,"customPanel":null,"blocks":[{"type":"starting","recMath":false,"recSteps":false,"minSummonerLevel":-1,"maxSummonerLevel":-1,"showIfSummonerSpell":"","hideIfSummonerSpell":"","appendAfterSection":"","visibleWithAllOf":[""],"hiddenWithAnyOf":[""],"items":[{"id":"1055","count":1,"hideCount":false},{"id":"2003","count":1,"hideCount":false},{"id":"3340","count":1,"hideCount":false}]},{"type":"early","recMath":false,"recSteps":false,"minSummonerLevel":-1,"maxSummonerLevel":-1,"showIfSummonerSpell":"","hideIfSummonerSpell":"","appendAfterSection":"","visibleWithAllOf":[""],"hiddenWithAnyOf":[""],"items":[{"id":"3144","count":1,"hideCount":false},{"id":"1043","count":1,"hideCount":false},{"id":"1001","count":1,"hideCount":false}]},{"type":"essential","recMath":false,"recSteps":false,"minSummonerLevel":-1,"maxSummonerLevel":-1,"showIfSummonerSpell":"","hideIfSummonerSpell":"","appendAfterSection":"","visibleWithAllOf":[""],"hiddenWithAnyOf":[""],"items":[{"id":"3153","count":1,"hideCount":false},{"id":"3006","count":1,"hideCount":false},{"id":"3124","count":1,"hideCount":false}]},{"type":"offensive","recMath":false,"recSteps":false,"minSummonerLevel":-1,"maxSummonerLevel":-1,"showIfSummonerSpell":"","hideIfSummonerSpell":"","appendAfterSection":"","visibleWithAllOf":[""],"hiddenWithAnyOf":[""],"items":[{"id":"3085","count":1,"hideCount":false},{"id":"3031","count":1,"hideCount":false},{"id":"3046","count":1,"hideCount":false}]},{"type":"situational","recMath":false,"recSteps":false,"minSummonerLevel":-1,"maxSummonerLevel":-1,"showIfSummonerSpell":"","hideIfSummonerSpell":"","appendAfterSection":"","visibleWithAllOf":[""],"hiddenWithAnyOf":[""],"items":[{"id":"3139","count":1,"hideCount":false},{"id":"3026","count":1,"hideCount":false},{"id":"3156","count":1,"hideCount":false}]},{"type":"consumables","recMath":false,"recSteps":false,"minSummonerLevel":-1,"maxSummonerLevel":-1,"showIfSummonerSpell":"","hideIfSummonerSpell":"","appendAfterSection":"","visibleWithAllOf":[""],"hiddenWithAnyOf":[""],"items":[{"id":"2003","count":1,"hideCount":true},{"id":"2140","count":1,"hideCount":true}]}]}]}}}