{"type":"champion","format":"standAloneComplex","version":"10.15.1","data":{"Vayne":{"id":"Vayne","key":"67","name":"Vayne","title":"the Night Hunter","image":{"full":"Vayne.png","sprite":"champion4.png","group":"champion","x":432,"y":0,"w":48,"h":48},"skins":[{"id":"67000","num":0,"name":"default","chromas":false},{"id":"67001","num":1,"name":"Vindicator Vayne","chromas":false},{"id":"67002","num":2,"name":"Aristocrat Vayne","chromas":false},{"id":"67003","num":3,"name":"Dragonslayer Vayne","chromas":true},{"id":"67004","num":4,"name":"Heartseeker Vayne","chromas":false},{"id":"67005","num":5,"name":"SKT T1 Vayne","chromas":false},{"id":"67006","num":6,"name":"Arclight Vayne","chromas":false},{"id":"67010","num":10,"name":"Soulstealer Vayne","chromas":false},{"id":"67011","num":11,"name":"PROJECT: Vayne","chromas":false},{"id":"67012","num":12,"name":"Firecracker Vayne","chromas":false},{"id":"67013","num":13,"name":"Firecracker Vayne Prestige Edition","chromas":false},{"id":"67014","num":14,"name":"Spirit Blossom Vayne","chromas":true},{"id":"67015","num":15,"name":"FPX Vayne","chromas":true}],"lore":"Shauna Vayne is a deadly, remorseless Demacian monster hunter, who has dedicated her life to finding and destroying the demon that murdered her family. Armed with a wrist-mounted crossbow and a heart full of vengeance, she is only truly happy when slaying practitioners or creations of the dark arts, striking from the shadows with a flurry of silver bolts.","blurb":"Shauna Vayne is a deadly, remorseless Demacian monster hunter, who has dedicated her life to finding and destroying the demon that murdered her family. Armed with a wrist-mounted crossbow and a heart full of vengeance, she is only truly happy when...","allytips":["Tumble has many uses, but it cannot pass over walls.","Condemn can be used to both pin targets to walls to ensure a kill, or to escape a pursuer.","Don't go in first to a large teamfight. Wait for your teammates to initiate."],"enemytips":["Vayne is fragile - turn the pressure up on her and she will be forced to play cautiously.","Deny Vayne the opportunity to pin you against walls."],"tags":["Marksman","Assassin"],"partype":"Mana","info":{"attack":10,"defense":1,"magic":1,"difficulty":8},"stats":{"hp":515,"hpperlevel":89,"mp":231.8,"mpperlevel":35,"movespeed":330,"armor":23,"armorperlevel":3.4,"spellblock":30,"spellblockperlevel":0.5,"attackrange":550,"hpregen":3.5,"hpregenperlevel":0.55,"mpregen":6.972,"mpregenperlevel":0.4,"crit":0,"critperlevel":0,"attackdamage":60,"attackdamageperlevel":2.36,"attackspeedperlevel":3.3,"attackspeed":0.658},"spells":[{"id":"VayneTumble","name":"Tumble","description":"Vayne tumbles, maneuvering to carefully place her next shot. Her next attack deals bonus damage.","tooltip":"Vayne rolls a short distance, and deals <scaleAD>{{ adratiobonus }}</scaleAD> bonus physical damage on her next basic attack within {{ duration }} seconds. <br /><br /><rules>Tumble's bonus damage is equal to {{ totaladratio*100 }}% of her Attack Damage</rules>","leveltip":{"label":["Cooldown","AD Ratio %"],"effect":["{{ cooldown }} -> {{ cooldownNL }}","{{ totaladratio*100.000000 }}% -> {{ totaladrationl*100.000000 }}%"]},"maxrank":5,"cooldown":[4,3.5,3,2.5,2],"cooldownBurn":"4/3.5/3/2.5/2","cost":[30,30,30,30,30],"costBurn":"30","datavalues":{},"effect":[null,[0,0,0,0,0],[0,0,0,0,0],[0,0,0,0,0],[0,0,0,0,0],[0,0,0,0,0],[0,0,0,0,0],[0,0,0,0,0],[0,0,0,0,0],[0,0,0,0,0],[0,0,0,0,0]],"effectBurn":[null,"0","0","0","0","0","0","0","0","0","0"],"vars":[],"costType":" {{ abilityresourcename }}","maxammo":"-1","range":[300,300,300,300,300],"rangeBurn":"300","image":{"full":"VayneTumble.png","sprite":"spell13.png","group":"spell","x":0,"y":48,"w":48,"h":48},"resource":"{{ cost }} {{ abilityresourcename }}"},{"id":"VayneSilveredBolts","name":"Silver Bolts","description":"Vayne tips her bolts with a rare metal, toxic to evil things. The third consecutive attack or ability against the same target deals a percentage of the target's max health as bonus true damage.","tooltip":"Every third consecutive attack or ability against an enemy deals an additional {{ maxhealthratio*100 }}% of the enemy's maximum health as true damage (no less than {{ damagefloor }})<br /><br /><rules>Silver Bolts deals no more than {{ damagemaxvsmonsters }} damage against monsters. </rules>","leveltip":{"label":["True Damage %","Minimum Damage"],"effect":["{{ maxhealthratio*100.000000 }}% -> {{ maxhealthrationl*100.000000 }}%","{{ damagefloor }} -> {{ damagefloorNL }}"]},"maxrank":5,"cooldown":[0,0,0,0,0],"cooldownBurn":"0","cost":[0,0,0,0,0],"costBurn":"0","datavalues":{},"effect":[null,[0,0,0,0,0],[0,0,0,0,0],[0,0,0,0,0],[0,0,0,0,0],[0,0,0,0,0],[0,0,0,0,0],[0,0,0,0,0],[0,0,0,0,0],[0,0,0,0,0],[0,0,0,0,0]],"effectBurn":[null,"0","0","0","0","0","0","0","0","0","0"],"vars":[],"costType":"Passive","maxammo":"-1","range":[750,750,750,750,750],"rangeBurn":"750","image":{"full":"VayneSilveredBolts.png","sprite":"spell13.png","group":"spell","x":48,"y":48,"w":48,"h":48},"resource":"Passive"},{"id":"VayneCondemn","name":"Condemn","description":"Vayne draws a heavy crossbow from her back, and fires a huge bolt at her target, knocking them back and dealing damage. If they collide with terrain, they are impaled, dealing bonus damage and stunning them.","tooltip":"Fires a bolt that knocks back a target and deals <scaleAD>{{ totaldamage }}</scaleAD> damage. If the target collides with terrain, the damage is increased by {{ stundamage*100 }}% and the target is stunned for {{ stunduration }} seconds. ","leveltip":{"label":["Cooldown","Damage"],"effect":["{{ cooldown }} -> {{ cooldownNL }}","{{ damage }} -> {{ damageNL }}"]},"maxrank":5,"cooldown":[20,18,16,14,12],"cooldownBurn":"20/18/16/14/12","cost":[90,90,90,90,90],"costBurn":"90","datavalues":{},"effect":[null,[0,0,0,0,0],[0,0,0,0,0],[0,0,0,0,0],[0,0,0,0,0],[0,0,0,0,0],[0,0,0,0,0],[0,0,0,0,0],[0,0,0,0,0],[0,0,0,0,0],[0,0,0,0,0]],"effectBurn":[null,"0","0","0","0","0","0","0","0","0","0"],"vars":[],"costType":" {{ abilityresourcename }}","maxammo":"-1","range":[550,550,550,550,550],"rangeBurn":"550","image":{"full":"VayneCondemn.png","sprite":"spell13.png","group":"spell","x":96,"y":48,"w":48,"h":48},"resource":"{{ cost }} {{ abilityresourcename }}"},{"id":"VayneInquisition","name":"Final Hour","description":"Readying herself for an epic confrontation, Vayne gains increased Attack Damage, Invisibility during Tumble, reduced Tumble cooldown, and more bonus Movement Speed from Night Hunter","tooltip":"Vayne gains {{ bonusattackdamage }} bonus attack damage and improvements to Night Hunter and Tumble for {{ baseduration }} seconds. The Duration of Final Hour is extended by {{ durationtoadd }} seconds whenever a champion damaged by Vayne dies within {{ damagedmarkerduration }} seconds. <br /><br /><span class=\"colorF0F0F0\">Night Hunter</span>: Vayne instead gains {{ movementspeed }} movement speed<br /><span class=\"colorF0F0F0\">Tumble</span>: Tumble's cooldown is reduced by {{ tumblecdreduction }}%, and Vayne gains <keywordStealth>Invisibility</keywordStealth> for {{ tumblestealthduration }} second when she Tumbles.<br /><br /><rules><keywordStealth>Stealth - Invisible:</keywordStealth> Vayne can only be revealed by nearby enemy turrets or <keywordStealth>True Sight</keywordStealth>.<br />Final Hour's duration can't be increased beyond its original maximum duration</rules>","leveltip":{"label":["Cooldown","Duration","Bonus AD","Tumble Cooldown Reduction"],"effect":["{{ cooldown }} -> {{ cooldownNL }}","{{ baseduration }} -> {{ basedurationNL }}","{{ bonusattackdamage }} -> {{ bonusattackdamageNL }}","{{ tumblecdreduction }}% -> {{ tumblecdreductionNL }}%"]},"maxrank":3,"cooldown":[100,85,70],"cooldownBurn":"100/85/70","cost":[80,80,80],"costBurn":"80","datavalues":{},"effect":[null,[0,0,0],[0,0,0],[0,0,0],[0,0,0],[0,0,0],[0,0,0],[0,0,0],[0,0,0],[0,0,0],[0,0,0]],"effectBurn":[null,"0","0","0","0","0","0","0","0","0","0"],"vars":[],"costType":" {{ abilityresourcename }}","maxammo":"-1","range":[1,1,1],"rangeBurn":"1","image":{"full":"VayneInquisition.png","sprite":"spell13.png","group":"spell","x":144,"y":48,"w":48,"h":48},"resource":"{{ cost }} {{ abilityresourcename }}"}],"passive":{"name":"Night Hunter","description":"Vayne ruthlessly hunts evil-doers, gaining 30 movement speed when moving toward nearby enemy champions.","image":{"full":"Vayne_NightHunter.png","sprite":"passive4.png","group":"passive","x":432,"y":0,"w":48,"h":48}},"recommended":[{"champion":"Vayne","title":"Beginner","type":"riot","map":"SR","mode":"INTRO","priority":false,"blocks":[{"type":"beginner_Starter","maxSummonerLevel":4,"items":[{"id":"1055","count":1}]},{"type":"beginner_Starter","minSummonerLevel":5,"items":[{"id":"1055","count":1},{"id":"2003","count":1}]},{"type":"beginner_Advanced","recMath":true,"items":[{"id":"1036","count":1},{"id":"1053","count":1}]},{"type":"beginner_MovementSpeed","recMath":true,"items":[{"id":"1001","count":1},{"id":"1042","count":1},{"id":"3006","count":1}]},{"type":"beginner_LegendaryItem","recMath":true,"items":[{"id":"1053","count":1},{"id":"1038","count":1},{"id":"3072","count":1}]},{"type":"beginner_MoreLegendaryItems","items":[{"id":"3087","count":1},{"id":"3022","count":1},{"id":"3031","count":1},{"id":"3102","count":1}]}]},{"champion":"Vayne","title":"VayneARAM","map":"HA","mode":"ARAM","type":"riot","customTag":"","sortrank":0,"extensionPage":false,"useObviousCheckmark":false,"customPanel":null,"blocks":[{"type":"starting","recMath":false,"recSteps":false,"minSummonerLevel":-1,"maxSummonerLevel":-1,"showIfSummonerSpell":"","hideIfSummonerSpell":"","appendAfterSection":"","visibleWithAllOf":[""],"hiddenWithAnyOf":[""],"items":[{"id":"1053","count":1,"hideCount":false},{"id":"1001","count":1,"hideCount":false},{"id":"2003","count":4,"hideCount":false}]},{"type":"essential","recMath":false,"recSteps":false,"minSummonerLevel":-1,"maxSummonerLevel":-1,"showIfSummonerSpell":"","hideIfSummonerSpell":"","appendAfterSection":"","visibleWithAllOf":[""],"hiddenWithAnyOf":[""],"items":[{"id":"3087","count":1,"hideCount":false},{"id":"3006","count":1,"hideCount":false},{"id":"3031","count":1,"hideCount":false}]},{"type":"offensive","recMath":false,"recSteps":false,"minSummonerLevel":-1,"maxSummonerLevel":-1,"showIfSummonerSpell":"","hideIfSummonerSpell":"","appendAfterSection":"","visibleWithAllOf":[""],"hiddenWithAnyOf":[""],"items":[{"id":"3072","count":1,"hideCount":false},{"id":"3094","count":1,"hideCount":false},{"id":"3124","count":1,"hideCount":false}]},{"type":"defensive","recMath":false,"recSteps":false,"minSummonerLevel":-1,"maxSummonerLevel":-1,"showIfSummonerSpell":"","hideIfSummonerSpell":"","appendAfterSection":"","visibleWithAllOf":[""],"hiddenWithAnyOf":[""],"items":[{"id":"3812","count":1,"hideCount":false},{"id":"3139","count":1,"hideCount":false},{"id":"3156","count":1,"hideCount":false}]},{"type":"consumables","recMath":false,"recSteps":false,"minSummonerLevel":-1,"maxSummonerLevel":-1,"showIfSummonerSpell":"","hideIfSummonerSpell":"","appendAfterSection":"","visibleWithAllOf":[""],"hiddenWithAnyOf":[""],"items":[{"id":"2003","count":1,"hideCount":true},{"id":"2140","count":1,"hideCount":true}]}]},{"champion":"Vayne","title":"VayneFIRSTBLOOD","map":"HA","mode":"FIRSTBLOOD","type":"riot","customTag":"","extensionPage":false,"customPanel":null,"blocks":[{"type":"starting","recMath":false,"recSteps":false,"minSummonerLevel":-1,"maxSummonerLevel":-1,"showIfSummonerSpell":"","hideIfSummonerSpell":"","items":[{"id":"1055","count":1,"hideCount":false},{"id":"2003","count":1,"hideCount":false},{"id":"3340","count":1,"hideCount":false}]},{"type":"early","recMath":false,"recSteps":false,"minSummonerLevel":-1,"maxSummonerLevel":-1,"showIfSummonerSpell":"","hideIfSummonerSpell":"","items":[{"id":"3144","count":1,"hideCount":false},{"id":"3086","count":1,"hideCount":false},{"id":"1001","count":1,"hideCount":false}]},{"type":"essential","recMath":false,"recSteps":false,"minSummonerLevel":-1,"maxSummonerLevel":-1,"showIfSummonerSpell":"","hideIfSummonerSpell":"","items":[{"id":"3153","count":1,"hideCount":false},{"id":"3006","count":1,"hideCount":false}]},{"type":"offensive","recMath":false,"recSteps":false,"minSummonerLevel":-1,"maxSummonerLevel":-1,"showIfSummonerSpell":"","hideIfSummonerSpell":"","items":[{"id":"3046","count":1,"hideCount":false},{"id":"3094","count":1,"hideCount":false}]},{"type":"situational","recMath":false,"recSteps":false,"minSummonerLevel":-1,"maxSummonerLevel":-1,"showIfSummonerSpell":"","hideIfSummonerSpell":"","items":[{"id":"3036","count":1,"hideCount":false},{"id":"3033","count":1,"hideCount":false},{"id":"3139","count":1,"hideCount":false},{"id":"3812","count":1,"hideCount":false},{"id":"3031","count":1,"hideCount":false},{"id":"3508","count":1,"hideCount":false}]},{"type":"consumables","recMath":false,"recSteps":false,"minSummonerLevel":-1,"maxSummonerLevel":-1,"showIfSummonerSpell":"","hideIfSummonerSpell":"","items":[{"id":"2003","count":1,"hideCount":true},{"id":"2031","count":1,"hideCount":true},{"id":"2043","count":1,"hideCount":true},{"id":"2140","count":1,"hideCount":true},{"id":"3363","count":1,"hideCount":false}]}]},{"champion":"Vayne","title":"VayneARAM","map":"HA","mode":"KINGPORO","type":"riot","customTag":"","sortrank":0,"extensionPage":false,"useObviousCheckmark":false,"customPanel":null,"blocks":[{"type":"KingPoroSnax","recMath":false,"recSteps":false,"minSummonerLevel":-1,"maxSummonerLevel":-1,"showIfSummonerSpell":"","hideIfSummonerSpell":"","items":[{"id":"3680","count":1,"hideCount":false},{"id":"3681","count":1,"hideCount":false},{"id":"3682","count":1,"hideCount":false},{"id":"3683","count":1,"hideCount":false},{"id":"3684","count":1,"hideCount":false},{"id":"3685","count":1,"hideCount":false}]},{"type":"starting","recMath":false,"recSteps":false,"minSummonerLevel":-1,"maxSummonerLevel":-1,"showIfSummonerSpell":"","hideIfSummonerSpell":"","appendAfterSection":"","visibleWithAllOf":[""],"hiddenWithAnyOf":[""],"items":[{"id":"1053","count":1,"hideCount":false},{"id":"1001","count":1,"hideCount":false},{"id":"2003","count":4,"hideCount":false}]},{"type":"essential","recMath":false,"recSteps":false,"minSummonerLevel":-1,"maxSummonerLevel":-1,"showIfSummonerSpell":"","hideIfSummonerSpell":"","appendAfterSection":"","visibleWithAllOf":[""],"hiddenWithAnyOf":[""],"items":[{"id":"3087","count":1,"hideCount":false},{"id":"3006","count":1,"hideCount":false},{"id":"3031","count":1,"hideCount":false}]},{"type":"offensive","recMath":false,"recSteps":false,"minSummonerLevel":-1,"maxSummonerLevel":-1,"showIfSummonerSpell":"","hideIfSummonerSpell":"","appendAfterSection":"","visibleWithAllOf":[""],"hiddenWithAnyOf":[""],"items":[{"id":"3072","count":1,"hideCount":false},{"id":"3094","count":1,"hideCount":false},{"id":"3124","count":1,"hideCount":false}]},{"type":"defensive","recMath":false,"recSteps":false,"minSummonerLevel":-1,"maxSummonerLevel":-1,"showIfSummonerSpell":"","hideIfSummonerSpell":"","appendAfterSection":"","visibleWithAllOf":[""],"hiddenWithAnyOf":[""],"items":[{"id":"3812","count":1,"hideCount":false},{"id":"3139","count":1,"hideCount":false},{"id":"3156","count":1,"hideCount":false}]},{"type":"consumables","recMath":false,"recSteps":false,"minSummonerLevel":-1,"maxSummonerLevel":-1,"showIfSummonerSpell":"","hideIfSummonerSpell":"","appendAfterSection":"","visibleWithAllOf":[""],"hiddenWithAnyOf":[""],"items":[{"id":"2003","count":1,"hideCount":true},{"id":"2140","count":1,"hideCount":true}]}]},{"champion":"Vayne","title":"VayneSL","map":"NB","mode":"NEXUSBLITZ","type":"riot","customTag":"","sortrank":0,"extensionPage":false,"useObviousCheckmark":false,"customPanel":null,"blocks":[{"type":"starting","recMath":false,"recSteps":false,"minSummonerLevel":-1,"maxSummonerLevel":-1,"showIfSummonerSpell":"","hideIfSummonerSpell":"SummonerSmite","appendAfterSection":"","visibleWithAllOf":[""],"hiddenWithAnyOf":[""],"items":[{"id":"4202","count":1,"hideCount":false},{"id":"2003","count":1,"hideCount":false},{"id":"3340","count":1,"hideCount":false}]},{"type":"startingjungle","recMath":false,"recSteps":false,"minSummonerLevel":-1,"maxSummonerLevel":-1,"showIfSummonerSpell":"SummonerSmite","hideIfSummonerSpell":"","appendAfterSection":"","visibleWithAllOf":[""],"hiddenWithAnyOf":[""],"items":[{"id":"4101","count":1,"hideCount":false},{"id":"2003","count":1,"hideCount":false},{"id":"3340","count":1,"hideCount":false}]},{"type":"early","recMath":false,"recSteps":false,"minSummonerLevel":-1,"maxSummonerLevel":-1,"showIfSummonerSpell":"","hideIfSummonerSpell":"SummonerSmite","appendAfterSection":"","visibleWithAllOf":[""],"hiddenWithAnyOf":[""],"items":[{"id":"3144","count":1,"hideCount":false},{"id":"1043","count":1,"hideCount":false},{"id":"1001","count":1,"hideCount":false}]},{"type":"earlyjungle","recMath":false,"recSteps":false,"minSummonerLevel":-1,"maxSummonerLevel":-1,"showIfSummonerSpell":"SummonerSmite","hideIfSummonerSpell":"","appendAfterSection":"","visibleWithAllOf":[""],"hiddenWithAnyOf":[""],"items":[{"id":"4105","count":1,"hideCount":false},{"id":"1001","count":1,"hideCount":false}]},{"type":"essential","recMath":false,"recSteps":false,"minSummonerLevel":-1,"maxSummonerLevel":-1,"showIfSummonerSpell":"","hideIfSummonerSpell":"","appendAfterSection":"","visibleWithAllOf":[""],"hiddenWithAnyOf":[""],"items":[{"id":"3153","count":1,"hideCount":false},{"id":"3124","count":1,"hideCount":false},{"id":"3006","count":1,"hideCount":false}]},{"type":"offensive","recMath":false,"recSteps":false,"minSummonerLevel":-1,"maxSummonerLevel":-1,"showIfSummonerSpell":"","hideIfSummonerSpell":"","appendAfterSection":"","visibleWithAllOf":[""],"hiddenWithAnyOf":[""],"items":[{"id":"3031","count":1,"hideCount":false},{"id":"3094","count":1,"hideCount":false},{"id":"3046","count":1,"hideCount":false}]},{"type":"situational","recMath":false,"recSteps":false,"minSummonerLevel":-1,"maxSummonerLevel":-1,"showIfSummonerSpell":"","hideIfSummonerSpell":"","appendAfterSection":"","visibleWithAllOf":[""],"hiddenWithAnyOf":[""],"items":[{"id":"3139","count":1,"hideCount":false},{"id":"3072","count":1,"hideCount":false},{"id":"3156","count":1,"hideCount":false}]},{"type":"consumables","recMath":false,"recSteps":false,"minSummonerLevel":-1,"maxSummonerLevel":-1,"showIfSummonerSpell":"","hideIfSummonerSpell":"","appendAfterSection":"","visibleWithAllOf":[""],"hiddenWithAnyOf":[""],"items":[{"id":"2003","count":1,"hideCount":true},{"id":"2140","count":1,"hideCount":true}]}]},{"champion":"Vayne","title":"VayneSR","map":"SR","mode":"CLASSIC","type":"riot","customTag":"","sortrank":0,"extensionPage":false,"useObviousCheckmark":false,"customPanel":null,"blocks":[{"type":"starting","recMath":false,"recSteps":false,"minSummonerLevel":-1,"maxSummonerLevel":-1,"showIfSummonerSpell":"","hideIfSummonerSpell":"","appendAfterSection":"","visibleWithAllOf":[""],"hiddenWithAnyOf":[""],"items":[{"id":"1054","count":1,"hideCount":false},{"id":"2003","count":1,"hideCount":false},{"id":"3340","count":1,"hideCount":false}]},{"type":"early","recMath":false,"recSteps":false,"minSummonerLevel":-1,"maxSummonerLevel":-1,"showIfSummonerSpell":"","hideIfSummonerSpell":"","appendAfterSection":"","visibleWithAllOf":[""],"hiddenWithAnyOf":[""],"items":[{"id":"3144","count":1,"hideCount":false},{"id":"1043","count":1,"hideCount":false},{"id":"1001","count":1,"hideCount":false}]},{"type":"essential","recMath":false,"recSteps":false,"minSummonerLevel":-1,"maxSummonerLevel":-1,"showIfSummonerSpell":"","hideIfSummonerSpell":"","appendAfterSection":"","visibleWithAllOf":[""],"hiddenWithAnyOf":[""],"items":[{"id":"3153","count":1,"hideCount":false},{"id":"3006","count":1,"hideCount":false},{"id":"3124","count":1,"hideCount":false}]},{"type":"offensive","recMath":false,"recSteps":false,"minSummonerLevel":-1,"maxSummonerLevel":-1,"showIfSummonerSpell":"","hideIfSummonerSpell":"","appendAfterSection":"","visibleWithAllOf":[""],"hiddenWithAnyOf":[""],"items":[{"id":"3046","count":1,"hideCount":false},{"id":"3031","count":1,"hideCount":false},{"id":"3072","count":1,"hideCount":false}]},{"type":"situational","recMath":false,"recSteps":false,"minSummonerLevel":-1,"maxSummonerLevel":-1,"showIfSummonerSpell":"","hideIfSummonerSpell":"","appendAfterSection":"","visibleWithAllOf":[""],"hiddenWithAnyOf":[""],"items":[{"id":"3139","count":1,"hideCount":false},{"id":"3156","count":1,"hideCount":false},{"id":"3022","count":1,"hideCount":false}]},{"type":"consumables","recMath":false,"recSteps":false,"minSummonerLevel":-1,"maxSummonerLevel":-1,"showIfSummonerSpell":"","hideIfSummonerSpell":"","appendAfterSection":"","visibleWithAllOf":[""],"hiddenWithAnyOf":[""],"items":[{"id":"2003","count":1,"hideCount":true},{"id":"2140","count":1,"hideCount":true}]}]}]}}}