{"type":"champion","format":"standAloneComplex","version":"10.15.1","data":{"Velkoz":{"id":"Velkoz","key":"161","name":"Vel'Koz","title":"the Eye of the Void","image":{"full":"Velkoz.png","sprite":"champion4.png","group":"champion","x":48,"y":48,"w":48,"h":48},"skins":[{"id":"161000","num":0,"name":"default","chromas":false},{"id":"161001","num":1,"name":"Battlecast Vel'Koz","chromas":false},{"id":"161002","num":2,"name":"Arclight Vel'Koz","chromas":false},{"id":"161003","num":3,"name":"Definitely Not Vel'Koz","chromas":false},{"id":"161004","num":4,"name":"Infernal Vel'Koz","chromas":true}],"lore":"It is unclear if Vel'Koz was the first Void-spawn to emerge on Runeterra, but there has certainly never been another to match his level of cruel, calculating sentience. While his kin devour or defile everything around them, he seeks instead to scrutinize and study the physical realm—and the strange, warlike beings that dwell there—for any weakness the Void might exploit. But Vel'Koz is far from a passive observer, striking back at threats with deadly plasma, or by disrupting the very fabric of the world itself.","blurb":"It is unclear if Vel'Koz was the first Void-spawn to emerge on Runeterra, but there has certainly never been another to match his level of cruel, calculating sentience. While his kin devour or defile everything around them, he seeks instead to...","allytips":["When laning, use Void Rift to kill minions while building stacks of Organic Deconstruction on your opponent. You can then follow up with your other abilities.","Shooting Plasma Fission diagonally and splitting at maximum range allows you to hit opponents that are out of the range of the initial missile, but is more challenging to pull off.","Be very careful about when to use Life Form Disintegration Ray. Many champions have abilities that can interrupt the spell."],"enemytips":["Vel'Koz is very dangerous if left alone in a fight. Try to focus him down early.","Vel'Koz has fairly low mobility and is vulnerable to ganks.","Life Form Disintegration Ray can be interrupted by stuns, silences and knockups."],"tags":["Mage"],"partype":"Mana","info":{"attack":2,"defense":2,"magic":10,"difficulty":8},"stats":{"hp":520,"hpperlevel":88,"mp":469,"mpperlevel":21,"movespeed":340,"armor":21.88,"armorperlevel":3.5,"spellblock":30,"spellblockperlevel":0.5,"attackrange":525,"hpregen":5.5,"hpregenperlevel":0.55,"mpregen":8,"mpregenperlevel":0.8,"crit":0,"critperlevel":0,"attackdamage":54.9379,"attackdamageperlevel":3.1416,"attackspeedperlevel":1.36,"attackspeed":0.625},"spells":[{"id":"VelkozQ","name":"Plasma Fission","description":"Vel'Koz shoots a bolt of plasma that splits in two on reactivation or upon hitting an enemy. The bolt slows and damages on hit.","tooltip":"Vel'Koz shoots a plasma bolt that deals <magicDamage>{{ totaldamage }} magic damage</magicDamage> and slows enemies by {{ slowamount*100 }}% decaying over {{ slowduration }} second(s).<br /><br />Upon reactivation or upon hitting an enemy, the bolt splits at a 90 degree angle.<br /><br />Killing a unit with this refunds {{ manarefund*100 }}% of the <span class=\"color44DDFF\">Mana Cost</span>.","leveltip":{"label":["Total Damage","Slow Duration","@AbilityResourceName@ Cost"],"effect":["{{ basedamage }} -> {{ basedamageNL }}","{{ slowduration }} -> {{ slowdurationNL }}","{{ cost }} -> {{ costNL }}"]},"maxrank":5,"cooldown":[7,7,7,7,7],"cooldownBurn":"7","cost":[40,45,50,55,60],"costBurn":"40/45/50/55/60","datavalues":{},"effect":[null,[0,0,0,0,0],[0,0,0,0,0],[0,0,0,0,0],[0,0,0,0,0],[0,0,0,0,0],[0,0,0,0,0],[0,0,0,0,0],[0,0,0,0,0],[0,0,0,0,0],[0,0,0,0,0]],"effectBurn":[null,"0","0","0","0","0","0","0","0","0","0"],"vars":[],"costType":" {{ abilityresourcename }}","maxammo":"-1","range":[1050,1050,1050,1050,1050],"rangeBurn":"1050","image":{"full":"VelkozQ.png","sprite":"spell13.png","group":"spell","x":384,"y":48,"w":48,"h":48},"resource":"{{ cost }} {{ abilityresourcename }}"},{"id":"VelkozW","name":"Void Rift","description":"Vel'Koz opens a rift to the void that deals an initial burst of damage, then explodes for a second burst of damage after a delay.","tooltip":"Vel'Koz opens a rift to the void that deals {{ e1 }} <scaleAP>(+{{ a1 }})</scaleAP> Magic Damage. After a delay, it deals an additional {{ e2 }} <scaleAP>(+{{ a2 }})</scaleAP> Magic Damage.<br /><br />Void Rift has a 2 second cooldown between casts.","leveltip":{"label":["Initial Damage","Secondary Damage","Recharge Time","@AbilityResourceName@ Cost"],"effect":["{{ e1 }} -> {{ e1NL }}","{{ e2 }} -> {{ e2NL }}","{{ ammorechargetime }} -> {{ ammorechargetimeNL }}","{{ cost }} -> {{ costNL }}"]},"maxrank":5,"cooldown":[1.5,1.5,1.5,1.5,1.5],"cooldownBurn":"1.5","cost":[50,55,60,65,70],"costBurn":"50/55/60/65/70","datavalues":{},"effect":[null,[30,50,70,90,110],[45,75,105,135,165],[100,100,100,100,100],[0,0,0,0,0],[0.25,0.25,0.25,0.25,0.25],[0.5,0.5,0.5,0.5,0.5],[88,88,88,88,88],[500,500,500,500,500],[0,0,0,0,0],[0,0,0,0,0]],"effectBurn":[null,"30/50/70/90/110","45/75/105/135/165","100","0","0.25","0.5","88","500","0","0"],"vars":[{"link":"spelldamage","coeff":0.15,"key":"a1"},{"link":"spelldamage","coeff":0.25,"key":"a2"}],"costType":" {{ abilityresourcename }}","maxammo":"2","range":[1050,1050,1050,1050,1050],"rangeBurn":"1050","image":{"full":"VelkozW.png","sprite":"spell13.png","group":"spell","x":432,"y":48,"w":48,"h":48},"resource":"{{ cost }} {{ abilityresourcename }}"},{"id":"VelkozE","name":"Tectonic Disruption","description":"Vel'Koz causes an area to explode, knocking up enemies, and knocking close enemies slightly away.","tooltip":"Vel'Koz disrupts a nearby area which, after a delay, deals {{ e1 }} <scaleAP>(+{{ a1 }})</scaleAP> Magic Damage and knocks up enemies hit for {{ e2 }} seconds.<br /><br />Any enemies hit that are close to Vel'Koz will be pushed slightly in the direction the ability was cast.","leveltip":{"label":["Damage","Cooldown","@AbilityResourceName@ Cost"],"effect":["{{ e1 }} -> {{ e1NL }}","{{ cooldown }} -> {{ cooldownNL }}","{{ cost }} -> {{ costNL }}"]},"maxrank":5,"cooldown":[16,15,14,13,12],"cooldownBurn":"16/15/14/13/12","cost":[50,55,60,65,70],"costBurn":"50/55/60/65/70","datavalues":{},"effect":[null,[70,100,130,160,190],[0.75,0.75,0.75,0.75,0.75],[0,0,0,0,0],[225,225,225,225,225],[0,0,0,0,0],[0,0,0,0,0],[0,0,0,0,0],[0,0,0,0,0],[0,0,0,0,0],[0,0,0,0,0]],"effectBurn":[null,"70/100/130/160/190","0.75","0","225","0","0","0","0","0","0"],"vars":[{"link":"spelldamage","coeff":0.3,"key":"a1"}],"costType":" {{ abilityresourcename }}","maxammo":"-1","range":[810,810,810,810,810],"rangeBurn":"810","image":{"full":"VelkozE.png","sprite":"spell13.png","group":"spell","x":0,"y":96,"w":48,"h":48},"resource":"{{ cost }} {{ abilityresourcename }}"},{"id":"VelkozR","name":"Life Form Disintegration Ray","description":"Vel'Koz unleashes a channelled beam that follows the cursor for 2.5 seconds that deals magic damage. Organic Deconstruction Researches enemy champions causing them to take true damage instead.","tooltip":"<spellPassive>Passive: </spellPassive>Deconstructing enemy Champions <scaleLevel>Researches</scaleLevel> them for {{ e2 }} seconds. Basic attacks and all abilities refresh Research.<br /><br /><spellPassive>Active: </spellPassive>Vel'Koz channels a ray of energy that follows the cursor for 2.5 seconds, dealing Magic Damage up to a total of {{ e1 }} <scaleAP>(+{{ a1 }})</scaleAP> and slowing units hit by {{ e3 }}%.<br /><br />Enemies that stay in the beam will periodically gain <scaleLevel>Organic Deconstruction</scaleLevel> stacks. Deals True Damage instead of Magic against <scaleLevel>Researched</scaleLevel> units.","leveltip":{"label":["Total Damage","Cooldown"],"effect":["{{ e1 }} -> {{ e1NL }}","{{ cooldown }} -> {{ cooldownNL }}"]},"maxrank":3,"cooldown":[120,100,80],"cooldownBurn":"120/100/80","cost":[100,100,100],"costBurn":"100","datavalues":{},"effect":[null,[450,625,800],[7,7,7],[20,20,20],[40,40,40],[175,175,175],[7,7,7],[0,0,0],[0,0,0],[0,0,0],[0,0,0]],"effectBurn":[null,"450/625/800","7","20","40","175","7","0","0","0","0"],"vars":[{"link":"spelldamage","coeff":1.25,"key":"a1"}],"costType":" {{ abilityresourcename }}","maxammo":"-1","range":[1575,1575,1575],"rangeBurn":"1575","image":{"full":"VelkozR.png","sprite":"spell13.png","group":"spell","x":48,"y":96,"w":48,"h":48},"resource":"{{ cost }} {{ abilityresourcename }}"}],"passive":{"name":"Organic Deconstruction","description":"Vel'Koz's abilities apply <keywordName>Organic Deconstruction</keywordName> to enemies on hit. If 3 stacks are accumulated, the enemy will take a burst of true damage.","image":{"full":"VelKoz_Passive.png","sprite":"passive4.png","group":"passive","x":48,"y":48,"w":48,"h":48}},"recommended":[{"champion":"Velkoz","title":"Beginner","map":"SR","mode":"INTRO","type":"riot","customTag":"","extensionPage":false,"customPanel":null,"blocks":[{"type":"beginner_starter","recMath":false,"recSteps":false,"minSummonerLevel":-1,"maxSummonerLevel":4,"showIfSummonerSpell":"","hideIfSummonerSpell":"","items":[{"id":"1056","count":1,"hideCount":false}]},{"type":"beginner_starter","recMath":false,"recSteps":false,"minSummonerLevel":5,"maxSummonerLevel":-1,"showIfSummonerSpell":"","hideIfSummonerSpell":"","items":[{"id":"1056","count":1,"hideCount":false},{"id":"2003","count":1,"hideCount":false}]},{"type":"beginner_advanced","recMath":true,"recSteps":false,"minSummonerLevel":-1,"maxSummonerLevel":-1,"showIfSummonerSpell":"","hideIfSummonerSpell":"","items":[{"id":"1028","count":1,"hideCount":false},{"id":"1027","count":1,"hideCount":false},{"id":"3010","count":1,"hideCount":false}]},{"type":"beginner_movementspeed","recMath":true,"recSteps":false,"minSummonerLevel":-1,"maxSummonerLevel":-1,"showIfSummonerSpell":"","hideIfSummonerSpell":"","items":[{"id":"1001","count":1,"hideCount":false},{"id":"3158","count":1,"hideCount":false}]},{"type":"beginner_legendaryitem","recMath":true,"recSteps":false,"minSummonerLevel":-1,"maxSummonerLevel":-1,"showIfSummonerSpell":"","hideIfSummonerSpell":"","items":[{"id":"3010","count":1,"hideCount":false},{"id":"1026","count":1,"hideCount":false},{"id":"3027","count":1,"hideCount":false}]},{"type":"beginner_morelegendaryitems","recMath":false,"recSteps":false,"minSummonerLevel":-1,"maxSummonerLevel":-1,"showIfSummonerSpell":"","hideIfSummonerSpell":"","items":[{"id":"3116","count":1,"hideCount":false},{"id":"3089","count":1,"hideCount":false},{"id":"3285","count":1,"hideCount":false},{"id":"3165","count":1,"hideCount":false}]}]},{"champion":"Velkoz","title":"VelkozARAM","map":"HA","mode":"ARAM","type":"riot","customTag":"","sortrank":0,"extensionPage":false,"customPanel":null,"blocks":[{"type":"starting","recMath":false,"recSteps":false,"minSummonerLevel":-1,"maxSummonerLevel":-1,"showIfSummonerSpell":"","hideIfSummonerSpell":"","appendAfterSection":"","visibleWithAllOf":[""],"hiddenWithAnyOf":[""],"items":[{"id":"3802","count":1,"hideCount":false},{"id":"2003","count":2,"hideCount":false}]},{"type":"essential","recMath":false,"recSteps":false,"minSummonerLevel":-1,"maxSummonerLevel":-1,"showIfSummonerSpell":"","hideIfSummonerSpell":"","appendAfterSection":"","visibleWithAllOf":[""],"hiddenWithAnyOf":[""],"items":[{"id":"3285","count":1,"hideCount":false},{"id":"3020","count":1,"hideCount":false},{"id":"3089","count":1,"hideCount":false}]},{"type":"offensive","recMath":false,"recSteps":false,"minSummonerLevel":-1,"maxSummonerLevel":-1,"showIfSummonerSpell":"","hideIfSummonerSpell":"","appendAfterSection":"","visibleWithAllOf":[""],"hiddenWithAnyOf":[""],"items":[{"id":"3165","count":1,"hideCount":false},{"id":"3151","count":1,"hideCount":false},{"id":"3135","count":1,"hideCount":false}]},{"type":"defensive","recMath":false,"recSteps":false,"minSummonerLevel":-1,"maxSummonerLevel":-1,"showIfSummonerSpell":"","hideIfSummonerSpell":"","appendAfterSection":"","visibleWithAllOf":[""],"hiddenWithAnyOf":[""],"items":[{"id":"3029","count":1,"hideCount":false},{"id":"3157","count":1,"hideCount":false},{"id":"3102","count":1,"hideCount":false}]},{"type":"consumables","recMath":false,"recSteps":false,"minSummonerLevel":-1,"maxSummonerLevel":-1,"showIfSummonerSpell":"","hideIfSummonerSpell":"","appendAfterSection":"","visibleWithAllOf":[""],"hiddenWithAnyOf":[""],"items":[{"id":"2003","count":1,"hideCount":true},{"id":"2033","count":1,"hideCount":false},{"id":"2139","count":1,"hideCount":true}]}]},{"champion":"Velkoz","title":"VelkozFIRSTBLOOD","map":"HA","mode":"FIRSTBLOOD","type":"riot","customTag":"","extensionPage":false,"customPanel":null,"blocks":[{"type":"starting","recMath":false,"recSteps":false,"minSummonerLevel":-1,"maxSummonerLevel":-1,"showIfSummonerSpell":"","hideIfSummonerSpell":"","items":[{"id":"1056","count":1,"hideCount":false},{"id":"2003","count":2,"hideCount":false},{"id":"3340","count":1,"hideCount":false}]},{"type":"early","recMath":false,"recSteps":false,"minSummonerLevel":-1,"maxSummonerLevel":-1,"showIfSummonerSpell":"","hideIfSummonerSpell":"","items":[{"id":"1001","count":1,"hideCount":false},{"id":"1058","count":1,"hideCount":false},{"id":"3028","count":1,"hideCount":false}]},{"type":"essential","recMath":false,"recSteps":false,"minSummonerLevel":-1,"maxSummonerLevel":-1,"showIfSummonerSpell":"","hideIfSummonerSpell":"","items":[{"id":"3020","count":1,"hideCount":false},{"id":"3174","count":1,"hideCount":false},{"id":"3285","count":1,"hideCount":false}]},{"type":"standard","recMath":false,"recSteps":false,"minSummonerLevel":-1,"maxSummonerLevel":-1,"showIfSummonerSpell":"","hideIfSummonerSpell":"","items":[{"id":"3151","count":1,"hideCount":false},{"id":"3135","count":1,"hideCount":false},{"id":"3157","count":1,"hideCount":false}]},{"type":"situational","recMath":false,"recSteps":false,"minSummonerLevel":-1,"maxSummonerLevel":-1,"showIfSummonerSpell":"","hideIfSummonerSpell":"","items":[{"id":"3089","count":1,"hideCount":false},{"id":"3116","count":1,"hideCount":false},{"id":"3001","count":1,"hideCount":false}]},{"type":"consumables","recMath":false,"recSteps":false,"minSummonerLevel":-1,"maxSummonerLevel":-1,"showIfSummonerSpell":"","hideIfSummonerSpell":"","items":[{"id":"2003","count":1,"hideCount":true},{"id":"2043","count":1,"hideCount":true},{"id":"2139","count":1,"hideCount":true}]}]},{"champion":"Velkoz","title":"VelkozARAM","map":"HA","mode":"KINGPORO","type":"riot","customTag":"","sortrank":0,"extensionPage":false,"customPanel":null,"blocks":[{"type":"KingPoroSnax","recMath":false,"recSteps":false,"minSummonerLevel":-1,"maxSummonerLevel":-1,"showIfSummonerSpell":"","hideIfSummonerSpell":"","items":[{"id":"3680","count":1,"hideCount":false},{"id":"3681","count":1,"hideCount":false},{"id":"3682","count":1,"hideCount":false},{"id":"3683","count":1,"hideCount":false},{"id":"3684","count":1,"hideCount":false},{"id":"3685","count":1,"hideCount":false}]},{"type":"starting","recMath":false,"recSteps":false,"minSummonerLevel":-1,"maxSummonerLevel":-1,"showIfSummonerSpell":"","hideIfSummonerSpell":"","appendAfterSection":"","visibleWithAllOf":[""],"hiddenWithAnyOf":[""],"items":[{"id":"3802","count":1,"hideCount":false},{"id":"2003","count":2,"hideCount":false}]},{"type":"essential","recMath":false,"recSteps":false,"minSummonerLevel":-1,"maxSummonerLevel":-1,"showIfSummonerSpell":"","hideIfSummonerSpell":"","appendAfterSection":"","visibleWithAllOf":[""],"hiddenWithAnyOf":[""],"items":[{"id":"3285","count":1,"hideCount":false},{"id":"3020","count":1,"hideCount":false},{"id":"3089","count":1,"hideCount":false}]},{"type":"offensive","recMath":false,"recSteps":false,"minSummonerLevel":-1,"maxSummonerLevel":-1,"showIfSummonerSpell":"","hideIfSummonerSpell":"","appendAfterSection":"","visibleWithAllOf":[""],"hiddenWithAnyOf":[""],"items":[{"id":"3165","count":1,"hideCount":false},{"id":"3151","count":1,"hideCount":false},{"id":"3135","count":1,"hideCount":false}]},{"type":"defensive","recMath":false,"recSteps":false,"minSummonerLevel":-1,"maxSummonerLevel":-1,"showIfSummonerSpell":"","hideIfSummonerSpell":"","appendAfterSection":"","visibleWithAllOf":[""],"hiddenWithAnyOf":[""],"items":[{"id":"3029","count":1,"hideCount":false},{"id":"3157","count":1,"hideCount":false},{"id":"3102","count":1,"hideCount":false}]},{"type":"consumables","recMath":false,"recSteps":false,"minSummonerLevel":-1,"maxSummonerLevel":-1,"showIfSummonerSpell":"","hideIfSummonerSpell":"","appendAfterSection":"","visibleWithAllOf":[""],"hiddenWithAnyOf":[""],"items":[{"id":"2003","count":1,"hideCount":true},{"id":"2033","count":1,"hideCount":false},{"id":"2139","count":1,"hideCount":true}]}]},{"champion":"Velkoz","title":"VelKozSL","map":"NB","mode":"NEXUSBLITZ","type":"riot","customTag":"","sortrank":0,"extensionPage":false,"useObviousCheckmark":false,"customPanel":null,"blocks":[{"type":"starting","recMath":false,"recSteps":false,"minSummonerLevel":-1,"maxSummonerLevel":-1,"showIfSummonerSpell":"","hideIfSummonerSpell":"SummonerSmite","appendAfterSection":"","visibleWithAllOf":[""],"hiddenWithAnyOf":[""],"items":[{"id":"4203","count":1,"hideCount":false},{"id":"2003","count":2,"hideCount":false},{"id":"3340","count":1,"hideCount":false}]},{"type":"startingjungle","recMath":false,"recSteps":false,"minSummonerLevel":-1,"maxSummonerLevel":-1,"showIfSummonerSpell":"SummonerSmite","hideIfSummonerSpell":"","appendAfterSection":"","visibleWithAllOf":[""],"hiddenWithAnyOf":[""],"items":[{"id":"4101","count":1,"hideCount":false},{"id":"2003","count":1,"hideCount":false},{"id":"3340","count":1,"hideCount":false}]},{"type":"early","recMath":false,"recSteps":false,"minSummonerLevel":-1,"maxSummonerLevel":-1,"showIfSummonerSpell":"","hideIfSummonerSpell":"SummonerSmite","appendAfterSection":"","visibleWithAllOf":[""],"hiddenWithAnyOf":[""],"items":[{"id":"1001","count":1,"hideCount":false},{"id":"3802","count":1,"hideCount":false},{"id":"1026","count":1,"hideCount":false}]},{"type":"earlyjungle","recMath":false,"recSteps":false,"minSummonerLevel":-1,"maxSummonerLevel":-1,"showIfSummonerSpell":"SummonerSmite","hideIfSummonerSpell":"","appendAfterSection":"","visibleWithAllOf":[""],"hiddenWithAnyOf":[""],"items":[{"id":"3108","count":1,"hideCount":false},{"id":"1027","count":1,"hideCount":false},{"id":"1001","count":1,"hideCount":false}]},{"type":"essential","recMath":false,"recSteps":false,"minSummonerLevel":-1,"maxSummonerLevel":-1,"showIfSummonerSpell":"","hideIfSummonerSpell":"SummonerSmite","appendAfterSection":"","visibleWithAllOf":[""],"hiddenWithAnyOf":[""],"items":[{"id":"3285","count":1,"hideCount":false},{"id":"3158","count":1,"hideCount":false},{"id":"3089","count":1,"hideCount":false}]},{"type":"essentialjungle","recMath":false,"recSteps":false,"minSummonerLevel":-1,"maxSummonerLevel":-1,"showIfSummonerSpell":"SummonerSmite","hideIfSummonerSpell":"","appendAfterSection":"","visibleWithAllOf":[""],"hiddenWithAnyOf":[""],"items":[{"id":"4104","count":1,"hideCount":false},{"id":"3158","count":1,"hideCount":false},{"id":"3089","count":1,"hideCount":false}]},{"type":"situational","recMath":false,"recSteps":false,"minSummonerLevel":-1,"maxSummonerLevel":-1,"showIfSummonerSpell":"","hideIfSummonerSpell":"","appendAfterSection":"","visibleWithAllOf":[""],"hiddenWithAnyOf":[""],"items":[{"id":"3116","count":1,"hideCount":false},{"id":"3102","count":1,"hideCount":false},{"id":"3165","count":1,"hideCount":false}]},{"type":"consumables","recMath":false,"recSteps":false,"minSummonerLevel":-1,"maxSummonerLevel":-1,"showIfSummonerSpell":"","hideIfSummonerSpell":"","appendAfterSection":"","visibleWithAllOf":[""],"hiddenWithAnyOf":[""],"items":[{"id":"2003","count":1,"hideCount":true},{"id":"2139","count":1,"hideCount":true}]}]},{"champion":"Velkoz","title":"VelkozSR","map":"SR","mode":"CLASSIC","type":"riot","customTag":"","sortrank":0,"extensionPage":false,"useObviousCheckmark":false,"customPanel":null,"blocks":[{"type":"starting","recMath":false,"recSteps":false,"minSummonerLevel":-1,"maxSummonerLevel":-1,"showIfSummonerSpell":"","hideIfSummonerSpell":"","appendAfterSection":"","visibleWithAllOf":[""],"hiddenWithAnyOf":[""],"items":[{"id":"1056","count":1,"hideCount":false},{"id":"2003","count":2,"hideCount":false},{"id":"3340","count":1,"hideCount":false}]},{"type":"early","recMath":false,"recSteps":false,"minSummonerLevel":-1,"maxSummonerLevel":-1,"showIfSummonerSpell":"","hideIfSummonerSpell":"","appendAfterSection":"","visibleWithAllOf":[""],"hiddenWithAnyOf":[""],"items":[{"id":"1001","count":1,"hideCount":false},{"id":"3802","count":1,"hideCount":false},{"id":"1026","count":1,"hideCount":false}]},{"type":"essential","recMath":false,"recSteps":false,"minSummonerLevel":-1,"maxSummonerLevel":-1,"showIfSummonerSpell":"","hideIfSummonerSpell":"","appendAfterSection":"","visibleWithAllOf":[""],"hiddenWithAnyOf":[""],"items":[{"id":"3285","count":1,"hideCount":false},{"id":"3020","count":1,"hideCount":false},{"id":"3165","count":1,"hideCount":false}]},{"type":"standard","recMath":false,"recSteps":false,"minSummonerLevel":-1,"maxSummonerLevel":-1,"showIfSummonerSpell":"","hideIfSummonerSpell":"","appendAfterSection":"","visibleWithAllOf":[""],"hiddenWithAnyOf":[""],"items":[{"id":"3151","count":1,"hideCount":false},{"id":"3135","count":1,"hideCount":false},{"id":"3089","count":1,"hideCount":false}]},{"type":"situational","recMath":false,"recSteps":false,"minSummonerLevel":-1,"maxSummonerLevel":-1,"showIfSummonerSpell":"","hideIfSummonerSpell":"","appendAfterSection":"","visibleWithAllOf":[""],"hiddenWithAnyOf":[""],"items":[{"id":"3116","count":1,"hideCount":false},{"id":"3157","count":1,"hideCount":false},{"id":"3102","count":1,"hideCount":false}]},{"type":"consumables","recMath":false,"recSteps":false,"minSummonerLevel":-1,"maxSummonerLevel":-1,"showIfSummonerSpell":"","hideIfSummonerSpell":"","appendAfterSection":"","visibleWithAllOf":[""],"hiddenWithAnyOf":[""],"items":[{"id":"2003","count":1,"hideCount":true},{"id":"2139","count":1,"hideCount":true}]}]}]}}}