{"type":"champion","format":"standAloneComplex","version":"10.15.1","data":{"Viktor":{"id":"Viktor","key":"112","name":"Viktor","title":"the Machine Herald","image":{"full":"Viktor.png","sprite":"champion4.png","group":"champion","x":144,"y":48,"w":48,"h":48},"skins":[{"id":"112000","num":0,"name":"default","chromas":false},{"id":"112001","num":1,"name":"Full Machine Viktor","chromas":false},{"id":"112002","num":2,"name":"Prototype Viktor","chromas":false},{"id":"112003","num":3,"name":"Creator Viktor","chromas":false},{"id":"112004","num":4,"name":"Death Sworn Viktor","chromas":false}],"lore":"The herald of a new age of technology, Viktor has devoted his life to the advancement of humankind. An idealist who seeks to lift the people of Zaun to a new level of understanding, he believes that only by embracing a glorious evolution of technology can humanity's full potential be realized. With a body augmented by steel and science, Viktor is zealous in his pursuit of this bright future.","blurb":"The herald of a new age of technology, Viktor has devoted his life to the advancement of humankind. An idealist who seeks to lift the people of Zaun to a new level of understanding, he believes that only by embracing a glorious evolution of technology...","allytips":["Death Ray is a powerful poke and a strong area of denial tool. Use it in combination with Gravity Field to control your enemy's position.","Make sure you choose the right augment at the right time."],"enemytips":["Be careful about how close you let Viktor get to you. Viktor's control of the battlefield increases with his proximity to his opponent.","Be aware of how many augments Viktor has upgraded by looking at the color of the light on his staff (purple, yellow, blue, red)."],"tags":["Mage"],"partype":"Mana","info":{"attack":2,"defense":4,"magic":10,"difficulty":9},"stats":{"hp":530,"hpperlevel":90,"mp":405,"mpperlevel":25,"movespeed":335,"armor":23,"armorperlevel":4,"spellblock":30,"spellblockperlevel":0.5,"attackrange":525,"hpregen":8,"hpregenperlevel":0.65,"mpregen":8,"mpregenperlevel":0.8,"crit":0,"critperlevel":0,"attackdamage":53,"attackdamageperlevel":3,"attackspeedperlevel":2.11,"attackspeed":0.658},"spells":[{"id":"ViktorPowerTransfer","name":"Siphon Power","description":"Viktor blasts an enemy unit dealing magic damage, gaining a shield and empowering his next basic attack.<br><br>Augment: Siphon Power's shield is increased by 60% and Viktor gains bonus Movement Speed after casting.","tooltip":"Viktor blasts an enemy unit, dealing {{ missiledamage }} <scaleAP>(+{{ a1 }})</scaleAP> magic damage while granting Viktor a shield that absorbs up to <span class=\"colorFFFFFF\">{{ f1 }}</span> damage over the next {{ buffduration }} seconds.<br /><br />Viktor's next basic attack deals {{ aabonusdamage }}<scaleAP>(+{{ a2 }})</scaleAP> bonus magic damage.<br /><br /><span class=\"colorFFCC00\">Augment - Turbocharge:</span> Siphon Power's shield is increased by {{ augmentshieldbonus*100 }}% and Viktor gains {{ augmentmovespeedbonus }}% Movement Speed for {{ buffduration }} seconds.","leveltip":{"label":["Cooldown","@AbilityResourceName@ Cost","Damage (Missile)","Damage (Attack)"],"effect":["{{ cooldown }} -> {{ cooldownNL }}","{{ cost }} -> {{ costNL }}","{{ missiledamage }} -> {{ missiledamageNL }}","{{ aabonusdamage }} -> {{ aabonusdamageNL }}"]},"maxrank":5,"cooldown":[9,8,7,6,5],"cooldownBurn":"9/8/7/6/5","cost":[45,50,55,60,65],"costBurn":"45/50/55/60/65","datavalues":{},"effect":[null,[60,75,90,105,120],[2.5,2.5,2.5,2.5,2.5],[30,30,30,30,30],[0,0,0,0,0],[20,45,70,95,120],[0.08,0.08,0.08,0.08,0.08],[0.2,0.2,0.2,0.2,0.2],[0.6,0.6,0.6,0.6,0.6],[0,0,0,0,0],[0,0,0,0,0]],"effectBurn":[null,"60/75/90/105/120","2.5","30","0","20/45/70/95/120","0.08","0.2","0.6","0","0"],"vars":[{"link":"spelldamage","coeff":0.4,"key":"a1"},{"link":"spelldamage","coeff":0.55,"key":"a2"}],"costType":" {{ abilityresourcename }}","maxammo":"-1","range":[600,600,600,600,600],"rangeBurn":"600","image":{"full":"ViktorPowerTransfer.png","sprite":"spell13.png","group":"spell","x":288,"y":96,"w":48,"h":48},"resource":"{{ cost }} {{ abilityresourcename }}"},{"id":"ViktorGravitonField","name":"Gravity Field","description":"Viktor conjures a heavy gravitational field that slows enemies in its radius. Enemies who stay within the device for too long are stunned.<br><br>Augment: Enemies stunned by Gravity Field are dragged to the center.","tooltip":"Viktor deploys a gravitational imprisonment device for {{ fieldduration }} seconds, slowing enemy units by {{ slowpotency*-1 }}% and adding a stack every {{ stackcadence }} seconds. At {{ stacksforstun }} stacks the target is stunned for {{ stunduration }} seconds.<br /><br /><span class=\"colorFFCC00\">Augment - Magnetize:</span> Viktor's non-periodic spells apply a {{ augmentslow }}% slow to enemies for 1 second.<br /><br />","leveltip":{"label":["Cooldown","Movement Slow"],"effect":["{{ cooldown }} -> {{ cooldownNL }}","{{ slowpotency*-1.000000 }}% -> {{ slowpotencynl*-1.000000 }}%"]},"maxrank":5,"cooldown":[17,16,15,14,13],"cooldownBurn":"17/16/15/14/13","cost":[65,65,65,65,65],"costBurn":"65","datavalues":{},"effect":[null,[-0.28,-0.32,-0.36,-0.4,-0.44],[1.5,1.5,1.5,1.5,1.5],[4,4,4,4,4],[0.5,0.5,0.5,0.5,0.5],[3,3,3,3,3],[0,0,0,0,0],[0,0,0,0,0],[0,0,0,0,0],[0,0,0,0,0],[0,0,0,0,0]],"effectBurn":[null,"-0.28/-0.32/-0.36/-0.4/-0.44","1.5","4","0.5","3","0","0","0","0","0"],"vars":[],"costType":" {{ abilityresourcename }}","maxammo":"-1","range":[800,800,800,800,800],"rangeBurn":"800","image":{"full":"ViktorGravitonField.png","sprite":"spell13.png","group":"spell","x":336,"y":96,"w":48,"h":48},"resource":"{{ cost }} {{ abilityresourcename }}"},{"id":"ViktorDeathRay","name":"Death Ray","description":"Viktor uses his robotic arm to fire a chaos beam that cuts across the field in a line, dealing damage to all enemies in its path.<br><br>Augment: An explosion follows the Death Ray's wake, dealing magic damage.","tooltip":"Viktor uses his robotic arm to fire a chaos beam that cuts across the field in a line, dealing {{ e1 }} <scaleAP>(+{{ a1 }})</scaleAP> magic damage to every enemy in its path.<br /><br /><span class=\"colorFFCC00\">Augment - Aftershock:</span> An explosion follows the Death Ray's wake, dealing {{ e2 }} <scaleAP>(+{{ a2 }})</scaleAP> magic damage.","leveltip":{"label":["Damage (Death Ray)","Damage (Aftershock)","Cooldown","@AbilityResourceName@ Cost"],"effect":["{{ e1 }} -> {{ e1NL }}","{{ e2 }} -> {{ e2NL }}","{{ cooldown }} -> {{ cooldownNL }}","{{ cost }} -> {{ costNL }}"]},"maxrank":5,"cooldown":[12,11,10,9,8],"cooldownBurn":"12/11/10/9/8","cost":[70,80,90,100,110],"costBurn":"70/80/90/100/110","datavalues":{},"effect":[null,[70,110,150,190,230],[20,60,100,140,180],[1,1,1,1,1],[0,0,0,0,0],[0,0,0,0,0],[0,0,0,0,0],[0,0,0,0,0],[0,0,0,0,0],[0,0,0,0,0],[0,0,0,0,0]],"effectBurn":[null,"70/110/150/190/230","20/60/100/140/180","1","0","0","0","0","0","0","0"],"vars":[{"link":"spelldamage","coeff":0.6,"key":"a1"},{"link":"spelldamage","coeff":0.7,"key":"a2"}],"costType":" {{ abilityresourcename }}","maxammo":"-1","range":[525,525,525,525,525],"rangeBurn":"525","image":{"full":"ViktorDeathRay.png","sprite":"spell13.png","group":"spell","x":384,"y":96,"w":48,"h":48},"resource":"{{ cost }} {{ abilityresourcename }}"},{"id":"ViktorChaosStorm","name":"Chaos Storm","description":"Viktor conjures a singularity on the field which deals magic damage and interrupts enemy channels. The singularity then periodically does magic damage to all nearby enemies. Viktor can redirect the singularity.<br><br>Augment: The Chaos Storm moves 25% faster.","tooltip":"Viktor conjures a singularity at target location, dealing {{ initialburstbasedamage }} <scaleAP>(+{{ a1 }})</scaleAP> magic damage and interrupting enemy channels.<br /><br />Viktor can redirect the singularity for {{ stormduration }} seconds, which will discharge {{ subsequentburstbasedamage }} <scaleAP>(+{{ a2 }})</scaleAP> magic damage every {{ tickcadence }} second to nearby enemies. The singularity will move slower as it attempts to move farther away from Viktor.<br /><br /><span class=\"colorFFCC00\">Augment - Perfect Storm:</span> Chaos Storm moves {{ augmentboost*100 }}% Faster.","leveltip":{"label":["Cooldown","Damage (Initial Burst)","Damage (Periodic Ticks)"],"effect":["{{ cooldown }} -> {{ cooldownNL }}","{{ initialburstbasedamage }} -> {{ initialburstbasedamageNL }}","{{ subsequentburstbasedamage }} -> {{ subsequentburstbasedamageNL }}"]},"maxrank":3,"cooldown":[120,100,80],"cooldownBurn":"120/100/80","cost":[100,100,100],"costBurn":"100","datavalues":{},"effect":[null,[100,175,250],[130,210,290],[6.5,6.5,6.5],[2,2,2],[3,3,3],[400,400,400],[200,200,200],[300,300,300],[900,900,900],[0.2,0.2,0.2]],"effectBurn":[null,"100/175/250","130/210/290","6.5","2","3","400","200","300","900","0.2"],"vars":[{"link":"spelldamage","coeff":0.5,"key":"a1"},{"link":"spelldamage","coeff":0.45,"key":"a2"}],"costType":" {{ abilityresourcename }}","maxammo":"-1","range":[700,700,700],"rangeBurn":"700","image":{"full":"ViktorChaosStorm.png","sprite":"spell13.png","group":"spell","x":432,"y":96,"w":48,"h":48},"resource":"{{ cost }} {{ abilityresourcename }}"}],"passive":{"name":"Glorious Evolution","description":"Viktor starts with the Prototype Hex Core that can be upgraded three times in the store to augment his abilities.","image":{"full":"Viktor_Passive.png","sprite":"passive4.png","group":"passive","x":144,"y":48,"w":48,"h":48}},"recommended":[{"champion":"Viktor","title":"Beginner","type":"riot","map":"SR","mode":"INTRO","priority":false,"blocks":[{"type":"beginner_Starter","maxSummonerLevel":4,"items":[{"id":"1056","count":1}]},{"type":"beginner_Starter","minSummonerLevel":5,"items":[{"id":"1056","count":1},{"id":"2003","count":1}]},{"type":"beginner_Advanced","recMath":true,"items":[{"id":"1028","count":1},{"id":"1027","count":1},{"id":"3010","count":1}]},{"type":"beginner_MovementSpeed","recMath":true,"items":[{"id":"1001","count":1},{"id":"3020","count":1}]},{"type":"beginner_LegendaryItem","recMath":true,"items":[{"id":"3010","count":1},{"id":"1026","count":1},{"id":"3027","count":1}]},{"type":"beginner_MoreLegendaryItems","items":[{"id":"3151","count":1},{"id":"3174","count":1},{"id":"3116","count":1},{"id":"3089","count":1}]}]},{"champion":"Viktor","title":"ViktorARAM","map":"HA","mode":"ARAM","type":"riot","customTag":"","sortrank":0,"extensionPage":false,"customPanel":null,"blocks":[{"type":"starting","recMath":false,"recSteps":false,"minSummonerLevel":-1,"maxSummonerLevel":-1,"showIfSummonerSpell":"","hideIfSummonerSpell":"","appendAfterSection":"","visibleWithAllOf":[""],"hiddenWithAnyOf":[""],"items":[{"id":"3196","count":1,"hideCount":false},{"id":"2003","count":3,"hideCount":false}]},{"type":"essential","recMath":false,"recSteps":false,"minSummonerLevel":-1,"maxSummonerLevel":-1,"showIfSummonerSpell":"","hideIfSummonerSpell":"","appendAfterSection":"","visibleWithAllOf":[""],"hiddenWithAnyOf":[""],"items":[{"id":"3198","count":1,"hideCount":false},{"id":"3020","count":1,"hideCount":false},{"id":"3007","count":1,"hideCount":false}]},{"type":"offensive","recMath":false,"recSteps":false,"minSummonerLevel":-1,"maxSummonerLevel":-1,"showIfSummonerSpell":"","hideIfSummonerSpell":"","appendAfterSection":"","visibleWithAllOf":[""],"hiddenWithAnyOf":[""],"items":[{"id":"3100","count":1,"hideCount":false},{"id":"3089","count":1,"hideCount":false},{"id":"3135","count":1,"hideCount":false}]},{"type":"defensive","recMath":false,"recSteps":false,"minSummonerLevel":-1,"maxSummonerLevel":-1,"showIfSummonerSpell":"","hideIfSummonerSpell":"","appendAfterSection":"","visibleWithAllOf":[""],"hiddenWithAnyOf":[""],"items":[{"id":"3157","count":1,"hideCount":false},{"id":"3116","count":1,"hideCount":false},{"id":"3001","count":1,"hideCount":false}]},{"type":"consumables","recMath":false,"recSteps":false,"minSummonerLevel":-1,"maxSummonerLevel":-1,"showIfSummonerSpell":"","hideIfSummonerSpell":"","appendAfterSection":"","visibleWithAllOf":[""],"hiddenWithAnyOf":[""],"items":[{"id":"2003","count":1,"hideCount":true},{"id":"2033","count":1,"hideCount":false},{"id":"2139","count":1,"hideCount":true}]}]},{"champion":"Viktor","title":"ViktorFIRSTBLOOD","map":"HA","mode":"FIRSTBLOOD","type":"riot","customTag":"","extensionPage":false,"customPanel":null,"blocks":[{"type":"starting","recMath":false,"recSteps":false,"minSummonerLevel":-1,"maxSummonerLevel":-1,"showIfSummonerSpell":"","hideIfSummonerSpell":"","items":[{"id":"1056","count":1,"hideCount":false},{"id":"2003","count":2,"hideCount":false},{"id":"3340","count":1,"hideCount":false}]},{"type":"essential","recMath":false,"recSteps":false,"minSummonerLevel":-1,"maxSummonerLevel":-1,"showIfSummonerSpell":"","hideIfSummonerSpell":"","items":[{"id":"3198","count":1,"hideCount":false},{"id":"3285","count":1,"hideCount":false},{"id":"3020","count":1,"hideCount":false}]},{"type":"offensive","recMath":false,"recSteps":false,"minSummonerLevel":-1,"maxSummonerLevel":-1,"showIfSummonerSpell":"","hideIfSummonerSpell":"","items":[{"id":"3135","count":1,"hideCount":false},{"id":"3089","count":1,"hideCount":false},{"id":"3100","count":1,"hideCount":false}]},{"type":"defensive","recMath":false,"recSteps":false,"minSummonerLevel":-1,"maxSummonerLevel":-1,"showIfSummonerSpell":"","hideIfSummonerSpell":"","items":[{"id":"3116","count":1,"hideCount":false},{"id":"3157","count":1,"hideCount":false},{"id":"3174","count":1,"hideCount":false}]},{"type":"consumables","recMath":false,"recSteps":false,"minSummonerLevel":-1,"maxSummonerLevel":-1,"showIfSummonerSpell":"","hideIfSummonerSpell":"","items":[{"id":"2003","count":1,"hideCount":false},{"id":"2043","count":1,"hideCount":false},{"id":"2139","count":1,"hideCount":false}]}]},{"champion":"Viktor","title":"ViktorARAM","map":"HA","mode":"KINGPORO","type":"riot","customTag":"","sortrank":0,"extensionPage":false,"customPanel":null,"blocks":[{"type":"KingPoroSnax","recMath":false,"recSteps":false,"minSummonerLevel":-1,"maxSummonerLevel":-1,"showIfSummonerSpell":"","hideIfSummonerSpell":"","items":[{"id":"3680","count":1,"hideCount":false},{"id":"3681","count":1,"hideCount":false},{"id":"3682","count":1,"hideCount":false},{"id":"3683","count":1,"hideCount":false},{"id":"3684","count":1,"hideCount":false},{"id":"3685","count":1,"hideCount":false}]},{"type":"starting","recMath":false,"recSteps":false,"minSummonerLevel":-1,"maxSummonerLevel":-1,"showIfSummonerSpell":"","hideIfSummonerSpell":"","appendAfterSection":"","visibleWithAllOf":[""],"hiddenWithAnyOf":[""],"items":[{"id":"3196","count":1,"hideCount":false},{"id":"2003","count":3,"hideCount":false}]},{"type":"essential","recMath":false,"recSteps":false,"minSummonerLevel":-1,"maxSummonerLevel":-1,"showIfSummonerSpell":"","hideIfSummonerSpell":"","appendAfterSection":"","visibleWithAllOf":[""],"hiddenWithAnyOf":[""],"items":[{"id":"3198","count":1,"hideCount":false},{"id":"3020","count":1,"hideCount":false},{"id":"3007","count":1,"hideCount":false}]},{"type":"offensive","recMath":false,"recSteps":false,"minSummonerLevel":-1,"maxSummonerLevel":-1,"showIfSummonerSpell":"","hideIfSummonerSpell":"","appendAfterSection":"","visibleWithAllOf":[""],"hiddenWithAnyOf":[""],"items":[{"id":"3100","count":1,"hideCount":false},{"id":"3089","count":1,"hideCount":false},{"id":"3135","count":1,"hideCount":false}]},{"type":"defensive","recMath":false,"recSteps":false,"minSummonerLevel":-1,"maxSummonerLevel":-1,"showIfSummonerSpell":"","hideIfSummonerSpell":"","appendAfterSection":"","visibleWithAllOf":[""],"hiddenWithAnyOf":[""],"items":[{"id":"3157","count":1,"hideCount":false},{"id":"3116","count":1,"hideCount":false},{"id":"3001","count":1,"hideCount":false}]},{"type":"consumables","recMath":false,"recSteps":false,"minSummonerLevel":-1,"maxSummonerLevel":-1,"showIfSummonerSpell":"","hideIfSummonerSpell":"","appendAfterSection":"","visibleWithAllOf":[""],"hiddenWithAnyOf":[""],"items":[{"id":"2003","count":1,"hideCount":true},{"id":"2033","count":1,"hideCount":false},{"id":"2139","count":1,"hideCount":true}]}]},{"champion":"Viktor","title":"ViktorSL","map":"NB","mode":"NEXUSBLITZ","type":"riot","customTag":"","sortrank":0,"extensionPage":false,"useObviousCheckmark":false,"customPanel":null,"blocks":[{"type":"starting","recMath":false,"recSteps":false,"minSummonerLevel":-1,"maxSummonerLevel":-1,"showIfSummonerSpell":"","hideIfSummonerSpell":"SummonerSmite","appendAfterSection":"","visibleWithAllOf":[""],"hiddenWithAnyOf":[""],"items":[{"id":"4203","count":1,"hideCount":false},{"id":"2003","count":2,"hideCount":false},{"id":"3340","count":1,"hideCount":false}]},{"type":"startingjungle","recMath":false,"recSteps":false,"minSummonerLevel":-1,"maxSummonerLevel":-1,"showIfSummonerSpell":"SummonerSmite","hideIfSummonerSpell":"","appendAfterSection":"","visibleWithAllOf":[""],"hiddenWithAnyOf":[""],"items":[{"id":"4101","count":1,"hideCount":false},{"id":"2003","count":1,"hideCount":false},{"id":"3340","count":1,"hideCount":false}]},{"type":"early","recMath":false,"recSteps":false,"minSummonerLevel":-1,"maxSummonerLevel":-1,"showIfSummonerSpell":"","hideIfSummonerSpell":"SummonerSmite","appendAfterSection":"","visibleWithAllOf":[""],"hiddenWithAnyOf":[""],"items":[{"id":"3196","count":1,"hideCount":false},{"id":"3197","count":1,"hideCount":false},{"id":"1001","count":1,"hideCount":false}]},{"type":"earlyjungle","recMath":false,"recSteps":false,"minSummonerLevel":-1,"maxSummonerLevel":-1,"showIfSummonerSpell":"SummonerSmite","hideIfSummonerSpell":"","appendAfterSection":"","visibleWithAllOf":[""],"hiddenWithAnyOf":[""],"items":[{"id":"3108","count":1,"hideCount":false},{"id":"3196","count":1,"hideCount":false},{"id":"1001","count":1,"hideCount":false}]},{"type":"essential","recMath":false,"recSteps":false,"minSummonerLevel":-1,"maxSummonerLevel":-1,"showIfSummonerSpell":"","hideIfSummonerSpell":"SummonerSmite","appendAfterSection":"","visibleWithAllOf":[""],"hiddenWithAnyOf":[""],"items":[{"id":"3198","count":1,"hideCount":false},{"id":"3116","count":1,"hideCount":false},{"id":"3020","count":1,"hideCount":false}]},{"type":"essentialjungle","recMath":false,"recSteps":false,"minSummonerLevel":-1,"maxSummonerLevel":-1,"showIfSummonerSpell":"SummonerSmite","hideIfSummonerSpell":"","appendAfterSection":"","visibleWithAllOf":[""],"hiddenWithAnyOf":[""],"items":[{"id":"4104","count":1,"hideCount":false},{"id":"3198","count":1,"hideCount":false},{"id":"3020","count":1,"hideCount":false}]},{"type":"offensive","recMath":false,"recSteps":false,"minSummonerLevel":-1,"maxSummonerLevel":-1,"showIfSummonerSpell":"","hideIfSummonerSpell":"","appendAfterSection":"","visibleWithAllOf":[""],"hiddenWithAnyOf":[""],"items":[{"id":"3100","count":1,"hideCount":false},{"id":"3135","count":1,"hideCount":false},{"id":"3165","count":1,"hideCount":false}]},{"type":"defensive","recMath":false,"recSteps":false,"minSummonerLevel":-1,"maxSummonerLevel":-1,"showIfSummonerSpell":"","hideIfSummonerSpell":"","appendAfterSection":"","visibleWithAllOf":[""],"hiddenWithAnyOf":[""],"items":[{"id":"3157","count":1,"hideCount":false},{"id":"3102","count":1,"hideCount":false},{"id":"3151","count":1,"hideCount":false}]},{"type":"consumables","recMath":false,"recSteps":false,"minSummonerLevel":-1,"maxSummonerLevel":-1,"showIfSummonerSpell":"","hideIfSummonerSpell":"","appendAfterSection":"","visibleWithAllOf":[""],"hiddenWithAnyOf":[""],"items":[{"id":"2003","count":1,"hideCount":true},{"id":"2139","count":1,"hideCount":true}]}]},{"champion":"Viktor","title":"ViktorSR","map":"SR","mode":"CLASSIC","type":"riot","customTag":"","sortrank":0,"extensionPage":false,"useObviousCheckmark":false,"customPanel":null,"blocks":[{"type":"starting","recMath":false,"recSteps":false,"minSummonerLevel":-1,"maxSummonerLevel":-1,"showIfSummonerSpell":"","hideIfSummonerSpell":"","appendAfterSection":"","visibleWithAllOf":[""],"hiddenWithAnyOf":[""],"items":[{"id":"1056","count":1,"hideCount":false},{"id":"2003","count":2,"hideCount":false},{"id":"3340","count":1,"hideCount":false}]},{"type":"essential","recMath":false,"recSteps":false,"minSummonerLevel":-1,"maxSummonerLevel":-1,"showIfSummonerSpell":"","hideIfSummonerSpell":"","appendAfterSection":"","visibleWithAllOf":[""],"hiddenWithAnyOf":[""],"items":[{"id":"3198","count":1,"hideCount":false},{"id":"3020","count":1,"hideCount":false},{"id":"3151","count":1,"hideCount":false}]},{"type":"standard","recMath":false,"recSteps":false,"minSummonerLevel":-1,"maxSummonerLevel":-1,"showIfSummonerSpell":"","hideIfSummonerSpell":"","appendAfterSection":"","visibleWithAllOf":[""],"hiddenWithAnyOf":[""],"items":[{"id":"3100","count":1,"hideCount":false},{"id":"3135","count":1,"hideCount":false},{"id":"3165","count":1,"hideCount":false}]},{"type":"situational","recMath":false,"recSteps":false,"minSummonerLevel":-1,"maxSummonerLevel":-1,"showIfSummonerSpell":"","hideIfSummonerSpell":"","appendAfterSection":"","visibleWithAllOf":[""],"hiddenWithAnyOf":[""],"items":[{"id":"3157","count":1,"hideCount":false},{"id":"3102","count":1,"hideCount":false},{"id":"3089","count":1,"hideCount":false}]},{"type":"consumables","recMath":false,"recSteps":false,"minSummonerLevel":-1,"maxSummonerLevel":-1,"showIfSummonerSpell":"","hideIfSummonerSpell":"","appendAfterSection":"","visibleWithAllOf":[""],"hiddenWithAnyOf":[""],"items":[{"id":"2003","count":1,"hideCount":true},{"id":"2139","count":1,"hideCount":true}]}]}]}}}