{"type":"champion","format":"standAloneComplex","version":"10.15.1","data":{"Vladimir":{"id":"Vladimir","key":"8","name":"Vladimir","title":"the Crimson Reaper","image":{"full":"Vladimir.png","sprite":"champion4.png","group":"champion","x":192,"y":48,"w":48,"h":48},"skins":[{"id":"8000","num":0,"name":"default","chromas":false},{"id":"8001","num":1,"name":"Count Vladimir","chromas":false},{"id":"8002","num":2,"name":"Marquis Vladimir","chromas":false},{"id":"8003","num":3,"name":"Nosferatu Vladimir","chromas":false},{"id":"8004","num":4,"name":"Vandal Vladimir","chromas":false},{"id":"8005","num":5,"name":"Blood Lord Vladimir","chromas":false},{"id":"8006","num":6,"name":"Soulstealer Vladimir","chromas":false},{"id":"8007","num":7,"name":"Academy Vladimir","chromas":false},{"id":"8008","num":8,"name":"Dark Waters Vladimir","chromas":true},{"id":"8014","num":14,"name":"Nightbringer Vladimir","chromas":true}],"lore":"A fiend with a thirst for mortal blood, Vladimir has influenced the affairs of Noxus since the empire's earliest days. In addition to unnaturally extending his life, his mastery of hemomancy allows him to control the minds and bodies of others as easily as his own. In the flamboyant salons of the Noxian aristocracy, this has enabled him to build a fanatical cult of personality around himself—while in the lowest back alleys, it allows him to bleed his enemies dry.","blurb":"A fiend with a thirst for mortal blood, Vladimir has influenced the affairs of Noxus since the empire's earliest days. In addition to unnaturally extending his life, his mastery of hemomancy allows him to control the minds and bodies of others as easily...","allytips":["Transfusion instantly deals damage to the enemy before healing Vladimir, making it one of the best last hitting tools in the game.","Cast Hemoplague where it will afflict the most units.","Sanguine Pool pops incoming missiles, so it can be used to dodge disables."],"enemytips":["Try to take Vladimir down before Hemoplague detonates, as it will heal him for each afflicted enemy Champion.","Making Vladimir use Sanguine Pool at the start of a fight will maximize the Health cost of the ability to him.","Items that counter Health stacking, such as Liandry's Torment and Blade of the Ruined King, are very effective against Vladimir."],"tags":["Mage"],"partype":"Crimson Rush","info":{"attack":2,"defense":6,"magic":8,"difficulty":7},"stats":{"hp":537,"hpperlevel":96,"mp":2,"mpperlevel":0,"movespeed":330,"armor":23,"armorperlevel":3.3,"spellblock":30,"spellblockperlevel":0.5,"attackrange":450,"hpregen":7,"hpregenperlevel":0.6,"mpregen":0,"mpregenperlevel":0,"crit":0,"critperlevel":0,"attackdamage":55,"attackdamageperlevel":3,"attackspeedperlevel":2,"attackspeed":0.658},"spells":[{"id":"VladimirQ","name":"Transfusion","description":"Vladimir steals life from the target enemy. When Vladimir's resource is full, Transfusion will benefit from massively increased damage and healing for a brief time.","tooltip":"Vladimir drains the lifeforce of his target, dealing {{ e1 }} <scaleAP>(+{{ a1 }})</scaleAP> magic damage and healing himself for {{ e2 }}<scaleAP> (+{{ a2 }})</scaleAP> health. After casting Transfusion twice, Vladimir gains <span class=\"colorFFB3B3\">Crimson Rush</span> the next time it becomes available to cast.<br /><br /><span class=\"colorFFB3B3\">Crimson Rush:</span> Vladimir is briefly hasted and for the next {{ e8 }} seconds Transfusion deals {{ e7 }}% increased damage and heals for an additional <scaleLevel>{{ f7 }}</scaleLevel> plus {{ e5 }}% <scaleAP>(+{{ f6 }}%)</scaleAP> of his missing health (empowered heal has {{ e9 }}% effectiveness against minions). ","leveltip":{"label":["Damage","Healing","Cooldown"],"effect":["{{ e1 }} -> {{ e1NL }}","{{ e2 }} -> {{ e2NL }}","{{ cooldown }} -> {{ cooldownNL }}"]},"maxrank":5,"cooldown":[9,8,7,6,5],"cooldownBurn":"9/8/7/6/5","cost":[0,0,0,0,0],"costBurn":"0","datavalues":{},"effect":[null,[80,100,120,140,160],[20,25,30,35,40],[0,0,0,0,0],[0,0,0,0,0],[5,5,5,5,5],[0.04,0.04,0.04,0.04,0.04],[85,85,85,85,85],[2.5,2.5,2.5,2.5,2.5],[35,35,35,35,35],[0,0,0,0,0]],"effectBurn":[null,"80/100/120/140/160","20/25/30/35/40","0","0","5","0.04","85","2.5","35","0"],"vars":[{"link":"spelldamage","coeff":0.6,"key":"a1"},{"link":"spelldamage","coeff":0.35,"key":"a2"}],"costType":"No Cost","maxammo":"-1","range":[600,600,600,600,600],"rangeBurn":"600","image":{"full":"VladimirQ.png","sprite":"spell13.png","group":"spell","x":0,"y":144,"w":48,"h":48},"resource":"No Cost"},{"id":"VladimirSanguinePool","name":"Sanguine Pool","description":"Vladimir sinks into a pool of blood, becoming untargetable for 2 seconds. Additionally, enemies on the pool are slowed and Vladimir siphons life from them.","tooltip":"Vladimir sinks into a pool of blood for 2 seconds, gaining a brief haste and becoming untargetable while slowing enemies above him by {{ e3 }}%.<br /><br />Vladimir deals {{ e1 }} <span class=\"colorCC3300\">(+{{ f1 }}) [{{ e4 }}% of bonus Health]</span> magic damage over the duration and heals himself for {{ e5 }}% of that amount.<br /><br />Sanguine Pool can be cast while charging Tides of Blood.","leveltip":{"label":["Damage","Cooldown"],"effect":["{{ e1 }} -> {{ e1NL }}","{{ cooldown }} -> {{ cooldownNL }}"]},"maxrank":5,"cooldown":[28,25,22,19,16],"cooldownBurn":"28/25/22/19/16","cost":[0,0,0,0,0],"costBurn":"0","datavalues":{},"effect":[null,[80,135,190,245,300],[20,20,20,20,20],[40,40,40,40,40],[10,10,10,10,10],[15,15,15,15,15],[0,0,0,0,0],[0,0,0,0,0],[0,0,0,0,0],[0,0,0,0,0],[0,0,0,0,0]],"effectBurn":[null,"80/135/190/245/300","20","40","10","15","0","0","0","0","0"],"vars":[{"link":"bonushealth","coeff":0.15,"key":"f1"}],"costType":"% of current Health","maxammo":"-1","range":[350,350,350,350,350],"rangeBurn":"350","image":{"full":"VladimirSanguinePool.png","sprite":"spell13.png","group":"spell","x":48,"y":144,"w":48,"h":48},"resource":"{{ e2 }}% of current Health"},{"id":"VladimirE","name":"Tides of Blood","description":"Vladimir pays his own health to charge up a reservoir of blood which, when released, deals damage in the area around him but can be blocked by enemy units.","tooltip":"<spellPassive>First Cast: </spellPassive>Vladimir charges up a reservoir of blood, spending up to <span class=\"colorCC3300\">{{ e2 }}% of his max Health ({{ f3 }})</span> to increase this spell's damage. While at full charge, Vladimir is slowed.<br /><br /><spellPassive>Second Cast: </spellPassive>Vladimir unleashes a nova of blood at surrounding enemies which deals between {{ e3 }}<span class=\"colorCC3300\"> (+{{ f2 }})</span><scaleAP> (+{{ a1 }})</scaleAP> and {{ e0 }}<span class=\"colorCC3300\"> (+{{ f4 }})</span><scaleAP> (+{{ a2 }})</scaleAP> magic damage and, at full charge, briefly slows by {{ e9 }}%. Targets hit block a portion of the nova.<br /><br />Tides of Blood will release automatically if held for more than {{ e7 }} seconds.","leveltip":{"label":["Minimum Damage","Maximum Damage","Slow","Cooldown"],"effect":["{{ e3 }} -> {{ e3NL }}","{{ e0 }} -> {{ e0NL }}","{{ e9 }}% -> {{ e9NL }}%","{{ cooldown }} -> {{ cooldownNL }}"]},"maxrank":5,"cooldown":[13,11,9,7,5],"cooldownBurn":"13/11/9/7/5","cost":[0,0,0,0,0],"costBurn":"0","datavalues":{},"effect":[null,[0,0,0,0,0],[8,8,8,8,8],[30,45,60,75,90],[6,6,6,6,6],[150,150,150,150,150],[0,0,0,0,0],[1.5,1.5,1.5,1.5,1.5],[1,1,1,1,1],[40,45,50,55,60],[60,90,120,150,180]],"effectBurn":[null,"0","8","30/45/60/75/90","6","150","0","1.5","1","40/45/50/55/60","60/90/120/150/180"],"vars":[{"link":"spelldamage","coeff":0.35,"key":"a1"},{"link":"spelldamage","coeff":0.8,"key":"a2"}],"costType":"% of max Health","maxammo":"-1","range":[600,600,600,600,600],"rangeBurn":"600","image":{"full":"VladimirE.png","sprite":"spell13.png","group":"spell","x":96,"y":144,"w":48,"h":48},"resource":"Channeling Cost {{ e2 }}% of max Health"},{"id":"VladimirHemoplague","name":"Hemoplague","description":"Vladimir infects an area with a virulent plague. Affected enemies take increased damage for the duration. After a few seconds, Hemoplague deals magic damage to infected enemies and heals Vladimir for each enemy Champion hit.","tooltip":"Vladimir infects enemies in a target area with a virulent plague, causing them to take {{ e2 }}% increased damage from all sources for {{ e4 }} seconds.<br /><br />After {{ e4 }} seconds, Vladimir deals {{ e1 }} <scaleAP>(+{{ a1 }})</scaleAP> magic damage to all infected targets. If Hemoplague damages an enemy Champion, Vladimir heals himself for {{ f4 }} <scaleAP>(+{{ f3 }})</scaleAP>, plus {{ e5 }}% for each Champion beyond the first.","leveltip":{"label":["Damage","Cooldown"],"effect":["{{ e1 }} -> {{ e1NL }}","{{ cooldown }} -> {{ cooldownNL }}"]},"maxrank":3,"cooldown":[150,135,120],"cooldownBurn":"150/135/120","cost":[0,0,0],"costBurn":"0","datavalues":{},"effect":[null,[150,250,350],[10,10,10],[100,100,100],[4,4,4],[50,50,50],[0,0,0],[0,0,0],[0,0,0],[0,0,0],[0,0,0]],"effectBurn":[null,"150/250/350","10","100","4","50","0","0","0","0","0"],"vars":[{"link":"spelldamage","coeff":0.7,"key":"a1"}],"costType":"No Cost","maxammo":"-1","range":[625,625,625],"rangeBurn":"625","image":{"full":"VladimirHemoplague.png","sprite":"spell13.png","group":"spell","x":144,"y":144,"w":48,"h":48},"resource":"No Cost"}],"passive":{"name":"Crimson Pact","description":"Every 40 points of bonus Health gives Vladimir 1 Ability Power and every 1 point of Ability Power gives Vladimir 1.4 bonus Health (does not stack with itself).","image":{"full":"VladimirP.png","sprite":"passive4.png","group":"passive","x":192,"y":48,"w":48,"h":48}},"recommended":[{"champion":"Vladimir","title":"Beginner","map":"SR","mode":"INTRO","type":"riot","customTag":"","sortrank":0,"extensionPage":false,"customPanel":null,"blocks":[{"type":"beginner_starter","recMath":false,"recSteps":false,"minSummonerLevel":-1,"maxSummonerLevel":4,"showIfSummonerSpell":"","hideIfSummonerSpell":"","items":[{"id":"1054","count":1,"hideCount":false}]},{"type":"beginner_starter","recMath":false,"recSteps":false,"minSummonerLevel":5,"maxSummonerLevel":-1,"showIfSummonerSpell":"","hideIfSummonerSpell":"","items":[{"id":"1054","count":1,"hideCount":false},{"id":"2003","count":1,"hideCount":false}]},{"type":"beginner_advanced","recMath":true,"recSteps":false,"minSummonerLevel":-1,"maxSummonerLevel":-1,"showIfSummonerSpell":"","hideIfSummonerSpell":"","items":[{"id":"3152","count":1,"hideCount":false},{"id":"3211","count":1,"hideCount":false},{"id":"3108","count":1,"hideCount":false}]},{"type":"beginner_movementspeed","recMath":true,"recSteps":false,"minSummonerLevel":-1,"maxSummonerLevel":-1,"showIfSummonerSpell":"","hideIfSummonerSpell":"","items":[{"id":"1001","count":1,"hideCount":false},{"id":"3158","count":1,"hideCount":false}]},{"type":"beginner_legendaryitem","recMath":true,"recSteps":false,"minSummonerLevel":-1,"maxSummonerLevel":-1,"showIfSummonerSpell":"","hideIfSummonerSpell":"","items":[{"id":"3116","count":1,"hideCount":false},{"id":"3065","count":1,"hideCount":false},{"id":"3151","count":1,"hideCount":false}]},{"type":"beginner_morelegendaryitems","recMath":false,"recSteps":false,"minSummonerLevel":-1,"maxSummonerLevel":-1,"showIfSummonerSpell":"","hideIfSummonerSpell":"","items":[{"id":"3157","count":1,"hideCount":false},{"id":"3001","count":1,"hideCount":false},{"id":"3089","count":1,"hideCount":false}]}]},{"champion":"Vladimir","title":"VladimirARAM","map":"HA","mode":"ARAM","type":"riot","customTag":"","sortrank":0,"extensionPage":false,"customPanel":null,"blocks":[{"type":"starting","recMath":false,"recSteps":false,"minSummonerLevel":-1,"maxSummonerLevel":-1,"showIfSummonerSpell":"","hideIfSummonerSpell":"","appendAfterSection":"","visibleWithAllOf":[""],"hiddenWithAnyOf":[""],"items":[{"id":"3211","count":1,"hideCount":false},{"id":"2003","count":4,"hideCount":false}]},{"type":"essential","recMath":false,"recSteps":false,"minSummonerLevel":-1,"maxSummonerLevel":-1,"showIfSummonerSpell":"","hideIfSummonerSpell":"","appendAfterSection":"","visibleWithAllOf":[""],"hiddenWithAnyOf":[""],"items":[{"id":"3065","count":1,"hideCount":false},{"id":"3020","count":1,"hideCount":false},{"id":"3152","count":1,"hideCount":false}]},{"type":"offensive","recMath":false,"recSteps":false,"minSummonerLevel":-1,"maxSummonerLevel":-1,"showIfSummonerSpell":"","hideIfSummonerSpell":"","appendAfterSection":"","visibleWithAllOf":[""],"hiddenWithAnyOf":[""],"items":[{"id":"3089","count":1,"hideCount":false},{"id":"3151","count":1,"hideCount":false},{"id":"3135","count":1,"hideCount":false}]},{"type":"defensive","recMath":false,"recSteps":false,"minSummonerLevel":-1,"maxSummonerLevel":-1,"showIfSummonerSpell":"","hideIfSummonerSpell":"","appendAfterSection":"","visibleWithAllOf":[""],"hiddenWithAnyOf":[""],"items":[{"id":"3165","count":1,"hideCount":false},{"id":"3157","count":1,"hideCount":false},{"id":"3116","count":1,"hideCount":false}]},{"type":"consumables","recMath":false,"recSteps":false,"minSummonerLevel":-1,"maxSummonerLevel":-1,"showIfSummonerSpell":"","hideIfSummonerSpell":"","appendAfterSection":"","visibleWithAllOf":[""],"hiddenWithAnyOf":[""],"items":[{"id":"2003","count":1,"hideCount":true},{"id":"2033","count":1,"hideCount":false},{"id":"2139","count":1,"hideCount":true}]}]},{"champion":"Vladimir","title":"VladimirFIRSTBLOOD","map":"HA","mode":"FIRSTBLOOD","type":"riot","customTag":"","extensionPage":false,"customPanel":null,"blocks":[{"type":"starting","recMath":false,"recSteps":false,"minSummonerLevel":-1,"maxSummonerLevel":-1,"showIfSummonerSpell":"","hideIfSummonerSpell":"","items":[{"id":"1054","count":1,"hideCount":false},{"id":"2003","count":1,"hideCount":false},{"id":"3340","count":1,"hideCount":false}]},{"type":"early","recMath":false,"recSteps":false,"minSummonerLevel":-1,"maxSummonerLevel":-1,"showIfSummonerSpell":"","hideIfSummonerSpell":"","items":[{"id":"1001","count":1,"hideCount":false},{"id":"3145","count":1,"hideCount":false}]},{"type":"essential","recMath":false,"recSteps":false,"minSummonerLevel":-1,"maxSummonerLevel":-1,"showIfSummonerSpell":"","hideIfSummonerSpell":"","items":[{"id":"3157","count":1,"hideCount":false},{"id":"3152","count":1,"hideCount":false},{"id":"3158","count":1,"hideCount":false}]},{"type":"standard","recMath":false,"recSteps":false,"minSummonerLevel":-1,"maxSummonerLevel":-1,"showIfSummonerSpell":"","hideIfSummonerSpell":"","items":[{"id":"3089","count":1,"hideCount":false},{"id":"3135","count":1,"hideCount":false},{"id":"3001","count":1,"hideCount":false}]},{"type":"situational","recMath":false,"recSteps":false,"minSummonerLevel":-1,"maxSummonerLevel":-1,"showIfSummonerSpell":"","hideIfSummonerSpell":"","items":[{"id":"3116","count":1,"hideCount":false},{"id":"3151","count":1,"hideCount":false},{"id":"3065","count":1,"hideCount":false}]},{"type":"consumables","recMath":false,"recSteps":false,"minSummonerLevel":-1,"maxSummonerLevel":-1,"showIfSummonerSpell":"","hideIfSummonerSpell":"","items":[{"id":"2003","count":1,"hideCount":true},{"id":"2031","count":1,"hideCount":true},{"id":"2043","count":1,"hideCount":true},{"id":"2139","count":1,"hideCount":true}]}]},{"champion":"Vladimir","title":"VladimirARAM","map":"HA","mode":"KINGPORO","type":"riot","customTag":"","sortrank":0,"extensionPage":false,"customPanel":null,"blocks":[{"type":"KingPoroSnax","recMath":false,"recSteps":false,"minSummonerLevel":-1,"maxSummonerLevel":-1,"showIfSummonerSpell":"","hideIfSummonerSpell":"","items":[{"id":"3680","count":1,"hideCount":false},{"id":"3681","count":1,"hideCount":false},{"id":"3682","count":1,"hideCount":false},{"id":"3683","count":1,"hideCount":false},{"id":"3684","count":1,"hideCount":false},{"id":"3685","count":1,"hideCount":false}]},{"type":"starting","recMath":false,"recSteps":false,"minSummonerLevel":-1,"maxSummonerLevel":-1,"showIfSummonerSpell":"","hideIfSummonerSpell":"","appendAfterSection":"","visibleWithAllOf":[""],"hiddenWithAnyOf":[""],"items":[{"id":"3211","count":1,"hideCount":false},{"id":"2003","count":4,"hideCount":false}]},{"type":"essential","recMath":false,"recSteps":false,"minSummonerLevel":-1,"maxSummonerLevel":-1,"showIfSummonerSpell":"","hideIfSummonerSpell":"","appendAfterSection":"","visibleWithAllOf":[""],"hiddenWithAnyOf":[""],"items":[{"id":"3065","count":1,"hideCount":false},{"id":"3020","count":1,"hideCount":false},{"id":"3152","count":1,"hideCount":false}]},{"type":"offensive","recMath":false,"recSteps":false,"minSummonerLevel":-1,"maxSummonerLevel":-1,"showIfSummonerSpell":"","hideIfSummonerSpell":"","appendAfterSection":"","visibleWithAllOf":[""],"hiddenWithAnyOf":[""],"items":[{"id":"3089","count":1,"hideCount":false},{"id":"3151","count":1,"hideCount":false},{"id":"3135","count":1,"hideCount":false}]},{"type":"defensive","recMath":false,"recSteps":false,"minSummonerLevel":-1,"maxSummonerLevel":-1,"showIfSummonerSpell":"","hideIfSummonerSpell":"","appendAfterSection":"","visibleWithAllOf":[""],"hiddenWithAnyOf":[""],"items":[{"id":"3165","count":1,"hideCount":false},{"id":"3157","count":1,"hideCount":false},{"id":"3116","count":1,"hideCount":false}]},{"type":"consumables","recMath":false,"recSteps":false,"minSummonerLevel":-1,"maxSummonerLevel":-1,"showIfSummonerSpell":"","hideIfSummonerSpell":"","appendAfterSection":"","visibleWithAllOf":[""],"hiddenWithAnyOf":[""],"items":[{"id":"2003","count":1,"hideCount":true},{"id":"2033","count":1,"hideCount":false},{"id":"2139","count":1,"hideCount":true}]}]},{"champion":"Vladimir","title":"VladimirSL","map":"NB","mode":"NEXUSBLITZ","type":"riot","customTag":"","sortrank":0,"extensionPage":false,"useObviousCheckmark":false,"customPanel":null,"blocks":[{"type":"starting","recMath":false,"recSteps":false,"minSummonerLevel":-1,"maxSummonerLevel":-1,"showIfSummonerSpell":"","hideIfSummonerSpell":"SummonerSmite","appendAfterSection":"","visibleWithAllOf":[""],"hiddenWithAnyOf":[""],"items":[{"id":"4201","count":1,"hideCount":false},{"id":"2003","count":1,"hideCount":false},{"id":"3340","count":1,"hideCount":false}]},{"type":"startingjungle","recMath":false,"recSteps":false,"minSummonerLevel":-1,"maxSummonerLevel":-1,"showIfSummonerSpell":"SummonerSmite","hideIfSummonerSpell":"","appendAfterSection":"","visibleWithAllOf":[""],"hiddenWithAnyOf":[""],"items":[{"id":"4101","count":1,"hideCount":false},{"id":"2003","count":1,"hideCount":false},{"id":"3340","count":1,"hideCount":false}]},{"type":"early","recMath":false,"recSteps":false,"minSummonerLevel":-1,"maxSummonerLevel":-1,"showIfSummonerSpell":"","hideIfSummonerSpell":"SummonerSmite","appendAfterSection":"","visibleWithAllOf":[""],"hiddenWithAnyOf":[""],"items":[{"id":"1001","count":1,"hideCount":false},{"id":"3108","count":1,"hideCount":false},{"id":"3067","count":1,"hideCount":false}]},{"type":"earlyjungle","recMath":false,"recSteps":false,"minSummonerLevel":-1,"maxSummonerLevel":-1,"showIfSummonerSpell":"SummonerSmite","hideIfSummonerSpell":"","appendAfterSection":"","visibleWithAllOf":[""],"hiddenWithAnyOf":[""],"items":[{"id":"1001","count":1,"hideCount":false},{"id":"3108","count":1,"hideCount":false}]},{"type":"essential","recMath":false,"recSteps":false,"minSummonerLevel":-1,"maxSummonerLevel":-1,"showIfSummonerSpell":"","hideIfSummonerSpell":"SummonerSmite","appendAfterSection":"","visibleWithAllOf":[""],"hiddenWithAnyOf":[""],"items":[{"id":"3158","count":1,"hideCount":false},{"id":"3152","count":1,"hideCount":false},{"id":"3157","count":1,"hideCount":false}]},{"type":"essentialjungle","recMath":false,"recSteps":false,"minSummonerLevel":-1,"maxSummonerLevel":-1,"showIfSummonerSpell":"SummonerSmite","hideIfSummonerSpell":"","appendAfterSection":"","visibleWithAllOf":[""],"hiddenWithAnyOf":[""],"items":[{"id":"4104","count":1,"hideCount":false},{"id":"3158","count":1,"hideCount":false},{"id":"3152","count":1,"hideCount":false}]},{"type":"standard","recMath":false,"recSteps":false,"minSummonerLevel":-1,"maxSummonerLevel":-1,"showIfSummonerSpell":"","hideIfSummonerSpell":"","appendAfterSection":"","visibleWithAllOf":[""],"hiddenWithAnyOf":[""],"items":[{"id":"3116","count":1,"hideCount":false},{"id":"3151","count":1,"hideCount":false},{"id":"3907","count":1,"hideCount":false}]},{"type":"situational","recMath":false,"recSteps":false,"minSummonerLevel":-1,"maxSummonerLevel":-1,"showIfSummonerSpell":"","hideIfSummonerSpell":"","appendAfterSection":"","visibleWithAllOf":[""],"hiddenWithAnyOf":[""],"items":[{"id":"3165","count":1,"hideCount":false},{"id":"3135","count":1,"hideCount":false},{"id":"3089","count":1,"hideCount":false}]},{"type":"consumables","recMath":false,"recSteps":false,"minSummonerLevel":-1,"maxSummonerLevel":-1,"showIfSummonerSpell":"","hideIfSummonerSpell":"","appendAfterSection":"","visibleWithAllOf":[""],"hiddenWithAnyOf":[""],"items":[{"id":"2003","count":1,"hideCount":true},{"id":"2139","count":1,"hideCount":true}]}]},{"champion":"Vladimir","title":"VladimirSR","map":"SR","mode":"CLASSIC","type":"riot","customTag":"","sortrank":0,"extensionPage":false,"useObviousCheckmark":false,"customPanel":null,"blocks":[{"type":"starting","recMath":false,"recSteps":false,"minSummonerLevel":-1,"maxSummonerLevel":-1,"showIfSummonerSpell":"","hideIfSummonerSpell":"","appendAfterSection":"","visibleWithAllOf":[""],"hiddenWithAnyOf":[""],"items":[{"id":"1054","count":1,"hideCount":false},{"id":"2003","count":1,"hideCount":false},{"id":"3340","count":1,"hideCount":false}]},{"type":"early","recMath":false,"recSteps":false,"minSummonerLevel":-1,"maxSummonerLevel":-1,"showIfSummonerSpell":"","hideIfSummonerSpell":"","appendAfterSection":"","visibleWithAllOf":[""],"hiddenWithAnyOf":[""],"items":[{"id":"1001","count":1,"hideCount":false},{"id":"3108","count":1,"hideCount":false},{"id":"3067","count":1,"hideCount":false}]},{"type":"essential","recMath":false,"recSteps":false,"minSummonerLevel":-1,"maxSummonerLevel":-1,"showIfSummonerSpell":"","hideIfSummonerSpell":"","appendAfterSection":"","visibleWithAllOf":[""],"hiddenWithAnyOf":[""],"items":[{"id":"3158","count":1,"hideCount":false},{"id":"3152","count":1,"hideCount":false},{"id":"3157","count":1,"hideCount":false}]},{"type":"standard","recMath":false,"recSteps":false,"minSummonerLevel":-1,"maxSummonerLevel":-1,"showIfSummonerSpell":"","hideIfSummonerSpell":"","appendAfterSection":"","visibleWithAllOf":[""],"hiddenWithAnyOf":[""],"items":[{"id":"3135","count":1,"hideCount":false},{"id":"3089","count":1,"hideCount":false},{"id":"3907","count":1,"hideCount":false}]},{"type":"situational","recMath":false,"recSteps":false,"minSummonerLevel":-1,"maxSummonerLevel":-1,"showIfSummonerSpell":"","hideIfSummonerSpell":"","appendAfterSection":"","visibleWithAllOf":[""],"hiddenWithAnyOf":[""],"items":[{"id":"3165","count":1,"hideCount":false},{"id":"3151","count":1,"hideCount":false},{"id":"3116","count":1,"hideCount":false}]},{"type":"consumables","recMath":false,"recSteps":false,"minSummonerLevel":-1,"maxSummonerLevel":-1,"showIfSummonerSpell":"","hideIfSummonerSpell":"","appendAfterSection":"","visibleWithAllOf":[""],"hiddenWithAnyOf":[""],"items":[{"id":"2003","count":1,"hideCount":true},{"id":"2139","count":1,"hideCount":true}]}]}]}}}