{"type":"champion","format":"standAloneComplex","version":"10.15.1","data":{"Volibear":{"id":"Volibear","key":"106","name":"Volibear","title":"the Relentless Storm","image":{"full":"Volibear.png","sprite":"champion4.png","group":"champion","x":240,"y":48,"w":48,"h":48},"skins":[{"id":"106000","num":0,"name":"default","chromas":false},{"id":"106001","num":1,"name":"Thunder Lord Volibear","chromas":false},{"id":"106002","num":2,"name":"Northern Storm Volibear","chromas":false},{"id":"106003","num":3,"name":"Runeguard Volibear","chromas":false},{"id":"106004","num":4,"name":"Captain Volibear","chromas":false},{"id":"106005","num":5,"name":"El Rayo Volibear","chromas":false},{"id":"106006","num":6,"name":"The Thousand-Pierced Bear","chromas":false}],"lore":"To those who still revere him, the Volibear is the storm made manifest. Destructive, wild, and stubbornly resolute, he existed before mortals walked the Freljord's tundra, and is fiercely protective of the lands that he and his demi-god kin created. Cultivating a deep hatred of civilization and the weakness it brought with it, he now fights to return to the old ways—when the land was untamed, and blood spilled freely—and eagerly battles all who oppose him, with tooth, claw, and thundering domination.","blurb":"To those who still revere him, the Volibear is the storm made manifest. Destructive, wild, and stubbornly resolute, he existed before mortals walked the Freljord's tundra, and is fiercely protective of the lands that he and his demi-god kin created...","allytips":[],"enemytips":[],"tags":["Fighter","Tank"],"partype":"Mana","info":{"attack":7,"defense":7,"magic":4,"difficulty":3},"stats":{"hp":580,"hpperlevel":90,"mp":350,"mpperlevel":50,"movespeed":340,"armor":31,"armorperlevel":4,"spellblock":32,"spellblockperlevel":1.25,"attackrange":150,"hpregen":9,"hpregenperlevel":0.75,"mpregen":6.25,"mpregenperlevel":0.5,"crit":0,"critperlevel":0,"attackdamage":60,"attackdamageperlevel":3,"attackspeedperlevel":2,"attackspeed":0.625},"spells":[{"id":"VolibearQ","name":"Thundering Smash","description":"Volibear gains speed towards enemies, stunning and damaging the first one he attacks.","tooltip":"Volibear gains {{ minspeed }}% movement speed for 4 seconds (or {{ maxspeed }}% towards enemy champions) and the ability to move through units. While active, Volibear's next basic attack deals {{ basedamage }} (+<scaleAD>{{ adratiotooltip }}</scaleAD>) bonus damage and stuns the target for {{ stunduration }} second.<br /><br />Volibear becomes enraged if an enemy immobilizes him before he stuns a target, resetting this ability and its cooldown.","leveltip":{"label":["Damage","Movement Speed","Cooldown"],"effect":["{{ basedamage }} -> {{ basedamageNL }}","{{ minspeed }}% -> {{ minspeedNL }}%","{{ cooldown }} -> {{ cooldownNL }}"]},"maxrank":5,"cooldown":[14,13,12,11,10],"cooldownBurn":"14/13/12/11/10","cost":[50,50,50,50,50],"costBurn":"50","datavalues":{},"effect":[null,[0,0,0,0,0],[0,0,0,0,0],[0,0,0,0,0],[0,0,0,0,0],[0,0,0,0,0],[0,0,0,0,0],[0,0,0,0,0],[0,0,0,0,0],[0,0,0,0,0],[0,0,0,0,0]],"effectBurn":[null,"0","0","0","0","0","0","0","0","0","0"],"vars":[],"costType":" {{ abilityresourcename }}","maxammo":"-1","range":[300,300,300,300,300],"rangeBurn":"300","image":{"full":"VolibearQ.png","sprite":"spell13.png","group":"spell","x":192,"y":144,"w":48,"h":48},"resource":"{{ cost }} {{ abilityresourcename }}"},{"id":"VolibearW","name":"Frenzied Maul","description":"Volibear damages an enemy, applying on-hit effects and marking them.  Casting this spell again on the same target deals bonus damage and heals Volibear.","tooltip":"Volibear mauls an enemy, dealing {{ basedamage }} (+<scaleAD>{{ adratio }}</scaleAD>) (+<scaleHealth>{{ bonushealth }}</scaleHealth>) physical damage, applying on-hit effects, and <danger><span class=\"colorff6633\">wounding</span></danger> the target for 8 seconds.<br /><br />If Frenzied Maul is used on a <danger><span class=\"colorff6633\">wounded</span></danger> target, its damage is increased by 50% and Volibear restores {{ baseheal }} health +{{ healpercent*100 }}% of his missing health ({{ minionandmonstermod*100 }}% effective against minions and monsters).","leveltip":{"label":["Damage","Base Heal","Missing Health Percent","@AbilityResourceName@ Cost"],"effect":["{{ basedamage }} -> {{ basedamageNL }}","{{ baseheal }} -> {{ basehealNL }}","{{ healpercent*100.000000 }}% -> {{ healpercentnl*100.000000 }}%","{{ cost }} -> {{ costNL }}"]},"maxrank":5,"cooldown":[5,5,5,5,5],"cooldownBurn":"5","cost":[30,35,40,45,50],"costBurn":"30/35/40/45/50","datavalues":{},"effect":[null,[0,0,0,0,0],[0,0,0,0,0],[0,0,0,0,0],[0,0,0,0,0],[0,0,0,0,0],[0,0,0,0,0],[0,0,0,0,0],[0,0,0,0,0],[0,0,0,0,0],[0,0,0,0,0]],"effectBurn":[null,"0","0","0","0","0","0","0","0","0","0"],"vars":[],"costType":" {{ abilityresourcename }}","maxammo":"-1","range":[325,325,325,325,325],"rangeBurn":"325","image":{"full":"VolibearW.png","sprite":"spell13.png","group":"spell","x":240,"y":144,"w":48,"h":48},"resource":"{{ cost }} {{ abilityresourcename }}"},{"id":"VolibearE","name":"Sky Splitter","description":"Volibear summons a lightning bolt at a location, dealing damage and slowing enemies while granting Volibear a shield if he's inside the blast radius.","tooltip":"After a delay, Volibear summons a lightning bolt at a target location.  This deals {{ basedamage }} (+<magicDamage>{{ apratiotooltip }}</magicDamage>)  (+{{ percentdamage*100 }}% of the target's maximum health) magic damage and slows enemies by {{ slowamount*100 }}% for 2 seconds.  Damage against non-champions is capped at {{ monsterdamagecap }}.<br /><br />If Volibear is inside the blast zone, he gains a shield equal to {{ shieldamount*100 }}% of his maximum health (+<magicDamage>{{ shieldapratiotooltip }}</magicDamage>) for 3 seconds.","leveltip":{"label":["Damage","Maximum Health Damage"],"effect":["{{ basedamage }} -> {{ basedamageNL }}","{{ percentdamage*100.000000 }}% -> {{ percentdamagenl*100.000000 }}%"]},"maxrank":5,"cooldown":[15,15,15,15,15],"cooldownBurn":"15","cost":[60,60,60,60,60],"costBurn":"60","datavalues":{},"effect":[null,[0,0,0,0,0],[0,0,0,0,0],[0,0,0,0,0],[0,0,0,0,0],[0,0,0,0,0],[0,0,0,0,0],[0,0,0,0,0],[0,0,0,0,0],[0,0,0,0,0],[0,0,0,0,0]],"effectBurn":[null,"0","0","0","0","0","0","0","0","0","0"],"vars":[],"costType":" {{ abilityresourcename }}","maxammo":"-1","range":[1200,1200,1200,1200,1200],"rangeBurn":"1200","image":{"full":"VolibearE.png","sprite":"spell13.png","group":"spell","x":288,"y":144,"w":48,"h":48},"resource":"{{ cost }} {{ abilityresourcename }}"},{"id":"VolibearR","name":"Stormbringer","description":"Volibear leaps to a target location, slowing and damaging enemies beneath him while gaining bonus health.  Enemy towers near his landing location become temporarily disabled.","tooltip":"Volibear transforms and leaps toward a target location, gaining {{ healthamount }} health, {{ bonusattackrange }} attack range, and the ability to move through units for the next {{ transformduration }} seconds.<br /><br />Upon landing, nearby enemy towers are disabled for {{ towerdisableduration }} seconds and suffer {{ sweetspotdamage }} (+<scaleAD>{{ adratio }}</scaleAD>) (+<magicDamage>{{ apratiotooltip }}</magicDamage>) physical damage. Nearby enemies are slowed by {{ slowamount*100 }}%, decaying over 1 second. Enemies directly underneath Volibear suffer {{ sweetspotdamage }} (+<scaleAD>{{ adratio }}</scaleAD>) (+<magicDamage>{{ apratiotooltip }}</magicDamage>) physical damage.","leveltip":{"label":["Damage","Bonus Health","Tower Disable Duration","Cooldown"],"effect":["{{ sweetspotdamage }} -> {{ sweetspotdamageNL }}","{{ healthamount }} -> {{ healthamountNL }}","{{ towerdisableduration }} -> {{ towerdisabledurationNL }}","{{ cooldown }} -> {{ cooldownNL }}"]},"maxrank":3,"cooldown":[160,140,120],"cooldownBurn":"160/140/120","cost":[100,100,100],"costBurn":"100","datavalues":{},"effect":[null,[75,115,155],[9,9,9],[12,12,12],[8,8,8],[0.08,0.08,0.08],[0,0,0],[0,0,0],[0,0,0],[0,0,0],[0,0,0]],"effectBurn":[null,"75/115/155","9","12","8","0.08","0","0","0","0","0"],"vars":[],"costType":" {{ abilityresourcename }}","maxammo":"-1","range":[550,550,550],"rangeBurn":"550","image":{"full":"VolibearR.png","sprite":"spell13.png","group":"spell","x":336,"y":144,"w":48,"h":48},"resource":"{{ cost }} {{ abilityresourcename }}"}],"passive":{"name":"The Relentless Storm","description":"Volibear's attacks and abilities grant attack speed, and eventually cause his basic attacks to deal bonus magic damage to nearby enemies.","image":{"full":"Volibear_Icon_P.png","sprite":"passive4.png","group":"passive","x":240,"y":48,"w":48,"h":48}},"recommended":[{"champion":"Volibear","title":"Beginner","map":"SR","mode":"INTRO","type":"riot","customTag":"","extensionPage":false,"customPanel":null,"blocks":[{"type":"beginner_starter","recMath":false,"recSteps":false,"minSummonerLevel":-1,"maxSummonerLevel":4,"showIfSummonerSpell":"","hideIfSummonerSpell":"","items":[{"id":"1055","count":1,"hideCount":false},{"id":"2003","count":1,"hideCount":false},{"id":"3340","count":1,"hideCount":false}]},{"type":"beginner_starter","recMath":false,"recSteps":false,"minSummonerLevel":5,"maxSummonerLevel":-1,"showIfSummonerSpell":"","hideIfSummonerSpell":"","items":[{"id":"1055","count":1,"hideCount":false},{"id":"2003","count":1,"hideCount":false},{"id":"3340","count":1,"hideCount":false}]},{"type":"beginner_advanced","recMath":true,"recSteps":false,"minSummonerLevel":-1,"maxSummonerLevel":-1,"showIfSummonerSpell":"","hideIfSummonerSpell":"","items":[{"id":"1028","count":1,"hideCount":false},{"id":"1036","count":1,"hideCount":false},{"id":"3044","count":1,"hideCount":false}]},{"type":"beginner_movementspeed","recMath":true,"recSteps":false,"minSummonerLevel":-1,"maxSummonerLevel":-1,"showIfSummonerSpell":"","hideIfSummonerSpell":"","items":[{"id":"1001","count":1,"hideCount":false},{"id":"1029","count":1,"hideCount":false},{"id":"3047","count":1,"hideCount":false}]},{"type":"beginner_legendaryitem","recMath":true,"recSteps":false,"minSummonerLevel":-1,"maxSummonerLevel":-1,"showIfSummonerSpell":"","hideIfSummonerSpell":"","items":[{"id":"3057","count":1,"hideCount":false},{"id":"3086","count":1,"hideCount":false},{"id":"3078","count":1,"hideCount":false}]},{"type":"beginner_morelegendaryitems","recMath":false,"recSteps":false,"minSummonerLevel":-1,"maxSummonerLevel":-1,"showIfSummonerSpell":"","hideIfSummonerSpell":"","items":[{"id":"3053","count":1,"hideCount":false},{"id":"3065","count":1,"hideCount":false},{"id":"3742","count":1,"hideCount":false}]}]},{"champion":"Volibear","title":"VolibearARAM","map":"HA","mode":"ARAM","type":"riot","customTag":"","sortrank":0,"extensionPage":false,"useObviousCheckmark":false,"customPanel":null,"blocks":[{"type":"starting","recMath":false,"recSteps":false,"minSummonerLevel":-1,"maxSummonerLevel":-1,"showIfSummonerSpell":"","hideIfSummonerSpell":"","appendAfterSection":"","visibleWithAllOf":[""],"hiddenWithAnyOf":[""],"items":[{"id":"2051","count":1,"hideCount":false},{"id":"1001","count":1,"hideCount":false},{"id":"2003","count":3,"hideCount":false}]},{"type":"essential","recMath":false,"recSteps":false,"minSummonerLevel":-1,"maxSummonerLevel":-1,"showIfSummonerSpell":"","hideIfSummonerSpell":"","appendAfterSection":"","visibleWithAllOf":[""],"hiddenWithAnyOf":[""],"items":[{"id":"3065","count":1,"hideCount":false},{"id":"3111","count":1,"hideCount":false},{"id":"3742","count":1,"hideCount":false}]},{"type":"offensive","recMath":false,"recSteps":false,"minSummonerLevel":-1,"maxSummonerLevel":-1,"showIfSummonerSpell":"","hideIfSummonerSpell":"","appendAfterSection":"","visibleWithAllOf":[""],"hiddenWithAnyOf":[""],"items":[{"id":"3078","count":1,"hideCount":false},{"id":"3091","count":1,"hideCount":false},{"id":"3053","count":1,"hideCount":false}]},{"type":"defensive","recMath":false,"recSteps":false,"minSummonerLevel":-1,"maxSummonerLevel":-1,"showIfSummonerSpell":"","hideIfSummonerSpell":"","appendAfterSection":"","visibleWithAllOf":[""],"hiddenWithAnyOf":[""],"items":[{"id":"3068","count":1,"hideCount":false},{"id":"3742","count":1,"hideCount":false},{"id":"3001","count":1,"hideCount":false}]},{"type":"offmeta","recMath":false,"recSteps":false,"minSummonerLevel":-1,"maxSummonerLevel":-1,"showIfSummonerSpell":"","hideIfSummonerSpell":"","appendAfterSection":"","visibleWithAllOf":[""],"hiddenWithAnyOf":[""],"items":[{"id":"3115","count":1,"hideCount":false},{"id":"3124","count":1,"hideCount":false},{"id":"3100","count":1,"hideCount":false}]},{"type":"consumables","recMath":false,"recSteps":false,"minSummonerLevel":-1,"maxSummonerLevel":-1,"showIfSummonerSpell":"","hideIfSummonerSpell":"","appendAfterSection":"","visibleWithAllOf":[""],"hiddenWithAnyOf":[""],"items":[{"id":"2003","count":1,"hideCount":true},{"id":"2033","count":1,"hideCount":false},{"id":"2138","count":1,"hideCount":true}]}]},{"champion":"Volibear","title":"VolibearFIRSTBLOOD","map":"HA","mode":"FIRSTBLOOD","type":"riot","customTag":"","extensionPage":false,"customPanel":null,"blocks":[{"type":"starting","recMath":false,"recSteps":false,"minSummonerLevel":-1,"maxSummonerLevel":-1,"showIfSummonerSpell":"","hideIfSummonerSpell":"SummonerSmite","items":[{"id":"2003","count":1,"hideCount":false},{"id":"3340","count":1,"hideCount":false},{"id":"1054","count":1,"hideCount":false}]},{"type":"early","recMath":false,"recSteps":false,"minSummonerLevel":-1,"maxSummonerLevel":-1,"showIfSummonerSpell":"","hideIfSummonerSpell":"SummonerSmite","items":[{"id":"1001","count":1,"hideCount":false},{"id":"3751","count":1,"hideCount":false},{"id":"1011","count":1,"hideCount":false}]},{"type":"essential","recMath":false,"recSteps":false,"minSummonerLevel":-1,"maxSummonerLevel":-1,"showIfSummonerSpell":"","hideIfSummonerSpell":"SummonerSmite","items":[{"id":"3111","count":1,"hideCount":false},{"id":"3068","count":1,"hideCount":false},{"id":"3742","count":1,"hideCount":false}]},{"type":"offensive","recMath":false,"recSteps":false,"minSummonerLevel":-1,"maxSummonerLevel":-1,"showIfSummonerSpell":"","hideIfSummonerSpell":"SummonerSmite","items":[{"id":"3748","count":1,"hideCount":false},{"id":"3053","count":1,"hideCount":false},{"id":"3800","count":1,"hideCount":false}]},{"type":"defensive","recMath":false,"recSteps":false,"minSummonerLevel":-1,"maxSummonerLevel":-1,"showIfSummonerSpell":"","hideIfSummonerSpell":"SummonerSmite","items":[{"id":"3065","count":1,"hideCount":false},{"id":"3110","count":1,"hideCount":false},{"id":"3102","count":1,"hideCount":false},{"id":"3075","count":1,"hideCount":false}]},{"type":"startingjungle","recMath":false,"recSteps":false,"minSummonerLevel":-1,"maxSummonerLevel":-1,"showIfSummonerSpell":"SummonerSmite","hideIfSummonerSpell":"","items":[{"id":"1039","count":1,"hideCount":false},{"id":"2031","count":1,"hideCount":false},{"id":"3340","count":1,"hideCount":false}]},{"type":"earlyjungle","recMath":false,"recSteps":false,"minSummonerLevel":-1,"maxSummonerLevel":-1,"showIfSummonerSpell":"SummonerSmite","hideIfSummonerSpell":"","items":[{"id":"2032","count":1,"hideCount":false},{"id":"3706","count":1,"hideCount":false},{"id":"3751","count":1,"hideCount":false}]},{"type":"essentialjungle","recMath":false,"recSteps":false,"minSummonerLevel":-1,"maxSummonerLevel":-1,"showIfSummonerSpell":"SummonerSmite","hideIfSummonerSpell":"","items":[{"id":"1401","count":1,"hideCount":false},{"id":"3111","count":1,"hideCount":false},{"id":"3742","count":1,"hideCount":false}]},{"type":"offensive","recMath":false,"recSteps":false,"minSummonerLevel":-1,"maxSummonerLevel":-1,"showIfSummonerSpell":"SummonerSmite","hideIfSummonerSpell":"","items":[{"id":"3748","count":1,"hideCount":false},{"id":"3053","count":1,"hideCount":false},{"id":"3800","count":1,"hideCount":false}]},{"type":"defensive","recMath":false,"recSteps":false,"minSummonerLevel":-1,"maxSummonerLevel":-1,"showIfSummonerSpell":"SummonerSmite","hideIfSummonerSpell":"","items":[{"id":"3110","count":1,"hideCount":false},{"id":"3065","count":1,"hideCount":false},{"id":"3102","count":1,"hideCount":false},{"id":"3075","count":1,"hideCount":false}]},{"type":"consumables","recMath":false,"recSteps":false,"minSummonerLevel":-1,"maxSummonerLevel":-1,"showIfSummonerSpell":"","hideIfSummonerSpell":"","items":[{"id":"2003","count":1,"hideCount":true},{"id":"2043","count":1,"hideCount":true},{"id":"2138","count":1,"hideCount":true}]}]},{"champion":"Volibear","title":"VolibearKINGPORO","map":"HA","mode":"KINGPORO","type":"riot","customTag":"","extensionPage":false,"customPanel":null,"blocks":[{"type":"KingPoroSnax","recMath":false,"recSteps":false,"minSummonerLevel":-1,"maxSummonerLevel":-1,"showIfSummonerSpell":"","hideIfSummonerSpell":"","items":[{"id":"3680","count":1,"hideCount":false},{"id":"3681","count":1,"hideCount":false},{"id":"3682","count":1,"hideCount":false},{"id":"3683","count":1,"hideCount":false}]},{"type":"starting","recMath":false,"recSteps":false,"minSummonerLevel":-1,"maxSummonerLevel":-1,"showIfSummonerSpell":"","hideIfSummonerSpell":"","items":[{"id":"1001","count":1,"hideCount":false},{"id":"2051","count":1,"hideCount":false},{"id":"2031","count":1,"hideCount":false}]},{"type":"essential","recMath":false,"recSteps":false,"minSummonerLevel":-1,"maxSummonerLevel":-1,"showIfSummonerSpell":"","hideIfSummonerSpell":"","items":[{"id":"3083","count":1,"hideCount":false},{"id":"3742","count":1,"hideCount":false},{"id":"3111","count":1,"hideCount":false}]},{"type":"offensive","recMath":false,"recSteps":false,"minSummonerLevel":-1,"maxSummonerLevel":-1,"showIfSummonerSpell":"","hideIfSummonerSpell":"","items":[{"id":"3091","count":1,"hideCount":false},{"id":"3078","count":1,"hideCount":false},{"id":"3068","count":1,"hideCount":false}]},{"type":"defensive","recMath":false,"recSteps":false,"minSummonerLevel":-1,"maxSummonerLevel":-1,"showIfSummonerSpell":"","hideIfSummonerSpell":"","items":[{"id":"3065","count":1,"hideCount":false},{"id":"3143","count":1,"hideCount":false},{"id":"3102","count":1,"hideCount":false}]},{"type":"consumables","recMath":false,"recSteps":false,"minSummonerLevel":-1,"maxSummonerLevel":-1,"showIfSummonerSpell":"","hideIfSummonerSpell":"","items":[{"id":"2003","count":1,"hideCount":true},{"id":"2033","count":1,"hideCount":false}]}]},{"champion":"Volibear","title":"VolibearSL","map":"NB","mode":"NEXUSBLITZ","type":"riot","customTag":"","sortrank":0,"extensionPage":false,"useObviousCheckmark":false,"customPanel":null,"blocks":[{"type":"starting","recMath":false,"recSteps":false,"minSummonerLevel":-1,"maxSummonerLevel":-1,"showIfSummonerSpell":"","hideIfSummonerSpell":"SummonerSmite","appendAfterSection":"","visibleWithAllOf":[""],"hiddenWithAnyOf":[""],"items":[{"id":"4201","count":1,"hideCount":false},{"id":"2003","count":1,"hideCount":false},{"id":"3340","count":1,"hideCount":false}]},{"type":"early","recMath":false,"recSteps":false,"minSummonerLevel":-1,"maxSummonerLevel":-1,"showIfSummonerSpell":"","hideIfSummonerSpell":"SummonerSmite","appendAfterSection":"","visibleWithAllOf":[""],"hiddenWithAnyOf":[""],"items":[{"id":"1001","count":1,"hideCount":false},{"id":"3751","count":1,"hideCount":false},{"id":"1011","count":1,"hideCount":false}]},{"type":"essential","recMath":false,"recSteps":false,"minSummonerLevel":-1,"maxSummonerLevel":-1,"showIfSummonerSpell":"","hideIfSummonerSpell":"SummonerSmite","appendAfterSection":"","visibleWithAllOf":[""],"hiddenWithAnyOf":[""],"items":[{"id":"3111","count":1,"hideCount":false},{"id":"3068","count":1,"hideCount":false},{"id":"3742","count":1,"hideCount":false}]},{"type":"offensive","recMath":false,"recSteps":false,"minSummonerLevel":-1,"maxSummonerLevel":-1,"showIfSummonerSpell":"","hideIfSummonerSpell":"SummonerSmite","appendAfterSection":"","visibleWithAllOf":[""],"hiddenWithAnyOf":[""],"items":[{"id":"3748","count":1,"hideCount":false},{"id":"3053","count":1,"hideCount":false},{"id":"3800","count":1,"hideCount":false}]},{"type":"defensive","recMath":false,"recSteps":false,"minSummonerLevel":-1,"maxSummonerLevel":-1,"showIfSummonerSpell":"","hideIfSummonerSpell":"SummonerSmite","appendAfterSection":"","visibleWithAllOf":[""],"hiddenWithAnyOf":[""],"items":[{"id":"3065","count":1,"hideCount":false},{"id":"3110","count":1,"hideCount":false},{"id":"3075","count":1,"hideCount":false}]},{"type":"startingjungle","recMath":false,"recSteps":false,"minSummonerLevel":-1,"maxSummonerLevel":-1,"showIfSummonerSpell":"SummonerSmite","hideIfSummonerSpell":"","appendAfterSection":"","visibleWithAllOf":[""],"hiddenWithAnyOf":[""],"items":[{"id":"4101","count":1,"hideCount":false},{"id":"2003","count":1,"hideCount":false},{"id":"3340","count":1,"hideCount":false}]},{"type":"earlyjungle","recMath":false,"recSteps":false,"minSummonerLevel":-1,"maxSummonerLevel":-1,"showIfSummonerSpell":"SummonerSmite","hideIfSummonerSpell":"","appendAfterSection":"","visibleWithAllOf":[""],"hiddenWithAnyOf":[""],"items":[{"id":"3751","count":1,"hideCount":false},{"id":"1001","count":1,"hideCount":false}]},{"type":"essentialjungle","recMath":false,"recSteps":false,"minSummonerLevel":-1,"maxSummonerLevel":-1,"showIfSummonerSpell":"SummonerSmite","hideIfSummonerSpell":"","appendAfterSection":"","visibleWithAllOf":[""],"hiddenWithAnyOf":[""],"items":[{"id":"4103","count":1,"hideCount":false},{"id":"3111","count":1,"hideCount":false},{"id":"3742","count":1,"hideCount":false}]},{"type":"offensive","recMath":false,"recSteps":false,"minSummonerLevel":-1,"maxSummonerLevel":-1,"showIfSummonerSpell":"SummonerSmite","hideIfSummonerSpell":"","appendAfterSection":"","visibleWithAllOf":[""],"hiddenWithAnyOf":[""],"items":[{"id":"3748","count":1,"hideCount":false},{"id":"3053","count":1,"hideCount":false},{"id":"3800","count":1,"hideCount":false}]},{"type":"defensive","recMath":false,"recSteps":false,"minSummonerLevel":-1,"maxSummonerLevel":-1,"showIfSummonerSpell":"SummonerSmite","hideIfSummonerSpell":"","appendAfterSection":"","visibleWithAllOf":[""],"hiddenWithAnyOf":[""],"items":[{"id":"3110","count":1,"hideCount":false},{"id":"3065","count":1,"hideCount":false},{"id":"3075","count":1,"hideCount":false}]},{"type":"consumables","recMath":false,"recSteps":false,"minSummonerLevel":-1,"maxSummonerLevel":-1,"showIfSummonerSpell":"","hideIfSummonerSpell":"","appendAfterSection":"","visibleWithAllOf":[""],"hiddenWithAnyOf":[""],"items":[{"id":"2003","count":1,"hideCount":true},{"id":"2138","count":1,"hideCount":true}]}]},{"champion":"Volibear","title":"VolibearSR","map":"SR","mode":"CLASSIC","type":"riot","customTag":"","sortrank":0,"extensionPage":false,"useObviousCheckmark":false,"customPanel":null,"blocks":[{"type":"starting","recMath":false,"recSteps":false,"minSummonerLevel":-1,"maxSummonerLevel":-1,"showIfSummonerSpell":"","hideIfSummonerSpell":"SummonerSmite","appendAfterSection":"","visibleWithAllOf":[""],"hiddenWithAnyOf":[""],"items":[{"id":"1054","count":1,"hideCount":false},{"id":"2003","count":1,"hideCount":false},{"id":"3340","count":1,"hideCount":false}]},{"type":"early","recMath":false,"recSteps":false,"minSummonerLevel":-1,"maxSummonerLevel":-1,"showIfSummonerSpell":"","hideIfSummonerSpell":"SummonerSmite","appendAfterSection":"","visibleWithAllOf":[""],"hiddenWithAnyOf":[""],"items":[{"id":"1001","count":1,"hideCount":false},{"id":"3751","count":1,"hideCount":false},{"id":"3067","count":1,"hideCount":false}]},{"type":"essential","recMath":false,"recSteps":false,"minSummonerLevel":-1,"maxSummonerLevel":-1,"showIfSummonerSpell":"","hideIfSummonerSpell":"SummonerSmite","appendAfterSection":"","visibleWithAllOf":[""],"hiddenWithAnyOf":[""],"items":[{"id":"3111","count":1,"hideCount":false},{"id":"3068","count":1,"hideCount":false},{"id":"3065","count":1,"hideCount":false}]},{"type":"offensive","recMath":false,"recSteps":false,"minSummonerLevel":-1,"maxSummonerLevel":-1,"showIfSummonerSpell":"","hideIfSummonerSpell":"SummonerSmite","appendAfterSection":"","visibleWithAllOf":[""],"hiddenWithAnyOf":[""],"items":[{"id":"3078","count":1,"hideCount":false},{"id":"3091","count":1,"hideCount":false},{"id":"3748","count":1,"hideCount":false}]},{"type":"situational","recMath":false,"recSteps":false,"minSummonerLevel":-1,"maxSummonerLevel":-1,"showIfSummonerSpell":"","hideIfSummonerSpell":"SummonerSmite","appendAfterSection":"","visibleWithAllOf":[""],"hiddenWithAnyOf":[""],"items":[{"id":"3800","count":1,"hideCount":false},{"id":"3083","count":1,"hideCount":false},{"id":"3075","count":1,"hideCount":false}]},{"type":"startingjungle","recMath":false,"recSteps":false,"minSummonerLevel":-1,"maxSummonerLevel":-1,"showIfSummonerSpell":"SummonerSmite","hideIfSummonerSpell":"","appendAfterSection":"","visibleWithAllOf":[""],"hiddenWithAnyOf":[""],"items":[{"id":"1041","count":1,"hideCount":false},{"id":"2031","count":1,"hideCount":false},{"id":"3340","count":1,"hideCount":false}]},{"type":"earlyjungle","recMath":false,"recSteps":false,"minSummonerLevel":-1,"maxSummonerLevel":-1,"showIfSummonerSpell":"SummonerSmite","hideIfSummonerSpell":"","appendAfterSection":"","visibleWithAllOf":[""],"hiddenWithAnyOf":[""],"items":[{"id":"3706","count":1,"hideCount":false},{"id":"3751","count":1,"hideCount":false},{"id":"1001","count":1,"hideCount":false}]},{"type":"essentialjungle","recMath":false,"recSteps":false,"minSummonerLevel":-1,"maxSummonerLevel":-1,"showIfSummonerSpell":"SummonerSmite","hideIfSummonerSpell":"","appendAfterSection":"","visibleWithAllOf":[""],"hiddenWithAnyOf":[""],"items":[{"id":"1401","count":1,"hideCount":false},{"id":"3009","count":1,"hideCount":false},{"id":"3800","count":1,"hideCount":false}]},{"type":"defensive","recMath":false,"recSteps":false,"minSummonerLevel":-1,"maxSummonerLevel":-1,"showIfSummonerSpell":"SummonerSmite","hideIfSummonerSpell":"","appendAfterSection":"","visibleWithAllOf":[""],"hiddenWithAnyOf":[""],"items":[{"id":"3065","count":1,"hideCount":false},{"id":"3742","count":1,"hideCount":false},{"id":"3083","count":1,"hideCount":false}]},{"type":"offensive","recMath":false,"recSteps":false,"minSummonerLevel":-1,"maxSummonerLevel":-1,"showIfSummonerSpell":"SummonerSmite","hideIfSummonerSpell":"","appendAfterSection":"","visibleWithAllOf":[""],"hiddenWithAnyOf":[""],"items":[{"id":"3078","count":1,"hideCount":false},{"id":"3091","count":1,"hideCount":false},{"id":"3748","count":1,"hideCount":false}]},{"type":"consumables","recMath":false,"recSteps":false,"minSummonerLevel":-1,"maxSummonerLevel":-1,"showIfSummonerSpell":"","hideIfSummonerSpell":"","appendAfterSection":"","visibleWithAllOf":[""],"hiddenWithAnyOf":[""],"items":[{"id":"2003","count":1,"hideCount":true},{"id":"2138","count":1,"hideCount":true}]}]}]}}}