{"type":"champion","format":"standAloneComplex","version":"10.15.1","data":{"Warwick":{"id":"Warwick","key":"19","name":"Warwick","title":"the Uncaged Wrath of Zaun","image":{"full":"Warwick.png","sprite":"champion4.png","group":"champion","x":288,"y":48,"w":48,"h":48},"skins":[{"id":"19000","num":0,"name":"default","chromas":false},{"id":"19001","num":1,"name":"Grey Warwick","chromas":true},{"id":"19002","num":2,"name":"Urf the Manatee","chromas":false},{"id":"19003","num":3,"name":"Big Bad Warwick","chromas":false},{"id":"19004","num":4,"name":"Tundra Hunter Warwick","chromas":false},{"id":"19005","num":5,"name":"Feral Warwick","chromas":false},{"id":"19006","num":6,"name":"Firefang Warwick","chromas":false},{"id":"19007","num":7,"name":"Hyena Warwick","chromas":false},{"id":"19008","num":8,"name":"Marauder Warwick","chromas":false},{"id":"19009","num":9,"name":"Urfwick","chromas":false},{"id":"19010","num":10,"name":"Lunar Guardian Warwick","chromas":true},{"id":"19016","num":16,"name":"PROJECT: Warwick","chromas":true}],"lore":"Warwick is a monster who hunts the gray alleys of Zaun. Transformed by agonizing experiments, his body is fused with an intricate system of chambers and pumps, machinery filling his veins with alchemical rage. Bursting out of the shadows, he preys upon those criminals who terrorize the city's depths. Warwick is drawn to blood, and driven mad by its scent. None who spill it can escape him.","blurb":"Warwick is a monster who hunts the gray alleys of Zaun. Transformed by agonizing experiments, his body is fused with an intricate system of chambers and pumps, machinery filling his veins with alchemical rage. Bursting out of the shadows, he preys upon...","allytips":["Follow your Blood Hunt trails to low health enemy champions.","Infinite Duress (R)'s distance scales with any movement speed you gain, even from ally buffs and summoner spells.","Jaws of the Beast (Q) will follow enemies who run, dash or teleport if you keep the button held down."],"enemytips":["Warwick's attacks heal him at low health. Save your disables to finish him off.","Warwick is empowered versus low health enemies. Manage your health to keep him at bay.","Warwick's ultimate cast range scales with his movement speed."],"tags":["Fighter","Tank"],"partype":"Mana","info":{"attack":9,"defense":5,"magic":3,"difficulty":3},"stats":{"hp":550,"hpperlevel":85,"mp":280,"mpperlevel":35,"movespeed":335,"armor":33,"armorperlevel":3.2,"spellblock":32.1,"spellblockperlevel":1.25,"attackrange":125,"hpregen":4,"hpregenperlevel":0.75,"mpregen":7.466,"mpregenperlevel":0.575,"crit":0,"critperlevel":0,"attackdamage":65,"attackdamageperlevel":3,"attackspeedperlevel":2.3,"attackspeed":0.638},"spells":[{"id":"WarwickQ","name":"Jaws of the Beast","description":"Warwick lunges forward and bites his target, dealing damage based on their maximum health and healing for damage dealt.","tooltip":"Warwick lunges forward and bites his target. While the key is held down, he will <span class=\"colorFFEB7F\">attach</span> to the target then leap behind them.<br /><br />On release, deals <scaleAD>{{ a1 }}</scaleAD><scaleAP>+{{ a2 }}</scaleAP> plus {{ e1 }}% of your target's maximum health as magic damage (applies On Hit effects). Heal {{ e3 }}% of damage dealt.<br /><br /><span class=\"size16 color8C8C8C\">While <span class=\"size16 colorFFEB7F\">attached</span>, Warwick follows any movements they make and cannot be displaced.</span>","leveltip":{"label":["Healing","% Health as Damage","@AbilityResourceName@ Cost"],"effect":["{{ e3 }}% -> {{ e3NL }}%","{{ e1 }}% -> {{ e1NL }}%","{{ cost }} -> {{ costNL }}"]},"maxrank":5,"cooldown":[6,6,6,6,6],"cooldownBurn":"6","cost":[50,60,70,80,90],"costBurn":"50/60/70/80/90","datavalues":{},"effect":[null,[6,7,8,9,10],[100,150,200,250,300],[30,45,60,75,90],[100,125,150,175,200],[450,450,450,450,450],[200,200,200,200,200],[300,300,300,300,300],[425,425,425,425,425],[0,0,0,0,0],[0,0,0,0,0]],"effectBurn":[null,"6/7/8/9/10","100/150/200/250/300","30/45/60/75/90","100/125/150/175/200","450","200","300","425","0","0"],"vars":[{"link":"attackdamage","coeff":1.2,"key":"a1"},{"link":"spelldamage","coeff":1,"key":"a2"}],"costType":" {{ abilityresourcename }}","maxammo":"-1","range":[350,350,350,350,350],"rangeBurn":"350","image":{"full":"WarwickQ.png","sprite":"spell13.png","group":"spell","x":384,"y":144,"w":48,"h":48},"resource":"{{ cost }} {{ abilityresourcename }}"},{"id":"WarwickW","name":"Blood Hunt","description":"Warwick senses enemies below 50% health, gaining movement speed toward and attack speed against them. When they fall below 20% health, he frenzies and these bonuses triple.","tooltip":"<span class=\"colorFF9900\"></span><spellPassive>Passive: </spellPassive>Warwick gains {{ e2 }}% attack speed against enemies below 50% health. He also senses low health champions globally, moving {{ e1 }}% faster toward them when out of combat. These bonuses are tripled against enemies below 20% health.<br /><br /><spellPassive>Active: </spellPassive>Warwick briefly senses all enemies. The nearest sensed champion is Blood Hunted for 8 seconds. Cast only while not in combat with a champion.<br /><br />While no enemies are being hunted, Blood Hunt cools down twice as fast.","leveltip":{"label":["Movement Speed","Attack Speed","Cooldown"],"effect":["{{ e1 }}% -> {{ e1NL }}%","{{ e2 }}% -> {{ e2NL }}%","{{ cooldown }} -> {{ cooldownNL }}"]},"maxrank":5,"cooldown":[120,105,90,75,60],"cooldownBurn":"120/105/90/75/60","cost":[70,70,70,70,70],"costBurn":"70","datavalues":{},"effect":[null,[35,40,45,50,55],[70,80,90,100,110],[10,15,20,25,30],[80,90,100,110,120],[30,30,30,30,30],[8,8,8,8,8],[0,0,0,0,0],[0,0,0,0,0],[0,0,0,0,0],[0,0,0,0,0]],"effectBurn":[null,"35/40/45/50/55","70/80/90/100/110","10/15/20/25/30","80/90/100/110/120","30","8","0","0","0","0"],"vars":[],"costType":" {{ abilityresourcename }}","maxammo":"2","range":[4000,4000,4000,4000,4000],"rangeBurn":"4000","image":{"full":"WarwickW.png","sprite":"spell13.png","group":"spell","x":432,"y":144,"w":48,"h":48},"resource":"{{ cost }} {{ abilityresourcename }}"},{"id":"WarwickE","name":"Primal Howl","description":"Warwick gains damage reduction for 2.5 seconds. At the end, or if re-activated, he howls, causing nearby enemies to flee for 1 second.","tooltip":"Warwick gains {{ e1 }}% damage reduction for 2.5 seconds. At the end of the duration, or if activated again, Warwick howls, causing all nearby enemies to flee for {{ e3 }} second.","leveltip":{"label":["Damage Reduction","Cooldown"],"effect":["{{ e1 }}% -> {{ e1NL }}%","{{ cooldown }} -> {{ cooldownNL }}"]},"maxrank":5,"cooldown":[15,14,13,12,11],"cooldownBurn":"15/14/13/12/11","cost":[40,40,40,40,40],"costBurn":"40","datavalues":{},"effect":[null,[35,40,45,50,55],[2.75,2.75,2.75,2.75,2.75],[1,1,1,1,1],[1,1,1,1,1],[800,800,800,800,800],[400,400,400,400,400],[0,0,0,0,0],[0,0,0,0,0],[0,0,0,0,0],[0,0,0,0,0]],"effectBurn":[null,"35/40/45/50/55","2.75","1","1","800","400","0","0","0","0"],"vars":[],"costType":" {{ abilityresourcename }}","maxammo":"-1","range":[375,375,375,375,375],"rangeBurn":"375","image":{"full":"WarwickE.png","sprite":"spell14.png","group":"spell","x":0,"y":0,"w":48,"h":48},"resource":"{{ cost }} {{ abilityresourcename }}"},{"id":"WarwickR","name":"Infinite Duress","description":"Warwick leaps in a direction (scaling with his bonus movement speed), suppressing the first champion he collides with for 1.5 seconds.","tooltip":"Warwick leaps 2.5 seconds worth of movement speed in a direction, suppressing the first champion he collides with for {{ rduration }} seconds. Deals <magicDamage>{{ damagecumulative }}</magicDamage> magic damage and applies on-hit effects 3 times. Warwick heals for 100% of all damage he deals during Infinite Duress.","leveltip":{"label":["Damage","Cooldown"],"effect":["{{ rbasedamage }} -> {{ rbasedamageNL }}","{{ cooldown }} -> {{ cooldownNL }}"]},"maxrank":3,"cooldown":[110,90,70],"cooldownBurn":"110/90/70","cost":[100,100,100],"costBurn":"100","datavalues":{},"effect":[null,[0,0,0],[0,0,0],[0,0,0],[0,0,0],[0,0,0],[0,0,0],[0,0,0],[0,0,0],[0,0,0],[0,0,0]],"effectBurn":[null,"0","0","0","0","0","0","0","0","0","0"],"vars":[],"costType":" {{ abilityresourcename }}","maxammo":"-1","range":[25000,25000,25000],"rangeBurn":"25000","image":{"full":"WarwickR.png","sprite":"spell14.png","group":"spell","x":48,"y":0,"w":48,"h":48},"resource":"{{ cost }} {{ abilityresourcename }}"}],"passive":{"name":"Eternal Hunger","description":"Warwick's basic attacks deal bonus magic damage. If Warwick is below 50% health, he heals the same amount. If Warwick is below 25% health, this healing triples.","image":{"full":"WarwickP.png","sprite":"passive4.png","group":"passive","x":288,"y":48,"w":48,"h":48}},"recommended":[{"champion":"Warwick","title":"Beginner","map":"SR","mode":"INTRO","type":"riot","customTag":"","sortrank":0,"extensionPage":false,"customPanel":null,"blocks":[{"type":"beginner_starter","recMath":false,"recSteps":false,"minSummonerLevel":-1,"maxSummonerLevel":4,"showIfSummonerSpell":"","hideIfSummonerSpell":"","items":[{"id":"1055","count":1,"hideCount":false},{"id":"2003","count":1,"hideCount":false}]},{"type":"beginner_starter","recMath":false,"recSteps":false,"minSummonerLevel":5,"maxSummonerLevel":-1,"showIfSummonerSpell":"","hideIfSummonerSpell":"","items":[{"id":"1055","count":1,"hideCount":false},{"id":"2003","count":1,"hideCount":false}]},{"type":"beginner_advanced","recMath":true,"recSteps":false,"minSummonerLevel":-1,"maxSummonerLevel":-1,"showIfSummonerSpell":"","hideIfSummonerSpell":"","items":[{"id":"1028","count":1,"hideCount":false},{"id":"1036","count":1,"hideCount":false},{"id":"3077","count":1,"hideCount":false}]},{"type":"beginner_movementspeed","recMath":true,"recSteps":false,"minSummonerLevel":-1,"maxSummonerLevel":-1,"showIfSummonerSpell":"","hideIfSummonerSpell":"","items":[{"id":"1001","count":1,"hideCount":false},{"id":"1029","count":1,"hideCount":false},{"id":"3047","count":1,"hideCount":false}]},{"type":"beginner_legendaryitem","recMath":true,"recSteps":false,"minSummonerLevel":-1,"maxSummonerLevel":-1,"showIfSummonerSpell":"","hideIfSummonerSpell":"","items":[{"id":"1028","count":1,"hideCount":false},{"id":"3067","count":1,"hideCount":false},{"id":"3065","count":1,"hideCount":false}]},{"type":"beginner_morelegendaryitems","recMath":false,"recSteps":false,"minSummonerLevel":-1,"maxSummonerLevel":-1,"showIfSummonerSpell":"","hideIfSummonerSpell":"","items":[{"id":"3748","count":1,"hideCount":false},{"id":"3068","count":1,"hideCount":false},{"id":"3022","count":1,"hideCount":false}]}]},{"champion":"Warwick","title":"WarwickARAM","map":"HA","mode":"ARAM","type":"riot","customTag":"","sortrank":0,"extensionPage":false,"useObviousCheckmark":false,"customPanel":null,"blocks":[{"type":"starting","recMath":false,"recSteps":false,"minSummonerLevel":-1,"maxSummonerLevel":-1,"showIfSummonerSpell":"","hideIfSummonerSpell":"","appendAfterSection":"","visibleWithAllOf":[""],"hiddenWithAnyOf":[""],"items":[{"id":"2051","count":1,"hideCount":false},{"id":"1001","count":1,"hideCount":false},{"id":"2003","count":3,"hideCount":false}]},{"type":"essential","recMath":false,"recSteps":false,"minSummonerLevel":-1,"maxSummonerLevel":-1,"showIfSummonerSpell":"","hideIfSummonerSpell":"","appendAfterSection":"","visibleWithAllOf":[""],"hiddenWithAnyOf":[""],"items":[{"id":"3065","count":1,"hideCount":false},{"id":"3047","count":1,"hideCount":false},{"id":"3748","count":1,"hideCount":false}]},{"type":"offensive","recMath":false,"recSteps":false,"minSummonerLevel":-1,"maxSummonerLevel":-1,"showIfSummonerSpell":"","hideIfSummonerSpell":"","appendAfterSection":"","visibleWithAllOf":[""],"hiddenWithAnyOf":[""],"items":[{"id":"3078","count":1,"hideCount":false},{"id":"3091","count":1,"hideCount":false},{"id":"3053","count":1,"hideCount":false}]},{"type":"defensive","recMath":false,"recSteps":false,"minSummonerLevel":-1,"maxSummonerLevel":-1,"showIfSummonerSpell":"","hideIfSummonerSpell":"","appendAfterSection":"","visibleWithAllOf":[""],"hiddenWithAnyOf":[""],"items":[{"id":"3068","count":1,"hideCount":false},{"id":"3742","count":1,"hideCount":false},{"id":"3143","count":1,"hideCount":false}]},{"type":"consumables","recMath":false,"recSteps":false,"minSummonerLevel":-1,"maxSummonerLevel":-1,"showIfSummonerSpell":"","hideIfSummonerSpell":"","appendAfterSection":"","visibleWithAllOf":[""],"hiddenWithAnyOf":[""],"items":[{"id":"2003","count":1,"hideCount":true},{"id":"2138","count":1,"hideCount":true}]}]},{"champion":"Warwick","title":"WarwickFIRSTBLOOD","map":"HA","mode":"FIRSTBLOOD","type":"riot","customTag":"","sortrank":0,"extensionPage":false,"customPanel":null,"blocks":[{"type":"starting","recMath":false,"recSteps":false,"minSummonerLevel":-1,"maxSummonerLevel":-1,"showIfSummonerSpell":"","hideIfSummonerSpell":"SummonerSmite","items":[{"id":"1054","count":1,"hideCount":false},{"id":"2003","count":1,"hideCount":false},{"id":"3340","count":1,"hideCount":false}]},{"type":"startingjungle","recMath":false,"recSteps":false,"minSummonerLevel":-1,"maxSummonerLevel":-1,"showIfSummonerSpell":"SummonerSmite","hideIfSummonerSpell":"","items":[{"id":"1039","count":1,"hideCount":false},{"id":"2003","count":3,"hideCount":false},{"id":"3340","count":1,"hideCount":false}]},{"type":"essential","recMath":false,"recSteps":false,"minSummonerLevel":-1,"maxSummonerLevel":-1,"showIfSummonerSpell":"","hideIfSummonerSpell":"SummonerSmite","items":[{"id":"3047","count":1,"hideCount":false},{"id":"3065","count":1,"hideCount":false},{"id":"3071","count":1,"hideCount":false}]},{"type":"essentialjungle","recMath":false,"recSteps":false,"minSummonerLevel":-1,"maxSummonerLevel":-1,"showIfSummonerSpell":"SummonerSmite","hideIfSummonerSpell":"","items":[{"id":"1401","count":1,"hideCount":false},{"id":"3047","count":1,"hideCount":false},{"id":"3065","count":1,"hideCount":false}]},{"type":"offensive","recMath":false,"recSteps":false,"minSummonerLevel":-1,"maxSummonerLevel":-1,"showIfSummonerSpell":"","hideIfSummonerSpell":"","items":[{"id":"3748","count":1,"hideCount":false},{"id":"3153","count":1,"hideCount":false},{"id":"3053","count":1,"hideCount":false}]},{"type":"defensive","recMath":false,"recSteps":false,"minSummonerLevel":-1,"maxSummonerLevel":-1,"showIfSummonerSpell":"","hideIfSummonerSpell":"","items":[{"id":"3800","count":1,"hideCount":false},{"id":"3110","count":1,"hideCount":false},{"id":"3742","count":1,"hideCount":false}]},{"type":"consumables","recMath":false,"recSteps":false,"minSummonerLevel":-1,"maxSummonerLevel":-1,"showIfSummonerSpell":"","hideIfSummonerSpell":"","items":[{"id":"2003","count":1,"hideCount":false},{"id":"2138","count":1,"hideCount":false},{"id":"3361","count":1,"hideCount":false}]}]},{"champion":"Warwick","title":"WarwickARAM","map":"HA","mode":"KINGPORO","type":"riot","customTag":"","sortrank":0,"extensionPage":false,"useObviousCheckmark":false,"customPanel":null,"blocks":[{"type":"KingPoroSnax","recMath":false,"recSteps":false,"minSummonerLevel":-1,"maxSummonerLevel":-1,"showIfSummonerSpell":"","hideIfSummonerSpell":"","items":[{"id":"3680","count":1,"hideCount":false},{"id":"3681","count":1,"hideCount":false},{"id":"3682","count":1,"hideCount":false},{"id":"3683","count":1,"hideCount":false},{"id":"3684","count":1,"hideCount":false},{"id":"3685","count":1,"hideCount":false}]},{"type":"starting","recMath":false,"recSteps":false,"minSummonerLevel":-1,"maxSummonerLevel":-1,"showIfSummonerSpell":"","hideIfSummonerSpell":"","appendAfterSection":"","visibleWithAllOf":[""],"hiddenWithAnyOf":[""],"items":[{"id":"2051","count":1,"hideCount":false},{"id":"1001","count":1,"hideCount":false},{"id":"2003","count":3,"hideCount":false}]},{"type":"essential","recMath":false,"recSteps":false,"minSummonerLevel":-1,"maxSummonerLevel":-1,"showIfSummonerSpell":"","hideIfSummonerSpell":"","appendAfterSection":"","visibleWithAllOf":[""],"hiddenWithAnyOf":[""],"items":[{"id":"3065","count":1,"hideCount":false},{"id":"3047","count":1,"hideCount":false},{"id":"3748","count":1,"hideCount":false}]},{"type":"offensive","recMath":false,"recSteps":false,"minSummonerLevel":-1,"maxSummonerLevel":-1,"showIfSummonerSpell":"","hideIfSummonerSpell":"","appendAfterSection":"","visibleWithAllOf":[""],"hiddenWithAnyOf":[""],"items":[{"id":"3078","count":1,"hideCount":false},{"id":"3091","count":1,"hideCount":false},{"id":"3053","count":1,"hideCount":false}]},{"type":"defensive","recMath":false,"recSteps":false,"minSummonerLevel":-1,"maxSummonerLevel":-1,"showIfSummonerSpell":"","hideIfSummonerSpell":"","appendAfterSection":"","visibleWithAllOf":[""],"hiddenWithAnyOf":[""],"items":[{"id":"3068","count":1,"hideCount":false},{"id":"3742","count":1,"hideCount":false},{"id":"3143","count":1,"hideCount":false}]},{"type":"consumables","recMath":false,"recSteps":false,"minSummonerLevel":-1,"maxSummonerLevel":-1,"showIfSummonerSpell":"","hideIfSummonerSpell":"","appendAfterSection":"","visibleWithAllOf":[""],"hiddenWithAnyOf":[""],"items":[{"id":"2003","count":1,"hideCount":true},{"id":"2138","count":1,"hideCount":true}]}]},{"champion":"Warwick","title":"WarwickSL","map":"NB","mode":"NEXUSBLITZ","type":"riot","customTag":"","sortrank":0,"extensionPage":false,"useObviousCheckmark":false,"customPanel":null,"blocks":[{"type":"starting","recMath":false,"recSteps":false,"minSummonerLevel":-1,"maxSummonerLevel":-1,"showIfSummonerSpell":"","hideIfSummonerSpell":"SummonerSmite","appendAfterSection":"","visibleWithAllOf":[""],"hiddenWithAnyOf":[""],"items":[{"id":"4203","count":1,"hideCount":false},{"id":"2003","count":2,"hideCount":false},{"id":"3340","count":1,"hideCount":false}]},{"type":"startingjungle","recMath":false,"recSteps":false,"minSummonerLevel":-1,"maxSummonerLevel":-1,"showIfSummonerSpell":"SummonerSmite","hideIfSummonerSpell":"","appendAfterSection":"","visibleWithAllOf":[""],"hiddenWithAnyOf":[""],"items":[{"id":"4101","count":1,"hideCount":false},{"id":"2003","count":1,"hideCount":false},{"id":"3340","count":1,"hideCount":false}]},{"type":"early","recMath":false,"recSteps":false,"minSummonerLevel":-1,"maxSummonerLevel":-1,"showIfSummonerSpell":"","hideIfSummonerSpell":"SummonerSmite","appendAfterSection":"","visibleWithAllOf":[""],"hiddenWithAnyOf":[""],"items":[{"id":"1001","count":1,"hideCount":false},{"id":"3077","count":1,"hideCount":false},{"id":"3057","count":1,"hideCount":false}]},{"type":"early","recMath":false,"recSteps":false,"minSummonerLevel":-1,"maxSummonerLevel":-1,"showIfSummonerSpell":"SummonerSmite","hideIfSummonerSpell":"","appendAfterSection":"","visibleWithAllOf":[""],"hiddenWithAnyOf":[""],"items":[{"id":"3077","count":1,"hideCount":false},{"id":"1001","count":1,"hideCount":false}]},{"type":"essential","recMath":false,"recSteps":false,"minSummonerLevel":-1,"maxSummonerLevel":-1,"showIfSummonerSpell":"","hideIfSummonerSpell":"SummonerSmite","appendAfterSection":"","visibleWithAllOf":[""],"hiddenWithAnyOf":[""],"items":[{"id":"3009","count":1,"hideCount":false},{"id":"3748","count":1,"hideCount":false},{"id":"3065","count":1,"hideCount":false}]},{"type":"essentialjungle","recMath":false,"recSteps":false,"minSummonerLevel":-1,"maxSummonerLevel":-1,"showIfSummonerSpell":"SummonerSmite","hideIfSummonerSpell":"","appendAfterSection":"","visibleWithAllOf":[""],"hiddenWithAnyOf":[""],"items":[{"id":"4103","count":1,"hideCount":false},{"id":"3065","count":1,"hideCount":false},{"id":"3748","count":1,"hideCount":false}]},{"type":"offensive","recMath":false,"recSteps":false,"minSummonerLevel":-1,"maxSummonerLevel":-1,"showIfSummonerSpell":"","hideIfSummonerSpell":"","appendAfterSection":"","visibleWithAllOf":[""],"hiddenWithAnyOf":[""],"items":[{"id":"3091","count":1,"hideCount":false},{"id":"3078","count":1,"hideCount":false},{"id":"3005","count":1,"hideCount":false}]},{"type":"defensive","recMath":false,"recSteps":false,"minSummonerLevel":-1,"maxSummonerLevel":-1,"showIfSummonerSpell":"","hideIfSummonerSpell":"","appendAfterSection":"","visibleWithAllOf":[""],"hiddenWithAnyOf":[""],"items":[{"id":"4401","count":1,"hideCount":false},{"id":"3742","count":1,"hideCount":false},{"id":"3025","count":1,"hideCount":false}]},{"type":"consumables","recMath":false,"recSteps":false,"minSummonerLevel":-1,"maxSummonerLevel":-1,"showIfSummonerSpell":"","hideIfSummonerSpell":"","appendAfterSection":"","visibleWithAllOf":[""],"hiddenWithAnyOf":[""],"items":[{"id":"2003","count":1,"hideCount":false},{"id":"2138","count":1,"hideCount":false}]}]},{"champion":"Warwick","title":"WarwickSR","map":"SR","mode":"CLASSIC","type":"riot","customTag":"","sortrank":0,"extensionPage":false,"useObviousCheckmark":false,"customPanel":null,"blocks":[{"type":"starting","recMath":false,"recSteps":false,"minSummonerLevel":-1,"maxSummonerLevel":-1,"showIfSummonerSpell":"","hideIfSummonerSpell":"SummonerSmite","appendAfterSection":"","visibleWithAllOf":[""],"hiddenWithAnyOf":[""],"items":[{"id":"1054","count":1,"hideCount":false},{"id":"2003","count":1,"hideCount":false},{"id":"3340","count":1,"hideCount":false}]},{"type":"startingjungle","recMath":false,"recSteps":false,"minSummonerLevel":-1,"maxSummonerLevel":-1,"showIfSummonerSpell":"SummonerSmite","hideIfSummonerSpell":"","appendAfterSection":"","visibleWithAllOf":[""],"hiddenWithAnyOf":[""],"items":[{"id":"1041","count":1,"hideCount":false},{"id":"1006","count":1,"hideCount":false},{"id":"3340","count":1,"hideCount":false}]},{"type":"early","recMath":false,"recSteps":false,"minSummonerLevel":-1,"maxSummonerLevel":-1,"showIfSummonerSpell":"","hideIfSummonerSpell":"SummonerSmite","appendAfterSection":"","visibleWithAllOf":[""],"hiddenWithAnyOf":[""],"items":[{"id":"1001","count":1,"hideCount":false},{"id":"3077","count":1,"hideCount":false},{"id":"3057","count":1,"hideCount":false}]},{"type":"early","recMath":false,"recSteps":false,"minSummonerLevel":-1,"maxSummonerLevel":-1,"showIfSummonerSpell":"SummonerSmite","hideIfSummonerSpell":"","appendAfterSection":"","visibleWithAllOf":[""],"hiddenWithAnyOf":[""],"items":[{"id":"3077","count":1,"hideCount":false},{"id":"1001","count":1,"hideCount":false},{"id":"3706","count":1,"hideCount":false}]},{"type":"essential","recMath":false,"recSteps":false,"minSummonerLevel":-1,"maxSummonerLevel":-1,"showIfSummonerSpell":"","hideIfSummonerSpell":"SummonerSmite","appendAfterSection":"","visibleWithAllOf":[""],"hiddenWithAnyOf":[""],"items":[{"id":"3047","count":1,"hideCount":false},{"id":"3748","count":1,"hideCount":false},{"id":"3065","count":1,"hideCount":false}]},{"type":"essentialjungle","recMath":false,"recSteps":false,"minSummonerLevel":-1,"maxSummonerLevel":-1,"showIfSummonerSpell":"SummonerSmite","hideIfSummonerSpell":"","appendAfterSection":"","visibleWithAllOf":[""],"hiddenWithAnyOf":[""],"items":[{"id":"1401","count":1,"hideCount":false},{"id":"3047","count":1,"hideCount":false},{"id":"3748","count":1,"hideCount":false},{"id":"3065","count":1,"hideCount":false}]},{"type":"defensive","recMath":false,"recSteps":false,"minSummonerLevel":-1,"maxSummonerLevel":-1,"showIfSummonerSpell":"","hideIfSummonerSpell":"","appendAfterSection":"","visibleWithAllOf":[""],"hiddenWithAnyOf":[""],"items":[{"id":"3742","count":1,"hideCount":false},{"id":"3025","count":1,"hideCount":false},{"id":"3075","count":1,"hideCount":false}]},{"type":"situational","recMath":false,"recSteps":false,"minSummonerLevel":-1,"maxSummonerLevel":-1,"showIfSummonerSpell":"","hideIfSummonerSpell":"","appendAfterSection":"","visibleWithAllOf":[""],"hiddenWithAnyOf":[""],"items":[{"id":"3053","count":1,"hideCount":false},{"id":"3026","count":1,"hideCount":false},{"id":"3143","count":1,"hideCount":false}]},{"type":"consumables","recMath":false,"recSteps":false,"minSummonerLevel":-1,"maxSummonerLevel":-1,"showIfSummonerSpell":"","hideIfSummonerSpell":"","appendAfterSection":"","visibleWithAllOf":[""],"hiddenWithAnyOf":[""],"items":[{"id":"2003","count":1,"hideCount":false},{"id":"2138","count":1,"hideCount":false}]}]}]}}}