{"type":"champion","format":"standAloneComplex","version":"10.15.1","data":{"Xayah":{"id":"Xayah","key":"498","name":"Xayah","title":"the Rebel","image":{"full":"Xayah.png","sprite":"champion4.png","group":"champion","x":336,"y":48,"w":48,"h":48},"skins":[{"id":"498000","num":0,"name":"default","chromas":false},{"id":"498001","num":1,"name":"Cosmic Dusk Xayah","chromas":false},{"id":"498002","num":2,"name":"Sweetheart Xayah","chromas":false},{"id":"498003","num":3,"name":"SSG Xayah","chromas":false},{"id":"498004","num":4,"name":"Star Guardian Xayah","chromas":true}],"lore":"Deadly and precise, Xayah is a vastayan revolutionary waging a personal war to save her people. She uses her speed, guile, and razor-sharp feather blades to cut down anyone who stands in her way. Xayah fights alongside her partner and lover, Rakan, to protect their dwindling tribe, and restore their race to her vision of its former glory.","blurb":"Deadly and precise, Xayah is a vastayan revolutionary waging a personal war to save her people. She uses her speed, guile, and razor-sharp feather blades to cut down anyone who stands in her way. Xayah fights alongside her partner and lover, Rakan, to...","allytips":["Xayah's attacks and abilities leave Feathers on the ground that she can later recall for massive area damage and control.","Xayah can use Featherstorm to dodge almost any ability while also creating a ton of Feathers. Try to utilize the offensive and defensive aspects of this ability."],"enemytips":["Xayah's Bladecaller will only root targets hit by 3 or more returning Feathers.","Long fights in the same area with Xayah will allow her to drop a lot of Feathers. Try to stay on the move!","Make sure you are ready when you go for the kill. Untargetability from Featherstorm can quickly turn an ambush in Xayah's favor."],"tags":["Marksman"],"partype":"Mana","info":{"attack":10,"defense":6,"magic":1,"difficulty":5},"stats":{"hp":590,"hpperlevel":88,"mp":340,"mpperlevel":40,"movespeed":325,"armor":25,"armorperlevel":3,"spellblock":30,"spellblockperlevel":0.5,"attackrange":525,"hpregen":3.25,"hpregenperlevel":0.75,"mpregen":8.25,"mpregenperlevel":0.75,"crit":0,"critperlevel":0,"attackdamage":60,"attackdamageperlevel":2.9,"attackspeedperlevel":3.3,"attackspeed":0.625},"spells":[{"id":"XayahQ","name":"Double Daggers","description":"Xayah throws two damaging daggers that also drop Feathers she can recall.","tooltip":"Xayah throws two knives dealing <physicalDamage>{{ totaldamage }} physical damage</physicalDamage> each and leaving two <span class=\"colorC200E1\">Feathers</span>. Targets hit after the first take {{ multihitratio*100 }}% damage.","leveltip":{"label":["Damage","Cooldown"],"effect":["{{ basedamage }} -> {{ basedamageNL }}","{{ cooldown }} -> {{ cooldownNL }}"]},"maxrank":5,"cooldown":[10,9,8,7,6],"cooldownBurn":"10/9/8/7/6","cost":[50,50,50,50,50],"costBurn":"50","datavalues":{},"effect":[null,[45,65,85,105,125],[0.5,0.5,0.5,0.5,0.5],[0.334,0.334,0.334,0.334,0.334],[0.584,0.584,0.584,0.584,0.584],[3500,3500,3500,3500,3500],[3500,3500,3500,3500,3500],[0,0,0,0,0],[0,0,0,0,0],[0,0,0,0,0],[0,0,0,0,0]],"effectBurn":[null,"45/65/85/105/125","0.5","0.33","0.58","3500","3500","0","0","0","0"],"vars":[],"costType":" {{ abilityresourcename }}","maxammo":"-1","range":[400,400,400,400,400],"rangeBurn":"400","image":{"full":"XayahQ.png","sprite":"spell14.png","group":"spell","x":96,"y":0,"w":48,"h":48},"resource":"{{ cost }} {{ abilityresourcename }}"},{"id":"XayahW","name":"Deadly Plumage","description":"Xayah creates a storm of blades that increase her basic attack speed and damage while granting her movement speed if she attacks a champion.","tooltip":"Xayah creates a storm of blades for {{ e2 }} seconds that grant her {{ e1 }}% attack speed and cause her basic attacks to strike an additional time for {{ e5 }}% damage. <br /><br />If Deadly Plumage strikes an enemy champion, allies under the effects of Deadly Plumage gain {{ e3 }}% movement speed for {{ e4 }} seconds.<br /><br /><span class=\"colore5c100\">If Rakan is nearby he will also gain the effects of Deadly Plumage.</span>","leveltip":{"label":["Attack Speed","Cooldown","@AbilityResourceName@ Cost"],"effect":["{{ e1 }}% -> {{ e1NL }}%","{{ cooldown }} -> {{ cooldownNL }}","{{ cost }} -> {{ costNL }}"]},"maxrank":5,"cooldown":[20,19,18,17,16],"cooldownBurn":"20/19/18/17/16","cost":[60,55,50,45,40],"costBurn":"60/55/50/45/40","datavalues":{},"effect":[null,[35,40,45,50,55],[4,4,4,4,4],[30,30,30,30,30],[1.5,1.5,1.5,1.5,1.5],[20,20,20,20,20],[1000,1000,1000,1000,1000],[0,0,0,0,0],[0,0,0,0,0],[0,0,0,0,0],[0,0,0,0,0]],"effectBurn":[null,"35/40/45/50/55","4","30","1.5","20","1000","0","0","0","0"],"vars":[],"costType":" {{ abilityresourcename }}","maxammo":"-1","range":[1000,1000,1000,1000,1000],"rangeBurn":"1000","image":{"full":"XayahW.png","sprite":"spell14.png","group":"spell","x":144,"y":0,"w":48,"h":48},"resource":"{{ cost }} {{ abilityresourcename }}"},{"id":"XayahE","name":"Bladecaller","description":"Xayah calls back all her dropped Feathers dealing damage and rooting enemies.","tooltip":"Xayah calls all <span class=\"colorC200E1\">Feathers</span> back to her, dealing <physicalDamage>{{ featherdamage }} physical damage</physicalDamage> to enemies they pass through.<br /><br />Hitting an enemy with {{ featherthreshold }} <span class=\"colorC200E1\">Feathers</span> roots them for {{ rootduration }} second(s).<br /><br />Minions take {{ minionmultiplier*100 }}% damage from Bladecaller.<br /><br /><rules><span class=\"colorFF5802\">Critical Strike Chance</span> multiplies feather damage.</rules>","leveltip":{"label":["Damage","Cooldown"],"effect":["{{ basedamage }} -> {{ basedamageNL }}","{{ cooldown }} -> {{ cooldownNL }}"]},"maxrank":5,"cooldown":[12,11,10,9,8],"cooldownBurn":"12/11/10/9/8","cost":[40,40,40,40,40],"costBurn":"40","datavalues":{},"effect":[null,[55,65,75,85,95],[0.5,0.5,0.5,0.5,0.5],[0.1,0.1,0.1,0.1,0.1],[1,1,1,1,1],[3,3,3,3,3],[0.25,0.25,0.25,0.25,0.25],[0,0,0,0,0],[0.5,0.5,0.5,0.5,0.5],[0,0,0,0,0],[0,0,0,0,0]],"effectBurn":[null,"55/65/75/85/95","0.5","0.1","1","3","0.25","0","0.5","0","0"],"vars":[],"costType":" {{ abilityresourcename }}","maxammo":"-1","range":[2000,2000,2000,2000,2000],"rangeBurn":"2000","image":{"full":"XayahE.png","sprite":"spell14.png","group":"spell","x":192,"y":0,"w":48,"h":48},"resource":"{{ cost }} {{ abilityresourcename }}"},{"id":"XayahR","name":"Featherstorm","description":"Xayah leaps into the air becoming untargetable and throwing out a fan of daggers, dropping Feathers she can recall.","tooltip":"Xayah leaps into the air becoming untargetable. She then rains down daggers which deal <physicalDamage>{{ damage }}</physicalDamage> physical damage and leave behind a line of <span class=\"colorC200E1\">Feathers</span>.<br /><br />Xayah can move while in the air.","leveltip":{"label":["Damage","Cooldown"],"effect":["{{ rbasedamage }} -> {{ rbasedamageNL }}","{{ cooldown }} -> {{ cooldownNL }}"]},"maxrank":3,"cooldown":[160,145,130],"cooldownBurn":"160/145/130","cost":[100,100,100],"costBurn":"100","datavalues":{},"effect":[null,[0,0,0],[0,0,0],[0,0,0],[0,0,0],[0,0,0],[0,0,0],[0,0,0],[0,0,0],[0,0,0],[0,0,0]],"effectBurn":[null,"0","0","0","0","0","0","0","0","0","0"],"vars":[],"costType":" {{ abilityresourcename }}","maxammo":"-1","range":[450,450,450],"rangeBurn":"450","image":{"full":"XayahR.png","sprite":"spell14.png","group":"spell","x":240,"y":0,"w":48,"h":48},"resource":"{{ cost }} {{ abilityresourcename }}"}],"passive":{"name":"Clean Cuts","description":"After using an ability, Xayah's next basic attacks will hit all targets along their path and leave a <font color='#C200E1'>Feather</font>.","image":{"full":"XayahPassive.png","sprite":"passive4.png","group":"passive","x":336,"y":48,"w":48,"h":48}},"recommended":[{"champion":"Xayah","title":"Beginner","map":"SR","mode":"INTRO","type":"riot","customTag":"","sortrank":0,"extensionPage":false,"customPanel":null,"blocks":[{"type":"beginner_starter","recMath":false,"recSteps":false,"minSummonerLevel":-1,"maxSummonerLevel":4,"showIfSummonerSpell":"","hideIfSummonerSpell":"","appendAfterSection":"","items":[{"id":"1055","count":1,"hideCount":false},{"id":"2003","count":1,"hideCount":false}]},{"type":"beginner_advanced","recMath":true,"recSteps":false,"minSummonerLevel":-1,"maxSummonerLevel":-1,"showIfSummonerSpell":"","hideIfSummonerSpell":"","appendAfterSection":"","items":[{"id":"1036","count":1,"hideCount":false},{"id":"3133","count":1,"hideCount":false}]},{"type":"beginner_movementspeed","recMath":true,"recSteps":false,"minSummonerLevel":-1,"maxSummonerLevel":-1,"showIfSummonerSpell":"OdinTrinketRevive","hideIfSummonerSpell":"","appendAfterSection":"","items":[{"id":"3006","count":1,"hideCount":false},{"id":"1001","count":1,"hideCount":false}]},{"type":"beginner_legendaryitem","recMath":true,"recSteps":false,"minSummonerLevel":-1,"maxSummonerLevel":-1,"showIfSummonerSpell":"","hideIfSummonerSpell":"OdinTrinketRevive","appendAfterSection":"","items":[{"id":"1038","count":1,"hideCount":false},{"id":"3133","count":1,"hideCount":false},{"id":"1018","count":1,"hideCount":false},{"id":"3508","count":1,"hideCount":false}]},{"type":"beginner_morelegendaryitems","recMath":false,"recSteps":false,"minSummonerLevel":-1,"maxSummonerLevel":-1,"showIfSummonerSpell":"","hideIfSummonerSpell":"","appendAfterSection":"","items":[{"id":"3046","count":1,"hideCount":false},{"id":"3026","count":1,"hideCount":false},{"id":"3031","count":1,"hideCount":false}]}]},{"champion":"Xayah","title":"XayahARAM","map":"HA","mode":"ARAM","type":"riot","customTag":"","sortrank":0,"extensionPage":false,"useObviousCheckmark":false,"customPanel":null,"blocks":[{"type":"starting","recMath":false,"recSteps":false,"minSummonerLevel":-1,"maxSummonerLevel":-1,"showIfSummonerSpell":"","hideIfSummonerSpell":"","appendAfterSection":"","visibleWithAllOf":[""],"hiddenWithAnyOf":[""],"items":[{"id":"1053","count":1,"hideCount":false},{"id":"1001","count":1,"hideCount":false},{"id":"2003","count":4,"hideCount":false}]},{"type":"essential","recMath":false,"recSteps":false,"minSummonerLevel":-1,"maxSummonerLevel":-1,"showIfSummonerSpell":"","hideIfSummonerSpell":"","appendAfterSection":"","visibleWithAllOf":[""],"hiddenWithAnyOf":[""],"items":[{"id":"3006","count":1,"hideCount":false},{"id":"3046","count":1,"hideCount":false},{"id":"3031","count":1,"hideCount":false}]},{"type":"offensive","recMath":false,"recSteps":false,"minSummonerLevel":-1,"maxSummonerLevel":-1,"showIfSummonerSpell":"","hideIfSummonerSpell":"","appendAfterSection":"","visibleWithAllOf":[""],"hiddenWithAnyOf":[""],"items":[{"id":"3508","count":1,"hideCount":false},{"id":"3094","count":1,"hideCount":false},{"id":"3072","count":1,"hideCount":false}]},{"type":"defensive","recMath":false,"recSteps":false,"minSummonerLevel":-1,"maxSummonerLevel":-1,"showIfSummonerSpell":"","hideIfSummonerSpell":"","appendAfterSection":"","visibleWithAllOf":[""],"hiddenWithAnyOf":[""],"items":[{"id":"3814","count":1,"hideCount":false},{"id":"3139","count":1,"hideCount":false},{"id":"3156","count":1,"hideCount":false}]},{"type":"consumables","recMath":false,"recSteps":false,"minSummonerLevel":-1,"maxSummonerLevel":-1,"showIfSummonerSpell":"","hideIfSummonerSpell":"","appendAfterSection":"","visibleWithAllOf":[""],"hiddenWithAnyOf":[""],"items":[{"id":"2003","count":1,"hideCount":true},{"id":"2140","count":1,"hideCount":true}]}]},{"champion":"Xayah","title":"XayahFIRSTBLOOD","map":"HA","mode":"FIRSTBLOOD","type":"riot","customTag":"","requiredPerk":"","sortrank":0,"extensionPage":false,"customPanel":null,"blocks":[{"type":"starting","recMath":false,"recSteps":false,"minSummonerLevel":-1,"maxSummonerLevel":-1,"showIfSummonerSpell":"","hideIfSummonerSpell":"","items":[{"id":"1055","count":1,"hideCount":false},{"id":"2003","count":1,"hideCount":false},{"id":"3340","count":1,"hideCount":false}]},{"type":"early","recMath":false,"recSteps":false,"minSummonerLevel":-1,"maxSummonerLevel":-1,"showIfSummonerSpell":"","hideIfSummonerSpell":"","items":[{"id":"1038","count":1,"hideCount":false},{"id":"1001","count":1,"hideCount":false}]},{"type":"essential","recMath":false,"recSteps":false,"minSummonerLevel":-1,"maxSummonerLevel":-1,"showIfSummonerSpell":"","hideIfSummonerSpell":"","items":[{"id":"3508","count":1,"hideCount":false},{"id":"3031","count":1,"hideCount":false},{"id":"3006","count":1,"hideCount":false}]},{"type":"offensive","recMath":false,"recSteps":false,"minSummonerLevel":-1,"maxSummonerLevel":-1,"showIfSummonerSpell":"","hideIfSummonerSpell":"","items":[{"id":"3046","count":1,"hideCount":false},{"id":"3094","count":1,"hideCount":false}]},{"type":"situational","recMath":false,"recSteps":false,"minSummonerLevel":-1,"maxSummonerLevel":-1,"showIfSummonerSpell":"","hideIfSummonerSpell":"","items":[{"id":"3036","count":1,"hideCount":false},{"id":"3033","count":1,"hideCount":false},{"id":"3072","count":1,"hideCount":false},{"id":"3139","count":1,"hideCount":false},{"id":"3812","count":1,"hideCount":false},{"id":"3026","count":1,"hideCount":false}]},{"type":"consumables","recMath":false,"recSteps":false,"minSummonerLevel":-1,"maxSummonerLevel":-1,"showIfSummonerSpell":"","hideIfSummonerSpell":"","items":[{"id":"2003","count":1,"hideCount":true},{"id":"2140","count":1,"hideCount":true},{"id":"3363","count":1,"hideCount":true}]}]},{"champion":"Xayah","title":"XayahARAM","map":"HA","mode":"KINGPORO","type":"riot","customTag":"","sortrank":0,"extensionPage":false,"useObviousCheckmark":false,"customPanel":null,"blocks":[{"type":"KingPoroSnax","recMath":false,"recSteps":false,"minSummonerLevel":-1,"maxSummonerLevel":-1,"showIfSummonerSpell":"","hideIfSummonerSpell":"","items":[{"id":"3680","count":1,"hideCount":false},{"id":"3681","count":1,"hideCount":false},{"id":"3682","count":1,"hideCount":false},{"id":"3683","count":1,"hideCount":false},{"id":"3684","count":1,"hideCount":false},{"id":"3685","count":1,"hideCount":false}]},{"type":"starting","recMath":false,"recSteps":false,"minSummonerLevel":-1,"maxSummonerLevel":-1,"showIfSummonerSpell":"","hideIfSummonerSpell":"","appendAfterSection":"","visibleWithAllOf":[""],"hiddenWithAnyOf":[""],"items":[{"id":"1053","count":1,"hideCount":false},{"id":"1001","count":1,"hideCount":false},{"id":"2003","count":4,"hideCount":false}]},{"type":"essential","recMath":false,"recSteps":false,"minSummonerLevel":-1,"maxSummonerLevel":-1,"showIfSummonerSpell":"","hideIfSummonerSpell":"","appendAfterSection":"","visibleWithAllOf":[""],"hiddenWithAnyOf":[""],"items":[{"id":"3006","count":1,"hideCount":false},{"id":"3046","count":1,"hideCount":false},{"id":"3031","count":1,"hideCount":false}]},{"type":"offensive","recMath":false,"recSteps":false,"minSummonerLevel":-1,"maxSummonerLevel":-1,"showIfSummonerSpell":"","hideIfSummonerSpell":"","appendAfterSection":"","visibleWithAllOf":[""],"hiddenWithAnyOf":[""],"items":[{"id":"3508","count":1,"hideCount":false},{"id":"3094","count":1,"hideCount":false},{"id":"3072","count":1,"hideCount":false}]},{"type":"defensive","recMath":false,"recSteps":false,"minSummonerLevel":-1,"maxSummonerLevel":-1,"showIfSummonerSpell":"","hideIfSummonerSpell":"","appendAfterSection":"","visibleWithAllOf":[""],"hiddenWithAnyOf":[""],"items":[{"id":"3814","count":1,"hideCount":false},{"id":"3139","count":1,"hideCount":false},{"id":"3156","count":1,"hideCount":false}]},{"type":"consumables","recMath":false,"recSteps":false,"minSummonerLevel":-1,"maxSummonerLevel":-1,"showIfSummonerSpell":"","hideIfSummonerSpell":"","appendAfterSection":"","visibleWithAllOf":[""],"hiddenWithAnyOf":[""],"items":[{"id":"2003","count":1,"hideCount":true},{"id":"2140","count":1,"hideCount":true}]}]},{"champion":"Xayah","title":"XayahSL","map":"NB","mode":"NEXUSBLITZ","type":"riot","customTag":"","sortrank":0,"extensionPage":false,"useObviousCheckmark":false,"customPanel":null,"blocks":[{"type":"starting","recMath":false,"recSteps":false,"minSummonerLevel":-1,"maxSummonerLevel":-1,"showIfSummonerSpell":"","hideIfSummonerSpell":"SummonerSmite","appendAfterSection":"","visibleWithAllOf":[""],"hiddenWithAnyOf":[""],"items":[{"id":"4201","count":1,"hideCount":false},{"id":"2003","count":1,"hideCount":false},{"id":"3340","count":1,"hideCount":false}]},{"type":"startingjungle","recMath":false,"recSteps":false,"minSummonerLevel":-1,"maxSummonerLevel":-1,"showIfSummonerSpell":"SummonerSmite","hideIfSummonerSpell":"","appendAfterSection":"","visibleWithAllOf":[""],"hiddenWithAnyOf":[""],"items":[{"id":"4101","count":1,"hideCount":false},{"id":"2003","count":1,"hideCount":false},{"id":"3340","count":1,"hideCount":false}]},{"type":"early","recMath":false,"recSteps":false,"minSummonerLevel":-1,"maxSummonerLevel":-1,"showIfSummonerSpell":"","hideIfSummonerSpell":"SummonerSmite","appendAfterSection":"","visibleWithAllOf":[""],"hiddenWithAnyOf":[""],"items":[{"id":"1038","count":1,"hideCount":false},{"id":"1042","count":1,"hideCount":false},{"id":"1001","count":1,"hideCount":false}]},{"type":"earlyjungle","recMath":false,"recSteps":false,"minSummonerLevel":-1,"maxSummonerLevel":-1,"showIfSummonerSpell":"SummonerSmite","hideIfSummonerSpell":"","appendAfterSection":"","visibleWithAllOf":[""],"hiddenWithAnyOf":[""],"items":[{"id":"3133","count":1,"hideCount":false},{"id":"1001","count":1,"hideCount":false}]},{"type":"essential","recMath":false,"recSteps":false,"minSummonerLevel":-1,"maxSummonerLevel":-1,"showIfSummonerSpell":"","hideIfSummonerSpell":"SummonerSmite","appendAfterSection":"","visibleWithAllOf":[""],"hiddenWithAnyOf":[""],"items":[{"id":"3006","count":1,"hideCount":false},{"id":"3095","count":1,"hideCount":false},{"id":"3094","count":1,"hideCount":false}]},{"type":"essentialjungle","recMath":false,"recSteps":false,"minSummonerLevel":-1,"maxSummonerLevel":-1,"showIfSummonerSpell":"SummonerSmite","hideIfSummonerSpell":"","appendAfterSection":"","visibleWithAllOf":[""],"hiddenWithAnyOf":[""],"items":[{"id":"4102","count":1,"hideCount":false},{"id":"3006","count":1,"hideCount":false},{"id":"3094","count":1,"hideCount":false}]},{"type":"situational","recMath":false,"recSteps":false,"minSummonerLevel":-1,"maxSummonerLevel":-1,"showIfSummonerSpell":"","hideIfSummonerSpell":"","appendAfterSection":"","visibleWithAllOf":[""],"hiddenWithAnyOf":[""],"items":[{"id":"3031","count":1,"hideCount":false},{"id":"3139","count":1,"hideCount":false},{"id":"3036","count":1,"hideCount":false},{"id":"3508","count":1,"hideCount":false}]},{"type":"consumables","recMath":false,"recSteps":false,"minSummonerLevel":-1,"maxSummonerLevel":-1,"showIfSummonerSpell":"","hideIfSummonerSpell":"","appendAfterSection":"","visibleWithAllOf":[""],"hiddenWithAnyOf":[""],"items":[{"id":"2003","count":1,"hideCount":true},{"id":"2140","count":1,"hideCount":true}]}]},{"champion":"Xayah","title":"XayahSR","map":"SR","mode":"CLASSIC","type":"riot","customTag":"","sortrank":0,"extensionPage":false,"useObviousCheckmark":false,"customPanel":null,"blocks":[{"type":"starting","recMath":false,"recSteps":false,"minSummonerLevel":-1,"maxSummonerLevel":-1,"showIfSummonerSpell":"","hideIfSummonerSpell":"","appendAfterSection":"","visibleWithAllOf":[""],"hiddenWithAnyOf":[""],"items":[{"id":"1055","count":1,"hideCount":false},{"id":"2003","count":1,"hideCount":false},{"id":"3340","count":1,"hideCount":false}]},{"type":"early","recMath":false,"recSteps":false,"minSummonerLevel":-1,"maxSummonerLevel":-1,"showIfSummonerSpell":"","hideIfSummonerSpell":"","appendAfterSection":"","visibleWithAllOf":[""],"hiddenWithAnyOf":[""],"items":[{"id":"1038","count":1,"hideCount":false},{"id":"3133","count":1,"hideCount":false},{"id":"1001","count":1,"hideCount":false}]},{"type":"essential","recMath":false,"recSteps":false,"minSummonerLevel":-1,"maxSummonerLevel":-1,"showIfSummonerSpell":"","hideIfSummonerSpell":"","appendAfterSection":"","visibleWithAllOf":[""],"hiddenWithAnyOf":[""],"items":[{"id":"3508","count":1,"hideCount":false},{"id":"3006","count":1,"hideCount":false},{"id":"3094","count":1,"hideCount":false}]},{"type":"situational","recMath":false,"recSteps":false,"minSummonerLevel":-1,"maxSummonerLevel":-1,"showIfSummonerSpell":"","hideIfSummonerSpell":"","appendAfterSection":"","visibleWithAllOf":[""],"hiddenWithAnyOf":[""],"items":[{"id":"3031","count":1,"hideCount":false},{"id":"3046","count":1,"hideCount":false},{"id":"3139","count":1,"hideCount":false}]},{"type":"consumables","recMath":false,"recSteps":false,"minSummonerLevel":-1,"maxSummonerLevel":-1,"showIfSummonerSpell":"","hideIfSummonerSpell":"","appendAfterSection":"","visibleWithAllOf":[""],"hiddenWithAnyOf":[""],"items":[{"id":"2003","count":1,"hideCount":true},{"id":"2140","count":1,"hideCount":true}]}]}]}}}