{"type":"champion","format":"standAloneComplex","version":"10.15.1","data":{"XinZhao":{"id":"XinZhao","key":"5","name":"Xin Zhao","title":"the Seneschal of Demacia","image":{"full":"XinZhao.png","sprite":"champion4.png","group":"champion","x":432,"y":48,"w":48,"h":48},"skins":[{"id":"5000","num":0,"name":"default","chromas":false},{"id":"5001","num":1,"name":"Commando Xin Zhao","chromas":false},{"id":"5002","num":2,"name":"Imperial Xin Zhao","chromas":false},{"id":"5003","num":3,"name":"Viscero Xin Zhao","chromas":false},{"id":"5004","num":4,"name":"Winged Hussar Xin Zhao","chromas":false},{"id":"5005","num":5,"name":"Warring Kingdoms Xin Zhao","chromas":true},{"id":"5006","num":6,"name":"Secret Agent Xin Zhao","chromas":false},{"id":"5013","num":13,"name":"Dragonslayer Xin Zhao","chromas":true},{"id":"5020","num":20,"name":"Cosmic Defender Xin Zhao","chromas":true}],"lore":"Xin Zhao is a resolute warrior loyal to the ruling Lightshield dynasty. Once condemned to the fighting pits of Noxus, he survived countless gladiatorial bouts, but after being freed by Demacian forces, he swore his life and allegiance to these brave liberators. Armed with his favored three-talon spear, Xin Zhao now fights for his adopted kingdom, audaciously challenging any foe, no matter the odds.","blurb":"Xin Zhao is a resolute warrior loyal to the ruling Lightshield dynasty. Once condemned to the fighting pits of Noxus, he survived countless gladiatorial bouts, but after being freed by Demacian forces, he swore his life and allegiance to these brave...","allytips":["Xin Zhao is a great initiator to combat. Lead the front to start a fight and use your ultimate to do the most damage possible.","Try to position yourself so your ultimate's knockback is most effective."],"enemytips":["Xin Zhao is a powerful initiator with both his charge and ultimate dealing damage to all units around him. Try having your team stay spread out until he's used his ultimate.","Xin Zhao relies heavily on his Three Talon Strikes for damage and cooldown resets, so preventing him from finishing his combo will have a dramatic effect."],"tags":["Fighter","Assassin"],"partype":"Mana","info":{"attack":8,"defense":6,"magic":3,"difficulty":2},"stats":{"hp":570,"hpperlevel":92,"mp":273.8,"mpperlevel":35,"movespeed":345,"armor":35,"armorperlevel":3.5,"spellblock":32.1,"spellblockperlevel":1.25,"attackrange":175,"hpregen":8,"hpregenperlevel":0.7,"mpregen":7.256,"mpregenperlevel":0.45,"crit":0,"critperlevel":0,"attackdamage":66,"attackdamageperlevel":3,"attackspeedperlevel":3.5,"attackspeed":0.645},"spells":[{"id":"XinZhaoQ","name":"Three Talon Strike","description":"Xin Zhao's next 3 standard attacks deal increased damage with the third attack knocking an opponent into the air.","tooltip":"Xin Zhao's next 3 basic attacks deal {{ e1 }} <scaleAD>(+{{ f1 }})</scaleAD> extra physical damage and reduce his other cooldowns by 1 second. The final strike also knocks the target into the air for {{ e2 }} seconds.","leveltip":{"label":["Bonus Damage","Cooldown"],"effect":["{{ e1 }} -> {{ e1NL }}","{{ cooldown }} -> {{ cooldownNL }}"]},"maxrank":5,"cooldown":[7,6.5,6,5.5,5],"cooldownBurn":"7/6.5/6/5.5/5","cost":[30,30,30,30,30],"costBurn":"30","datavalues":{},"effect":[null,[20,28,36,44,52],[0.75,0.75,0.75,0.75,0.75],[0,0,0,0,0],[0,0,0,0,0],[0,0,0,0,0],[0,0,0,0,0],[0,0,0,0,0],[0,0,0,0,0],[0,0,0,0,0],[0,0,0,0,0]],"effectBurn":[null,"20/28/36/44/52","0.75","0","0","0","0","0","0","0","0"],"vars":[],"costType":" {{ abilityresourcename }}","maxammo":"-1","range":[375,375,375,375,375],"rangeBurn":"375","image":{"full":"XinZhaoQ.png","sprite":"spell14.png","group":"spell","x":0,"y":48,"w":48,"h":48},"resource":"{{ cost }} {{ abilityresourcename }}"},{"id":"XinZhaoW","name":"Wind Becomes Lightning","description":"Xin Zhao slashes in front of himself with his spear, then thrusts it forward, slowing affected enemies.","tooltip":"Xin Zhao slashes in front of himself with his spear, then thrusts it forward.<br /><br /><span class=\"colorDDDD77\">Slash</span>: {{ e1 }} <scaleAD>(+{{ a1 }})</scaleAD> damage.<br /><span class=\"colorDDDD77\">Thrust</span>: {{ e2 }} <scaleAD>(+{{ a2 }})</scaleAD> damage and slows by {{ e6 }}% for {{ e7 }} seconds.<br /><br />Cast time is reduced with Attack Speed provided from items and levels (minimum of 0.4 seconds). Current cast time: <scaleLevel>{{ f5 }}</scaleLevel><br /><br /><rules>Deals 50% less damage to minions.<br />Lifesteal is 33% effective on both attacks.<br />Extends the current duration of Xin Zhao's other abilities by {{ f5 }} seconds.</rules>","leveltip":{"label":["Slash Damage","Thrust Damage","Cooldown"],"effect":["{{ e1 }} -> {{ e1NL }}","{{ e2 }} -> {{ e2NL }}","{{ cooldown }} -> {{ cooldownNL }}"]},"maxrank":5,"cooldown":[12,11,10,9,8],"cooldownBurn":"12/11/10/9/8","cost":[45,45,45,45,45],"costBurn":"45","datavalues":{},"effect":[null,[30,40,50,60,70],[30,65,100,135,170],[0.5,0.5,0.5,0.5,0.5],[0.4,0.4,0.4,0.4,0.4],[0.4,0.4,0.4,0.4,0.4],[50,50,50,50,50],[1.5,1.5,1.5,1.5,1.5],[140,140,140,140,140],[200,200,200,200,200],[0,0,0,0,0]],"effectBurn":[null,"30/40/50/60/70","30/65/100/135/170","0.5","0.4","0.4","50","1.5","140","200","0"],"vars":[{"link":"attackdamage","coeff":0.3,"key":"a1"},{"link":"attackdamage","coeff":0.75,"key":"a2"}],"costType":" {{ abilityresourcename }}","maxammo":"-1","range":[900,900,900,900,900],"rangeBurn":"900","image":{"full":"XinZhaoW.png","sprite":"spell14.png","group":"spell","x":48,"y":48,"w":48,"h":48},"resource":"{{ cost }} {{ abilityresourcename }}"},{"id":"XinZhaoE","name":"Audacious Charge","description":"Xin Zhao charges to an enemy, dealing damage to all enemies in the area and slowing them briefly.","tooltip":"Xin Zhao charges to an enemy. The charge deals {{ e1 }}<scaleAP> (+{{ a1 }})</scaleAP> magic damage to nearby enemies and slows them by {{ e2 }}% for 0.5 seconds.  Charging grants Xin Zhao {{ e3 }}% attack speed for {{ e4 }} seconds.","leveltip":{"label":["Damage","Attack Speed"],"effect":["{{ e1 }} -> {{ e1NL }}","{{ effect3amount*100.000000 }}% -> {{ effect3amountnl*100.000000 }}%"]},"maxrank":5,"cooldown":[12,12,12,12,12],"cooldownBurn":"12","cost":[50,50,50,50,50],"costBurn":"50","datavalues":{},"effect":[null,[50,75,100,125,150],[30,30,30,30,30],[40,45,50,55,60],[5,5,5,5,5],[250,250,250,250,250],[0.5,0.5,0.5,0.5,0.5],[0,0,0,0,0],[0,0,0,0,0],[0,0,0,0,0],[0,0,0,0,0]],"effectBurn":[null,"50/75/100/125/150","30","40/45/50/55/60","5","250","0.5","0","0","0","0"],"vars":[{"link":"spelldamage","coeff":0.6,"key":"a1"}],"costType":" {{ abilityresourcename }}","maxammo":"-1","range":[650,650,650,650,650],"rangeBurn":"650","image":{"full":"XinZhaoE.png","sprite":"spell14.png","group":"spell","x":96,"y":48,"w":48,"h":48},"resource":"{{ cost }} {{ abilityresourcename }}"},{"id":"XinZhaoR","name":"Crescent Guard","description":"Xin Zhao deals damage to nearby enemies based on their current Health and knocks non-challenged targets back. Xin Zhao is impervious to damage dealt by champions outside of the circle created.","tooltip":"Xin Zhao unleashes a sweep around him that deals {{ totaldamage }} plus {{ percentcurrenthealthdamage*100 }}% of target's current Health in physical damage and knocks them back (max 600 vs monsters).<br /><br />For {{ missiledefensebaseduration }} seconds after casting this ability, Xin Zhao has increased <span class=\"colorDDDD77\">Awareness</span> and will completely block damage from enemies that are far away. Xin Zhao's attacks and spell casts increase the duration of <span class=\"colorDDDD77\">Awareness</span> by {{ bonusdurationperswing }} seconds each.<br /><br />The last champion hit by Xin Zhao's basic attacks or Audacious Charge is not knocked back.","leveltip":{"label":["Damage","Cooldown"],"effect":["{{ basedamage }} -> {{ basedamageNL }}","{{ cooldown }} -> {{ cooldownNL }}"]},"maxrank":3,"cooldown":[120,110,100],"cooldownBurn":"120/110/100","cost":[100,100,100],"costBurn":"100","datavalues":{},"effect":[null,[0,0,0],[0,0,0],[0,0,0],[0,0,0],[0,0,0],[0,0,0],[0,0,0],[0,0,0],[0,0,0],[0,0,0]],"effectBurn":[null,"0","0","0","0","0","0","0","0","0","0"],"vars":[],"costType":" {{ abilityresourcename }}","maxammo":"-1","range":[500,500,500],"rangeBurn":"500","image":{"full":"XinZhaoR.png","sprite":"spell14.png","group":"spell","x":144,"y":48,"w":48,"h":48},"resource":"{{ cost }} {{ abilityresourcename }}"}],"passive":{"name":"Determination","description":"Every third attack deals bonus damage and heals Xin Zhao.","image":{"full":"XinZhaoP.png","sprite":"passive4.png","group":"passive","x":432,"y":48,"w":48,"h":48}},"recommended":[{"champion":"XinZhao","title":"Beginner","map":"SR","mode":"INTRO","type":"riot","customTag":"","extensionPage":false,"customPanel":null,"blocks":[{"type":"beginner_starter","recMath":false,"recSteps":false,"minSummonerLevel":-1,"maxSummonerLevel":4,"showIfSummonerSpell":"","hideIfSummonerSpell":"","items":[{"id":"1055","count":1,"hideCount":false},{"id":"2003","count":1,"hideCount":false}]},{"type":"beginner_starter","recMath":false,"recSteps":false,"minSummonerLevel":5,"maxSummonerLevel":-1,"showIfSummonerSpell":"","hideIfSummonerSpell":"","items":[{"id":"1055","count":1,"hideCount":false},{"id":"2003","count":1,"hideCount":false}]},{"type":"beginner_advanced","recMath":true,"recSteps":false,"minSummonerLevel":-1,"maxSummonerLevel":-1,"showIfSummonerSpell":"","hideIfSummonerSpell":"","items":[{"id":"1028","count":1,"hideCount":false},{"id":"1036","count":1,"hideCount":false},{"id":"3044","count":1,"hideCount":false}]},{"type":"beginner_movementspeed","recMath":true,"recSteps":false,"minSummonerLevel":-1,"maxSummonerLevel":-1,"showIfSummonerSpell":"","hideIfSummonerSpell":"","items":[{"id":"1001","count":1,"hideCount":false},{"id":"1029","count":1,"hideCount":false},{"id":"3047","count":1,"hideCount":false}]},{"type":"beginner_legendaryitem","recMath":true,"recSteps":false,"minSummonerLevel":-1,"maxSummonerLevel":-1,"showIfSummonerSpell":"","hideIfSummonerSpell":"","items":[{"id":"3044","count":1,"hideCount":false},{"id":"3133","count":1,"hideCount":false},{"id":"3071","count":1,"hideCount":false}]},{"type":"beginner_morelegendaryitems","recMath":false,"recSteps":false,"minSummonerLevel":-1,"maxSummonerLevel":-1,"showIfSummonerSpell":"","hideIfSummonerSpell":"","items":[{"id":"3022","count":1,"hideCount":false},{"id":"3156","count":1,"hideCount":false},{"id":"3068","count":1,"hideCount":false}]}]},{"champion":"XinZhao","title":"XinZhaoARAM","map":"HA","mode":"ARAM","type":"riot","customTag":"","sortrank":0,"extensionPage":false,"useObviousCheckmark":false,"customPanel":null,"blocks":[{"type":"starting","recMath":false,"recSteps":false,"minSummonerLevel":-1,"maxSummonerLevel":-1,"showIfSummonerSpell":"","hideIfSummonerSpell":"","appendAfterSection":"","visibleWithAllOf":[""],"hiddenWithAnyOf":[""],"items":[{"id":"3044","count":1,"hideCount":false},{"id":"2003","count":3,"hideCount":false}]},{"type":"essential","recMath":false,"recSteps":false,"minSummonerLevel":-1,"maxSummonerLevel":-1,"showIfSummonerSpell":"","hideIfSummonerSpell":"","appendAfterSection":"","visibleWithAllOf":[""],"hiddenWithAnyOf":[""],"items":[{"id":"3078","count":1,"hideCount":false},{"id":"3111","count":1,"hideCount":false},{"id":"3053","count":1,"hideCount":false}]},{"type":"offensive","recMath":false,"recSteps":false,"minSummonerLevel":-1,"maxSummonerLevel":-1,"showIfSummonerSpell":"","hideIfSummonerSpell":"","appendAfterSection":"","visibleWithAllOf":[""],"hiddenWithAnyOf":[""],"items":[{"id":"3153","count":1,"hideCount":false},{"id":"3091","count":1,"hideCount":false},{"id":"3161","count":1,"hideCount":false}]},{"type":"defensive","recMath":false,"recSteps":false,"minSummonerLevel":-1,"maxSummonerLevel":-1,"showIfSummonerSpell":"","hideIfSummonerSpell":"","appendAfterSection":"","visibleWithAllOf":[""],"hiddenWithAnyOf":[""],"items":[{"id":"3748","count":1,"hideCount":false},{"id":"3065","count":1,"hideCount":false},{"id":"3742","count":1,"hideCount":false}]},{"type":"consumables","recMath":false,"recSteps":false,"minSummonerLevel":-1,"maxSummonerLevel":-1,"showIfSummonerSpell":"","hideIfSummonerSpell":"","appendAfterSection":"","visibleWithAllOf":[""],"hiddenWithAnyOf":[""],"items":[{"id":"2003","count":1,"hideCount":true},{"id":"2140","count":1,"hideCount":true}]}]},{"champion":"XinZhao","title":"XinZhaoFIRSTBLOOD","map":"HA","mode":"FIRSTBLOOD","type":"riot","customTag":"","extensionPage":false,"customPanel":null,"blocks":[{"type":"starting","recMath":false,"recSteps":false,"minSummonerLevel":-1,"maxSummonerLevel":-1,"showIfSummonerSpell":"","hideIfSummonerSpell":"SummonerSmite","items":[{"id":"1054","count":1,"hideCount":false},{"id":"2003","count":1,"hideCount":false},{"id":"3340","count":1,"hideCount":false}]},{"type":"startingjungle","recMath":false,"recSteps":false,"minSummonerLevel":-1,"maxSummonerLevel":-1,"showIfSummonerSpell":"SummonerSmite","hideIfSummonerSpell":"","items":[{"id":"1039","count":1,"hideCount":false},{"id":"2003","count":3,"hideCount":false},{"id":"3340","count":1,"hideCount":false}]},{"type":"essential","recMath":false,"recSteps":false,"minSummonerLevel":-1,"maxSummonerLevel":-1,"showIfSummonerSpell":"","hideIfSummonerSpell":"SummonerSmite","items":[{"id":"3111","count":1,"hideCount":false},{"id":"3134","count":1,"hideCount":false},{"id":"3071","count":1,"hideCount":false}]},{"type":"essentialjungle","recMath":false,"recSteps":false,"minSummonerLevel":-1,"maxSummonerLevel":-1,"showIfSummonerSpell":"SummonerSmite","hideIfSummonerSpell":"","items":[{"id":"3117","count":1,"hideCount":false},{"id":"1416","count":1,"hideCount":false},{"id":"3068","count":1,"hideCount":false}]},{"type":"offensive","recMath":false,"recSteps":false,"minSummonerLevel":-1,"maxSummonerLevel":-1,"showIfSummonerSpell":"","hideIfSummonerSpell":"","items":[{"id":"3142","count":1,"hideCount":false},{"id":"3153","count":1,"hideCount":false},{"id":"3078","count":1,"hideCount":false}]},{"type":"defensive","recMath":false,"recSteps":false,"minSummonerLevel":-1,"maxSummonerLevel":-1,"showIfSummonerSpell":"","hideIfSummonerSpell":"","items":[{"id":"3143","count":1,"hideCount":false},{"id":"3065","count":1,"hideCount":false},{"id":"3102","count":1,"hideCount":false}]},{"type":"consumables","recMath":false,"recSteps":false,"minSummonerLevel":-1,"maxSummonerLevel":-1,"showIfSummonerSpell":"","hideIfSummonerSpell":"","items":[{"id":"2003","count":1,"hideCount":false},{"id":"2043","count":1,"hideCount":false},{"id":"2138","count":1,"hideCount":false},{"id":"3361","count":1,"hideCount":false}]}]},{"champion":"XinZhao","title":"XinZhaoARAM","map":"HA","mode":"KINGPORO","type":"riot","customTag":"","sortrank":0,"extensionPage":false,"useObviousCheckmark":false,"customPanel":null,"blocks":[{"type":"KingPoroSnax","recMath":false,"recSteps":false,"minSummonerLevel":-1,"maxSummonerLevel":-1,"showIfSummonerSpell":"","hideIfSummonerSpell":"","items":[{"id":"3680","count":1,"hideCount":false},{"id":"3681","count":1,"hideCount":false},{"id":"3682","count":1,"hideCount":false},{"id":"3683","count":1,"hideCount":false},{"id":"3684","count":1,"hideCount":false},{"id":"3685","count":1,"hideCount":false}]},{"type":"starting","recMath":false,"recSteps":false,"minSummonerLevel":-1,"maxSummonerLevel":-1,"showIfSummonerSpell":"","hideIfSummonerSpell":"","appendAfterSection":"","visibleWithAllOf":[""],"hiddenWithAnyOf":[""],"items":[{"id":"3044","count":1,"hideCount":false},{"id":"2003","count":3,"hideCount":false}]},{"type":"essential","recMath":false,"recSteps":false,"minSummonerLevel":-1,"maxSummonerLevel":-1,"showIfSummonerSpell":"","hideIfSummonerSpell":"","appendAfterSection":"","visibleWithAllOf":[""],"hiddenWithAnyOf":[""],"items":[{"id":"3078","count":1,"hideCount":false},{"id":"3111","count":1,"hideCount":false},{"id":"3053","count":1,"hideCount":false}]},{"type":"offensive","recMath":false,"recSteps":false,"minSummonerLevel":-1,"maxSummonerLevel":-1,"showIfSummonerSpell":"","hideIfSummonerSpell":"","appendAfterSection":"","visibleWithAllOf":[""],"hiddenWithAnyOf":[""],"items":[{"id":"3153","count":1,"hideCount":false},{"id":"3091","count":1,"hideCount":false},{"id":"3161","count":1,"hideCount":false}]},{"type":"defensive","recMath":false,"recSteps":false,"minSummonerLevel":-1,"maxSummonerLevel":-1,"showIfSummonerSpell":"","hideIfSummonerSpell":"","appendAfterSection":"","visibleWithAllOf":[""],"hiddenWithAnyOf":[""],"items":[{"id":"3748","count":1,"hideCount":false},{"id":"3065","count":1,"hideCount":false},{"id":"3742","count":1,"hideCount":false}]},{"type":"consumables","recMath":false,"recSteps":false,"minSummonerLevel":-1,"maxSummonerLevel":-1,"showIfSummonerSpell":"","hideIfSummonerSpell":"","appendAfterSection":"","visibleWithAllOf":[""],"hiddenWithAnyOf":[""],"items":[{"id":"2003","count":1,"hideCount":true},{"id":"2140","count":1,"hideCount":true}]}]},{"champion":"XinZhao","title":"XinZhaoSL","map":"NB","mode":"NEXUSBLITZ","type":"riot","customTag":"","sortrank":0,"extensionPage":false,"useObviousCheckmark":false,"customPanel":null,"blocks":[{"type":"starting","recMath":false,"recSteps":false,"minSummonerLevel":-1,"maxSummonerLevel":-1,"showIfSummonerSpell":"","hideIfSummonerSpell":"SummonerSmite","appendAfterSection":"","visibleWithAllOf":[""],"hiddenWithAnyOf":[""],"items":[{"id":"4202","count":1,"hideCount":false},{"id":"2003","count":1,"hideCount":false},{"id":"3340","count":1,"hideCount":false}]},{"type":"early","recMath":false,"recSteps":false,"minSummonerLevel":-1,"maxSummonerLevel":-1,"showIfSummonerSpell":"","hideIfSummonerSpell":"SummonerSmite","appendAfterSection":"","visibleWithAllOf":[""],"hiddenWithAnyOf":[""],"items":[{"id":"3057","count":1,"hideCount":false},{"id":"3044","count":1,"hideCount":false},{"id":"1001","count":1,"hideCount":false}]},{"type":"essential","recMath":false,"recSteps":false,"minSummonerLevel":-1,"maxSummonerLevel":-1,"showIfSummonerSpell":"","hideIfSummonerSpell":"SummonerSmite","appendAfterSection":"","visibleWithAllOf":[""],"hiddenWithAnyOf":[""],"items":[{"id":"3111","count":1,"hideCount":false},{"id":"3078","count":1,"hideCount":false},{"id":"3142","count":1,"hideCount":false}]},{"type":"offensive","recMath":false,"recSteps":false,"minSummonerLevel":-1,"maxSummonerLevel":-1,"showIfSummonerSpell":"","hideIfSummonerSpell":"SummonerSmite","appendAfterSection":"","visibleWithAllOf":[""],"hiddenWithAnyOf":[""],"items":[{"id":"3153","count":1,"hideCount":false},{"id":"3748","count":1,"hideCount":false},{"id":"3156","count":1,"hideCount":false}]},{"type":"defensive","recMath":false,"recSteps":false,"minSummonerLevel":-1,"maxSummonerLevel":-1,"showIfSummonerSpell":"","hideIfSummonerSpell":"SummonerSmite","appendAfterSection":"","visibleWithAllOf":[""],"hiddenWithAnyOf":[""],"items":[{"id":"3742","count":1,"hideCount":false},{"id":"3065","count":1,"hideCount":false},{"id":"3161","count":1,"hideCount":false}]},{"type":"startingjungle","recMath":false,"recSteps":false,"minSummonerLevel":-1,"maxSummonerLevel":-1,"showIfSummonerSpell":"SummonerSmite","hideIfSummonerSpell":"","appendAfterSection":"","visibleWithAllOf":[""],"hiddenWithAnyOf":[""],"items":[{"id":"4101","count":1,"hideCount":false},{"id":"2003","count":1,"hideCount":false},{"id":"3340","count":1,"hideCount":false}]},{"type":"earlyjungle","recMath":false,"recSteps":false,"minSummonerLevel":-1,"maxSummonerLevel":-1,"showIfSummonerSpell":"SummonerSmite","hideIfSummonerSpell":"","appendAfterSection":"","visibleWithAllOf":[""],"hiddenWithAnyOf":[""],"items":[{"id":"3133","count":1,"hideCount":false},{"id":"1001","count":1,"hideCount":false}]},{"type":"essentialjungle","recMath":false,"recSteps":false,"minSummonerLevel":-1,"maxSummonerLevel":-1,"showIfSummonerSpell":"SummonerSmite","hideIfSummonerSpell":"","appendAfterSection":"","visibleWithAllOf":[""],"hiddenWithAnyOf":[""],"items":[{"id":"4102","count":1,"hideCount":false},{"id":"3111","count":1,"hideCount":false},{"id":"3078","count":1,"hideCount":false}]},{"type":"offensive","recMath":false,"recSteps":false,"minSummonerLevel":-1,"maxSummonerLevel":-1,"showIfSummonerSpell":"SummonerSmite","hideIfSummonerSpell":"","appendAfterSection":"","visibleWithAllOf":[""],"hiddenWithAnyOf":[""],"items":[{"id":"3153","count":1,"hideCount":false},{"id":"3748","count":1,"hideCount":false},{"id":"3142","count":1,"hideCount":false}]},{"type":"defensive","recMath":false,"recSteps":false,"minSummonerLevel":-1,"maxSummonerLevel":-1,"showIfSummonerSpell":"SummonerSmite","hideIfSummonerSpell":"","appendAfterSection":"","visibleWithAllOf":[""],"hiddenWithAnyOf":[""],"items":[{"id":"3156","count":1,"hideCount":false},{"id":"3161","count":1,"hideCount":false},{"id":"3053","count":1,"hideCount":false}]},{"type":"consumables","recMath":false,"recSteps":false,"minSummonerLevel":-1,"maxSummonerLevel":-1,"showIfSummonerSpell":"","hideIfSummonerSpell":"","appendAfterSection":"","visibleWithAllOf":[""],"hiddenWithAnyOf":[""],"items":[{"id":"2003","count":1,"hideCount":true},{"id":"2140","count":1,"hideCount":true}]}]},{"champion":"XinZhao","title":"XinZhaoSR","map":"SR","mode":"CLASSIC","type":"riot","customTag":"","sortrank":0,"extensionPage":false,"useObviousCheckmark":false,"customPanel":null,"blocks":[{"type":"starting","recMath":false,"recSteps":false,"minSummonerLevel":-1,"maxSummonerLevel":-1,"showIfSummonerSpell":"","hideIfSummonerSpell":"SummonerSmite","appendAfterSection":"","visibleWithAllOf":[""],"hiddenWithAnyOf":[""],"items":[{"id":"1055","count":1,"hideCount":false},{"id":"2003","count":1,"hideCount":false},{"id":"3340","count":1,"hideCount":false}]},{"type":"early","recMath":false,"recSteps":false,"minSummonerLevel":-1,"maxSummonerLevel":-1,"showIfSummonerSpell":"","hideIfSummonerSpell":"SummonerSmite","appendAfterSection":"","visibleWithAllOf":[""],"hiddenWithAnyOf":[""],"items":[{"id":"3057","count":1,"hideCount":false},{"id":"3044","count":1,"hideCount":false},{"id":"1001","count":1,"hideCount":false}]},{"type":"essential","recMath":false,"recSteps":false,"minSummonerLevel":-1,"maxSummonerLevel":-1,"showIfSummonerSpell":"","hideIfSummonerSpell":"SummonerSmite","appendAfterSection":"","visibleWithAllOf":[""],"hiddenWithAnyOf":[""],"items":[{"id":"3111","count":1,"hideCount":false},{"id":"3078","count":1,"hideCount":false},{"id":"3153","count":1,"hideCount":false}]},{"type":"offensive","recMath":false,"recSteps":false,"minSummonerLevel":-1,"maxSummonerLevel":-1,"showIfSummonerSpell":"","hideIfSummonerSpell":"SummonerSmite","appendAfterSection":"","visibleWithAllOf":[""],"hiddenWithAnyOf":[""],"items":[{"id":"3091","count":1,"hideCount":false},{"id":"3748","count":1,"hideCount":false},{"id":"3156","count":1,"hideCount":false}]},{"type":"defensive","recMath":false,"recSteps":false,"minSummonerLevel":-1,"maxSummonerLevel":-1,"showIfSummonerSpell":"","hideIfSummonerSpell":"SummonerSmite","appendAfterSection":"","visibleWithAllOf":[""],"hiddenWithAnyOf":[""],"items":[{"id":"3742","count":1,"hideCount":false},{"id":"3065","count":1,"hideCount":false},{"id":"3053","count":1,"hideCount":false}]},{"type":"startingjungle","recMath":false,"recSteps":false,"minSummonerLevel":-1,"maxSummonerLevel":-1,"showIfSummonerSpell":"SummonerSmite","hideIfSummonerSpell":"","appendAfterSection":"","visibleWithAllOf":[""],"hiddenWithAnyOf":[""],"items":[{"id":"1041","count":1,"hideCount":false},{"id":"2031","count":1,"hideCount":false},{"id":"3340","count":1,"hideCount":false}]},{"type":"earlyjungle","recMath":false,"recSteps":false,"minSummonerLevel":-1,"maxSummonerLevel":-1,"showIfSummonerSpell":"SummonerSmite","hideIfSummonerSpell":"","appendAfterSection":"","visibleWithAllOf":[""],"hiddenWithAnyOf":[""],"items":[{"id":"3715","count":1,"hideCount":false},{"id":"3133","count":1,"hideCount":false},{"id":"1001","count":1,"hideCount":false}]},{"type":"essentialjungle","recMath":false,"recSteps":false,"minSummonerLevel":-1,"maxSummonerLevel":-1,"showIfSummonerSpell":"SummonerSmite","hideIfSummonerSpell":"","appendAfterSection":"","visibleWithAllOf":[""],"hiddenWithAnyOf":[""],"items":[{"id":"1412","count":1,"hideCount":false},{"id":"3111","count":1,"hideCount":false},{"id":"3078","count":1,"hideCount":false}]},{"type":"standard","recMath":false,"recSteps":false,"minSummonerLevel":-1,"maxSummonerLevel":-1,"showIfSummonerSpell":"SummonerSmite","hideIfSummonerSpell":"","appendAfterSection":"","visibleWithAllOf":[""],"hiddenWithAnyOf":[""],"items":[{"id":"3053","count":1,"hideCount":false},{"id":"3026","count":1,"hideCount":false},{"id":"3742","count":1,"hideCount":false}]},{"type":"situational","recMath":false,"recSteps":false,"minSummonerLevel":-1,"maxSummonerLevel":-1,"showIfSummonerSpell":"SummonerSmite","hideIfSummonerSpell":"","appendAfterSection":"","visibleWithAllOf":[""],"hiddenWithAnyOf":[""],"items":[{"id":"3091","count":1,"hideCount":false},{"id":"3071","count":1,"hideCount":false},{"id":"3124","count":1,"hideCount":false}]},{"type":"consumables","recMath":false,"recSteps":false,"minSummonerLevel":-1,"maxSummonerLevel":-1,"showIfSummonerSpell":"","hideIfSummonerSpell":"","appendAfterSection":"","visibleWithAllOf":[""],"hiddenWithAnyOf":[""],"items":[{"id":"2003","count":1,"hideCount":true},{"id":"2140","count":1,"hideCount":true}]}]}]}}}