{"type":"champion","format":"standAloneComplex","version":"10.15.1","data":{"Yasuo":{"id":"Yasuo","key":"157","name":"Yasuo","title":"the Unforgiven","image":{"full":"Yasuo.png","sprite":"champion4.png","group":"champion","x":0,"y":96,"w":48,"h":48},"skins":[{"id":"157000","num":0,"name":"default","chromas":false},{"id":"157001","num":1,"name":"High Noon Yasuo","chromas":true},{"id":"157002","num":2,"name":"PROJECT: Yasuo","chromas":false},{"id":"157003","num":3,"name":"Blood Moon Yasuo","chromas":false},{"id":"157009","num":9,"name":"Nightbringer Yasuo","chromas":true},{"id":"157010","num":10,"name":"Odyssey Yasuo","chromas":true},{"id":"157017","num":17,"name":"Battle Boss Yasuo","chromas":true},{"id":"157018","num":18,"name":"True Damage Yasuo","chromas":true},{"id":"157036","num":36,"name":"Spirit Blossom Yasuo","chromas":false}],"lore":"An Ionian of deep resolve, Yasuo is an agile swordsman who wields the air itself against his enemies. As a proud young man, he was falsely accused of murdering his master—unable to prove his innocence, he was forced to slay his own brother in self defense. Even after his master's true killer was revealed, Yasuo still could not forgive himself for all he had done, and now wanders his homeland with only the wind to guide his blade.","blurb":"An Ionian of deep resolve, Yasuo is an agile swordsman who wields the air itself against his enemies. As a proud young man, he was falsely accused of murdering his master—unable to prove his innocence, he was forced to slay his own brother in self...","allytips":["Dash through a minion to have Sweeping Blade available to chase your opponent should they flee; Dash directly to your opponent to preserve a minion as your escape route.","At level 18, Yasuo's Steel Tempest reaches its Attack Speed cap with 55% Attack Speed from items.","Last Breath can be cast on any target that is knocked Airborne, even by one of your allies."],"enemytips":["Steel Tempest is very narrow. Dodge laterally if possible. ","When Yasuo lands two Steel Tempests in a row, his next will fire a tornado. Watch and listen for the associated sound to prepare to dodge.","Yasuo is at his weakest just after he has launched a whirlwind. Engage at that point.","Yasuo's shield from Resolve lasts only 2 seconds. Dealing damage to him will trigger it. Wait it out, then engage."],"tags":["Fighter","Assassin"],"partype":"Flow","info":{"attack":8,"defense":4,"magic":4,"difficulty":10},"stats":{"hp":490,"hpperlevel":87,"mp":100,"mpperlevel":0,"movespeed":345,"armor":30,"armorperlevel":3.4,"spellblock":30,"spellblockperlevel":1.25,"attackrange":175,"hpregen":6.5,"hpregenperlevel":0.9,"mpregen":0,"mpregenperlevel":0,"crit":0,"critperlevel":0,"attackdamage":60,"attackdamageperlevel":3.2,"attackspeedperlevel":2.5,"attackspeed":0.697},"spells":[{"id":"YasuoQ1Wrapper","name":"Steel Tempest","description":"Thrusts forward, damaging all enemies in a line.<br><br>On hit, grants a stack of Gathering Storm for a few seconds. At 2 stacks, Steel Tempest fires a whirlwind that knocks <font color='#6655CC'>Airborne</font>.<br><br>Steel Tempest is treated as a basic attack and scales with all the same things.","tooltip":"Thrusts forward, dealing {{ e1 }} <scaleAD>(+{{ a1 }})</scaleAD> physical damage.<br /><br />On hit, grants a stack of Gathering Storm for 6 seconds. At 2 stacks, Steel Tempest fires a whirlwind that knocks <span class=\"color6655CC\">Airborne</span>.<br /><br />Steel Tempest is treated as a basic attack: It can critically strike, applies on-hit effects, is interruptible by crowd control and its cooldown and cast time are reduced by Attack Speed.<br /><br /><span class=\"color99FF99\">If cast while dashing, Steel Tempest will strike as a circle.</span>","leveltip":{"label":["Damage"],"effect":["{{ e1 }} -> {{ e1NL }}"]},"maxrank":5,"cooldown":[4,4,4,4,4],"cooldownBurn":"4","cost":[0,0,0,0,0],"costBurn":"0","datavalues":{},"effect":[null,[20,45,70,95,120],[450,450,450,450,450],[1100,1100,1100,1100,1100],[4,4,4,4,4],[80,80,80,80,80],[260,260,260,260,260],[0,0,0,0,0],[0,0,0,0,0],[0,0,0,0,0],[0,0,0,0,0]],"effectBurn":[null,"20/45/70/95/120","450","1100","4","80","260","0","0","0","0"],"vars":[{"link":"attackdamage","coeff":1,"key":"a1"}],"costType":"No Cost","maxammo":"-1","range":[475,475,475,475,475],"rangeBurn":"475","image":{"full":"YasuoQ1Wrapper.png","sprite":"spell14.png","group":"spell","x":192,"y":48,"w":48,"h":48},"resource":"No Cost"},{"id":"YasuoW","name":"Wind Wall","description":"Creates a moving wall that blocks all enemy projectiles for 4 seconds.","tooltip":"Creates a moving wall that blocks all enemy projectiles for 4 seconds.","leveltip":{"label":["Width","Cooldown"],"effect":["{{ e5 }} -> {{ e5NL }}","{{ cooldown }} -> {{ cooldownNL }}"]},"maxrank":5,"cooldown":[30,27,24,21,18],"cooldownBurn":"30/27/24/21/18","cost":[0,0,0,0,0],"costBurn":"0","datavalues":{},"effect":[null,[15,20,25,30,35],[60,90,120,150,180],[3,6,9,12,15],[300,350,400,450,500],[320,390,460,530,600],[0,0,0,0,0],[0,0,0,0,0],[0,0,0,0,0],[0,0,0,0,0],[0,0,0,0,0]],"effectBurn":[null,"15/20/25/30/35","60/90/120/150/180","3/6/9/12/15","300/350/400/450/500","320/390/460/530/600","0","0","0","0","0"],"vars":[],"costType":"No Cost","maxammo":"-1","range":[400,400,400,400,400],"rangeBurn":"400","image":{"full":"YasuoW.png","sprite":"spell14.png","group":"spell","x":240,"y":48,"w":48,"h":48},"resource":"No Cost"},{"id":"YasuoE","name":"Sweeping Blade","description":"Dashes through target enemy, dealing magic damage. Each cast increases your next dash's base Damage, up to a max amount.<br><br>Cannot be re-cast on the same enemy for a few seconds.<br><br><font color='#99FF99'>If Steel Tempest is cast while dashing, it will strike as a circle.</font>","tooltip":"Dashes through target enemy, dealing {{ e1 }} <scaleAP>(+{{ a1 }})</scaleAP> <scaleAD>(+{{ a2 }})</scaleAD> magic damage. Each cast increases your next dash's base Damage by {{ e5 }}%, up to +50%.<br /><br />Cannot be re-cast on the same enemy for {{ e2 }} seconds.<br /><br /><span class=\"color99FF99\">If Steel Tempest is cast while dashing, it will strike as a circle.</span>","leveltip":{"label":["Damage","Per Unit Cooldown","Cooldown"],"effect":["{{ e1 }} -> {{ e1NL }}","{{ e2 }} -> {{ e2NL }}","{{ e3 }} -> {{ e3NL }}"]},"maxrank":5,"cooldown":[0.5,0.4,0.3,0.2,0.1],"cooldownBurn":"0.5/0.4/0.3/0.2/0.1","cost":[0,0,0,0,0],"costBurn":"0","datavalues":{},"effect":[null,[60,70,80,90,100],[10,9,8,7,6],[0.5,0.4,0.3,0.2,0.1],[2,2,2,2,2],[25,25,25,25,25],[750,750,750,750,750],[5,5,5,5,5],[0,0,0,0,0],[0,0,0,0,0],[0,0,0,0,0]],"effectBurn":[null,"60/70/80/90/100","10/9/8/7/6","0.5/0.4/0.3/0.2/0.1","2","25","750","5","0","0","0"],"vars":[{"link":"spelldamage","coeff":0.6,"key":"a1"},{"link":"bonusattackdamage","coeff":0.2,"key":"a2"}],"costType":"No Cost","maxammo":"-1","range":[475,475,475,475,475],"rangeBurn":"475","image":{"full":"YasuoE.png","sprite":"spell14.png","group":"spell","x":288,"y":48,"w":48,"h":48},"resource":"No Cost"},{"id":"YasuoR","name":"Last Breath","description":"Blinks to an <factionIonia1>Airborne</factionIonia1> enemy champion, dealing physical damage and holding all <factionIonia1>Airborne</factionIonia1> enemies in the area in the air. Grants maximum Flow but resets all stacks of Gathering Storm.<br><br>For a moderate time afterwards, Yasuo's critical strikes gain significant Bonus Armor Penetration.","tooltip":"Blinks to an <factionIonia1>Airborne</factionIonia1> enemy champion, dealing <physicalDamage>{{ damage }}</physicalDamage> physical damage and holding all <factionIonia1>Airborne</factionIonia1> enemies in the area in the air for an additional {{ rknockupduration }} second(s). Grants maximum Flow but resets all stacks of Gathering Storm.<br /><br />For {{ rbuffduration }} second(s), Yasuo's critical strikes gain {{ rpercentarmorpen }}% Bonus Armor Penetration - this affects Armor from items, buffs, and runes.","leveltip":{"label":["Damage","Cooldown"],"effect":["{{ rbasedamage }} -> {{ rbasedamageNL }}","{{ cooldown }} -> {{ cooldownNL }}"]},"maxrank":3,"cooldown":[80,55,30],"cooldownBurn":"80/55/30","cost":[0,0,0],"costBurn":"0","datavalues":{},"effect":[null,[0,0,0],[0,0,0],[0,0,0],[0,0,0],[0,0,0],[0,0,0],[0,0,0],[0,0,0],[0,0,0],[0,0,0]],"effectBurn":[null,"0","0","0","0","0","0","0","0","0","0"],"vars":[],"costType":"No Cost","maxammo":"-1","range":[1400,1400,1400],"rangeBurn":"1400","image":{"full":"YasuoR.png","sprite":"spell14.png","group":"spell","x":336,"y":48,"w":48,"h":48},"resource":"No Cost"}],"passive":{"name":"Way of the Wanderer","description":"Yasuo's Critical Strike Chance is doubled. Additionally, Yasuo builds toward a shield whenever he is moving. The shield triggers when he takes damage from a champion or monster.","image":{"full":"Yasuo_Passive.png","sprite":"passive4.png","group":"passive","x":0,"y":96,"w":48,"h":48}},"recommended":[{"champion":"Yasuo","title":"Beginner","map":"SR","mode":"INTRO","type":"riot","customTag":"","extensionPage":false,"customPanel":null,"blocks":[{"type":"beginner_starter","recMath":false,"recSteps":false,"minSummonerLevel":-1,"maxSummonerLevel":4,"showIfSummonerSpell":"","hideIfSummonerSpell":"","items":[{"id":"1054","count":1,"hideCount":false}]},{"type":"beginner_starter","recMath":false,"recSteps":false,"minSummonerLevel":5,"maxSummonerLevel":-1,"showIfSummonerSpell":"","hideIfSummonerSpell":"","items":[{"id":"1054","count":1,"hideCount":false},{"id":"2003","count":1,"hideCount":false}]},{"type":"beginner_advanced","recMath":true,"recSteps":false,"minSummonerLevel":-1,"maxSummonerLevel":-1,"showIfSummonerSpell":"","hideIfSummonerSpell":"","items":[{"id":"1051","count":1,"hideCount":false},{"id":"1042","count":1,"hideCount":false},{"id":"3086","count":1,"hideCount":false}]},{"type":"beginner_movementspeed","recMath":true,"recSteps":false,"minSummonerLevel":-1,"maxSummonerLevel":-1,"showIfSummonerSpell":"","hideIfSummonerSpell":"","items":[{"id":"1001","count":1,"hideCount":false},{"id":"1033","count":1,"hideCount":false},{"id":"3111","count":1,"hideCount":false}]},{"type":"beginner_legendaryitem","recMath":true,"recSteps":false,"minSummonerLevel":-1,"maxSummonerLevel":-1,"showIfSummonerSpell":"","hideIfSummonerSpell":"","items":[{"id":"3086","count":1,"hideCount":false},{"id":"2015","count":1,"hideCount":false},{"id":"3087","count":1,"hideCount":false}]},{"type":"beginner_morelegendaryitems","recMath":false,"recSteps":false,"minSummonerLevel":-1,"maxSummonerLevel":-1,"showIfSummonerSpell":"","hideIfSummonerSpell":"","items":[{"id":"3031","count":1,"hideCount":false},{"id":"3072","count":1,"hideCount":false},{"id":"3022","count":1,"hideCount":false},{"id":"3026","count":1,"hideCount":false}]}]},{"champion":"Yasuo","title":"YasuoARAM","map":"HA","mode":"ARAM","type":"riot","customTag":"","sortrank":0,"extensionPage":false,"useObviousCheckmark":false,"customPanel":null,"blocks":[{"type":"starting","recMath":false,"recSteps":false,"minSummonerLevel":-1,"maxSummonerLevel":-1,"showIfSummonerSpell":"","hideIfSummonerSpell":"","appendAfterSection":"","visibleWithAllOf":[""],"hiddenWithAnyOf":[""],"items":[{"id":"3184","count":1,"hideCount":false},{"id":"1001","count":1,"hideCount":false},{"id":"2003","count":3,"hideCount":false}]},{"type":"essential","recMath":false,"recSteps":false,"minSummonerLevel":-1,"maxSummonerLevel":-1,"showIfSummonerSpell":"","hideIfSummonerSpell":"","appendAfterSection":"","visibleWithAllOf":[""],"hiddenWithAnyOf":[""],"items":[{"id":"3006","count":1,"hideCount":false},{"id":"3087","count":1,"hideCount":false},{"id":"3031","count":1,"hideCount":false}]},{"type":"offensive","recMath":false,"recSteps":false,"minSummonerLevel":-1,"maxSummonerLevel":-1,"showIfSummonerSpell":"","hideIfSummonerSpell":"","appendAfterSection":"","visibleWithAllOf":[""],"hiddenWithAnyOf":[""],"items":[{"id":"3072","count":1,"hideCount":false},{"id":"3153","count":1,"hideCount":false}]},{"type":"defensive","recMath":false,"recSteps":false,"minSummonerLevel":-1,"maxSummonerLevel":-1,"showIfSummonerSpell":"","hideIfSummonerSpell":"","appendAfterSection":"","visibleWithAllOf":[""],"hiddenWithAnyOf":[""],"items":[{"id":"3053","count":1,"hideCount":false},{"id":"3139","count":1,"hideCount":false},{"id":"3022","count":1,"hideCount":false}]},{"type":"consumables","recMath":false,"recSteps":false,"minSummonerLevel":-1,"maxSummonerLevel":-1,"showIfSummonerSpell":"","hideIfSummonerSpell":"","appendAfterSection":"","visibleWithAllOf":[""],"hiddenWithAnyOf":[""],"items":[{"id":"2003","count":1,"hideCount":true},{"id":"2140","count":1,"hideCount":true}]}]},{"champion":"Yasuo","title":"YasuoFIRSTBLOOD","map":"HA","mode":"FIRSTBLOOD","type":"riot","customTag":"","sortrank":0,"extensionPage":false,"customPanel":null,"blocks":[{"type":"starting","recMath":false,"recSteps":false,"minSummonerLevel":-1,"maxSummonerLevel":-1,"showIfSummonerSpell":"","hideIfSummonerSpell":"","items":[{"id":"1055","count":1,"hideCount":false},{"id":"2003","count":1,"hideCount":false},{"id":"3340","count":1,"hideCount":false}]},{"type":"early","recMath":false,"recSteps":false,"minSummonerLevel":-1,"maxSummonerLevel":-1,"showIfSummonerSpell":"","hideIfSummonerSpell":"","items":[{"id":"1038","count":1,"hideCount":false},{"id":"3086","count":1,"hideCount":false},{"id":"1001","count":1,"hideCount":false}]},{"type":"essential","recMath":false,"recSteps":false,"minSummonerLevel":-1,"maxSummonerLevel":-1,"showIfSummonerSpell":"","hideIfSummonerSpell":"","items":[{"id":"3046","count":1,"hideCount":false},{"id":"3031","count":1,"hideCount":false},{"id":"3006","count":1,"hideCount":false}]},{"type":"offensive","recMath":false,"recSteps":false,"minSummonerLevel":-1,"maxSummonerLevel":-1,"showIfSummonerSpell":"","hideIfSummonerSpell":"","items":[{"id":"3072","count":1,"hideCount":false},{"id":"3074","count":1,"hideCount":false},{"id":"3156","count":1,"hideCount":false}]},{"type":"situational","recMath":false,"recSteps":false,"minSummonerLevel":-1,"maxSummonerLevel":-1,"showIfSummonerSpell":"","hideIfSummonerSpell":"","items":[{"id":"3139","count":1,"hideCount":false},{"id":"3033","count":1,"hideCount":false},{"id":"3026","count":1,"hideCount":false}]},{"type":"consumables","recMath":false,"recSteps":false,"minSummonerLevel":-1,"maxSummonerLevel":-1,"showIfSummonerSpell":"","hideIfSummonerSpell":"","items":[{"id":"2003","count":1,"hideCount":false},{"id":"2140","count":1,"hideCount":true}]}]},{"champion":"Yasuo","title":"YasuoARAM","map":"HA","mode":"KINGPORO","type":"riot","customTag":"","sortrank":0,"extensionPage":false,"customPanel":null,"blocks":[{"type":"KingPoroSnax","recMath":false,"recSteps":false,"minSummonerLevel":-1,"maxSummonerLevel":-1,"showIfSummonerSpell":"","hideIfSummonerSpell":"","items":[{"id":"3680","count":1,"hideCount":false},{"id":"3681","count":1,"hideCount":false},{"id":"3682","count":1,"hideCount":false},{"id":"3683","count":1,"hideCount":false},{"id":"3684","count":1,"hideCount":false},{"id":"3685","count":1,"hideCount":false}]},{"type":"starting","recMath":false,"recSteps":false,"minSummonerLevel":-1,"maxSummonerLevel":-1,"showIfSummonerSpell":"","hideIfSummonerSpell":"","appendAfterSection":"","visibleWithAllOf":[""],"hiddenWithAnyOf":[""],"items":[{"id":"3086","count":1,"hideCount":false},{"id":"2003","count":4,"hideCount":false}]},{"type":"essential","recMath":false,"recSteps":false,"minSummonerLevel":-1,"maxSummonerLevel":-1,"showIfSummonerSpell":"","hideIfSummonerSpell":"","appendAfterSection":"","visibleWithAllOf":[""],"hiddenWithAnyOf":[""],"items":[{"id":"3087","count":1,"hideCount":false},{"id":"3006","count":1,"hideCount":false},{"id":"3031","count":1,"hideCount":false}]},{"type":"offensive","recMath":false,"recSteps":false,"minSummonerLevel":-1,"maxSummonerLevel":-1,"showIfSummonerSpell":"","hideIfSummonerSpell":"","appendAfterSection":"","visibleWithAllOf":[""],"hiddenWithAnyOf":[""],"items":[{"id":"3046","count":1,"hideCount":false},{"id":"3153","count":1,"hideCount":false},{"id":"3078","count":1,"hideCount":false},{"id":"3036","count":1,"hideCount":false}]},{"type":"defensive","recMath":false,"recSteps":false,"minSummonerLevel":-1,"maxSummonerLevel":-1,"showIfSummonerSpell":"","hideIfSummonerSpell":"","appendAfterSection":"","visibleWithAllOf":[""],"hiddenWithAnyOf":[""],"items":[{"id":"3072","count":1,"hideCount":false},{"id":"3156","count":1,"hideCount":false},{"id":"3139","count":1,"hideCount":false},{"id":"3022","count":1,"hideCount":false}]},{"type":"consumables","recMath":false,"recSteps":false,"minSummonerLevel":-1,"maxSummonerLevel":-1,"showIfSummonerSpell":"","hideIfSummonerSpell":"","appendAfterSection":"","visibleWithAllOf":[""],"hiddenWithAnyOf":[""],"items":[{"id":"2003","count":1,"hideCount":true},{"id":"2140","count":1,"hideCount":true}]}]},{"champion":"Yasuo","title":"YasuoSL","map":"NB","mode":"NEXUSBLITZ","type":"riot","customTag":"","sortrank":0,"extensionPage":false,"useObviousCheckmark":false,"customPanel":null,"blocks":[{"type":"starting","recMath":false,"recSteps":false,"minSummonerLevel":-1,"maxSummonerLevel":-1,"showIfSummonerSpell":"","hideIfSummonerSpell":"SummonerSmite","appendAfterSection":"","visibleWithAllOf":[""],"hiddenWithAnyOf":[""],"items":[{"id":"4202","count":1,"hideCount":false},{"id":"2003","count":1,"hideCount":false},{"id":"3340","count":1,"hideCount":false}]},{"type":"startingjungle","recMath":false,"recSteps":false,"minSummonerLevel":-1,"maxSummonerLevel":-1,"showIfSummonerSpell":"SummonerSmite","hideIfSummonerSpell":"","appendAfterSection":"","visibleWithAllOf":[""],"hiddenWithAnyOf":[""],"items":[{"id":"4101","count":1,"hideCount":false},{"id":"2003","count":1,"hideCount":false},{"id":"3340","count":1,"hideCount":false}]},{"type":"early","recMath":false,"recSteps":false,"minSummonerLevel":-1,"maxSummonerLevel":-1,"showIfSummonerSpell":"","hideIfSummonerSpell":"SummonerSmite","appendAfterSection":"","visibleWithAllOf":[""],"hiddenWithAnyOf":[""],"items":[{"id":"1038","count":1,"hideCount":false},{"id":"3086","count":1,"hideCount":false},{"id":"1001","count":1,"hideCount":false}]},{"type":"earlyjungle","recMath":false,"recSteps":false,"minSummonerLevel":-1,"maxSummonerLevel":-1,"showIfSummonerSpell":"SummonerSmite","hideIfSummonerSpell":"","appendAfterSection":"","visibleWithAllOf":[""],"hiddenWithAnyOf":[""],"items":[{"id":"3133","count":1,"hideCount":false},{"id":"1001","count":1,"hideCount":false}]},{"type":"essential","recMath":false,"recSteps":false,"minSummonerLevel":-1,"maxSummonerLevel":-1,"showIfSummonerSpell":"","hideIfSummonerSpell":"SummonerSmite","appendAfterSection":"","visibleWithAllOf":[""],"hiddenWithAnyOf":[""],"items":[{"id":"3046","count":1,"hideCount":false},{"id":"3031","count":1,"hideCount":false},{"id":"3006","count":1,"hideCount":false}]},{"type":"essentialjungle","recMath":false,"recSteps":false,"minSummonerLevel":-1,"maxSummonerLevel":-1,"showIfSummonerSpell":"SummonerSmite","hideIfSummonerSpell":"","appendAfterSection":"","visibleWithAllOf":[""],"hiddenWithAnyOf":[""],"items":[{"id":"4102","count":1,"hideCount":false},{"id":"3046","count":1,"hideCount":false},{"id":"3006","count":1,"hideCount":false}]},{"type":"offensive","recMath":false,"recSteps":false,"minSummonerLevel":-1,"maxSummonerLevel":-1,"showIfSummonerSpell":"","hideIfSummonerSpell":"","appendAfterSection":"","visibleWithAllOf":[""],"hiddenWithAnyOf":[""],"items":[{"id":"3153","count":1,"hideCount":false},{"id":"3072","count":1,"hideCount":false},{"id":"3033","count":1,"hideCount":false}]},{"type":"situational","recMath":false,"recSteps":false,"minSummonerLevel":-1,"maxSummonerLevel":-1,"showIfSummonerSpell":"","hideIfSummonerSpell":"","appendAfterSection":"","visibleWithAllOf":[""],"hiddenWithAnyOf":[""],"items":[{"id":"3139","count":1,"hideCount":false},{"id":"3053","count":1,"hideCount":false}]},{"type":"consumables","recMath":false,"recSteps":false,"minSummonerLevel":-1,"maxSummonerLevel":-1,"showIfSummonerSpell":"","hideIfSummonerSpell":"","appendAfterSection":"","visibleWithAllOf":[""],"hiddenWithAnyOf":[""],"items":[{"id":"2003","count":1,"hideCount":false},{"id":"2140","count":1,"hideCount":true}]}]},{"champion":"Yasuo","title":"YasuoODYSSEY","map":"Odyssey","mode":"ODYSSEY","type":"riot","customTag":"","sortrank":0,"extensionPage":false,"useObviousCheckmark":false,"customPanel":null,"blocks":[{"type":"odyyasuo1","recMath":false,"recSteps":false,"minSummonerLevel":-1,"maxSummonerLevel":-1,"showIfSummonerSpell":"","hideIfSummonerSpell":"","appendAfterSection":"","visibleWithAllOf":[""],"hiddenWithAnyOf":[""],"items":[{"id":"3087","count":1,"hideCount":false},{"id":"3006","count":1,"hideCount":false},{"id":"3031","count":1,"hideCount":false},{"id":"3149","count":1,"hideCount":false}]},{"type":"odyyasuo2","recMath":false,"recSteps":false,"minSummonerLevel":-1,"maxSummonerLevel":-1,"showIfSummonerSpell":"","hideIfSummonerSpell":"","appendAfterSection":"","visibleWithAllOf":[""],"hiddenWithAnyOf":[""],"items":[{"id":"3071","count":1,"hideCount":false},{"id":"3047","count":1,"hideCount":false},{"id":"3813","count":1,"hideCount":false},{"id":"3230","count":1,"hideCount":false}]},{"type":"odyyasuo3","recMath":false,"recSteps":false,"minSummonerLevel":-1,"maxSummonerLevel":-1,"showIfSummonerSpell":"","hideIfSummonerSpell":"","appendAfterSection":"","visibleWithAllOf":[""],"hiddenWithAnyOf":[""],"items":[{"id":"3115","count":1,"hideCount":false},{"id":"3020","count":1,"hideCount":false},{"id":"3148","count":1,"hideCount":false},{"id":"3100","count":1,"hideCount":false}]},{"type":"situational","recMath":false,"recSteps":false,"minSummonerLevel":-1,"maxSummonerLevel":-1,"showIfSummonerSpell":"","hideIfSummonerSpell":"","appendAfterSection":"","visibleWithAllOf":[""],"hiddenWithAnyOf":[""],"items":[{"id":"3026","count":1,"hideCount":false},{"id":"3163","count":1,"hideCount":false},{"id":"3161","count":1,"hideCount":false},{"id":"3005","count":1,"hideCount":false}]}]},{"champion":"Yasuo","title":"YasuoSR","map":"SR","mode":"CLASSIC","type":"riot","customTag":"","sortrank":0,"extensionPage":false,"useObviousCheckmark":false,"customPanel":null,"blocks":[{"type":"starting","recMath":false,"recSteps":false,"minSummonerLevel":-1,"maxSummonerLevel":-1,"showIfSummonerSpell":"","hideIfSummonerSpell":"","appendAfterSection":"","visibleWithAllOf":[""],"hiddenWithAnyOf":[""],"items":[{"id":"1055","count":1,"hideCount":false},{"id":"2003","count":1,"hideCount":false},{"id":"3340","count":1,"hideCount":false}]},{"type":"early","recMath":false,"recSteps":false,"minSummonerLevel":-1,"maxSummonerLevel":-1,"showIfSummonerSpell":"","hideIfSummonerSpell":"","appendAfterSection":"","visibleWithAllOf":[""],"hiddenWithAnyOf":[""],"items":[{"id":"1038","count":1,"hideCount":false},{"id":"3086","count":1,"hideCount":false},{"id":"1001","count":1,"hideCount":false}]},{"type":"essential","recMath":false,"recSteps":false,"minSummonerLevel":-1,"maxSummonerLevel":-1,"showIfSummonerSpell":"","hideIfSummonerSpell":"","appendAfterSection":"","visibleWithAllOf":[""],"hiddenWithAnyOf":[""],"items":[{"id":"3046","count":1,"hideCount":false},{"id":"3031","count":1,"hideCount":false},{"id":"3006","count":1,"hideCount":false}]},{"type":"standard","recMath":false,"recSteps":false,"minSummonerLevel":-1,"maxSummonerLevel":-1,"showIfSummonerSpell":"","hideIfSummonerSpell":"","appendAfterSection":"","visibleWithAllOf":[""],"hiddenWithAnyOf":[""],"items":[{"id":"3072","count":1,"hideCount":false},{"id":"3033","count":1,"hideCount":false},{"id":"3026","count":1,"hideCount":false}]},{"type":"situational","recMath":false,"recSteps":false,"minSummonerLevel":-1,"maxSummonerLevel":-1,"showIfSummonerSpell":"","hideIfSummonerSpell":"","appendAfterSection":"","visibleWithAllOf":[""],"hiddenWithAnyOf":[""],"items":[{"id":"3091","count":1,"hideCount":false},{"id":"3139","count":1,"hideCount":false},{"id":"3087","count":1,"hideCount":false}]},{"type":"consumables","recMath":false,"recSteps":false,"minSummonerLevel":-1,"maxSummonerLevel":-1,"showIfSummonerSpell":"","hideIfSummonerSpell":"","appendAfterSection":"","visibleWithAllOf":[""],"hiddenWithAnyOf":[""],"items":[{"id":"2003","count":1,"hideCount":true},{"id":"2140","count":1,"hideCount":true}]}]}]}}}