{"type":"champion","format":"standAloneComplex","version":"10.15.1","data":{"Yuumi":{"id":"Yuumi","key":"350","name":"Yuumi","title":"the Magical Cat","image":{"full":"Yuumi.png","sprite":"champion4.png","group":"champion","x":96,"y":96,"w":48,"h":48},"skins":[{"id":"350000","num":0,"name":"default","chromas":false},{"id":"350001","num":1,"name":"Battle Principal Yuumi","chromas":true},{"id":"350011","num":11,"name":"Heartseeker Yuumi","chromas":true}],"lore":"A magical cat from Bandle City, Yuumi was once the familiar of a yordle enchantress, Norra. When her master mysteriously disappeared, Yuumi became the Keeper of Norra's sentient Book of Thresholds, traveling through portals in its pages to search for her. Yearning for affection, Yuumi seeks friendly companions to partner with on her journey, protecting them with luminous shields and fierce resolve. While Book strives to keep her on task, Yuumi is often drawn to worldly comforts, such as naps and fish. In the end, however, she always returns to her quest to find her friend.","blurb":"A magical cat from Bandle City, Yuumi was once the familiar of a yordle enchantress, Norra. When her master mysteriously disappeared, Yuumi became the Keeper of Norra's sentient Book of Thresholds, traveling through portals in its pages to search for...","allytips":[],"enemytips":[],"tags":["Support","Mage"],"partype":"Mana","info":{"attack":5,"defense":1,"magic":8,"difficulty":2},"stats":{"hp":480,"hpperlevel":70,"mp":400,"mpperlevel":45,"movespeed":330,"armor":25,"armorperlevel":3,"spellblock":25,"spellblockperlevel":0.3,"attackrange":500,"hpregen":7,"hpregenperlevel":0.55,"mpregen":10,"mpregenperlevel":0.4,"crit":0,"critperlevel":0,"attackdamage":55,"attackdamageperlevel":3.1,"attackspeedperlevel":1,"attackspeed":0.625},"spells":[{"id":"YuumiQ","name":"Prowling Projectile","description":"Yuumi fires a missile, dealing damage to the first target hit. It deals bonus damage and slows if it takes at least 1 second to get to its target.<br><br>While Attached, the missile can be controlled with your cursor.","tooltip":"Yuumi summons an errant missile that deals <magicDamage><scaleAP>{{ totalmissiledamage }}</scaleAP> magic damage</magicDamage> to the first enemy hit. <br /><br />If the missile travels for {{ afterburnertimetooltip }} second before impacting, it deals <magicdamage><scaleAP>{{ empoweredmissiledamage }}</scaleAP> (+{{ currenthealthdamage*100 }}% of the target's current health) magic damage</magicdamage> instead and slows champions by {{ slowamount }}% for {{ slowduration }} second.<br /><br />If cast while <span class=\"colorac6de0\">Attached</span>, Yuumi can control the missile using her mouse.","leveltip":{"label":["Base Damage","Empowered Missile Base Damage","Current Health %","Cooldown"],"effect":["{{ missiledamage }} -> {{ missiledamageNL }}","{{ empoweredmissilebasedamage }} -> {{ empoweredmissilebasedamageNL }}","{{ currenthealthdamage*100.000000 }}% -> {{ currenthealthdamagenl*100.000000 }}%","{{ cooldown }} -> {{ cooldownNL }}"]},"maxrank":6,"cooldown":[13.5,12,10.5,9,7.5,6],"cooldownBurn":"13.5/12/10.5/9/7.5/6","cost":[90,90,90,90,90,90],"costBurn":"90","datavalues":{},"effect":[null,[0,0,0,0,0,0],[0,0,0,0,0,0],[0,0,0,0,0,0],[0,0,0,0,0,0],[0,0,0,0,0,0],[0,0,0,0,0,0],[0,0,0,0,0,0],[0,0,0,0,0,0],[0,0,0,0,0,0],[0,0,0,0,0,0]],"effectBurn":[null,"0","0","0","0","0","0","0","0","0","0"],"vars":[],"costType":" {{ abilityresourcename }}","maxammo":"-1","range":[1150,1150,1150,1150,1150,1150],"rangeBurn":"1150","image":{"full":"YuumiQ.png","sprite":"spell14.png","group":"spell","x":96,"y":96,"w":48,"h":48},"resource":"{{ cost }} {{ abilityresourcename }}"},{"id":"YuumiW","name":"You and Me!","description":"Passively, Yuumi increases her ally's Adaptive Force and her own. Actively, Yuumi dashes to a target ally, becoming untargetable from everything except turrets.","tooltip":"<spellPassive>Passive:</spellPassive> Yuumi increases her <span class=\"colorac6de0\">Attached</span> ally's Adaptive Force by {{ flatadaptivestats }} + {{ adaptivestatsharing*100 }}%, and grants herself the same amount.<br /><br /><spellActive>Active:</spellActive> Yuumi dashes to an ally champion and <span class=\"colorac6de0\">Attaches</span> to them. While Yuumi is <span class=\"colorac6de0\">Attached</span>, she follows her partner's movement and is untargetable except from towers.<br /><br /><rules><keywordName>You and Me!</keywordName> has a <scaleLevel>{{ attachcooldown }}</scaleLevel> second cooldown, but Yuumi can cast it anytime she is already <span class=\"colorac6de0\">Attached</span> to switch between friends or <span class=\"colorac6de0\">Unattach</span>.<br /><br />Immobilizing effects on Yuumi place <keywordName>You and Me!</keywordName> on a {{ ccattachlockout }} second cooldown.</rules>","leveltip":{"label":["Flat Adaptive Force","Percent Adaptive Force"],"effect":["{{ flatadaptivestats }} -> {{ flatadaptivestatsNL }}","{{ adaptivestatsharing*100.000000 }}% -> {{ adaptivestatsharingnl*100.000000 }}%"]},"maxrank":5,"cooldown":[0,0,0,0,0],"cooldownBurn":"0","cost":[0,0,0,0,0],"costBurn":"0","datavalues":{},"effect":[null,[0,0,0,0,0],[0,0,0,0,0],[0,0,0,0,0],[0,0,0,0,0],[0,0,0,0,0],[0,0,0,0,0],[0,0,0,0,0],[0,0,0,0,0],[0,0,0,0,0],[0,0,0,0,0]],"effectBurn":[null,"0","0","0","0","0","0","0","0","0","0"],"vars":[],"costType":" {{ abilityresourcename }}","maxammo":"-1","range":[25000,25000,25000,25000,25000],"rangeBurn":"25000","image":{"full":"YuumiW.png","sprite":"spell14.png","group":"spell","x":144,"y":96,"w":48,"h":48},"resource":"{{ cost }} {{ abilityresourcename }}"},{"id":"YuumiE","name":"Zoomies","description":"Heals Yuumi and boosts Movement Speed and Attack Speed. If she's attached, she passes it to her ally instead.<br>","tooltip":"Yuumi heals herself for <healing>{{ totalhealing }}</healing> and gains {{ finalmovespeed }}% movement speed and {{ attackspeedamount*100 }}% Attack Speed for {{ msduration }} seconds. If Yuumi is <span class=\"colorac6de0\">Attached</span>, this spell affects that ally instead.","leveltip":{"label":["Healing","Attack Speed","Cooldown","Mana Cost"],"effect":["{{ basehealing }} -> {{ basehealingNL }}","{{ attackspeedamount*100.000000 }}% -> {{ attackspeedamountnl*100.000000 }}%","{{ cooldown }} -> {{ cooldownNL }}","{{ basemanacost }} -> {{ basemanacostNL }}"]},"maxrank":5,"cooldown":[12,11,10,9,8],"cooldownBurn":"12/11/10/9/8","cost":[0,0,0,0,0],"costBurn":"0","datavalues":{},"effect":[null,[0,0,0,0,0],[0,0,0,0,0],[0,0,0,0,0],[0,0,0,0,0],[0,0,0,0,0],[0,0,0,0,0],[0,0,0,0,0],[0,0,0,0,0],[0,0,0,0,0],[0,0,0,0,0]],"effectBurn":[null,"0","0","0","0","0","0","0","0","0","0"],"vars":[],"costType":" Mana + {{ percentmanacost*100 }}% Max Mana","maxammo":"0","range":[25000,25000,25000,25000,25000],"rangeBurn":"25000","image":{"full":"YuumiE.png","sprite":"spell14.png","group":"spell","x":192,"y":96,"w":48,"h":48},"resource":"{{ basemanacost }} Mana + {{ percentmanacost*100 }}% Max Mana"},{"id":"YuumiR","name":"Final Chapter","description":"Yuumi channels seven waves of damage, rooting anyone hit by three or more. Yuumi can move, attach, and cast Zoomies! while channeling.","tooltip":"Yuumi channels for {{ ultduration }} seconds, launching {{ numberofwaves }} waves dealing <magicDamage><scaleAP>{{ totalmissiledamage }}</scaleAP> magic damage</magicDamage> (extra missiles deal {{ multimissilereduction*100 }}% damage). Champions hit by {{ wavestoroot }} or more waves are rooted for {{ ccduration }} seconds.<br /><br />Yuumi can move and cast <spellActive>You and Me!</spellActive> and <spellActive>Zoomies</spellActive> while channeling.<br />","leveltip":{"label":["Base Damage Per Missile:","Cooldown: "],"effect":["{{ basemissiledamage }} -> {{ basemissiledamageNL }}","{{ cooldown }} -> {{ cooldownNL }}"]},"maxrank":3,"cooldown":[130,110,90],"cooldownBurn":"130/110/90","cost":[100,100,100],"costBurn":"100","datavalues":{},"effect":[null,[0,0,0],[0,0,0],[0,0,0],[0,0,0],[0,0,0],[0,0,0],[0,0,0],[0,0,0],[0,0,0],[0,0,0]],"effectBurn":[null,"0","0","0","0","0","0","0","0","0","0"],"vars":[],"costType":" {{ abilityresourcename }}","maxammo":"-1","range":[1100,1100,1100],"rangeBurn":"1100","image":{"full":"YuumiR.png","sprite":"spell14.png","group":"spell","x":240,"y":96,"w":48,"h":48},"resource":"{{ cost }} {{ abilityresourcename }}"}],"passive":{"name":"Bop 'n' Block","description":"Periodically, when Yuumi attacks a champion, she restores mana and gains a shield that follows her, protecting her and the ally she's attached to.","image":{"full":"YuumiP.png","sprite":"passive4.png","group":"passive","x":96,"y":96,"w":48,"h":48}},"recommended":[{"champion":"Yuumi","title":"Beginner","map":"SR","mode":"INTRO","type":"riot","customTag":"","sortrank":0,"extensionPage":false,"useObviousCheckmark":false,"customPanel":null,"blocks":[{"type":"beginner_starter","recMath":false,"recSteps":false,"minSummonerLevel":-1,"maxSummonerLevel":4,"showIfSummonerSpell":"","hideIfSummonerSpell":"SummonerSmite","appendAfterSection":"","visibleWithAllOf":[""],"hiddenWithAnyOf":[""],"items":[{"id":"1056","count":1,"hideCount":false}]},{"type":"beginner_starter","recMath":false,"recSteps":false,"minSummonerLevel":5,"maxSummonerLevel":-1,"showIfSummonerSpell":"","hideIfSummonerSpell":"","appendAfterSection":"","visibleWithAllOf":[""],"hiddenWithAnyOf":[""],"items":[{"id":"1056","count":1,"hideCount":false},{"id":"2003","count":1,"hideCount":false}]},{"type":"beginner_advanced","recMath":false,"recSteps":false,"minSummonerLevel":-1,"maxSummonerLevel":-1,"showIfSummonerSpell":"","hideIfSummonerSpell":"","appendAfterSection":"","visibleWithAllOf":[""],"hiddenWithAnyOf":[""],"items":[{"id":"1004","count":2,"hideCount":false},{"id":"1033","count":1,"hideCount":false},{"id":"3028","count":1,"hideCount":false}]},{"type":"beginner_movespeed","recMath":false,"recSteps":false,"minSummonerLevel":-1,"maxSummonerLevel":-1,"showIfSummonerSpell":"ItemSmiteAoE","hideIfSummonerSpell":"","appendAfterSection":"","visibleWithAllOf":[""],"hiddenWithAnyOf":[""],"items":[{"id":"1001","count":1,"hideCount":false},{"id":"3158","count":1,"hideCount":false}]},{"type":"beginner_legendaryitem","recMath":false,"recSteps":false,"minSummonerLevel":-1,"maxSummonerLevel":-1,"showIfSummonerSpell":"","hideIfSummonerSpell":"","appendAfterSection":"","visibleWithAllOf":[""],"hiddenWithAnyOf":[""],"items":[{"id":"3028","count":1,"hideCount":false},{"id":"3108","count":1,"hideCount":false},{"id":"3174","count":1,"hideCount":false}]},{"type":"beginner_morelegendaryitems","recMath":false,"recSteps":false,"minSummonerLevel":-1,"maxSummonerLevel":-1,"showIfSummonerSpell":"","hideIfSummonerSpell":"","appendAfterSection":"","visibleWithAllOf":[""],"hiddenWithAnyOf":[""],"items":[{"id":"3504","count":1,"hideCount":false},{"id":"3116","count":1,"hideCount":false},{"id":"3089","count":1,"hideCount":false},{"id":"3107","count":1,"hideCount":false}]}]},{"champion":"Yuumi","title":"YuumiARAM","map":"HA","mode":"ARAM","type":"riot","customTag":"","sortrank":0,"extensionPage":false,"useObviousCheckmark":false,"customPanel":null,"blocks":[{"type":"starting","recMath":false,"recSteps":false,"minSummonerLevel":-1,"maxSummonerLevel":-1,"showIfSummonerSpell":"","hideIfSummonerSpell":"SummonerSmite","appendAfterSection":"","visibleWithAllOf":[""],"hiddenWithAnyOf":[""],"items":[{"id":"2003","count":3,"hideCount":false},{"id":"3028","count":1,"hideCount":false},{"id":"1052","count":1,"hideCount":false}]},{"type":"essential","recMath":false,"recSteps":false,"minSummonerLevel":-1,"maxSummonerLevel":-1,"showIfSummonerSpell":"","hideIfSummonerSpell":"","appendAfterSection":"","visibleWithAllOf":[""],"hiddenWithAnyOf":[""],"items":[{"id":"3174","count":1,"hideCount":false},{"id":"3504","count":1,"hideCount":false}]},{"type":"protective","recMath":false,"recSteps":false,"minSummonerLevel":-1,"maxSummonerLevel":-1,"showIfSummonerSpell":"","hideIfSummonerSpell":"","appendAfterSection":"","visibleWithAllOf":[""],"hiddenWithAnyOf":[""],"items":[{"id":"3107","count":1,"hideCount":false},{"id":"3222","count":1,"hideCount":false},{"id":"2065","count":1,"hideCount":false}]},{"type":"aggressive","recMath":false,"recSteps":false,"minSummonerLevel":-1,"maxSummonerLevel":-1,"showIfSummonerSpell":"","hideIfSummonerSpell":"","appendAfterSection":"","visibleWithAllOf":[""],"hiddenWithAnyOf":[""],"items":[{"id":"3285","count":1,"hideCount":false},{"id":"3089","count":1,"hideCount":false}]}]},{"champion":"Yuumi","title":"YuumiARAM","map":"HA","mode":"KINGPORO","type":"riot","customTag":"","sortrank":0,"extensionPage":false,"useObviousCheckmark":false,"customPanel":null,"blocks":[{"type":"KingPoroSnax","recMath":false,"recSteps":false,"minSummonerLevel":-1,"maxSummonerLevel":-1,"showIfSummonerSpell":"","hideIfSummonerSpell":"","items":[{"id":"3680","count":1,"hideCount":false},{"id":"3681","count":1,"hideCount":false},{"id":"3682","count":1,"hideCount":false},{"id":"3683","count":1,"hideCount":false},{"id":"3684","count":1,"hideCount":false},{"id":"3685","count":1,"hideCount":false}]},{"type":"starting","recMath":false,"recSteps":false,"minSummonerLevel":-1,"maxSummonerLevel":-1,"showIfSummonerSpell":"","hideIfSummonerSpell":"SummonerSmite","appendAfterSection":"","visibleWithAllOf":[""],"hiddenWithAnyOf":[""],"items":[{"id":"2003","count":3,"hideCount":false},{"id":"3028","count":1,"hideCount":false},{"id":"1052","count":1,"hideCount":false}]},{"type":"essential","recMath":false,"recSteps":false,"minSummonerLevel":-1,"maxSummonerLevel":-1,"showIfSummonerSpell":"","hideIfSummonerSpell":"","appendAfterSection":"","visibleWithAllOf":[""],"hiddenWithAnyOf":[""],"items":[{"id":"3174","count":1,"hideCount":false},{"id":"3158","count":1,"hideCount":false},{"id":"3504","count":1,"hideCount":false}]},{"type":"protective","recMath":false,"recSteps":false,"minSummonerLevel":-1,"maxSummonerLevel":-1,"showIfSummonerSpell":"","hideIfSummonerSpell":"","appendAfterSection":"","visibleWithAllOf":[""],"hiddenWithAnyOf":[""],"items":[{"id":"3107","count":1,"hideCount":false},{"id":"3109","count":1,"hideCount":false},{"id":"3116","count":1,"hideCount":false}]},{"type":"aggressive","recMath":false,"recSteps":false,"minSummonerLevel":-1,"maxSummonerLevel":-1,"showIfSummonerSpell":"","hideIfSummonerSpell":"","appendAfterSection":"","visibleWithAllOf":[""],"hiddenWithAnyOf":[""],"items":[{"id":"3285","count":1,"hideCount":false},{"id":"3151","count":1,"hideCount":false},{"id":"3089","count":1,"hideCount":false}]}]},{"champion":"Yuumi","title":"YuumiNB","map":"NB","mode":"NEXUSBLITZ","type":"riot","customTag":"","sortrank":0,"extensionPage":false,"useObviousCheckmark":false,"customPanel":null,"blocks":[{"type":"starting","recMath":false,"recSteps":false,"minSummonerLevel":-1,"maxSummonerLevel":-1,"showIfSummonerSpell":"","hideIfSummonerSpell":"","appendAfterSection":"","visibleWithAllOf":[""],"hiddenWithAnyOf":[""],"items":[{"id":"4203","count":1,"hideCount":false},{"id":"2003","count":2,"hideCount":false},{"id":"3340","count":1,"hideCount":false}]},{"type":"early","recMath":false,"recSteps":false,"minSummonerLevel":-1,"maxSummonerLevel":-1,"showIfSummonerSpell":"","hideIfSummonerSpell":"","appendAfterSection":"","visibleWithAllOf":[""],"hiddenWithAnyOf":[""],"items":[{"id":"3108","count":1,"hideCount":false},{"id":"3028","count":1,"hideCount":false},{"id":"3114","count":1,"hideCount":false}]},{"type":"essential","recMath":false,"recSteps":false,"minSummonerLevel":-1,"maxSummonerLevel":-1,"showIfSummonerSpell":"","hideIfSummonerSpell":"","appendAfterSection":"","visibleWithAllOf":[""],"hiddenWithAnyOf":[""],"items":[{"id":"3174","count":1,"hideCount":false},{"id":"3504","count":1,"hideCount":false},{"id":"3107","count":1,"hideCount":false}]},{"type":"protective","recMath":false,"recSteps":false,"minSummonerLevel":-1,"maxSummonerLevel":-1,"showIfSummonerSpell":"","hideIfSummonerSpell":"","appendAfterSection":"","visibleWithAllOf":[""],"hiddenWithAnyOf":[""],"items":[{"id":"3222","count":1,"hideCount":false},{"id":"3905","count":1,"hideCount":false},{"id":"2065","count":1,"hideCount":false}]},{"type":"aggressive","recMath":false,"recSteps":false,"minSummonerLevel":-1,"maxSummonerLevel":-1,"showIfSummonerSpell":"","hideIfSummonerSpell":"","appendAfterSection":"","visibleWithAllOf":[""],"hiddenWithAnyOf":[""],"items":[{"id":"3285","count":1,"hideCount":false},{"id":"3089","count":1,"hideCount":false},{"id":"3041","count":1,"hideCount":false}]},{"type":"consumables","recMath":false,"recSteps":false,"minSummonerLevel":-1,"maxSummonerLevel":-1,"showIfSummonerSpell":"","hideIfSummonerSpell":"","appendAfterSection":"","visibleWithAllOf":[""],"hiddenWithAnyOf":[""],"items":[{"id":"2031","count":1,"hideCount":false},{"id":"2139","count":1,"hideCount":false}]}]},{"champion":"Yuumi","title":"YuumiSR","map":"SR","mode":"CLASSIC","type":"riot","customTag":"","sortrank":0,"extensionPage":false,"useObviousCheckmark":false,"customPanel":null,"blocks":[{"type":"starting","recMath":false,"recSteps":false,"minSummonerLevel":-1,"maxSummonerLevel":-1,"showIfSummonerSpell":"","hideIfSummonerSpell":"","appendAfterSection":"","visibleWithAllOf":[""],"hiddenWithAnyOf":[""],"items":[{"id":"3850","count":1,"hideCount":false},{"id":"2003","count":2,"hideCount":false},{"id":"3340","count":1,"hideCount":false}]},{"type":"early","recMath":false,"recSteps":false,"minSummonerLevel":-1,"maxSummonerLevel":-1,"showIfSummonerSpell":"","hideIfSummonerSpell":"","appendAfterSection":"","visibleWithAllOf":[""],"hiddenWithAnyOf":[""],"items":[{"id":"3108","count":1,"hideCount":false},{"id":"3028","count":1,"hideCount":false},{"id":"3114","count":1,"hideCount":false}]},{"type":"essential","recMath":false,"recSteps":false,"minSummonerLevel":-1,"maxSummonerLevel":-1,"showIfSummonerSpell":"","hideIfSummonerSpell":"","appendAfterSection":"","visibleWithAllOf":[""],"hiddenWithAnyOf":[""],"items":[{"id":"3174","count":1,"hideCount":false},{"id":"3504","count":1,"hideCount":false},{"id":"3107","count":1,"hideCount":false}]},{"type":"protective","recMath":false,"recSteps":false,"minSummonerLevel":-1,"maxSummonerLevel":-1,"showIfSummonerSpell":"","hideIfSummonerSpell":"","appendAfterSection":"","visibleWithAllOf":[""],"hiddenWithAnyOf":[""],"items":[{"id":"3222","count":1,"hideCount":false},{"id":"3905","count":1,"hideCount":false},{"id":"2065","count":1,"hideCount":false}]},{"type":"aggressive","recMath":false,"recSteps":false,"minSummonerLevel":-1,"maxSummonerLevel":-1,"showIfSummonerSpell":"","hideIfSummonerSpell":"","appendAfterSection":"","visibleWithAllOf":[""],"hiddenWithAnyOf":[""],"items":[{"id":"3285","count":1,"hideCount":false},{"id":"3089","count":1,"hideCount":false},{"id":"3041","count":1,"hideCount":false}]},{"type":"consumables","recMath":false,"recSteps":false,"minSummonerLevel":-1,"maxSummonerLevel":-1,"showIfSummonerSpell":"","hideIfSummonerSpell":"","appendAfterSection":"","visibleWithAllOf":[""],"hiddenWithAnyOf":[""],"items":[{"id":"2031","count":1,"hideCount":false},{"id":"2139","count":1,"hideCount":false}]}]}]}}}