{"type":"champion","format":"standAloneComplex","version":"10.15.1","data":{"Zac":{"id":"Zac","key":"154","name":"Zac","title":"the Secret Weapon","image":{"full":"Zac.png","sprite":"champion4.png","group":"champion","x":144,"y":96,"w":48,"h":48},"skins":[{"id":"154000","num":0,"name":"default","chromas":true},{"id":"154001","num":1,"name":"Special Weapon Zac","chromas":false},{"id":"154002","num":2,"name":"Pool Party Zac","chromas":false},{"id":"154006","num":6,"name":"SKT T1 Zac","chromas":false}],"lore":"Zac is the product of a toxic spill that ran through a chemtech seam and pooled in an isolated cavern deep in Zaun's Sump. Despite such humble origins, Zac has grown from primordial ooze into a thinking being who dwells in the city's pipes, occasionally emerging to help those who cannot help themselves or to rebuild the broken infrastructure of Zaun.","blurb":"Zac is the product of a toxic spill that ran through a chemtech seam and pooled in an isolated cavern deep in Zaun's Sump. Despite such humble origins, Zac has grown from primordial ooze into a thinking being who dwells in the city's pipes, occasionally...","allytips":["Picking up goo chunks is very important to staying alive.","When Cell Division is ready, try to die in a position that makes it difficult for the enemy team to kill your bloblets.","Charging Elastic Slingshot from the fog of war will give opponents less time to react."],"enemytips":["Zac heals from the goo that separates from him. You can crush the goo pieces by stepping on them.","Kill all of Zac's bloblets when he splits apart to stop him from reforming.","Silences, stuns, roots and knockups will all interrupt Zac when he is charging Elastic Slingshot."],"tags":["Tank","Fighter"],"partype":"None","info":{"attack":3,"defense":7,"magic":7,"difficulty":8},"stats":{"hp":615,"hpperlevel":95,"mp":0,"mpperlevel":0,"movespeed":340,"armor":33,"armorperlevel":3.5,"spellblock":32,"spellblockperlevel":1.25,"attackrange":175,"hpregen":8,"hpregenperlevel":0.5,"mpregen":0,"mpregenperlevel":0,"crit":0,"critperlevel":0,"attackdamage":60,"attackdamageperlevel":3.4,"attackspeedperlevel":1.6,"attackspeed":0.736},"spells":[{"id":"ZacQ","name":"Stretching Strikes","description":"Zac stretches an arm, grabbing an enemy. Attacking a different enemy will cause him to throw both targets towards each other.","tooltip":"Zac's arm stretches and grabs the first enemy it hits, dealing {{ e1 }} <scaleAP>(+{{ a1 }})</scaleAP> <span class=\"colorCC3300\">(+{{ f2 }})</span> magic damage and briefly slowing them. Zac's next basic attack is replaced with a long range smack that repeats the initial magic damage and slow effect.<br /><br />If Zac grabs a different enemy with each attack he'll throw them towards each other, dealing {{ e1 }} <scaleAP>(+{{ a1 }})</scaleAP> <span class=\"colorCC3300\">(+{{ f2 }})</span> magic damage in an area if they collide.","leveltip":{"label":["Damage","Cooldown"],"effect":["{{ e1 }} -> {{ e1NL }}","{{ cooldown }} -> {{ cooldownNL }}"]},"maxrank":5,"cooldown":[15,13.5,12,10.5,9],"cooldownBurn":"15/13.5/12/10.5/9","cost":[0,0,0,0,0],"costBurn":"0","datavalues":{},"effect":[null,[40,55,70,85,100],[8,8,8,8,8],[800,800,800,800,800],[-0.4,-0.4,-0.4,-0.4,-0.4],[0.5,0.5,0.5,0.5,0.5],[2.5,2.5,2.5,2.5,2.5],[1000,1000,1000,1000,1000],[700,700,700,700,700],[300,300,300,300,300],[300,300,300,300,300]],"effectBurn":[null,"40/55/70/85/100","8","800","-0.4","0.5","2.5","1000","700","300","300"],"vars":[{"link":"spelldamage","coeff":0.3,"key":"a1"},{"link":"spelldamage","coeff":0.3,"key":"a1"}],"costType":"% of current Health","maxammo":"-1","range":[800,800,800,800,800],"rangeBurn":"800","image":{"full":"ZacQ.png","sprite":"spell14.png","group":"spell","x":288,"y":96,"w":48,"h":48},"resource":"{{ e2 }}% of current Health"},{"id":"ZacW","name":"Unstable Matter","description":"Zac explodes outward towards nearby enemies, dealing a percentage of their maximum health as magic damage.","tooltip":"Zac's body erupts, dealing {{ basedamage }} + ({{ basemaxhealthdamage*100 }}+{{ displaypercentdamage }}) of the enemy's max health as magic damage to nearby enemies.<br /><br />Absorbing <span class=\"color3ca126\">Goo</span> reduces Unstable Matter's cooldown by 1 second.<br /><br /><rules>Max health damage is capped at 200 versus minions and monsters</rules>","leveltip":{"label":["Flat Damage","% Max Health"],"effect":["{{ basedamage }} -> {{ basedamageNL }}","{{ basemaxhealthdamage*100.000000 }}% -> {{ basemaxhealthdamagenl*100.000000 }}%"]},"maxrank":5,"cooldown":[5,5,5,5,5],"cooldownBurn":"5","cost":[0,0,0,0,0],"costBurn":"0","datavalues":{},"effect":[null,[25,40,55,70,85],[4,4,4,4,4],[0.04,0.05,0.06,0.07,0.08],[1,1,1,1,1],[200,200,200,200,200],[0,0,0,0,0],[0,0,0,0,0],[0,0,0,0,0],[0,0,0,0,0],[0,0,0,0,0]],"effectBurn":[null,"25/40/55/70/85","4","0.04/0.05/0.06/0.07/0.08","1","200","0","0","0","0","0"],"vars":[],"costType":"% of current Health","maxammo":"-1","range":[350,350,350,350,350],"rangeBurn":"350","image":{"full":"ZacW.png","sprite":"spell14.png","group":"spell","x":336,"y":96,"w":48,"h":48},"resource":"{{ e2 }}% of current Health"},{"id":"ZacE","name":"Elastic Slingshot","description":"Zac attaches his arms to the ground and stretches back, launching himself forward.","tooltip":"<spellPassive>First cast:</spellPassive> Zac faces the cursor and charges up over {{ e4 }} seconds.<br /><br /><spellPassive>Second cast:</spellPassive> Launches Zac towards a location, knocking up nearby enemies for {{ f2 }} to {{ f3 }} seconds (based on charge time) and dealing {{ e1 }} <scaleAP>(+{{ a1 }})</scaleAP> magic damage. Zac spawns extra chunks of <span class=\"color3ca126\">Goo</span> for each enemy champion hit.<br /><br /><rules>Can be cancelled by moving, refunding half of the ability's cooldown and cost.</rules>","leveltip":{"label":["Damage","Range","Cooldown"],"effect":["{{ e1 }} -> {{ e1NL }}","{{ e3 }} -> {{ e3NL }}","{{ cooldown }} -> {{ cooldownNL }}"]},"maxrank":5,"cooldown":[24,21,18,15,12],"cooldownBurn":"24/21/18/15/12","cost":[0,0,0,0,0],"costBurn":"0","datavalues":{},"effect":[null,[60,110,160,210,260],[4,4,4,4,4],[1200,1350,1500,1650,1800],[0.9,1,1.1,1.2,1.3],[0.5,0.5,0.5,0.5,0.5],[500,500,500,500,500],[1350,1350,1350,1350,1350],[0.6,0.6,0.6,0.6,0.6],[265,265,265,265,265],[1,1,1,1,1]],"effectBurn":[null,"60/110/160/210/260","4","1200/1350/1500/1650/1800","0.9/1/1.1/1.2/1.3","0.5","500","1350","0.6","265","1"],"vars":[{"link":"spelldamage","coeff":0.9,"key":"a1"}],"costType":"% of current Health","maxammo":"-1","range":[300,300,300,300,300],"rangeBurn":"300","image":{"full":"ZacE.png","sprite":"spell14.png","group":"spell","x":384,"y":96,"w":48,"h":48},"resource":"{{ e2 }}% of current Health"},{"id":"ZacR","name":"Let's Bounce!","description":"Zac bounces four times, knocking up enemies hit and slowing them.","tooltip":"<spellPassive>Passive:</spellPassive> Healing from Cell Division <span class=\"color3ca126\">Goo</span> chunks increased to {{ f8 }}% of your maximum health.<br /><br /><spellPassive>Active:</spellPassive> Zac bounces {{ bounces }} times, knocking back enemies for {{ knockupduration }} second and dealing {{ damageperbounce }} magic damage. Enemies hit with multiple bounces take {{ damagereductionbounce*100 }}% less damage and are not knocked up. <br /><br />Enemies hit by Let's Bounce! are slowed by {{ slowamount*100 }}% for {{ slowduration }} second.<br /><br />Zac gains movement speed over the duration and can cast <spellActive>Unstable Matter</spellActive> while bouncing.","leveltip":{"label":["Base Bounce Damage","Additional Chunk Healing","Cooldown"],"effect":["{{ basedamagebounce }} -> {{ basedamagebounceNL }}","{{ additionalchunkhealing }}% -> {{ additionalchunkhealingNL }}%","{{ cooldown }} -> {{ cooldownNL }}"]},"maxrank":3,"cooldown":[130,115,100],"cooldownBurn":"130/115/100","cost":[0,0,0],"costBurn":"0","datavalues":{},"effect":[null,[150,250,350],[1.1,1.1,1.1],[700,850,1000],[-0.3,-0.4,-0.5],[2.5,2.5,2.5],[275,275,275],[300,300,300],[1,1,1],[0.25,0.25,0.25],[0.1,0.1,0.1]],"effectBurn":[null,"150/250/350","1.1","700/850/1000","-0.3/-0.4/-0.5","2.5","275","300","1","0.25","0.1"],"vars":[],"costType":"No Cost","maxammo":"-1","range":[300,300,300],"rangeBurn":"300","image":{"full":"ZacR.png","sprite":"spell14.png","group":"spell","x":432,"y":96,"w":48,"h":48},"resource":"No Cost"}],"passive":{"name":"Cell Division","description":"Each time Zac hits an enemy with an ability, he sheds a chunk of himself that can be reabsorbed to restore Health. Upon taking fatal damage, Zac splits into 4 bloblets that attempt to recombine. If any bloblets remain, he will revive with an amount of Health depending on the Health of the surviving bloblets. Each bloblet has a percentage of Zac's maximum Health, Armor and Magic Resistance. This ability has a 5 minute cooldown.","image":{"full":"ZacPassive.png","sprite":"passive4.png","group":"passive","x":144,"y":96,"w":48,"h":48}},"recommended":[{"champion":"Zac","title":"Beginner","map":"SR","mode":"INTRO","type":"riot","customTag":"","extensionPage":false,"customPanel":null,"blocks":[{"type":"beginner_starter","recMath":false,"recSteps":false,"minSummonerLevel":-1,"maxSummonerLevel":4,"showIfSummonerSpell":"","hideIfSummonerSpell":"","items":[{"id":"1054","count":1,"hideCount":false},{"id":"2003","count":1,"hideCount":false},{"id":"3340","count":1,"hideCount":false}]},{"type":"beginner_starter","recMath":false,"recSteps":false,"minSummonerLevel":5,"maxSummonerLevel":-1,"showIfSummonerSpell":"","hideIfSummonerSpell":"","items":[{"id":"1054","count":1,"hideCount":false},{"id":"2003","count":1,"hideCount":false},{"id":"3340","count":1,"hideCount":false}]},{"type":"beginner_advanced","recMath":true,"recSteps":false,"minSummonerLevel":-1,"maxSummonerLevel":-1,"showIfSummonerSpell":"","hideIfSummonerSpell":"","items":[{"id":"1028","count":1,"hideCount":false},{"id":"3067","count":1,"hideCount":false},{"id":"3211","count":1,"hideCount":false}]},{"type":"beginner_movementspeed","recMath":true,"recSteps":false,"minSummonerLevel":-1,"maxSummonerLevel":-1,"showIfSummonerSpell":"","hideIfSummonerSpell":"","items":[{"id":"1001","count":1,"hideCount":false},{"id":"1029","count":1,"hideCount":false},{"id":"3047","count":1,"hideCount":false}]},{"type":"beginner_legendaryitem","recMath":true,"recSteps":false,"minSummonerLevel":-1,"maxSummonerLevel":-1,"showIfSummonerSpell":"","hideIfSummonerSpell":"","items":[{"id":"3065","count":1,"hideCount":false}]},{"type":"beginner_morelegendaryitems","recMath":false,"recSteps":false,"minSummonerLevel":-1,"maxSummonerLevel":-1,"showIfSummonerSpell":"","hideIfSummonerSpell":"","items":[{"id":"3068","count":1,"hideCount":false},{"id":"3001","count":1,"hideCount":false},{"id":"3742","count":1,"hideCount":false}]}]},{"champion":"Zac","title":"ZacARAM","map":"HA","mode":"ARAM","type":"riot","customTag":"","sortrank":0,"extensionPage":false,"customPanel":null,"blocks":[{"type":"starting","recMath":false,"recSteps":false,"minSummonerLevel":-1,"maxSummonerLevel":-1,"showIfSummonerSpell":"","hideIfSummonerSpell":"","appendAfterSection":"","visibleWithAllOf":[""],"hiddenWithAnyOf":[""],"items":[{"id":"2051","count":1,"hideCount":false},{"id":"1001","count":1,"hideCount":false},{"id":"2003","count":3,"hideCount":false}]},{"type":"essential","recMath":false,"recSteps":false,"minSummonerLevel":-1,"maxSummonerLevel":-1,"showIfSummonerSpell":"","hideIfSummonerSpell":"","appendAfterSection":"","visibleWithAllOf":[""],"hiddenWithAnyOf":[""],"items":[{"id":"3111","count":1,"hideCount":false},{"id":"3065","count":1,"hideCount":false},{"id":"3083","count":1,"hideCount":false}]},{"type":"offensive","recMath":false,"recSteps":false,"minSummonerLevel":-1,"maxSummonerLevel":-1,"showIfSummonerSpell":"","hideIfSummonerSpell":"","appendAfterSection":"","visibleWithAllOf":[""],"hiddenWithAnyOf":[""],"items":[{"id":"3068","count":1,"hideCount":false},{"id":"3001","count":1,"hideCount":false},{"id":"3151","count":1,"hideCount":false}]},{"type":"defensive","recMath":false,"recSteps":false,"minSummonerLevel":-1,"maxSummonerLevel":-1,"showIfSummonerSpell":"","hideIfSummonerSpell":"","appendAfterSection":"","visibleWithAllOf":[""],"hiddenWithAnyOf":[""],"items":[{"id":"3193","count":1,"hideCount":false},{"id":"3143","count":1,"hideCount":false},{"id":"3075","count":1,"hideCount":false}]},{"type":"offmeta","recMath":false,"recSteps":false,"minSummonerLevel":-1,"maxSummonerLevel":-1,"showIfSummonerSpell":"","hideIfSummonerSpell":"","appendAfterSection":"","visibleWithAllOf":[""],"hiddenWithAnyOf":[""],"items":[{"id":"3116","count":1,"hideCount":false},{"id":"3194","count":1,"hideCount":false},{"id":"3190","count":1,"hideCount":false}]},{"type":"consumables","recMath":false,"recSteps":false,"minSummonerLevel":-1,"maxSummonerLevel":-1,"showIfSummonerSpell":"","hideIfSummonerSpell":"","appendAfterSection":"","visibleWithAllOf":[""],"hiddenWithAnyOf":[""],"items":[{"id":"2003","count":1,"hideCount":true},{"id":"2138","count":1,"hideCount":true}]}]},{"champion":"Zac","title":"ZacFIRSTBLOOD","map":"HA","mode":"FIRSTBLOOD","type":"riot","customTag":"","extensionPage":false,"customPanel":null,"blocks":[{"type":"starting","recMath":false,"recSteps":false,"minSummonerLevel":-1,"maxSummonerLevel":-1,"showIfSummonerSpell":"","hideIfSummonerSpell":"SummonerSmite","items":[{"id":"1054","count":1,"hideCount":false},{"id":"2003","count":1,"hideCount":false},{"id":"3340","count":1,"hideCount":false}]},{"type":"early","recMath":false,"recSteps":false,"minSummonerLevel":-1,"maxSummonerLevel":-1,"showIfSummonerSpell":"","hideIfSummonerSpell":"SummonerSmite","items":[{"id":"1001","count":1,"hideCount":false},{"id":"3751","count":1,"hideCount":false},{"id":"1011","count":1,"hideCount":false}]},{"type":"essential","recMath":false,"recSteps":false,"minSummonerLevel":-1,"maxSummonerLevel":-1,"showIfSummonerSpell":"","hideIfSummonerSpell":"SummonerSmite","items":[{"id":"3047","count":1,"hideCount":false},{"id":"3068","count":1,"hideCount":false},{"id":"3065","count":1,"hideCount":false}]},{"type":"defensive","recMath":false,"recSteps":false,"minSummonerLevel":-1,"maxSummonerLevel":-1,"showIfSummonerSpell":"","hideIfSummonerSpell":"SummonerSmite","items":[{"id":"3742","count":1,"hideCount":false},{"id":"3102","count":1,"hideCount":false},{"id":"3190","count":1,"hideCount":false},{"id":"3075","count":1,"hideCount":false}]},{"type":"situational","recMath":false,"recSteps":false,"minSummonerLevel":-1,"maxSummonerLevel":-1,"showIfSummonerSpell":"","hideIfSummonerSpell":"SummonerSmite","items":[{"id":"3800","count":1,"hideCount":false},{"id":"3151","count":1,"hideCount":false},{"id":"3001","count":1,"hideCount":false}]},{"type":"startingjungle","recMath":false,"recSteps":false,"minSummonerLevel":-1,"maxSummonerLevel":-1,"showIfSummonerSpell":"SummonerSmite","hideIfSummonerSpell":"","items":[{"id":"1039","count":1,"hideCount":false},{"id":"3340","count":1,"hideCount":false},{"id":"2003","count":3,"hideCount":false}]},{"type":"earlyjungle","recMath":false,"recSteps":false,"minSummonerLevel":-1,"maxSummonerLevel":-1,"showIfSummonerSpell":"SummonerSmite","hideIfSummonerSpell":"","items":[{"id":"3711","count":1,"hideCount":false},{"id":"3751","count":1,"hideCount":false},{"id":"1001","count":1,"hideCount":false}]},{"type":"essentialjungle","recMath":false,"recSteps":false,"minSummonerLevel":-1,"maxSummonerLevel":-1,"showIfSummonerSpell":"SummonerSmite","hideIfSummonerSpell":"","items":[{"id":"1409","count":1,"hideCount":false},{"id":"3047","count":1,"hideCount":false},{"id":"3742","count":1,"hideCount":false}]},{"type":"defensivejungle","recMath":false,"recSteps":false,"minSummonerLevel":-1,"maxSummonerLevel":-1,"showIfSummonerSpell":"SummonerSmite","hideIfSummonerSpell":"","items":[{"id":"3065","count":1,"hideCount":false},{"id":"3102","count":1,"hideCount":false},{"id":"3190","count":1,"hideCount":false},{"id":"3075","count":1,"hideCount":false}]},{"type":"situationaljungle","recMath":false,"recSteps":false,"minSummonerLevel":-1,"maxSummonerLevel":-1,"showIfSummonerSpell":"SummonerSmite","hideIfSummonerSpell":"","items":[{"id":"3800","count":1,"hideCount":false},{"id":"3151","count":1,"hideCount":false},{"id":"3001","count":1,"hideCount":false}]},{"type":"consumables","recMath":false,"recSteps":false,"minSummonerLevel":-1,"maxSummonerLevel":-1,"showIfSummonerSpell":"","hideIfSummonerSpell":"","items":[{"id":"2003","count":1,"hideCount":true},{"id":"2043","count":1,"hideCount":true},{"id":"2138","count":1,"hideCount":true}]}]},{"champion":"Zac","title":"ZacARAM","map":"HA","mode":"KINGPORO","type":"riot","customTag":"","sortrank":0,"extensionPage":false,"customPanel":null,"blocks":[{"type":"KingPoroSnax","recMath":false,"recSteps":false,"minSummonerLevel":-1,"maxSummonerLevel":-1,"showIfSummonerSpell":"","hideIfSummonerSpell":"","items":[{"id":"3680","count":1,"hideCount":false},{"id":"3681","count":1,"hideCount":false},{"id":"3682","count":1,"hideCount":false},{"id":"3683","count":1,"hideCount":false},{"id":"3684","count":1,"hideCount":false},{"id":"3685","count":1,"hideCount":false}]},{"type":"starting","recMath":false,"recSteps":false,"minSummonerLevel":-1,"maxSummonerLevel":-1,"showIfSummonerSpell":"","hideIfSummonerSpell":"","appendAfterSection":"","visibleWithAllOf":[""],"hiddenWithAnyOf":[""],"items":[{"id":"2051","count":1,"hideCount":false},{"id":"1001","count":1,"hideCount":false},{"id":"2003","count":3,"hideCount":false}]},{"type":"essential","recMath":false,"recSteps":false,"minSummonerLevel":-1,"maxSummonerLevel":-1,"showIfSummonerSpell":"","hideIfSummonerSpell":"","appendAfterSection":"","visibleWithAllOf":[""],"hiddenWithAnyOf":[""],"items":[{"id":"3111","count":1,"hideCount":false},{"id":"3065","count":1,"hideCount":false},{"id":"3083","count":1,"hideCount":false}]},{"type":"offensive","recMath":false,"recSteps":false,"minSummonerLevel":-1,"maxSummonerLevel":-1,"showIfSummonerSpell":"","hideIfSummonerSpell":"","appendAfterSection":"","visibleWithAllOf":[""],"hiddenWithAnyOf":[""],"items":[{"id":"3068","count":1,"hideCount":false},{"id":"3001","count":1,"hideCount":false},{"id":"3151","count":1,"hideCount":false}]},{"type":"defensive","recMath":false,"recSteps":false,"minSummonerLevel":-1,"maxSummonerLevel":-1,"showIfSummonerSpell":"","hideIfSummonerSpell":"","appendAfterSection":"","visibleWithAllOf":[""],"hiddenWithAnyOf":[""],"items":[{"id":"3193","count":1,"hideCount":false},{"id":"3143","count":1,"hideCount":false},{"id":"3075","count":1,"hideCount":false}]},{"type":"offmeta","recMath":false,"recSteps":false,"minSummonerLevel":-1,"maxSummonerLevel":-1,"showIfSummonerSpell":"","hideIfSummonerSpell":"","appendAfterSection":"","visibleWithAllOf":[""],"hiddenWithAnyOf":[""],"items":[{"id":"3116","count":1,"hideCount":false},{"id":"3194","count":1,"hideCount":false},{"id":"3190","count":1,"hideCount":false}]},{"type":"consumables","recMath":false,"recSteps":false,"minSummonerLevel":-1,"maxSummonerLevel":-1,"showIfSummonerSpell":"","hideIfSummonerSpell":"","appendAfterSection":"","visibleWithAllOf":[""],"hiddenWithAnyOf":[""],"items":[{"id":"2003","count":1,"hideCount":true},{"id":"2138","count":1,"hideCount":true}]}]},{"champion":"Zac","title":"ZacSL","map":"NB","mode":"NEXUSBLITZ","type":"riot","customTag":"","sortrank":0,"extensionPage":false,"useObviousCheckmark":false,"customPanel":null,"blocks":[{"type":"starting","recMath":false,"recSteps":false,"minSummonerLevel":-1,"maxSummonerLevel":-1,"showIfSummonerSpell":"","hideIfSummonerSpell":"SummonerSmite","appendAfterSection":"","visibleWithAllOf":[""],"hiddenWithAnyOf":[""],"items":[{"id":"4201","count":1,"hideCount":false},{"id":"2003","count":1,"hideCount":false},{"id":"3340","count":1,"hideCount":false}]},{"type":"early","recMath":false,"recSteps":false,"minSummonerLevel":-1,"maxSummonerLevel":-1,"showIfSummonerSpell":"","hideIfSummonerSpell":"SummonerSmite","appendAfterSection":"","visibleWithAllOf":[""],"hiddenWithAnyOf":[""],"items":[{"id":"1001","count":1,"hideCount":false},{"id":"3751","count":1,"hideCount":false},{"id":"1011","count":1,"hideCount":false}]},{"type":"essential","recMath":false,"recSteps":false,"minSummonerLevel":-1,"maxSummonerLevel":-1,"showIfSummonerSpell":"","hideIfSummonerSpell":"SummonerSmite","appendAfterSection":"","visibleWithAllOf":[""],"hiddenWithAnyOf":[""],"items":[{"id":"3158","count":1,"hideCount":false},{"id":"3068","count":1,"hideCount":false},{"id":"3065","count":1,"hideCount":false}]},{"type":"defensive","recMath":false,"recSteps":false,"minSummonerLevel":-1,"maxSummonerLevel":-1,"showIfSummonerSpell":"","hideIfSummonerSpell":"SummonerSmite","appendAfterSection":"","visibleWithAllOf":[""],"hiddenWithAnyOf":[""],"items":[{"id":"3143","count":1,"hideCount":false},{"id":"3190","count":1,"hideCount":false},{"id":"3075","count":1,"hideCount":false},{"id":"3193","count":1,"hideCount":false}]},{"type":"situational","recMath":false,"recSteps":false,"minSummonerLevel":-1,"maxSummonerLevel":-1,"showIfSummonerSpell":"","hideIfSummonerSpell":"SummonerSmite","appendAfterSection":"","visibleWithAllOf":[""],"hiddenWithAnyOf":[""],"items":[{"id":"3194","count":1,"hideCount":false},{"id":"3742","count":1,"hideCount":false},{"id":"3083","count":1,"hideCount":false},{"id":"3001","count":1,"hideCount":false}]},{"type":"startingjungle","recMath":false,"recSteps":false,"minSummonerLevel":-1,"maxSummonerLevel":-1,"showIfSummonerSpell":"SummonerSmite","hideIfSummonerSpell":"","appendAfterSection":"","visibleWithAllOf":[""],"hiddenWithAnyOf":[""],"items":[{"id":"4101","count":1,"hideCount":false},{"id":"2003","count":1,"hideCount":false},{"id":"3340","count":1,"hideCount":false}]},{"type":"earlyjungle","recMath":false,"recSteps":false,"minSummonerLevel":-1,"maxSummonerLevel":-1,"showIfSummonerSpell":"SummonerSmite","hideIfSummonerSpell":"","appendAfterSection":"","visibleWithAllOf":[""],"hiddenWithAnyOf":[""],"items":[{"id":"3751","count":1,"hideCount":false},{"id":"1001","count":1,"hideCount":false}]},{"type":"essentialjungle","recMath":false,"recSteps":false,"minSummonerLevel":-1,"maxSummonerLevel":-1,"showIfSummonerSpell":"SummonerSmite","hideIfSummonerSpell":"","appendAfterSection":"","visibleWithAllOf":[""],"hiddenWithAnyOf":[""],"items":[{"id":"4103","count":1,"hideCount":false},{"id":"3158","count":1,"hideCount":false},{"id":"3065","count":1,"hideCount":false}]},{"type":"defensive","recMath":false,"recSteps":false,"minSummonerLevel":-1,"maxSummonerLevel":-1,"showIfSummonerSpell":"SummonerSmite","hideIfSummonerSpell":"","appendAfterSection":"","visibleWithAllOf":[""],"hiddenWithAnyOf":[""],"items":[{"id":"3143","count":1,"hideCount":false},{"id":"3190","count":1,"hideCount":false},{"id":"3075","count":1,"hideCount":false},{"id":"3193","count":1,"hideCount":false}]},{"type":"situational","recMath":false,"recSteps":false,"minSummonerLevel":-1,"maxSummonerLevel":-1,"showIfSummonerSpell":"SummonerSmite","hideIfSummonerSpell":"","appendAfterSection":"","visibleWithAllOf":[""],"hiddenWithAnyOf":[""],"items":[{"id":"3194","count":1,"hideCount":false},{"id":"3742","count":1,"hideCount":false},{"id":"3083","count":1,"hideCount":false},{"id":"3001","count":1,"hideCount":false}]},{"type":"consumables","recMath":false,"recSteps":false,"minSummonerLevel":-1,"maxSummonerLevel":-1,"showIfSummonerSpell":"","hideIfSummonerSpell":"","appendAfterSection":"","visibleWithAllOf":[""],"hiddenWithAnyOf":[""],"items":[{"id":"2003","count":1,"hideCount":true},{"id":"2138","count":1,"hideCount":true}]}]},{"champion":"Zac","title":"ZacSR","map":"SR","mode":"CLASSIC","type":"riot","customTag":"","sortrank":0,"extensionPage":false,"useObviousCheckmark":false,"customPanel":null,"blocks":[{"type":"starting","recMath":false,"recSteps":false,"minSummonerLevel":-1,"maxSummonerLevel":-1,"showIfSummonerSpell":"","hideIfSummonerSpell":"SummonerSmite","appendAfterSection":"","visibleWithAllOf":[""],"hiddenWithAnyOf":[""],"items":[{"id":"1054","count":1,"hideCount":false},{"id":"2003","count":1,"hideCount":false},{"id":"3340","count":1,"hideCount":false}]},{"type":"early","recMath":false,"recSteps":false,"minSummonerLevel":-1,"maxSummonerLevel":-1,"showIfSummonerSpell":"","hideIfSummonerSpell":"SummonerSmite","appendAfterSection":"","visibleWithAllOf":[""],"hiddenWithAnyOf":[""],"items":[{"id":"1001","count":1,"hideCount":false},{"id":"3751","count":1,"hideCount":false},{"id":"1011","count":1,"hideCount":false}]},{"type":"startingjungle","recMath":false,"recSteps":false,"minSummonerLevel":-1,"maxSummonerLevel":-1,"showIfSummonerSpell":"SummonerSmite","hideIfSummonerSpell":"","appendAfterSection":"","visibleWithAllOf":[""],"hiddenWithAnyOf":[""],"items":[{"id":"1039","count":1,"hideCount":false},{"id":"2031","count":1,"hideCount":false},{"id":"3340","count":1,"hideCount":false}]},{"type":"earlyjungle","recMath":false,"recSteps":false,"minSummonerLevel":-1,"maxSummonerLevel":-1,"showIfSummonerSpell":"SummonerSmite","hideIfSummonerSpell":"","appendAfterSection":"","visibleWithAllOf":[""],"hiddenWithAnyOf":[""],"items":[{"id":"3706","count":1,"hideCount":false},{"id":"3751","count":1,"hideCount":false},{"id":"1001","count":1,"hideCount":false}]},{"type":"essential","recMath":false,"recSteps":false,"minSummonerLevel":-1,"maxSummonerLevel":-1,"showIfSummonerSpell":"","hideIfSummonerSpell":"SummonerSmite","appendAfterSection":"","visibleWithAllOf":[""],"hiddenWithAnyOf":[""],"items":[{"id":"3158","count":1,"hideCount":false},{"id":"3068","count":1,"hideCount":false},{"id":"3065","count":1,"hideCount":false}]},{"type":"essentialjungle","recMath":false,"recSteps":false,"minSummonerLevel":-1,"maxSummonerLevel":-1,"showIfSummonerSpell":"SummonerSmite","hideIfSummonerSpell":"","appendAfterSection":"","visibleWithAllOf":[""],"hiddenWithAnyOf":[""],"items":[{"id":"1401","count":1,"hideCount":false},{"id":"3111","count":1,"hideCount":false},{"id":"3065","count":1,"hideCount":false}]},{"type":"defensive","recMath":false,"recSteps":false,"minSummonerLevel":-1,"maxSummonerLevel":-1,"showIfSummonerSpell":"","hideIfSummonerSpell":"","appendAfterSection":"","visibleWithAllOf":[""],"hiddenWithAnyOf":[""],"items":[{"id":"3083","count":1,"hideCount":false},{"id":"3075","count":1,"hideCount":false},{"id":"3742","count":1,"hideCount":false}]},{"type":"situational","recMath":false,"recSteps":false,"minSummonerLevel":-1,"maxSummonerLevel":-1,"showIfSummonerSpell":"","hideIfSummonerSpell":"","appendAfterSection":"","visibleWithAllOf":[""],"hiddenWithAnyOf":[""],"items":[{"id":"3151","count":1,"hideCount":false},{"id":"3193","count":1,"hideCount":false},{"id":"3109","count":1,"hideCount":false}]},{"type":"consumables","recMath":false,"recSteps":false,"minSummonerLevel":-1,"maxSummonerLevel":-1,"showIfSummonerSpell":"","hideIfSummonerSpell":"","appendAfterSection":"","visibleWithAllOf":[""],"hiddenWithAnyOf":[""],"items":[{"id":"2003","count":1,"hideCount":true},{"id":"2138","count":1,"hideCount":true}]}]}]}}}