{"type":"champion","format":"standAloneComplex","version":"10.15.1","data":{"Ziggs":{"id":"Ziggs","key":"115","name":"Ziggs","title":"the Hexplosives Expert","image":{"full":"Ziggs.png","sprite":"champion4.png","group":"champion","x":240,"y":96,"w":48,"h":48},"skins":[{"id":"115000","num":0,"name":"default","chromas":false},{"id":"115001","num":1,"name":"Mad Scientist Ziggs","chromas":false},{"id":"115002","num":2,"name":"Major Ziggs","chromas":false},{"id":"115003","num":3,"name":"Pool Party Ziggs","chromas":false},{"id":"115004","num":4,"name":"Snow Day Ziggs","chromas":false},{"id":"115005","num":5,"name":"Master Arcanist Ziggs","chromas":false},{"id":"115006","num":6,"name":"Battle Boss Ziggs","chromas":false},{"id":"115007","num":7,"name":"Odyssey Ziggs","chromas":true},{"id":"115014","num":14,"name":"Sugar Rush Ziggs","chromas":true}],"lore":"With a love of big bombs and short fuses, the yordle Ziggs is an explosive force of nature. As an inventor's assistant in Piltover, he was bored by his predictable life and befriended a mad, blue-haired bomber named Jinx. After a wild night on the town, Ziggs took her advice and moved to Zaun, where he now explores his fascinations more freely, terrorizing the chem-barons and regular citizens alike in his never ending quest to blow stuff up.","blurb":"With a love of big bombs and short fuses, the yordle Ziggs is an explosive force of nature. As an inventor's assistant in Piltover, he was bored by his predictable life and befriended a mad, blue-haired bomber named Jinx. After a wild night on the town...","allytips":["Even if you're far from a fight you can still help from afar with Mega Inferno Bomb.","Slowing your enemies with Hexplosive Minefield makes it easier to land other abilities.","Knocking yourself over walls with Satchel Charge can be great when chasing after or escaping from enemies."],"enemytips":["Don't step on Ziggs' mines! They'll slow you and make it much easier for him to hit you with his other abiltiies.","Many of Ziggs' abilities have long cooldowns. Try catching him just after he's used his abilities.","Ziggs' ultimate, Mega Inferno Bomb, deals more damage in the center of the explosion."],"tags":["Mage"],"partype":"Mana","info":{"attack":2,"defense":4,"magic":9,"difficulty":4},"stats":{"hp":536,"hpperlevel":92,"mp":480,"mpperlevel":23.5,"movespeed":325,"armor":21.544,"armorperlevel":3.3,"spellblock":30,"spellblockperlevel":0.5,"attackrange":550,"hpregen":6.5,"hpregenperlevel":0.6,"mpregen":8,"mpregenperlevel":0.8,"crit":0,"critperlevel":0,"attackdamage":54.208,"attackdamageperlevel":3.1,"attackspeedperlevel":2,"attackspeed":0.656},"spells":[{"id":"ZiggsQ","name":"Bouncing Bomb","description":"Ziggs throws a bouncing bomb that deals magic damage.","tooltip":"Ziggs throws a bouncing bomb that deals {{ e1 }} <scaleAP>(+{{ a1 }})</scaleAP> magic damage.","leveltip":{"label":["Damage","Cooldown","@AbilityResourceName@ Cost"],"effect":["{{ e1 }} -> {{ e1NL }}","{{ cooldown }} -> {{ cooldownNL }}","{{ cost }} -> {{ costNL }}"]},"maxrank":5,"cooldown":[6,5.5,5,4.5,4],"cooldownBurn":"6/5.5/5/4.5/4","cost":[50,55,60,65,70],"costBurn":"50/55/60/65/70","datavalues":{},"effect":[null,[85,130,175,220,265],[850,850,850,850,850],[325,325,325,325,325],[225,225,225,225,225],[150,150,150,150,150],[240,240,240,240,240],[70,70,70,70,70],[0,0,0,0,0],[0,0,0,0,0],[0,0,0,0,0]],"effectBurn":[null,"85/130/175/220/265","850","325","225","150","240","70","0","0","0"],"vars":[{"link":"spelldamage","coeff":0.65,"key":"a1"}],"costType":" {{ abilityresourcename }}","maxammo":"-1","range":[850,850,850,850,850],"rangeBurn":"850","image":{"full":"ZiggsQ.png","sprite":"spell14.png","group":"spell","x":192,"y":144,"w":48,"h":48},"resource":"{{ cost }} {{ abilityresourcename }}"},{"id":"ZiggsW","name":"Satchel Charge","description":"Ziggs flings an explosive charge that detonates after 4 seconds, or when this ability is activated again. The explosion deals magic damage to enemies, knocking them away. Ziggs is also knocked away, but takes no damage. Ziggs can use the Satchel to hexplode vulnerable enemy turrets.","tooltip":"Ziggs flings an explosive charge that detonates after {{ e2 }} seconds, or when this ability is activated again. The explosion deals {{ e1 }} <scaleAP>(+{{ a1 }})</scaleAP> magic damage to enemies, knocking them away. Ziggs is also knocked away, but takes no damage.<br /><br />Satchel Charge will <span class=\"colorD41919\">hexplode</span> structurally unsound towers below {{ f1*100 }}% of their Health.","leveltip":{"label":["Damage","Cooldown","Tower Destruction Threshold"],"effect":["{{ e1 }} -> {{ e1NL }}","{{ cooldown }} -> {{ cooldownNL }}","{{ effect3amount*100.000000 }}% -> {{ effect3amountnl*100.000000 }}%"]},"maxrank":5,"cooldown":[20,18,16,14,12],"cooldownBurn":"20/18/16/14/12","cost":[65,65,65,65,65],"costBurn":"65","datavalues":{},"effect":[null,[70,105,140,175,210],[4,4,4,4,4],[0.25,0.275,0.3,0.325,0.35],[600,600,600,600,600],[50,50,50,50,50],[500,500,500,500,500],[325,325,325,325,325],[775,775,775,775,775],[400,400,400,400,400],[6,6,6,6,6]],"effectBurn":[null,"70/105/140/175/210","4","0.25/0.275/0.3/0.325/0.35","600","50","500","325","775","400","6"],"vars":[{"link":"spelldamage","coeff":0.5,"key":"a1"}],"costType":" {{ abilityresourcename }}","maxammo":"-1","range":[1000,1000,1000,1000,1000],"rangeBurn":"1000","image":{"full":"ZiggsW.png","sprite":"spell14.png","group":"spell","x":240,"y":144,"w":48,"h":48},"resource":"{{ cost }} {{ abilityresourcename }}"},{"id":"ZiggsE","name":"Hexplosive Minefield","description":"Ziggs scatters proximity mines that detonate on enemy contact, dealing magic damage and slowing. Successive mine detonations on the same target deal reduced damage.","tooltip":"Ziggs scatters proximity mines that detonate on enemy contact, dealing {{ e1 }} <scaleAP>(+{{ a1 }})</scaleAP> magic damage. Enemies hit are slowed by {{ e2 }}% for {{ e4 }} seconds.<br /><br />Enemies triggering a mine take {{ e5 }}% damage from additional mines. Mines disarm automatically after {{ e3 }} seconds.","leveltip":{"label":["Mine Damage","Slow","@AbilityResourceName@ Cost"],"effect":["{{ e1 }} -> {{ e1NL }}","{{ effect2amount*-100.000000 }}% -> {{ effect2amountnl*-100.000000 }}%","{{ cost }} -> {{ costNL }}"]},"maxrank":5,"cooldown":[16,16,16,16,16],"cooldownBurn":"16","cost":[70,80,90,100,110],"costBurn":"70/80/90/100/110","datavalues":{},"effect":[null,[40,75,110,145,180],[30,35,40,45,50],[10,10,10,10,10],[1.5,1.5,1.5,1.5,1.5],[40,40,40,40,40],[-0.2,-0.25,-0.3,-0.35,-0.4],[135,135,135,135,135],[150,150,150,150,150],[0,0,0,0,0],[0,0,0,0,0]],"effectBurn":[null,"40/75/110/145/180","30/35/40/45/50","10","1.5","40","-0.2/-0.25/-0.3/-0.35/-0.4","135","150","0","0"],"vars":[{"link":"spelldamage","coeff":0.3,"key":"a1"}],"costType":" {{ abilityresourcename }}","maxammo":"-1","range":[900,900,900,900,900],"rangeBurn":"900","image":{"full":"ZiggsE.png","sprite":"spell14.png","group":"spell","x":288,"y":144,"w":48,"h":48},"resource":"{{ cost }} {{ abilityresourcename }}"},{"id":"ZiggsR","name":"Mega Inferno Bomb","description":"Ziggs deploys his ultimate creation, the Mega Inferno Bomb, hurling it an enormous distance. Enemies in the primary blast zone take more damage than those farther away.","tooltip":"Ziggs deploys his ultimate creation, the Mega Inferno Bomb, hurling it an enormous distance. Enemies in the primary blast zone take {{ e1 }} <scaleAP>(+{{ a1 }})</scaleAP> magic damage. Enemies farther away take {{ e5 }} <scaleAP>(+{{ a2 }})</scaleAP> magic damage.","leveltip":{"label":["Damage","Blast Zone Damage","Cooldown"],"effect":["{{ e5 }} -> {{ e5NL }}","{{ e1 }} -> {{ e1NL }}","{{ cooldown }} -> {{ cooldownNL }}"]},"maxrank":3,"cooldown":[120,95,70],"cooldownBurn":"120/95/70","cost":[100,100,100],"costBurn":"100","datavalues":{},"effect":[null,[300,450,600],[66.6667,66.6667,66.6667],[525,525,525],[250,250,250],[200,300,400],[0,0,0],[0,0,0],[0,0,0],[0,0,0],[0,0,0]],"effectBurn":[null,"300/450/600","66.67","525","250","200/300/400","0","0","0","0","0"],"vars":[{"link":"spelldamage","coeff":1.1,"key":"a1"},{"link":"spelldamage","coeff":0.7333,"key":"a2"}],"costType":" {{ abilityresourcename }}","maxammo":"-1","range":[5000,5000,5000],"rangeBurn":"5000","image":{"full":"ZiggsR.png","sprite":"spell14.png","group":"spell","x":336,"y":144,"w":48,"h":48},"resource":"{{ cost }} {{ abilityresourcename }}"}],"passive":{"name":"Short Fuse","description":"Periodically, Ziggs' next basic attack deals bonus magic damage. This cooldown is reduced whenever Ziggs uses an ability.","image":{"full":"ZiggsPassiveReady.png","sprite":"passive4.png","group":"passive","x":240,"y":96,"w":48,"h":48}},"recommended":[{"champion":"Ziggs","title":"Beginner","map":"SR","mode":"INTRO","type":"riot","customTag":"","extensionPage":false,"customPanel":null,"blocks":[{"type":"beginner_starter","recMath":false,"recSteps":false,"minSummonerLevel":-1,"maxSummonerLevel":4,"showIfSummonerSpell":"","hideIfSummonerSpell":"","items":[{"id":"1056","count":1,"hideCount":false}]},{"type":"beginner_starter","recMath":false,"recSteps":false,"minSummonerLevel":5,"maxSummonerLevel":-1,"showIfSummonerSpell":"","hideIfSummonerSpell":"","items":[{"id":"1056","count":1,"hideCount":false},{"id":"2003","count":1,"hideCount":false}]},{"type":"beginner_advanced","recMath":true,"recSteps":false,"minSummonerLevel":-1,"maxSummonerLevel":-1,"showIfSummonerSpell":"","hideIfSummonerSpell":"","items":[{"id":"1028","count":1,"hideCount":false},{"id":"1027","count":1,"hideCount":false},{"id":"3010","count":1,"hideCount":false}]},{"type":"beginner_movementspeed","recMath":true,"recSteps":false,"minSummonerLevel":-1,"maxSummonerLevel":-1,"showIfSummonerSpell":"","hideIfSummonerSpell":"","items":[{"id":"1001","count":1,"hideCount":false},{"id":"3020","count":1,"hideCount":false}]},{"type":"beginner_legendaryitem","recMath":true,"recSteps":false,"minSummonerLevel":-1,"maxSummonerLevel":-1,"showIfSummonerSpell":"","hideIfSummonerSpell":"","items":[{"id":"3010","count":1,"hideCount":false},{"id":"1026","count":1,"hideCount":false},{"id":"3027","count":1,"hideCount":false}]},{"type":"beginner_morelegendaryitems","recMath":false,"recSteps":false,"minSummonerLevel":-1,"maxSummonerLevel":-1,"showIfSummonerSpell":"","hideIfSummonerSpell":"","items":[{"id":"3151","count":1,"hideCount":false},{"id":"3116","count":1,"hideCount":false},{"id":"3089","count":1,"hideCount":false}]}]},{"champion":"Ziggs","title":"ZiggsARAM","map":"HA","mode":"ARAM","type":"riot","customTag":"","sortrank":0,"extensionPage":false,"customPanel":null,"blocks":[{"type":"starting","recMath":false,"recSteps":false,"minSummonerLevel":-1,"maxSummonerLevel":-1,"showIfSummonerSpell":"","hideIfSummonerSpell":"","appendAfterSection":"","visibleWithAllOf":[""],"hiddenWithAnyOf":[""],"items":[{"id":"3073","count":1,"hideCount":false},{"id":"1001","count":1,"hideCount":false},{"id":"2003","count":5,"hideCount":false}]},{"type":"essential","recMath":false,"recSteps":false,"minSummonerLevel":-1,"maxSummonerLevel":-1,"showIfSummonerSpell":"","hideIfSummonerSpell":"","appendAfterSection":"","visibleWithAllOf":[""],"hiddenWithAnyOf":[""],"items":[{"id":"3007","count":1,"hideCount":false},{"id":"3020","count":1,"hideCount":false},{"id":"3165","count":1,"hideCount":false}]},{"type":"offensive","recMath":false,"recSteps":false,"minSummonerLevel":-1,"maxSummonerLevel":-1,"showIfSummonerSpell":"","hideIfSummonerSpell":"","appendAfterSection":"","visibleWithAllOf":[""],"hiddenWithAnyOf":[""],"items":[{"id":"3089","count":1,"hideCount":false},{"id":"3100","count":1,"hideCount":false},{"id":"3135","count":1,"hideCount":false}]},{"type":"defensive","recMath":false,"recSteps":false,"minSummonerLevel":-1,"maxSummonerLevel":-1,"showIfSummonerSpell":"","hideIfSummonerSpell":"","appendAfterSection":"","visibleWithAllOf":[""],"hiddenWithAnyOf":[""],"items":[{"id":"3029","count":1,"hideCount":false},{"id":"3157","count":1,"hideCount":false},{"id":"3116","count":1,"hideCount":false}]},{"type":"consumables","recMath":false,"recSteps":false,"minSummonerLevel":-1,"maxSummonerLevel":-1,"showIfSummonerSpell":"","hideIfSummonerSpell":"","appendAfterSection":"","visibleWithAllOf":[""],"hiddenWithAnyOf":[""],"items":[{"id":"2003","count":1,"hideCount":true},{"id":"2139","count":1,"hideCount":true},{"id":"2033","count":1,"hideCount":false}]}]},{"champion":"Ziggs","title":"ZiggsFIRSTBLOOD","map":"HA","mode":"FIRSTBLOOD","type":"riot","customTag":"","extensionPage":false,"customPanel":null,"blocks":[{"type":"starting","recMath":false,"recSteps":false,"minSummonerLevel":-1,"maxSummonerLevel":-1,"showIfSummonerSpell":"","hideIfSummonerSpell":"","items":[{"id":"1056","count":1,"hideCount":false},{"id":"2003","count":2,"hideCount":false},{"id":"3340","count":1,"hideCount":false}]},{"type":"early","recMath":false,"recSteps":false,"minSummonerLevel":-1,"maxSummonerLevel":-1,"showIfSummonerSpell":"","hideIfSummonerSpell":"","items":[{"id":"1001","count":1,"hideCount":false},{"id":"3114","count":1,"hideCount":false},{"id":"1058","count":1,"hideCount":false}]},{"type":"essential","recMath":false,"recSteps":false,"minSummonerLevel":-1,"maxSummonerLevel":-1,"showIfSummonerSpell":"","hideIfSummonerSpell":"","items":[{"id":"3020","count":1,"hideCount":false},{"id":"3157","count":1,"hideCount":false},{"id":"3165","count":1,"hideCount":false}]},{"type":"standard","recMath":false,"recSteps":false,"minSummonerLevel":-1,"maxSummonerLevel":-1,"showIfSummonerSpell":"","hideIfSummonerSpell":"","items":[{"id":"3089","count":1,"hideCount":false},{"id":"3285","count":1,"hideCount":false},{"id":"3135","count":1,"hideCount":false}]},{"type":"situational","recMath":false,"recSteps":false,"minSummonerLevel":-1,"maxSummonerLevel":-1,"showIfSummonerSpell":"","hideIfSummonerSpell":"","items":[{"id":"3174","count":1,"hideCount":false},{"id":"3151","count":1,"hideCount":false},{"id":"3100","count":1,"hideCount":false}]},{"type":"consumables","recMath":false,"recSteps":false,"minSummonerLevel":-1,"maxSummonerLevel":-1,"showIfSummonerSpell":"","hideIfSummonerSpell":"","items":[{"id":"2003","count":1,"hideCount":true},{"id":"2043","count":1,"hideCount":true},{"id":"2139","count":1,"hideCount":true}]}]},{"champion":"Ziggs","title":"ZiggsARAM","map":"HA","mode":"KINGPORO","type":"riot","customTag":"","sortrank":0,"extensionPage":false,"customPanel":null,"blocks":[{"type":"KingPoroSnax","recMath":false,"recSteps":false,"minSummonerLevel":-1,"maxSummonerLevel":-1,"showIfSummonerSpell":"","hideIfSummonerSpell":"","items":[{"id":"3680","count":1,"hideCount":false},{"id":"3681","count":1,"hideCount":false},{"id":"3682","count":1,"hideCount":false},{"id":"3683","count":1,"hideCount":false},{"id":"3684","count":1,"hideCount":false},{"id":"3685","count":1,"hideCount":false}]},{"type":"starting","recMath":false,"recSteps":false,"minSummonerLevel":-1,"maxSummonerLevel":-1,"showIfSummonerSpell":"","hideIfSummonerSpell":"","appendAfterSection":"","visibleWithAllOf":[""],"hiddenWithAnyOf":[""],"items":[{"id":"3073","count":1,"hideCount":false},{"id":"1001","count":1,"hideCount":false},{"id":"2003","count":5,"hideCount":false}]},{"type":"essential","recMath":false,"recSteps":false,"minSummonerLevel":-1,"maxSummonerLevel":-1,"showIfSummonerSpell":"","hideIfSummonerSpell":"","appendAfterSection":"","visibleWithAllOf":[""],"hiddenWithAnyOf":[""],"items":[{"id":"3007","count":1,"hideCount":false},{"id":"3020","count":1,"hideCount":false},{"id":"3165","count":1,"hideCount":false}]},{"type":"offensive","recMath":false,"recSteps":false,"minSummonerLevel":-1,"maxSummonerLevel":-1,"showIfSummonerSpell":"","hideIfSummonerSpell":"","appendAfterSection":"","visibleWithAllOf":[""],"hiddenWithAnyOf":[""],"items":[{"id":"3089","count":1,"hideCount":false},{"id":"3100","count":1,"hideCount":false},{"id":"3135","count":1,"hideCount":false}]},{"type":"defensive","recMath":false,"recSteps":false,"minSummonerLevel":-1,"maxSummonerLevel":-1,"showIfSummonerSpell":"","hideIfSummonerSpell":"","appendAfterSection":"","visibleWithAllOf":[""],"hiddenWithAnyOf":[""],"items":[{"id":"3029","count":1,"hideCount":false},{"id":"3157","count":1,"hideCount":false},{"id":"3116","count":1,"hideCount":false}]},{"type":"consumables","recMath":false,"recSteps":false,"minSummonerLevel":-1,"maxSummonerLevel":-1,"showIfSummonerSpell":"","hideIfSummonerSpell":"","appendAfterSection":"","visibleWithAllOf":[""],"hiddenWithAnyOf":[""],"items":[{"id":"2003","count":1,"hideCount":true},{"id":"2139","count":1,"hideCount":true},{"id":"2033","count":1,"hideCount":false}]}]},{"champion":"Ziggs","title":"ZiggsSL","map":"NB","mode":"NEXUSBLITZ","type":"riot","customTag":"","sortrank":0,"extensionPage":false,"useObviousCheckmark":false,"customPanel":null,"blocks":[{"type":"starting","recMath":false,"recSteps":false,"minSummonerLevel":-1,"maxSummonerLevel":-1,"showIfSummonerSpell":"","hideIfSummonerSpell":"SummonerSmite","appendAfterSection":"","visibleWithAllOf":[""],"hiddenWithAnyOf":[""],"items":[{"id":"4203","count":1,"hideCount":false},{"id":"2003","count":2,"hideCount":false},{"id":"3340","count":1,"hideCount":false}]},{"type":"startingjungle","recMath":false,"recSteps":false,"minSummonerLevel":-1,"maxSummonerLevel":-1,"showIfSummonerSpell":"SummonerSmite","hideIfSummonerSpell":"","appendAfterSection":"","visibleWithAllOf":[""],"hiddenWithAnyOf":[""],"items":[{"id":"4101","count":1,"hideCount":false},{"id":"2003","count":1,"hideCount":false},{"id":"3340","count":1,"hideCount":false}]},{"type":"early","recMath":false,"recSteps":false,"minSummonerLevel":-1,"maxSummonerLevel":-1,"showIfSummonerSpell":"","hideIfSummonerSpell":"SummonerSmite","appendAfterSection":"","visibleWithAllOf":[""],"hiddenWithAnyOf":[""],"items":[{"id":"1001","count":1,"hideCount":false},{"id":"3802","count":1,"hideCount":false},{"id":"1026","count":1,"hideCount":false}]},{"type":"earlyjungle","recMath":false,"recSteps":false,"minSummonerLevel":-1,"maxSummonerLevel":-1,"showIfSummonerSpell":"SummonerSmite","hideIfSummonerSpell":"","appendAfterSection":"","visibleWithAllOf":[""],"hiddenWithAnyOf":[""],"items":[{"id":"3108","count":1,"hideCount":false},{"id":"1027","count":1,"hideCount":false},{"id":"1001","count":1,"hideCount":false}]},{"type":"essential","recMath":false,"recSteps":false,"minSummonerLevel":-1,"maxSummonerLevel":-1,"showIfSummonerSpell":"","hideIfSummonerSpell":"SummonerSmite","appendAfterSection":"","visibleWithAllOf":[""],"hiddenWithAnyOf":[""],"items":[{"id":"3020","count":1,"hideCount":false},{"id":"3285","count":1,"hideCount":false},{"id":"3165","count":1,"hideCount":false}]},{"type":"essentialjungle","recMath":false,"recSteps":false,"minSummonerLevel":-1,"maxSummonerLevel":-1,"showIfSummonerSpell":"SummonerSmite","hideIfSummonerSpell":"","appendAfterSection":"","visibleWithAllOf":[""],"hiddenWithAnyOf":[""],"items":[{"id":"4104","count":1,"hideCount":false},{"id":"3020","count":1,"hideCount":false},{"id":"3165","count":1,"hideCount":false}]},{"type":"standard","recMath":false,"recSteps":false,"minSummonerLevel":-1,"maxSummonerLevel":-1,"showIfSummonerSpell":"","hideIfSummonerSpell":"","appendAfterSection":"","visibleWithAllOf":[""],"hiddenWithAnyOf":[""],"items":[{"id":"3089","count":1,"hideCount":false},{"id":"3135","count":1,"hideCount":false},{"id":"3157","count":1,"hideCount":false}]},{"type":"situational","recMath":false,"recSteps":false,"minSummonerLevel":-1,"maxSummonerLevel":-1,"showIfSummonerSpell":"","hideIfSummonerSpell":"","appendAfterSection":"","visibleWithAllOf":[""],"hiddenWithAnyOf":[""],"items":[{"id":"3907","count":1,"hideCount":false},{"id":"3100","count":1,"hideCount":false},{"id":"3102","count":1,"hideCount":false}]},{"type":"consumables","recMath":false,"recSteps":false,"minSummonerLevel":-1,"maxSummonerLevel":-1,"showIfSummonerSpell":"","hideIfSummonerSpell":"","appendAfterSection":"","visibleWithAllOf":[""],"hiddenWithAnyOf":[""],"items":[{"id":"2003","count":1,"hideCount":true},{"id":"2139","count":1,"hideCount":true}]}]},{"champion":"Ziggs","title":"ZiggsODYSSEY","map":"Odyssey","mode":"ODYSSEY","type":"riot","customTag":"","sortrank":0,"extensionPage":false,"useObviousCheckmark":false,"customPanel":null,"blocks":[{"type":"odyziggs1","recMath":false,"recSteps":false,"minSummonerLevel":-1,"maxSummonerLevel":-1,"showIfSummonerSpell":"","hideIfSummonerSpell":"","appendAfterSection":"","visibleWithAllOf":[""],"hiddenWithAnyOf":[""],"items":[{"id":"3285","count":1,"hideCount":false},{"id":"3020","count":1,"hideCount":false},{"id":"3165","count":1,"hideCount":false},{"id":"3151","count":1,"hideCount":false}]},{"type":"odyziggs2","recMath":false,"recSteps":false,"minSummonerLevel":-1,"maxSummonerLevel":-1,"showIfSummonerSpell":"","hideIfSummonerSpell":"","appendAfterSection":"","visibleWithAllOf":[""],"hiddenWithAnyOf":[""],"items":[{"id":"3115","count":1,"hideCount":false},{"id":"3006","count":1,"hideCount":false},{"id":"3100","count":1,"hideCount":false},{"id":"3124","count":1,"hideCount":false}]},{"type":"odyziggs3","recMath":false,"recSteps":false,"minSummonerLevel":-1,"maxSummonerLevel":-1,"showIfSummonerSpell":"","hideIfSummonerSpell":"","appendAfterSection":"","visibleWithAllOf":[""],"hiddenWithAnyOf":[""],"items":[{"id":"3007","count":1,"hideCount":false},{"id":"3009","count":1,"hideCount":false},{"id":"3504","count":1,"hideCount":false},{"id":"3174","count":1,"hideCount":false}]},{"type":"situational","recMath":false,"recSteps":false,"minSummonerLevel":-1,"maxSummonerLevel":-1,"showIfSummonerSpell":"","hideIfSummonerSpell":"","appendAfterSection":"","visibleWithAllOf":[""],"hiddenWithAnyOf":[""],"items":[{"id":"3089","count":1,"hideCount":false},{"id":"3148","count":1,"hideCount":false},{"id":"3907","count":1,"hideCount":false},{"id":"3116","count":1,"hideCount":false}]}]},{"champion":"Ziggs","title":"ZiggsSR","map":"SR","mode":"CLASSIC","type":"riot","customTag":"","sortrank":0,"extensionPage":false,"customPanel":null,"blocks":[{"type":"starting","recMath":false,"recSteps":false,"minSummonerLevel":-1,"maxSummonerLevel":-1,"showIfSummonerSpell":"","hideIfSummonerSpell":"","appendAfterSection":"","visibleWithAllOf":[""],"hiddenWithAnyOf":[""],"items":[{"id":"1056","count":1,"hideCount":false},{"id":"2003","count":2,"hideCount":false},{"id":"3340","count":1,"hideCount":false}]},{"type":"early","recMath":false,"recSteps":false,"minSummonerLevel":-1,"maxSummonerLevel":-1,"showIfSummonerSpell":"","hideIfSummonerSpell":"","appendAfterSection":"","visibleWithAllOf":[""],"hiddenWithAnyOf":[""],"items":[{"id":"1001","count":1,"hideCount":false},{"id":"3802","count":1,"hideCount":false},{"id":"1026","count":1,"hideCount":false}]},{"type":"essential","recMath":false,"recSteps":false,"minSummonerLevel":-1,"maxSummonerLevel":-1,"showIfSummonerSpell":"","hideIfSummonerSpell":"","appendAfterSection":"","visibleWithAllOf":[""],"hiddenWithAnyOf":[""],"items":[{"id":"3020","count":1,"hideCount":false},{"id":"3285","count":1,"hideCount":false},{"id":"3100","count":1,"hideCount":false}]},{"type":"standard","recMath":false,"recSteps":false,"minSummonerLevel":-1,"maxSummonerLevel":-1,"showIfSummonerSpell":"","hideIfSummonerSpell":"","appendAfterSection":"","visibleWithAllOf":[""],"hiddenWithAnyOf":[""],"items":[{"id":"3165","count":1,"hideCount":false},{"id":"3135","count":1,"hideCount":false},{"id":"3089","count":1,"hideCount":false}]},{"type":"situational","recMath":false,"recSteps":false,"minSummonerLevel":-1,"maxSummonerLevel":-1,"showIfSummonerSpell":"","hideIfSummonerSpell":"","appendAfterSection":"","visibleWithAllOf":[""],"hiddenWithAnyOf":[""],"items":[{"id":"3157","count":1,"hideCount":false},{"id":"3151","count":1,"hideCount":false},{"id":"3102","count":1,"hideCount":false}]},{"type":"consumables","recMath":false,"recSteps":false,"minSummonerLevel":-1,"maxSummonerLevel":-1,"showIfSummonerSpell":"","hideIfSummonerSpell":"","appendAfterSection":"","visibleWithAllOf":[""],"hiddenWithAnyOf":[""],"items":[{"id":"2003","count":1,"hideCount":true},{"id":"2139","count":1,"hideCount":true}]}]}]}}}